Config_ID,Rack_Column,Beam_Count_Used,Allowed_Used_Height_cm,Assigned_Used_Height_cm,Remaining_Height_cm,Fill_Ratio,Beam_Relocations_In_Column,Removed_Beams_In_Column,Added_Beams_In_Column,TopFill_Original_Top_Slot_cm,TopFill_Added_Height_cm,TopFill_Adjusted_Top_Slot_cm,Slot_Size_Distribution
CFG_001,A00,3,754.000,754.000,0.000,1.0000,1,0,0,119.000,0.000,119.000,119:2|234:2
CFG_001,A01,3,754.000,754.000,0.000,1.0000,1,0,0,119.000,0.000,119.000,119:2|234:2
CFG_001,A02,3,754.000,754.000,0.000,1.0000,1,0,0,119.000,0.000,119.000,119:2|234:2
CFG_001,A03,3,754.000,754.000,0.000,1.0000,1,0,0,119.000,0.000,119.000,119:2|234:2
CFG_001,A04,3,754.000,754.000,0.000,1.0000,1,0,0,119.000,0.000,119.000,119:2|234:2
CFG_001,A05,3,754.000,754.000,0.000,1.0000,1,0,0,119.000,0.000,119.000,119:2|234:2
CFG_001,A06,3,754.000,754.000,0.000,1.0000,1,0,0,119.000,0.000,119.000,119:2|234:2
CFG_001,A07,3,754.000,754.000,0.000,1.0000,1,0,0,119.000,0.000,119.000,119:2|234:2
CFG_001,A08,3,754.000,754.000,0.000,1.0000,1,0,0,119.000,0.000,119.000,119:2|234:2
CFG_001,A09,3,754.000,754.000,0.000,1.0000,1,0,0,119.000,0.000,119.000,119:2|234:2
CFG_001,A10,3,754.000,754.000,0.000,1.0000,1,0,0,119.000,0.000,119.000,119:2|234:2
CFG_001,A11,3,754.000,754.000,0.000,1.0000,1,0,0,119.000,0.000,119.000,119:2|234:2
CFG_001,A12,3,754.000,754.000,0.000,1.0000,1,0,0,119.000,0.000,119.000,119:2|234:2
CFG_001,A13,3,754.000,754.000,0.000,1.0000,1,0,0,119.000,0.000,119.000,119:2|234:2
CFG_001,A14,3,754.000,754.000,0.000,1.0000,1,0,0,119.000,0.000,119.000,119:2|234:2
CFG_001,A15,3,754.000,754.000,0.000,1.0000,1,0,0,119.000,0.000,119.000,119:2|234:2
CFG_001,B00,3,754.000,754.000,0.000,1.0000,1,0,0,119.000,0.000,119.000,119:2|234:2
CFG_001,B01,3,754.000,754.000,0.000,1.0000,1,0,0,119.000,0.000,119.000,119:2|234:2
CFG_001,B02,3,754.000,754.000,0.000,1.0000,1,0,0,119.000,0.000,119.000,119:2|234:2
CFG_001,B03,3,754.000,754.000,0.000,1.0000,1,0,0,119.000,0.000,119.000,119:2|234:2
CFG_001,B04,3,754.000,754.000,0.000,1.0000,1,0,0,119.000,0.000,119.000,119:2|234:2
CFG_001,B05,3,754.000,754.000,0.000,1.0000,1,0,0,119.000,0.000,119.000,119:2|234:2
CFG_001,B06,3,754.000,754.000,0.000,1.0000,1,0,0,119.000,0.000,119.000,119:2|234:2
CFG_001,B07,3,754.000,754.000,0.000,1.0000,1,0,0,119.000,0.000,119.000,119:2|234:2
CFG_001,B08,3,754.000,754.000,0.000,1.0000,1,0,0,119.000,0.000,119.000,119:2|234:2
CFG_001,B09,3,754.000,754.000,0.000,1.0000,1,0,0,119.000,0.000,119.000,119:2|234:2
CFG_001,B10,3,754.000,754.000,0.000,1.0000,1,0,0,119.000,0.000,119.000,119:2|234:2
CFG_001,B11,3,754.000,754.000,0.000,1.0000,1,0,0,119.000,0.000,119.000,119:2|234:2
CFG_001,B12,3,754.000,754.000,0.000,1.0000,1,0,0,119.000,0.000,119.000,119:2|234:2
CFG_001,B13,3,754.000,754.000,0.000,1.0000,1,0,0,119.000,0.000,119.000,119:2|234:2
CFG_001,B14,3,754.000,754.000,0.000,1.0000,1,0,0,119.000,0.000,119.000,119:2|234:2
CFG_001,B15,3,754.000,754.000,0.000,1.0000,1,0,0,119.000,0.000,119.000,119:2|234:2
CFG_001,B16,3,754.000,754.000,0.000,1.0000,1,0,0,119.000,0.000,119.000,119:2|234:2
CFG_001,B17,3,754.000,754.000,0.000,1.0000,1,0,0,119.000,0.000,119.000,119:2|234:2
CFG_001,B18,3,754.000,754.000,0.000,1.0000,1,0,0,119.000,0.000,119.000,119:2|234:2
CFG_001,B19,5,754.000,689.000,65.000,0.9138,2,2,2,64.000,55.000,119.000,64:4|119:1|234:1
CFG_001,B20,5,754.000,689.000,65.000,0.9138,2,2,2,64.000,55.000,119.000,64:4|119:1|234:1
CFG_001,B21,5,754.000,689.000,65.000,0.9138,2,0,2,64.000,55.000,119.000,64:4|119:1|234:1
CFG_001,D00,3,754.000,754.000,0.000,1.0000,3,2,0,119.000,0.000,119.000,119:2|234:2
CFG_001,D01,3,754.000,754.000,0.000,1.0000,3,2,0,119.000,0.000,119.000,119:2|234:2
CFG_001,D02,3,754.000,754.000,0.000,1.0000,3,2,0,119.000,0.000,119.000,119:2|234:2
CFG_001,D03,3,754.000,754.000,0.000,1.0000,3,2,0,119.000,0.000,119.000,119:2|234:2
CFG_001,D04,3,754.000,754.000,0.000,1.0000,3,2,0,119.000,0.000,119.000,119:2|234:2
CFG_001,D05,3,754.000,754.000,0.000,1.0000,3,2,0,119.000,0.000,119.000,119:2|234:2
CFG_001,D06,3,754.000,754.000,0.000,1.0000,3,2,0,119.000,0.000,119.000,119:2|234:2
CFG_001,D07,3,754.000,754.000,0.000,1.0000,3,2,0,119.000,0.000,119.000,119:2|234:2
CFG_001,D08,3,754.000,754.000,0.000,1.0000,3,2,0,119.000,0.000,119.000,119:2|234:2
CFG_001,D09,3,754.000,754.000,0.000,1.0000,3,2,0,119.000,0.000,119.000,119:2|234:2
CFG_001,D10,3,754.000,754.000,0.000,1.0000,3,2,0,119.000,0.000,119.000,119:2|234:2
CFG_001,D11,3,754.000,754.000,0.000,1.0000,3,2,0,119.000,0.000,119.000,119:2|234:2
CFG_001,D12,3,754.000,754.000,0.000,1.0000,3,2,0,119.000,0.000,119.000,119:2|234:2
CFG_001,D13,3,754.000,754.000,0.000,1.0000,3,2,0,119.000,0.000,119.000,119:2|234:2
CFG_001,D14,3,754.000,754.000,0.000,1.0000,3,2,0,119.000,0.000,119.000,119:2|234:2
CFG_001,D15,3,754.000,754.000,0.000,1.0000,3,2,0,119.000,0.000,119.000,119:2|234:2
CFG_001,D16,3,754.000,754.000,0.000,1.0000,3,1,0,119.000,0.000,119.000,119:2|234:2
CFG_001,D17,3,754.000,754.000,0.000,1.0000,3,1,0,119.000,0.000,119.000,119:2|234:2
CFG_001,D18,3,754.000,754.000,0.000,1.0000,3,1,0,119.000,0.000,119.000,119:2|234:2
CFG_001,D19,5,754.000,684.000,70.000,0.9072,2,1,2,64.000,55.000,119.000,64:4|119:1|229:1
CFG_001,D20,5,754.000,684.000,70.000,0.9072,2,1,2,64.000,55.000,119.000,64:4|119:1|229:1
CFG_001,D21,5,754.000,684.000,70.000,0.9072,2,0,2,64.000,55.000,119.000,64:4|119:1|229:1
CFG_001,E00,3,754.000,754.000,0.000,1.0000,3,3,0,119.000,0.000,119.000,119:2|234:2
CFG_001,E01,3,754.000,754.000,0.000,1.0000,3,3,0,119.000,0.000,119.000,119:2|234:2
CFG_001,E02,3,754.000,754.000,0.000,1.0000,3,3,0,119.000,0.000,119.000,119:2|234:2
CFG_001,E03,3,754.000,754.000,0.000,1.0000,3,3,0,119.000,0.000,119.000,119:2|234:2
CFG_001,E04,3,754.000,754.000,0.000,1.0000,3,3,0,119.000,0.000,119.000,119:2|234:2
CFG_001,E05,3,754.000,754.000,0.000,1.0000,3,3,0,119.000,0.000,119.000,119:2|234:2
CFG_001,E06,3,754.000,754.000,0.000,1.0000,3,3,0,119.000,0.000,119.000,119:2|234:2
CFG_001,E07,3,754.000,754.000,0.000,1.0000,3,3,0,119.000,0.000,119.000,119:2|234:2
CFG_001,E08,3,754.000,754.000,0.000,1.0000,3,3,0,119.000,0.000,119.000,119:2|234:2
CFG_001,E09,3,754.000,754.000,0.000,1.0000,3,3,0,119.000,0.000,119.000,119:2|234:2
CFG_001,E10,3,754.000,754.000,0.000,1.0000,3,3,0,119.000,0.000,119.000,119:2|234:2
CFG_001,E11,3,754.000,754.000,0.000,1.0000,3,3,0,119.000,0.000,119.000,119:2|234:2
CFG_001,E12,3,754.000,754.000,0.000,1.0000,3,3,0,119.000,0.000,119.000,119:2|234:2
CFG_001,E13,3,754.000,754.000,0.000,1.0000,3,3,0,119.000,0.000,119.000,119:2|234:2
CFG_001,E14,3,754.000,754.000,0.000,1.0000,3,3,0,119.000,0.000,119.000,119:2|234:2
CFG_001,E15,3,754.000,754.000,0.000,1.0000,3,3,0,119.000,0.000,119.000,119:2|234:2
CFG_001,E16,3,754.000,754.000,0.000,1.0000,3,3,0,119.000,0.000,119.000,119:2|234:2
CFG_001,E17,3,754.000,754.000,0.000,1.0000,3,3,0,119.000,0.000,119.000,119:2|234:2
CFG_001,E18,3,754.000,754.000,0.000,1.0000,3,3,0,119.000,0.000,119.000,119:2|234:2
CFG_001,E19,6,754.000,709.000,45.000,0.9403,1,2,2,64.000,55.000,119.000,64:6|229:1
CFG_001,E20,6,754.000,709.000,45.000,0.9403,1,2,2,64.000,55.000,119.000,64:6|229:1
CFG_001,E21,6,754.000,709.000,45.000,0.9403,1,0,2,64.000,55.000,119.000,64:6|229:1
CFG_001,F00,3,754.000,754.000,0.000,1.0000,3,2,0,119.000,0.000,119.000,119:2|234:2
CFG_001,F01,3,754.000,754.000,0.000,1.0000,3,2,0,119.000,0.000,119.000,119:2|234:2
CFG_001,F02,3,754.000,754.000,0.000,1.0000,3,2,0,119.000,0.000,119.000,119:2|234:2
CFG_001,F03,3,754.000,754.000,0.000,1.0000,3,2,0,119.000,0.000,119.000,119:2|234:2
CFG_001,F04,3,754.000,754.000,0.000,1.0000,3,2,0,119.000,0.000,119.000,119:2|234:2
CFG_001,F05,3,754.000,754.000,0.000,1.0000,3,2,0,119.000,0.000,119.000,119:2|234:2
CFG_001,F06,3,754.000,754.000,0.000,1.0000,3,2,0,119.000,0.000,119.000,119:2|234:2
CFG_001,F07,3,754.000,754.000,0.000,1.0000,3,3,0,119.000,0.000,119.000,119:2|234:2
CFG_001,F08,3,754.000,754.000,0.000,1.0000,3,3,0,119.000,0.000,119.000,119:2|234:2
CFG_001,F09,3,754.000,754.000,0.000,1.0000,3,3,0,119.000,0.000,119.000,119:2|234:2
CFG_001,F10,3,754.000,754.000,0.000,1.0000,3,3,0,119.000,0.000,119.000,119:2|234:2
CFG_001,F11,3,754.000,754.000,0.000,1.0000,3,3,0,119.000,0.000,119.000,119:2|234:2
CFG_001,F12,3,754.000,754.000,0.000,1.0000,3,3,0,119.000,0.000,119.000,119:2|234:2
CFG_001,F13,3,754.000,754.000,0.000,1.0000,3,3,0,119.000,0.000,119.000,119:2|234:2
CFG_001,F14,3,754.000,754.000,0.000,1.0000,3,3,0,119.000,0.000,119.000,119:2|234:2
CFG_001,F15,3,754.000,754.000,0.000,1.0000,3,3,0,119.000,0.000,119.000,119:2|234:2
CFG_001,F16,3,754.000,754.000,0.000,1.0000,3,3,0,119.000,0.000,119.000,119:2|234:2
CFG_001,F17,3,754.000,754.000,0.000,1.0000,3,3,0,119.000,0.000,119.000,119:2|234:2
CFG_001,F18,3,754.000,754.000,0.000,1.0000,3,3,0,119.000,0.000,119.000,119:2|234:2
CFG_001,F19,4,754.000,714.000,40.000,0.9469,4,2,0,64.000,55.000,119.000,64:3|229:2
CFG_001,F20,4,754.000,714.000,40.000,0.9469,4,2,0,64.000,55.000,119.000,64:3|229:2
CFG_001,F21,4,754.000,719.000,35.000,0.9536,4,1,0,64.000,55.000,119.000,64:3|229:1|234:1
CFG_001,G00,3,754.000,754.000,0.000,1.0000,3,2,0,119.000,0.000,119.000,119:2|234:2
CFG_001,G01,3,754.000,754.000,0.000,1.0000,3,2,0,119.000,0.000,119.000,119:2|234:2
CFG_001,G02,3,754.000,754.000,0.000,1.0000,3,2,0,119.000,0.000,119.000,119:2|234:2
CFG_001,G03,3,754.000,754.000,0.000,1.0000,3,2,0,119.000,0.000,119.000,119:2|234:2
CFG_001,G04,3,754.000,754.000,0.000,1.0000,3,2,0,119.000,0.000,119.000,119:2|234:2
CFG_001,G05,3,754.000,754.000,0.000,1.0000,3,2,0,119.000,0.000,119.000,119:2|234:2
CFG_001,G06,3,754.000,754.000,0.000,1.0000,3,2,0,119.000,0.000,119.000,119:2|234:2
CFG_001,G07,3,754.000,754.000,0.000,1.0000,3,2,0,119.000,0.000,119.000,119:2|234:2
CFG_001,G08,3,754.000,754.000,0.000,1.0000,3,2,0,119.000,0.000,119.000,119:2|234:2
CFG_001,G09,3,754.000,754.000,0.000,1.0000,3,2,0,119.000,0.000,119.000,119:2|234:2
CFG_001,G10,3,754.000,754.000,0.000,1.0000,3,2,0,119.000,0.000,119.000,119:2|234:2
CFG_001,G11,3,754.000,754.000,0.000,1.0000,3,2,0,119.000,0.000,119.000,119:2|234:2
CFG_001,G12,3,754.000,754.000,0.000,1.0000,3,2,0,119.000,0.000,119.000,119:2|234:2
CFG_001,G13,3,754.000,754.000,0.000,1.0000,3,2,0,119.000,0.000,119.000,119:2|234:2
CFG_001,G14,3,754.000,754.000,0.000,1.0000,3,2,0,119.000,0.000,119.000,119:2|234:2
CFG_001,G15,3,754.000,754.000,0.000,1.0000,3,2,0,119.000,0.000,119.000,119:2|234:2
CFG_001,G16,3,754.000,754.000,0.000,1.0000,3,2,0,119.000,0.000,119.000,119:2|234:2
CFG_001,G17,3,754.000,754.000,0.000,1.0000,3,2,0,119.000,0.000,119.000,119:2|234:2
CFG_001,G18,3,754.000,754.000,0.000,1.0000,3,2,0,119.000,0.000,119.000,119:2|234:2
CFG_001,G19,5,754.000,739.000,15.000,0.9801,3,1,1,64.000,0.000,64.000,64:3|119:2|229:1
CFG_001,G20,5,754.000,739.000,15.000,0.9801,3,1,1,64.000,0.000,64.000,64:3|119:2|229:1
CFG_001,G21,5,754.000,739.000,15.000,0.9801,3,0,1,64.000,0.000,64.000,64:3|119:2|229:1
CFG_001,H00,3,754.000,754.000,0.000,1.0000,3,1,0,119.000,0.000,119.000,119:2|234:2
CFG_001,H01,3,754.000,754.000,0.000,1.0000,3,1,0,119.000,0.000,119.000,119:2|234:2
CFG_001,H02,3,754.000,754.000,0.000,1.0000,3,1,0,119.000,0.000,119.000,119:2|234:2
CFG_001,H03,3,754.000,754.000,0.000,1.0000,3,1,0,119.000,0.000,119.000,119:2|234:2
CFG_001,H04,3,754.000,754.000,0.000,1.0000,3,1,0,119.000,0.000,119.000,119:2|234:2
CFG_001,H05,3,754.000,754.000,0.000,1.0000,3,1,0,119.000,0.000,119.000,119:2|234:2
CFG_001,H06,3,754.000,754.000,0.000,1.0000,3,1,0,119.000,0.000,119.000,119:2|234:2
CFG_001,H07,3,754.000,754.000,0.000,1.0000,3,1,0,119.000,0.000,119.000,119:2|234:2
CFG_001,H08,3,754.000,754.000,0.000,1.0000,3,1,0,119.000,0.000,119.000,119:2|234:2
CFG_001,H09,3,754.000,754.000,0.000,1.0000,3,1,0,119.000,0.000,119.000,119:2|234:2
CFG_001,H10,3,754.000,754.000,0.000,1.0000,3,1,0,119.000,0.000,119.000,119:2|234:2
CFG_001,H11,3,754.000,754.000,0.000,1.0000,3,1,0,119.000,0.000,119.000,119:2|234:2
CFG_001,H12,3,754.000,754.000,0.000,1.0000,3,1,0,119.000,0.000,119.000,119:2|234:2
CFG_001,H13,3,754.000,754.000,0.000,1.0000,3,1,0,119.000,0.000,119.000,119:2|234:2
CFG_001,H14,3,754.000,754.000,0.000,1.0000,3,1,0,119.000,0.000,119.000,119:2|234:2
CFG_001,H15,3,754.000,754.000,0.000,1.0000,3,1,0,119.000,0.000,119.000,119:2|234:2
CFG_001,H16,3,754.000,754.000,0.000,1.0000,3,1,0,119.000,0.000,119.000,119:2|234:2
CFG_001,H17,3,754.000,754.000,0.000,1.0000,3,1,0,119.000,0.000,119.000,119:2|234:2
CFG_001,H18,3,754.000,754.000,0.000,1.0000,3,1,0,119.000,0.000,119.000,119:2|234:2
CFG_001,H19,6,754.000,709.000,45.000,0.9403,2,1,3,64.000,55.000,119.000,64:6|229:1
CFG_001,H20,6,754.000,709.000,45.000,0.9403,2,1,3,64.000,55.000,119.000,64:6|229:1
CFG_001,H21,6,754.000,709.000,45.000,0.9403,2,0,3,64.000,55.000,119.000,64:6|229:1
CFG_001,I00,3,754.000,754.000,0.000,1.0000,3,1,0,119.000,0.000,119.000,119:2|234:2
CFG_001,I01,3,754.000,754.000,0.000,1.0000,3,1,0,119.000,0.000,119.000,119:2|234:2
CFG_001,I02,3,754.000,754.000,0.000,1.0000,3,1,0,119.000,0.000,119.000,119:2|234:2
CFG_001,I03,3,754.000,754.000,0.000,1.0000,3,1,0,119.000,0.000,119.000,119:2|234:2
CFG_001,I04,3,754.000,754.000,0.000,1.0000,3,1,0,119.000,0.000,119.000,119:2|234:2
CFG_001,I05,3,754.000,754.000,0.000,1.0000,3,1,0,119.000,0.000,119.000,119:2|234:2
CFG_001,I06,3,754.000,754.000,0.000,1.0000,3,1,0,119.000,0.000,119.000,119:2|234:2
CFG_001,I07,3,754.000,754.000,0.000,1.0000,3,1,0,119.000,0.000,119.000,119:2|234:2
CFG_001,I08,3,754.000,754.000,0.000,1.0000,3,1,0,119.000,0.000,119.000,119:2|234:2
CFG_001,I09,3,754.000,754.000,0.000,1.0000,3,1,0,119.000,0.000,119.000,119:2|234:2
CFG_001,I10,3,754.000,754.000,0.000,1.0000,3,1,0,119.000,0.000,119.000,119:2|234:2
CFG_001,I11,3,754.000,754.000,0.000,1.0000,3,1,0,119.000,0.000,119.000,119:2|234:2
CFG_001,I12,3,754.000,754.000,0.000,1.0000,3,1,0,119.000,0.000,119.000,119:2|234:2
CFG_001,I13,3,754.000,754.000,0.000,1.0000,3,1,0,119.000,0.000,119.000,119:2|234:2
CFG_001,I14,3,754.000,754.000,0.000,1.0000,3,1,0,119.000,0.000,119.000,119:2|234:2
CFG_001,I15,3,754.000,754.000,0.000,1.0000,3,1,0,119.000,0.000,119.000,119:2|234:2
CFG_001,I16,3,754.000,754.000,0.000,1.0000,3,1,0,119.000,0.000,119.000,119:2|234:2
CFG_001,I17,3,754.000,754.000,0.000,1.0000,3,1,0,119.000,0.000,119.000,119:2|234:2
CFG_001,I18,3,754.000,754.000,0.000,1.0000,3,1,0,119.000,0.000,119.000,119:2|234:2
CFG_001,I19,5,754.000,739.000,15.000,0.9801,2,1,2,64.000,0.000,64.000,64:3|119:2|229:1
CFG_001,I20,5,754.000,739.000,15.000,0.9801,2,1,2,64.000,0.000,64.000,64:3|119:2|229:1
CFG_001,I21,5,754.000,739.000,15.000,0.9801,2,0,2,64.000,0.000,64.000,64:3|119:2|229:1
CFG_001,J00,3,754.000,754.000,0.000,1.0000,3,2,0,119.000,0.000,119.000,119:2|234:2
CFG_001,J01,3,754.000,754.000,0.000,1.0000,3,2,0,119.000,0.000,119.000,119:2|234:2
CFG_001,J02,3,754.000,754.000,0.000,1.0000,3,2,0,119.000,0.000,119.000,119:2|234:2
CFG_001,J03,3,754.000,754.000,0.000,1.0000,3,2,0,119.000,0.000,119.000,119:2|234:2
CFG_001,J04,3,754.000,754.000,0.000,1.0000,3,1,0,119.000,0.000,119.000,119:2|234:2
CFG_001,J05,3,754.000,754.000,0.000,1.0000,3,1,0,119.000,0.000,119.000,119:2|234:2
CFG_001,J06,3,754.000,754.000,0.000,1.0000,3,1,0,119.000,0.000,119.000,119:2|234:2
CFG_001,J07,3,754.000,754.000,0.000,1.0000,3,1,0,119.000,0.000,119.000,119:2|234:2
CFG_001,J08,3,754.000,754.000,0.000,1.0000,3,1,0,119.000,0.000,119.000,119:2|234:2
CFG_001,J09,3,754.000,754.000,0.000,1.0000,3,1,0,119.000,0.000,119.000,119:2|234:2
CFG_001,J10,3,754.000,754.000,0.000,1.0000,3,1,0,119.000,0.000,119.000,119:2|234:2
CFG_001,J11,3,754.000,754.000,0.000,1.0000,3,1,0,119.000,0.000,119.000,119:2|234:2
CFG_001,J12,3,754.000,754.000,0.000,1.0000,3,1,0,119.000,0.000,119.000,119:2|234:2
CFG_001,J13,3,754.000,754.000,0.000,1.0000,3,1,0,119.000,0.000,119.000,119:2|234:2
CFG_001,J14,3,754.000,754.000,0.000,1.0000,3,1,0,119.000,0.000,119.000,119:2|234:2
CFG_001,J15,3,754.000,754.000,0.000,1.0000,3,1,0,119.000,0.000,119.000,119:2|234:2
CFG_001,J16,3,754.000,754.000,0.000,1.0000,3,1,0,119.000,0.000,119.000,119:2|234:2
CFG_001,J17,3,754.000,754.000,0.000,1.0000,3,1,0,119.000,0.000,119.000,119:2|234:2
CFG_001,J18,3,754.000,754.000,0.000,1.0000,3,1,0,119.000,0.000,119.000,119:2|234:2
CFG_001,J19,4,754.000,704.000,50.000,0.9337,3,1,1,64.000,55.000,119.000,64:3|224:2
CFG_001,J20,4,754.000,704.000,50.000,0.9337,3,1,1,64.000,55.000,119.000,64:3|224:2
CFG_001,J21,4,754.000,714.000,40.000,0.9469,3,0,1,64.000,55.000,119.000,64:3|224:1|234:1
CFG_001,K00,3,754.000,754.000,0.000,1.0000,3,2,0,119.000,0.000,119.000,119:2|234:2
CFG_001,K01,3,754.000,754.000,0.000,1.0000,3,2,0,119.000,0.000,119.000,119:2|234:2
CFG_001,K02,3,754.000,754.000,0.000,1.0000,3,2,0,119.000,0.000,119.000,119:2|234:2
CFG_001,K03,3,754.000,754.000,0.000,1.0000,3,2,0,119.000,0.000,119.000,119:2|234:2
CFG_001,K04,3,754.000,754.000,0.000,1.0000,3,1,0,119.000,0.000,119.000,119:2|234:2
CFG_001,K05,3,754.000,754.000,0.000,1.0000,3,1,0,119.000,0.000,119.000,119:2|234:2
CFG_001,K06,3,754.000,754.000,0.000,1.0000,3,1,0,119.000,0.000,119.000,119:2|234:2
CFG_001,K07,3,754.000,754.000,0.000,1.0000,2,2,0,119.000,0.000,119.000,119:2|234:2
CFG_001,K08,3,754.000,754.000,0.000,1.0000,3,2,0,119.000,0.000,119.000,119:2|234:2
CFG_001,K09,3,754.000,754.000,0.000,1.0000,3,2,0,119.000,0.000,119.000,119:2|234:2
CFG_001,K10,3,754.000,754.000,0.000,1.0000,3,2,0,119.000,0.000,119.000,119:2|234:2
CFG_001,K11,3,754.000,754.000,0.000,1.0000,3,2,0,119.000,0.000,119.000,119:2|234:2
CFG_001,K12,3,754.000,754.000,0.000,1.0000,3,2,0,119.000,0.000,119.000,119:2|234:2
CFG_001,K13,3,754.000,754.000,0.000,1.0000,3,2,0,119.000,0.000,119.000,119:2|234:2
CFG_001,K14,3,754.000,754.000,0.000,1.0000,3,2,0,119.000,0.000,119.000,119:2|234:2
CFG_001,K15,3,754.000,754.000,0.000,1.0000,3,2,0,119.000,0.000,119.000,119:2|234:2
CFG_001,K16,3,754.000,754.000,0.000,1.0000,3,2,0,119.000,0.000,119.000,119:2|234:2
CFG_001,K17,3,754.000,754.000,0.000,1.0000,3,2,0,119.000,0.000,119.000,119:2|234:2
CFG_001,K18,3,754.000,754.000,0.000,1.0000,3,2,0,119.000,0.000,119.000,119:2|234:2
CFG_001,K19,6,754.000,704.000,50.000,0.9337,2,0,3,64.000,55.000,119.000,64:6|224:1
CFG_001,K20,5,754.000,734.000,20.000,0.9735,2,0,2,64.000,0.000,64.000,64:3|119:2|224:1
CFG_001,K21,6,754.000,704.000,50.000,0.9337,2,0,3,64.000,55.000,119.000,64:6|224:1
CFG_002,A00,5,754.000,754.000,0.000,1.0000,2,0,2,64.000,0.000,64.000,64:4|184:1|234:1
CFG_002,A01,5,754.000,754.000,0.000,1.0000,2,0,2,64.000,0.000,64.000,64:4|184:1|234:1
CFG_002,A02,5,754.000,754.000,0.000,1.0000,2,0,2,64.000,0.000,64.000,64:4|184:1|234:1
CFG_002,A03,5,754.000,754.000,0.000,1.0000,2,0,2,64.000,0.000,64.000,64:4|184:1|234:1
CFG_002,A04,5,754.000,754.000,0.000,1.0000,2,0,2,64.000,0.000,64.000,64:4|184:1|234:1
CFG_002,A05,5,754.000,754.000,0.000,1.0000,2,0,2,64.000,0.000,64.000,64:4|184:1|234:1
CFG_002,A06,5,754.000,754.000,0.000,1.0000,2,0,2,64.000,0.000,64.000,64:4|184:1|234:1
CFG_002,A07,5,754.000,754.000,0.000,1.0000,2,0,2,64.000,0.000,64.000,64:4|184:1|234:1
CFG_002,A08,5,754.000,754.000,0.000,1.0000,2,0,2,64.000,0.000,64.000,64:4|184:1|234:1
CFG_002,A09,5,754.000,754.000,0.000,1.0000,2,0,2,64.000,0.000,64.000,64:4|184:1|234:1
CFG_002,A10,5,754.000,754.000,0.000,1.0000,2,0,2,64.000,0.000,64.000,64:4|184:1|234:1
CFG_002,A11,5,754.000,754.000,0.000,1.0000,2,0,2,64.000,0.000,64.000,64:4|184:1|234:1
CFG_002,A12,5,754.000,754.000,0.000,1.0000,2,0,2,64.000,0.000,64.000,64:4|184:1|234:1
CFG_002,A13,5,754.000,754.000,0.000,1.0000,2,0,2,64.000,0.000,64.000,64:4|184:1|234:1
CFG_002,A14,5,754.000,754.000,0.000,1.0000,2,0,2,64.000,0.000,64.000,64:4|184:1|234:1
CFG_002,A15,5,754.000,754.000,0.000,1.0000,2,0,2,64.000,0.000,64.000,64:4|184:1|234:1
CFG_002,B00,5,754.000,754.000,0.000,1.0000,2,0,2,64.000,0.000,64.000,64:4|184:1|234:1
CFG_002,B01,5,754.000,754.000,0.000,1.0000,2,0,2,64.000,0.000,64.000,64:4|184:1|234:1
CFG_002,B02,5,754.000,754.000,0.000,1.0000,2,0,2,64.000,0.000,64.000,64:4|184:1|234:1
CFG_002,B03,5,754.000,754.000,0.000,1.0000,2,0,2,64.000,0.000,64.000,64:4|184:1|234:1
CFG_002,B04,5,754.000,754.000,0.000,1.0000,2,0,2,64.000,0.000,64.000,64:4|184:1|234:1
CFG_002,B05,5,754.000,754.000,0.000,1.0000,2,0,2,64.000,0.000,64.000,64:4|184:1|234:1
CFG_002,B06,5,754.000,754.000,0.000,1.0000,2,0,2,64.000,0.000,64.000,64:4|184:1|234:1
CFG_002,B07,5,754.000,754.000,0.000,1.0000,2,0,2,64.000,0.000,64.000,64:4|184:1|234:1
CFG_002,B08,5,754.000,754.000,0.000,1.0000,2,0,2,64.000,0.000,64.000,64:4|184:1|234:1
CFG_002,B09,5,754.000,754.000,0.000,1.0000,2,0,2,64.000,0.000,64.000,64:4|184:1|234:1
CFG_002,B10,5,754.000,754.000,0.000,1.0000,2,0,2,64.000,0.000,64.000,64:4|184:1|234:1
CFG_002,B11,5,754.000,754.000,0.000,1.0000,2,0,2,64.000,0.000,64.000,64:4|184:1|234:1
CFG_002,B12,5,754.000,754.000,0.000,1.0000,2,0,2,64.000,0.000,64.000,64:4|184:1|234:1
CFG_002,B13,5,754.000,754.000,0.000,1.0000,2,0,2,64.000,0.000,64.000,64:4|184:1|234:1
CFG_002,B14,5,754.000,754.000,0.000,1.0000,2,0,2,64.000,0.000,64.000,64:4|184:1|234:1
CFG_002,B15,5,754.000,754.000,0.000,1.0000,2,0,2,64.000,0.000,64.000,64:4|184:1|234:1
CFG_002,B16,5,754.000,754.000,0.000,1.0000,2,0,2,64.000,0.000,64.000,64:4|184:1|234:1
CFG_002,B17,5,754.000,754.000,0.000,1.0000,2,0,2,64.000,0.000,64.000,64:4|184:1|234:1
CFG_002,B18,5,754.000,754.000,0.000,1.0000,2,0,2,64.000,0.000,64.000,64:4|184:1|234:1
CFG_002,B19,5,754.000,689.000,65.000,0.9138,2,2,2,64.000,55.000,119.000,64:4|119:1|234:1
CFG_002,B20,5,754.000,689.000,65.000,0.9138,2,2,2,64.000,55.000,119.000,64:4|119:1|234:1
CFG_002,B21,5,754.000,689.000,65.000,0.9138,2,0,2,64.000,55.000,119.000,64:4|119:1|234:1
CFG_002,D00,5,754.000,754.000,0.000,1.0000,5,0,0,64.000,0.000,64.000,64:4|184:1|234:1
CFG_002,D01,5,754.000,754.000,0.000,1.0000,5,0,0,64.000,0.000,64.000,64:4|184:1|234:1
CFG_002,D02,5,754.000,754.000,0.000,1.0000,5,0,0,64.000,0.000,64.000,64:4|184:1|234:1
CFG_002,D03,5,754.000,754.000,0.000,1.0000,5,0,0,64.000,0.000,64.000,64:4|184:1|234:1
CFG_002,D04,5,754.000,754.000,0.000,1.0000,5,0,0,64.000,0.000,64.000,64:4|184:1|234:1
CFG_002,D05,5,754.000,754.000,0.000,1.0000,5,0,0,64.000,0.000,64.000,64:4|184:1|234:1
CFG_002,D06,5,754.000,754.000,0.000,1.0000,5,0,0,64.000,0.000,64.000,64:4|184:1|234:1
CFG_002,D07,5,754.000,754.000,0.000,1.0000,5,0,0,64.000,0.000,64.000,64:4|184:1|234:1
CFG_002,D08,5,754.000,754.000,0.000,1.0000,5,0,0,64.000,0.000,64.000,64:4|184:1|234:1
CFG_002,D09,5,754.000,754.000,0.000,1.0000,5,0,0,64.000,0.000,64.000,64:4|184:1|234:1
CFG_002,D10,5,754.000,754.000,0.000,1.0000,5,0,0,64.000,0.000,64.000,64:4|184:1|234:1
CFG_002,D11,5,754.000,754.000,0.000,1.0000,5,0,0,64.000,0.000,64.000,64:4|184:1|234:1
CFG_002,D12,5,754.000,754.000,0.000,1.0000,5,0,0,64.000,0.000,64.000,64:4|184:1|234:1
CFG_002,D13,5,754.000,754.000,0.000,1.0000,5,0,0,64.000,0.000,64.000,64:4|184:1|234:1
CFG_002,D14,5,754.000,754.000,0.000,1.0000,5,0,0,64.000,0.000,64.000,64:4|184:1|234:1
CFG_002,D15,5,754.000,754.000,0.000,1.0000,5,0,0,64.000,0.000,64.000,64:4|184:1|234:1
CFG_002,D16,5,754.000,754.000,0.000,1.0000,4,0,1,64.000,0.000,64.000,64:4|184:1|234:1
CFG_002,D17,5,754.000,754.000,0.000,1.0000,4,0,1,64.000,0.000,64.000,64:4|184:1|234:1
CFG_002,D18,5,754.000,754.000,0.000,1.0000,4,0,1,64.000,0.000,64.000,64:4|184:1|234:1
CFG_002,D19,5,754.000,749.000,5.000,0.9934,2,1,2,64.000,0.000,64.000,64:4|184:1|229:1
CFG_002,D20,5,754.000,749.000,5.000,0.9934,2,1,2,64.000,0.000,64.000,64:4|184:1|229:1
CFG_002,D21,5,754.000,749.000,5.000,0.9934,2,0,2,64.000,0.000,64.000,64:4|184:1|229:1
CFG_002,E00,5,754.000,754.000,0.000,1.0000,5,1,0,64.000,0.000,64.000,64:4|184:1|234:1
CFG_002,E01,5,754.000,754.000,0.000,1.0000,5,1,0,64.000,0.000,64.000,64:4|184:1|234:1
CFG_002,E02,5,754.000,754.000,0.000,1.0000,5,1,0,64.000,0.000,64.000,64:4|184:1|234:1
CFG_002,E03,5,754.000,754.000,0.000,1.0000,5,1,0,64.000,0.000,64.000,64:4|184:1|234:1
CFG_002,E04,5,754.000,754.000,0.000,1.0000,5,1,0,64.000,0.000,64.000,64:4|184:1|234:1
CFG_002,E05,5,754.000,754.000,0.000,1.0000,5,1,0,64.000,0.000,64.000,64:4|184:1|234:1
CFG_002,E06,5,754.000,754.000,0.000,1.0000,5,1,0,64.000,0.000,64.000,64:4|184:1|234:1
CFG_002,E07,5,754.000,754.000,0.000,1.0000,5,1,0,64.000,0.000,64.000,64:4|184:1|234:1
CFG_002,E08,5,754.000,754.000,0.000,1.0000,5,1,0,64.000,0.000,64.000,64:4|184:1|234:1
CFG_002,E09,5,754.000,754.000,0.000,1.0000,5,1,0,64.000,0.000,64.000,64:4|184:1|234:1
CFG_002,E10,5,754.000,754.000,0.000,1.0000,5,1,0,64.000,0.000,64.000,64:4|184:1|234:1
CFG_002,E11,5,754.000,754.000,0.000,1.0000,5,1,0,64.000,0.000,64.000,64:4|184:1|234:1
CFG_002,E12,5,754.000,754.000,0.000,1.0000,5,1,0,64.000,0.000,64.000,64:4|184:1|234:1
CFG_002,E13,5,754.000,754.000,0.000,1.0000,5,1,0,64.000,0.000,64.000,64:4|184:1|234:1
CFG_002,E14,5,754.000,754.000,0.000,1.0000,5,1,0,64.000,0.000,64.000,64:4|184:1|234:1
CFG_002,E15,5,754.000,754.000,0.000,1.0000,5,1,0,64.000,0.000,64.000,64:4|184:1|234:1
CFG_002,E16,5,754.000,754.000,0.000,1.0000,5,1,0,64.000,0.000,64.000,64:4|184:1|234:1
CFG_002,E17,5,754.000,754.000,0.000,1.0000,5,1,0,64.000,0.000,64.000,64:4|184:1|234:1
CFG_002,E18,5,754.000,754.000,0.000,1.0000,5,1,0,64.000,0.000,64.000,64:4|184:1|234:1
CFG_002,E19,5,754.000,684.000,70.000,0.9072,3,2,1,64.000,55.000,119.000,64:4|119:1|229:1
CFG_002,E20,5,754.000,684.000,70.000,0.9072,3,2,1,64.000,55.000,119.000,64:4|119:1|229:1
CFG_002,E21,5,754.000,684.000,70.000,0.9072,3,0,1,64.000,55.000,119.000,64:4|119:1|229:1
CFG_002,F00,5,754.000,754.000,0.000,1.0000,5,0,0,64.000,0.000,64.000,64:4|184:1|234:1
CFG_002,F01,5,754.000,754.000,0.000,1.0000,5,0,0,64.000,0.000,64.000,64:4|184:1|234:1
CFG_002,F02,5,754.000,754.000,0.000,1.0000,5,0,0,64.000,0.000,64.000,64:4|184:1|234:1
CFG_002,F03,5,754.000,754.000,0.000,1.0000,5,0,0,64.000,0.000,64.000,64:4|184:1|234:1
CFG_002,F04,5,754.000,754.000,0.000,1.0000,5,0,0,64.000,0.000,64.000,64:4|184:1|234:1
CFG_002,F05,5,754.000,754.000,0.000,1.0000,5,0,0,64.000,0.000,64.000,64:4|184:1|234:1
CFG_002,F06,5,754.000,754.000,0.000,1.0000,5,0,0,64.000,0.000,64.000,64:4|184:1|234:1
CFG_002,F07,5,754.000,754.000,0.000,1.0000,5,1,0,64.000,0.000,64.000,64:4|184:1|234:1
CFG_002,F08,5,754.000,754.000,0.000,1.0000,5,1,0,64.000,0.000,64.000,64:4|184:1|234:1
CFG_002,F09,5,754.000,754.000,0.000,1.0000,5,1,0,64.000,0.000,64.000,64:4|184:1|234:1
CFG_002,F10,5,754.000,754.000,0.000,1.0000,5,1,0,64.000,0.000,64.000,64:4|184:1|234:1
CFG_002,F11,5,754.000,754.000,0.000,1.0000,5,1,0,64.000,0.000,64.000,64:4|184:1|234:1
CFG_002,F12,5,754.000,754.000,0.000,1.0000,5,1,0,64.000,0.000,64.000,64:4|184:1|234:1
CFG_002,F13,5,754.000,754.000,0.000,1.0000,5,1,0,64.000,0.000,64.000,64:4|184:1|234:1
CFG_002,F14,5,754.000,754.000,0.000,1.0000,5,1,0,64.000,0.000,64.000,64:4|184:1|234:1
CFG_002,F15,5,754.000,754.000,0.000,1.0000,5,1,0,64.000,0.000,64.000,64:4|184:1|234:1
CFG_002,F16,5,754.000,754.000,0.000,1.0000,5,1,0,64.000,0.000,64.000,64:4|184:1|234:1
CFG_002,F17,5,754.000,754.000,0.000,1.0000,5,1,0,64.000,0.000,64.000,64:4|184:1|234:1
CFG_002,F18,5,754.000,754.000,0.000,1.0000,5,1,0,64.000,0.000,64.000,64:4|184:1|234:1
CFG_002,F19,5,754.000,749.000,5.000,0.9934,4,1,0,64.000,0.000,64.000,64:4|184:1|229:1
CFG_002,F20,5,754.000,749.000,5.000,0.9934,4,1,0,64.000,0.000,64.000,64:4|184:1|229:1
CFG_002,F21,5,754.000,749.000,5.000,0.9934,4,0,0,64.000,0.000,64.000,64:4|184:1|229:1
CFG_002,G00,5,754.000,754.000,0.000,1.0000,5,0,0,64.000,0.000,64.000,64:4|184:1|234:1
CFG_002,G01,5,754.000,754.000,0.000,1.0000,5,0,0,64.000,0.000,64.000,64:4|184:1|234:1
CFG_002,G02,5,754.000,754.000,0.000,1.0000,5,0,0,64.000,0.000,64.000,64:4|184:1|234:1
CFG_002,G03,5,754.000,754.000,0.000,1.0000,5,0,0,64.000,0.000,64.000,64:4|184:1|234:1
CFG_002,G04,5,754.000,754.000,0.000,1.0000,5,0,0,64.000,0.000,64.000,64:4|184:1|234:1
CFG_002,G05,5,754.000,754.000,0.000,1.0000,5,0,0,64.000,0.000,64.000,64:4|184:1|234:1
CFG_002,G06,5,754.000,754.000,0.000,1.0000,5,0,0,64.000,0.000,64.000,64:4|184:1|234:1
CFG_002,G07,5,754.000,754.000,0.000,1.0000,5,0,0,64.000,0.000,64.000,64:4|184:1|234:1
CFG_002,G08,5,754.000,754.000,0.000,1.0000,5,0,0,64.000,0.000,64.000,64:4|184:1|234:1
CFG_002,G09,5,754.000,754.000,0.000,1.0000,5,0,0,64.000,0.000,64.000,64:4|184:1|234:1
CFG_002,G10,5,754.000,754.000,0.000,1.0000,5,0,0,64.000,0.000,64.000,64:4|184:1|234:1
CFG_002,G11,5,754.000,754.000,0.000,1.0000,5,0,0,64.000,0.000,64.000,64:4|184:1|234:1
CFG_002,G12,5,754.000,754.000,0.000,1.0000,5,0,0,64.000,0.000,64.000,64:4|184:1|234:1
CFG_002,G13,5,754.000,754.000,0.000,1.0000,5,0,0,64.000,0.000,64.000,64:4|184:1|234:1
CFG_002,G14,5,754.000,754.000,0.000,1.0000,5,0,0,64.000,0.000,64.000,64:4|184:1|234:1
CFG_002,G15,5,754.000,754.000,0.000,1.0000,5,0,0,64.000,0.000,64.000,64:4|184:1|234:1
CFG_002,G16,5,754.000,754.000,0.000,1.0000,5,0,0,64.000,0.000,64.000,64:4|184:1|234:1
CFG_002,G17,5,754.000,754.000,0.000,1.0000,5,0,0,64.000,0.000,64.000,64:4|184:1|234:1
CFG_002,G18,5,754.000,754.000,0.000,1.0000,5,0,0,64.000,0.000,64.000,64:4|184:1|234:1
CFG_002,G19,6,754.000,709.000,45.000,0.9403,3,1,2,64.000,55.000,119.000,64:6|229:1
CFG_002,G20,6,754.000,709.000,45.000,0.9403,3,1,2,64.000,55.000,119.000,64:6|229:1
CFG_002,G21,6,754.000,709.000,45.000,0.9403,3,0,2,64.000,55.000,119.000,64:6|229:1
CFG_002,H00,5,754.000,754.000,0.000,1.0000,4,0,1,64.000,0.000,64.000,64:4|184:1|234:1
CFG_002,H01,5,754.000,754.000,0.000,1.0000,4,0,1,64.000,0.000,64.000,64:4|184:1|234:1
CFG_002,H02,5,754.000,754.000,0.000,1.0000,4,0,1,64.000,0.000,64.000,64:4|184:1|234:1
CFG_002,H03,5,754.000,754.000,0.000,1.0000,4,0,1,64.000,0.000,64.000,64:4|184:1|234:1
CFG_002,H04,5,754.000,754.000,0.000,1.0000,4,0,1,64.000,0.000,64.000,64:4|184:1|234:1
CFG_002,H05,5,754.000,754.000,0.000,1.0000,4,0,1,64.000,0.000,64.000,64:4|184:1|234:1
CFG_002,H06,5,754.000,754.000,0.000,1.0000,4,0,1,64.000,0.000,64.000,64:4|184:1|234:1
CFG_002,H07,5,754.000,754.000,0.000,1.0000,4,0,1,64.000,0.000,64.000,64:4|184:1|234:1
CFG_002,H08,5,754.000,754.000,0.000,1.0000,4,0,1,64.000,0.000,64.000,64:4|184:1|234:1
CFG_002,H09,5,754.000,754.000,0.000,1.0000,4,0,1,64.000,0.000,64.000,64:4|184:1|234:1
CFG_002,H10,5,754.000,754.000,0.000,1.0000,4,0,1,64.000,0.000,64.000,64:4|184:1|234:1
CFG_002,H11,5,754.000,754.000,0.000,1.0000,4,0,1,64.000,0.000,64.000,64:4|184:1|234:1
CFG_002,H12,5,754.000,754.000,0.000,1.0000,4,0,1,64.000,0.000,64.000,64:4|184:1|234:1
CFG_002,H13,5,754.000,754.000,0.000,1.0000,4,0,1,64.000,0.000,64.000,64:4|184:1|234:1
CFG_002,H14,5,754.000,754.000,0.000,1.0000,4,0,1,64.000,0.000,64.000,64:4|184:1|234:1
CFG_002,H15,5,754.000,754.000,0.000,1.0000,4,0,1,64.000,0.000,64.000,64:4|184:1|234:1
CFG_002,H16,5,754.000,754.000,0.000,1.0000,4,0,1,64.000,0.000,64.000,64:4|184:1|234:1
CFG_002,H17,5,754.000,754.000,0.000,1.0000,4,0,1,64.000,0.000,64.000,64:4|184:1|234:1
CFG_002,H18,5,754.000,754.000,0.000,1.0000,4,0,1,64.000,0.000,64.000,64:4|184:1|234:1
CFG_002,H19,5,754.000,739.000,15.000,0.9801,2,1,2,64.000,0.000,64.000,64:3|119:2|229:1
CFG_002,H20,5,754.000,739.000,15.000,0.9801,2,1,2,64.000,0.000,64.000,64:3|119:2|229:1
CFG_002,H21,5,754.000,739.000,15.000,0.9801,2,0,2,64.000,0.000,64.000,64:3|119:2|229:1
CFG_002,I00,5,754.000,754.000,0.000,1.0000,4,0,1,64.000,0.000,64.000,64:4|184:1|234:1
CFG_002,I01,5,754.000,754.000,0.000,1.0000,4,0,1,64.000,0.000,64.000,64:4|184:1|234:1
CFG_002,I02,5,754.000,754.000,0.000,1.0000,4,0,1,64.000,0.000,64.000,64:4|184:1|234:1
CFG_002,I03,5,754.000,754.000,0.000,1.0000,4,0,1,64.000,0.000,64.000,64:4|184:1|234:1
CFG_002,I04,5,754.000,754.000,0.000,1.0000,4,0,1,64.000,0.000,64.000,64:4|184:1|234:1
CFG_002,I05,5,754.000,754.000,0.000,1.0000,4,0,1,64.000,0.000,64.000,64:4|184:1|234:1
CFG_002,I06,5,754.000,754.000,0.000,1.0000,4,0,1,64.000,0.000,64.000,64:4|184:1|234:1
CFG_002,I07,5,754.000,754.000,0.000,1.0000,4,0,1,64.000,0.000,64.000,64:4|184:1|234:1
CFG_002,I08,5,754.000,754.000,0.000,1.0000,4,0,1,64.000,0.000,64.000,64:4|184:1|234:1
CFG_002,I09,5,754.000,754.000,0.000,1.0000,4,0,1,64.000,0.000,64.000,64:4|184:1|234:1
CFG_002,I10,5,754.000,754.000,0.000,1.0000,4,0,1,64.000,0.000,64.000,64:4|184:1|234:1
CFG_002,I11,5,754.000,754.000,0.000,1.0000,4,0,1,64.000,0.000,64.000,64:4|184:1|234:1
CFG_002,I12,5,754.000,754.000,0.000,1.0000,4,0,1,64.000,0.000,64.000,64:4|184:1|234:1
CFG_002,I13,5,754.000,754.000,0.000,1.0000,4,0,1,64.000,0.000,64.000,64:4|184:1|234:1
CFG_002,I14,5,754.000,754.000,0.000,1.0000,4,0,1,64.000,0.000,64.000,64:4|184:1|234:1
CFG_002,I15,5,754.000,754.000,0.000,1.0000,4,0,1,64.000,0.000,64.000,64:4|184:1|234:1
CFG_002,I16,5,754.000,754.000,0.000,1.0000,4,0,1,64.000,0.000,64.000,64:4|184:1|234:1
CFG_002,I17,5,754.000,754.000,0.000,1.0000,4,0,1,64.000,0.000,64.000,64:4|184:1|234:1
CFG_002,I18,5,754.000,754.000,0.000,1.0000,4,0,1,64.000,0.000,64.000,64:4|184:1|234:1
CFG_002,I19,5,754.000,749.000,5.000,0.9934,2,1,2,64.000,0.000,64.000,64:4|184:1|229:1
CFG_002,I20,5,754.000,749.000,5.000,0.9934,2,1,2,64.000,0.000,64.000,64:4|184:1|229:1
CFG_002,I21,5,754.000,749.000,5.000,0.9934,2,0,2,64.000,0.000,64.000,64:4|184:1|229:1
CFG_002,J00,3,754.000,754.000,0.000,1.0000,3,2,0,119.000,0.000,119.000,119:2|234:2
CFG_002,J01,3,754.000,754.000,0.000,1.0000,3,2,0,119.000,0.000,119.000,119:2|234:2
CFG_002,J02,3,754.000,754.000,0.000,1.0000,3,2,0,119.000,0.000,119.000,119:2|234:2
CFG_002,J03,3,754.000,754.000,0.000,1.0000,3,2,0,119.000,0.000,119.000,119:2|234:2
CFG_002,J04,3,754.000,754.000,0.000,1.0000,3,1,0,119.000,0.000,119.000,119:2|234:2
CFG_002,J05,3,754.000,754.000,0.000,1.0000,3,1,0,119.000,0.000,119.000,119:2|234:2
CFG_002,J06,3,754.000,754.000,0.000,1.0000,3,1,0,119.000,0.000,119.000,119:2|234:2
CFG_002,J07,3,754.000,754.000,0.000,1.0000,3,1,0,119.000,0.000,119.000,119:2|234:2
CFG_002,J08,3,754.000,754.000,0.000,1.0000,3,1,0,119.000,0.000,119.000,119:2|234:2
CFG_002,J09,3,754.000,754.000,0.000,1.0000,3,1,0,119.000,0.000,119.000,119:2|234:2
CFG_002,J10,3,754.000,754.000,0.000,1.0000,3,1,0,119.000,0.000,119.000,119:2|234:2
CFG_002,J11,3,754.000,754.000,0.000,1.0000,3,1,0,119.000,0.000,119.000,119:2|234:2
CFG_002,J12,3,754.000,754.000,0.000,1.0000,3,1,0,119.000,0.000,119.000,119:2|234:2
CFG_002,J13,3,754.000,754.000,0.000,1.0000,3,1,0,119.000,0.000,119.000,119:2|234:2
CFG_002,J14,3,754.000,754.000,0.000,1.0000,3,1,0,119.000,0.000,119.000,119:2|234:2
CFG_002,J15,3,754.000,754.000,0.000,1.0000,3,1,0,119.000,0.000,119.000,119:2|234:2
CFG_002,J16,3,754.000,754.000,0.000,1.0000,3,1,0,119.000,0.000,119.000,119:2|234:2
CFG_002,J17,3,754.000,754.000,0.000,1.0000,3,1,0,119.000,0.000,119.000,119:2|234:2
CFG_002,J18,3,754.000,754.000,0.000,1.0000,3,1,0,119.000,0.000,119.000,119:2|234:2
CFG_002,J19,6,754.000,704.000,50.000,0.9337,2,1,3,64.000,55.000,119.000,64:6|224:1
CFG_002,J20,6,754.000,704.000,50.000,0.9337,2,1,3,64.000,55.000,119.000,64:6|224:1
CFG_002,J21,6,754.000,704.000,50.000,0.9337,2,0,3,64.000,55.000,119.000,64:6|224:1
CFG_002,K00,3,754.000,754.000,0.000,1.0000,3,2,0,119.000,0.000,119.000,119:2|234:2
CFG_002,K01,3,754.000,754.000,0.000,1.0000,3,2,0,119.000,0.000,119.000,119:2|234:2
CFG_002,K02,3,754.000,754.000,0.000,1.0000,3,2,0,119.000,0.000,119.000,119:2|234:2
CFG_002,K03,3,754.000,754.000,0.000,1.0000,3,2,0,119.000,0.000,119.000,119:2|234:2
CFG_002,K04,3,754.000,754.000,0.000,1.0000,3,1,0,119.000,0.000,119.000,119:2|234:2
CFG_002,K05,3,754.000,754.000,0.000,1.0000,3,1,0,119.000,0.000,119.000,119:2|234:2
CFG_002,K06,3,754.000,754.000,0.000,1.0000,3,1,0,119.000,0.000,119.000,119:2|234:2
CFG_002,K07,3,754.000,754.000,0.000,1.0000,2,2,0,119.000,0.000,119.000,119:2|234:2
CFG_002,K08,3,754.000,754.000,0.000,1.0000,3,2,0,119.000,0.000,119.000,119:2|234:2
CFG_002,K09,3,754.000,754.000,0.000,1.0000,3,2,0,119.000,0.000,119.000,119:2|234:2
CFG_002,K10,3,754.000,754.000,0.000,1.0000,3,2,0,119.000,0.000,119.000,119:2|234:2
CFG_002,K11,3,754.000,754.000,0.000,1.0000,3,2,0,119.000,0.000,119.000,119:2|234:2
CFG_002,K12,3,754.000,754.000,0.000,1.0000,3,2,0,119.000,0.000,119.000,119:2|234:2
CFG_002,K13,3,754.000,754.000,0.000,1.0000,3,2,0,119.000,0.000,119.000,119:2|234:2
CFG_002,K14,3,754.000,754.000,0.000,1.0000,3,2,0,119.000,0.000,119.000,119:2|234:2
CFG_002,K15,3,754.000,754.000,0.000,1.0000,3,2,0,119.000,0.000,119.000,119:2|234:2
CFG_002,K16,3,754.000,754.000,0.000,1.0000,3,2,0,119.000,0.000,119.000,119:2|234:2
CFG_002,K17,3,754.000,754.000,0.000,1.0000,3,2,0,119.000,0.000,119.000,119:2|234:2
CFG_002,K18,3,754.000,754.000,0.000,1.0000,3,2,0,119.000,0.000,119.000,119:2|234:2
CFG_002,K19,4,754.000,714.000,40.000,0.9469,2,0,1,64.000,55.000,119.000,64:3|224:1|234:1
CFG_002,K20,5,754.000,744.000,10.000,0.9867,2,0,2,64.000,0.000,64.000,64:4|184:1|224:1
CFG_002,K21,5,754.000,734.000,20.000,0.9735,2,0,2,64.000,0.000,64.000,64:3|119:2|224:1
CFG_006,A00,3,754.000,754.000,0.000,1.0000,1,0,0,119.000,0.000,119.000,119:2|234:2
CFG_006,A01,3,754.000,754.000,0.000,1.0000,1,0,0,119.000,0.000,119.000,119:2|234:2
CFG_006,A02,3,754.000,754.000,0.000,1.0000,1,0,0,119.000,0.000,119.000,119:2|234:2
CFG_006,A03,3,754.000,754.000,0.000,1.0000,1,0,0,119.000,0.000,119.000,119:2|234:2
CFG_006,A04,3,754.000,754.000,0.000,1.0000,1,0,0,119.000,0.000,119.000,119:2|234:2
CFG_006,A05,3,754.000,754.000,0.000,1.0000,1,0,0,119.000,0.000,119.000,119:2|234:2
CFG_006,A06,3,754.000,754.000,0.000,1.0000,1,0,0,119.000,0.000,119.000,119:2|234:2
CFG_006,A07,3,754.000,754.000,0.000,1.0000,1,0,0,119.000,0.000,119.000,119:2|234:2
CFG_006,A08,3,754.000,754.000,0.000,1.0000,1,0,0,119.000,0.000,119.000,119:2|234:2
CFG_006,A09,3,754.000,754.000,0.000,1.0000,1,0,0,119.000,0.000,119.000,119:2|234:2
CFG_006,A10,3,754.000,754.000,0.000,1.0000,1,0,0,119.000,0.000,119.000,119:2|234:2
CFG_006,A11,3,754.000,754.000,0.000,1.0000,1,0,0,119.000,0.000,119.000,119:2|234:2
CFG_006,A12,3,754.000,754.000,0.000,1.0000,1,0,0,119.000,0.000,119.000,119:2|234:2
CFG_006,A13,3,754.000,754.000,0.000,1.0000,1,0,0,119.000,0.000,119.000,119:2|234:2
CFG_006,A14,3,754.000,754.000,0.000,1.0000,1,0,0,119.000,0.000,119.000,119:2|234:2
CFG_006,A15,3,754.000,754.000,0.000,1.0000,1,0,0,119.000,0.000,119.000,119:2|234:2
CFG_006,B00,3,754.000,754.000,0.000,1.0000,1,0,0,119.000,0.000,119.000,119:2|234:2
CFG_006,B01,3,754.000,754.000,0.000,1.0000,1,0,0,119.000,0.000,119.000,119:2|234:2
CFG_006,B02,3,754.000,754.000,0.000,1.0000,1,0,0,119.000,0.000,119.000,119:2|234:2
CFG_006,B03,3,754.000,754.000,0.000,1.0000,1,0,0,119.000,0.000,119.000,119:2|234:2
CFG_006,B04,3,754.000,754.000,0.000,1.0000,1,0,0,119.000,0.000,119.000,119:2|234:2
CFG_006,B05,3,754.000,754.000,0.000,1.0000,1,0,0,119.000,0.000,119.000,119:2|234:2
CFG_006,B06,3,754.000,754.000,0.000,1.0000,1,0,0,119.000,0.000,119.000,119:2|234:2
CFG_006,B07,3,754.000,754.000,0.000,1.0000,1,0,0,119.000,0.000,119.000,119:2|234:2
CFG_006,B08,3,754.000,754.000,0.000,1.0000,1,0,0,119.000,0.000,119.000,119:2|234:2
CFG_006,B09,3,754.000,754.000,0.000,1.0000,1,0,0,119.000,0.000,119.000,119:2|234:2
CFG_006,B10,3,754.000,754.000,0.000,1.0000,1,0,0,119.000,0.000,119.000,119:2|234:2
CFG_006,B11,3,754.000,754.000,0.000,1.0000,1,0,0,119.000,0.000,119.000,119:2|234:2
CFG_006,B12,3,754.000,754.000,0.000,1.0000,1,0,0,119.000,0.000,119.000,119:2|234:2
CFG_006,B13,3,754.000,754.000,0.000,1.0000,1,0,0,119.000,0.000,119.000,119:2|234:2
CFG_006,B14,3,754.000,754.000,0.000,1.0000,1,0,0,119.000,0.000,119.000,119:2|234:2
CFG_006,B15,3,754.000,754.000,0.000,1.0000,1,0,0,119.000,0.000,119.000,119:2|234:2
CFG_006,B16,3,754.000,754.000,0.000,1.0000,1,0,0,119.000,0.000,119.000,119:2|234:2
CFG_006,B17,3,754.000,754.000,0.000,1.0000,1,0,0,119.000,0.000,119.000,119:2|234:2
CFG_006,B18,3,754.000,754.000,0.000,1.0000,1,0,0,119.000,0.000,119.000,119:2|234:2
CFG_006,B19,5,754.000,709.000,45.000,0.9403,2,2,2,69.000,50.000,119.000,69:4|119:1|234:1
CFG_006,B20,5,754.000,709.000,45.000,0.9403,2,2,2,69.000,50.000,119.000,69:4|119:1|234:1
CFG_006,B21,5,754.000,709.000,45.000,0.9403,2,0,2,69.000,50.000,119.000,69:4|119:1|234:1
CFG_006,D00,3,754.000,754.000,0.000,1.0000,3,2,0,119.000,0.000,119.000,119:2|234:2
CFG_006,D01,3,754.000,754.000,0.000,1.0000,3,2,0,119.000,0.000,119.000,119:2|234:2
CFG_006,D02,3,754.000,754.000,0.000,1.0000,3,2,0,119.000,0.000,119.000,119:2|234:2
CFG_006,D03,3,754.000,754.000,0.000,1.0000,3,2,0,119.000,0.000,119.000,119:2|234:2
CFG_006,D04,3,754.000,754.000,0.000,1.0000,3,2,0,119.000,0.000,119.000,119:2|234:2
CFG_006,D05,3,754.000,754.000,0.000,1.0000,3,2,0,119.000,0.000,119.000,119:2|234:2
CFG_006,D06,3,754.000,754.000,0.000,1.0000,3,2,0,119.000,0.000,119.000,119:2|234:2
CFG_006,D07,3,754.000,754.000,0.000,1.0000,3,2,0,119.000,0.000,119.000,119:2|234:2
CFG_006,D08,3,754.000,754.000,0.000,1.0000,3,2,0,119.000,0.000,119.000,119:2|234:2
CFG_006,D09,3,754.000,754.000,0.000,1.0000,3,2,0,119.000,0.000,119.000,119:2|234:2
CFG_006,D10,3,754.000,754.000,0.000,1.0000,3,2,0,119.000,0.000,119.000,119:2|234:2
CFG_006,D11,3,754.000,754.000,0.000,1.0000,3,2,0,119.000,0.000,119.000,119:2|234:2
CFG_006,D12,3,754.000,754.000,0.000,1.0000,3,2,0,119.000,0.000,119.000,119:2|234:2
CFG_006,D13,3,754.000,754.000,0.000,1.0000,3,2,0,119.000,0.000,119.000,119:2|234:2
CFG_006,D14,3,754.000,754.000,0.000,1.0000,3,2,0,119.000,0.000,119.000,119:2|234:2
CFG_006,D15,3,754.000,754.000,0.000,1.0000,3,2,0,119.000,0.000,119.000,119:2|234:2
CFG_006,D16,3,754.000,754.000,0.000,1.0000,3,1,0,119.000,0.000,119.000,119:2|234:2
CFG_006,D17,3,754.000,754.000,0.000,1.0000,3,1,0,119.000,0.000,119.000,119:2|234:2
CFG_006,D18,3,754.000,754.000,0.000,1.0000,3,1,0,119.000,0.000,119.000,119:2|234:2
CFG_006,D19,5,754.000,704.000,50.000,0.9337,2,1,2,69.000,50.000,119.000,69:4|119:1|229:1
CFG_006,D20,5,754.000,704.000,50.000,0.9337,2,1,2,69.000,50.000,119.000,69:4|119:1|229:1
CFG_006,D21,5,754.000,704.000,50.000,0.9337,2,0,2,69.000,50.000,119.000,69:4|119:1|229:1
CFG_006,E00,3,754.000,754.000,0.000,1.0000,3,3,0,119.000,0.000,119.000,119:2|234:2
CFG_006,E01,3,754.000,754.000,0.000,1.0000,3,3,0,119.000,0.000,119.000,119:2|234:2
CFG_006,E02,3,754.000,754.000,0.000,1.0000,3,3,0,119.000,0.000,119.000,119:2|234:2
CFG_006,E03,3,754.000,754.000,0.000,1.0000,3,3,0,119.000,0.000,119.000,119:2|234:2
CFG_006,E04,3,754.000,754.000,0.000,1.0000,3,3,0,119.000,0.000,119.000,119:2|234:2
CFG_006,E05,3,754.000,754.000,0.000,1.0000,3,3,0,119.000,0.000,119.000,119:2|234:2
CFG_006,E06,3,754.000,754.000,0.000,1.0000,3,3,0,119.000,0.000,119.000,119:2|234:2
CFG_006,E07,3,754.000,754.000,0.000,1.0000,3,3,0,119.000,0.000,119.000,119:2|234:2
CFG_006,E08,3,754.000,754.000,0.000,1.0000,3,3,0,119.000,0.000,119.000,119:2|234:2
CFG_006,E09,3,754.000,754.000,0.000,1.0000,3,3,0,119.000,0.000,119.000,119:2|234:2
CFG_006,E10,3,754.000,754.000,0.000,1.0000,3,3,0,119.000,0.000,119.000,119:2|234:2
CFG_006,E11,3,754.000,754.000,0.000,1.0000,3,3,0,119.000,0.000,119.000,119:2|234:2
CFG_006,E12,3,754.000,754.000,0.000,1.0000,3,3,0,119.000,0.000,119.000,119:2|234:2
CFG_006,E13,3,754.000,754.000,0.000,1.0000,3,3,0,119.000,0.000,119.000,119:2|234:2
CFG_006,E14,3,754.000,754.000,0.000,1.0000,3,3,0,119.000,0.000,119.000,119:2|234:2
CFG_006,E15,3,754.000,754.000,0.000,1.0000,3,3,0,119.000,0.000,119.000,119:2|234:2
CFG_006,E16,3,754.000,754.000,0.000,1.0000,3,3,0,119.000,0.000,119.000,119:2|234:2
CFG_006,E17,3,754.000,754.000,0.000,1.0000,3,3,0,119.000,0.000,119.000,119:2|234:2
CFG_006,E18,3,754.000,754.000,0.000,1.0000,3,3,0,119.000,0.000,119.000,119:2|234:2
CFG_006,E19,4,754.000,729.000,25.000,0.9668,4,2,0,69.000,0.000,69.000,69:3|229:2
CFG_006,E20,4,754.000,729.000,25.000,0.9668,4,2,0,69.000,0.000,69.000,69:3|229:2
CFG_006,E21,4,754.000,734.000,20.000,0.9735,4,0,0,69.000,0.000,69.000,69:3|229:1|234:1
CFG_006,F00,3,754.000,754.000,0.000,1.0000,3,2,0,119.000,0.000,119.000,119:2|234:2
CFG_006,F01,3,754.000,754.000,0.000,1.0000,3,2,0,119.000,0.000,119.000,119:2|234:2
CFG_006,F02,3,754.000,754.000,0.000,1.0000,3,2,0,119.000,0.000,119.000,119:2|234:2
CFG_006,F03,3,754.000,754.000,0.000,1.0000,3,2,0,119.000,0.000,119.000,119:2|234:2
CFG_006,F04,3,754.000,754.000,0.000,1.0000,3,2,0,119.000,0.000,119.000,119:2|234:2
CFG_006,F05,3,754.000,754.000,0.000,1.0000,3,2,0,119.000,0.000,119.000,119:2|234:2
CFG_006,F06,3,754.000,754.000,0.000,1.0000,3,2,0,119.000,0.000,119.000,119:2|234:2
CFG_006,F07,3,754.000,754.000,0.000,1.0000,3,3,0,119.000,0.000,119.000,119:2|234:2
CFG_006,F08,3,754.000,754.000,0.000,1.0000,3,3,0,119.000,0.000,119.000,119:2|234:2
CFG_006,F09,3,754.000,754.000,0.000,1.0000,3,3,0,119.000,0.000,119.000,119:2|234:2
CFG_006,F10,3,754.000,754.000,0.000,1.0000,3,3,0,119.000,0.000,119.000,119:2|234:2
CFG_006,F11,3,754.000,754.000,0.000,1.0000,3,3,0,119.000,0.000,119.000,119:2|234:2
CFG_006,F12,3,754.000,754.000,0.000,1.0000,3,3,0,119.000,0.000,119.000,119:2|234:2
CFG_006,F13,3,754.000,754.000,0.000,1.0000,3,3,0,119.000,0.000,119.000,119:2|234:2
CFG_006,F14,3,754.000,754.000,0.000,1.0000,3,3,0,119.000,0.000,119.000,119:2|234:2
CFG_006,F15,3,754.000,754.000,0.000,1.0000,3,3,0,119.000,0.000,119.000,119:2|234:2
CFG_006,F16,3,754.000,754.000,0.000,1.0000,3,3,0,119.000,0.000,119.000,119:2|234:2
CFG_006,F17,3,754.000,754.000,0.000,1.0000,3,3,0,119.000,0.000,119.000,119:2|234:2
CFG_006,F18,3,754.000,754.000,0.000,1.0000,3,3,0,119.000,0.000,119.000,119:2|234:2
CFG_006,F19,6,754.000,739.000,15.000,0.9801,4,1,1,69.000,0.000,69.000,69:6|229:1
CFG_006,F20,6,754.000,739.000,15.000,0.9801,4,1,1,69.000,0.000,69.000,69:6|229:1
CFG_006,F21,6,754.000,739.000,15.000,0.9801,4,0,1,69.000,0.000,69.000,69:6|229:1
CFG_006,G00,3,754.000,754.000,0.000,1.0000,3,2,0,119.000,0.000,119.000,119:2|234:2
CFG_006,G01,3,754.000,754.000,0.000,1.0000,3,2,0,119.000,0.000,119.000,119:2|234:2
CFG_006,G02,3,754.000,754.000,0.000,1.0000,3,2,0,119.000,0.000,119.000,119:2|234:2
CFG_006,G03,3,754.000,754.000,0.000,1.0000,3,2,0,119.000,0.000,119.000,119:2|234:2
CFG_006,G04,3,754.000,754.000,0.000,1.0000,3,2,0,119.000,0.000,119.000,119:2|234:2
CFG_006,G05,3,754.000,754.000,0.000,1.0000,3,2,0,119.000,0.000,119.000,119:2|234:2
CFG_006,G06,3,754.000,754.000,0.000,1.0000,3,2,0,119.000,0.000,119.000,119:2|234:2
CFG_006,G07,3,754.000,754.000,0.000,1.0000,3,2,0,119.000,0.000,119.000,119:2|234:2
CFG_006,G08,3,754.000,754.000,0.000,1.0000,3,2,0,119.000,0.000,119.000,119:2|234:2
CFG_006,G09,3,754.000,754.000,0.000,1.0000,3,2,0,119.000,0.000,119.000,119:2|234:2
CFG_006,G10,3,754.000,754.000,0.000,1.0000,3,2,0,119.000,0.000,119.000,119:2|234:2
CFG_006,G11,3,754.000,754.000,0.000,1.0000,3,2,0,119.000,0.000,119.000,119:2|234:2
CFG_006,G12,3,754.000,754.000,0.000,1.0000,3,2,0,119.000,0.000,119.000,119:2|234:2
CFG_006,G13,3,754.000,754.000,0.000,1.0000,3,2,0,119.000,0.000,119.000,119:2|234:2
CFG_006,G14,3,754.000,754.000,0.000,1.0000,3,2,0,119.000,0.000,119.000,119:2|234:2
CFG_006,G15,3,754.000,754.000,0.000,1.0000,3,2,0,119.000,0.000,119.000,119:2|234:2
CFG_006,G16,3,754.000,754.000,0.000,1.0000,3,2,0,119.000,0.000,119.000,119:2|234:2
CFG_006,G17,3,754.000,754.000,0.000,1.0000,3,2,0,119.000,0.000,119.000,119:2|234:2
CFG_006,G18,3,754.000,754.000,0.000,1.0000,3,2,0,119.000,0.000,119.000,119:2|234:2
CFG_006,G19,5,754.000,754.000,0.000,1.0000,3,1,1,69.000,0.000,69.000,69:3|119:2|229:1
CFG_006,G20,5,754.000,754.000,0.000,1.0000,3,1,1,69.000,0.000,69.000,69:3|119:2|229:1
CFG_006,G21,5,754.000,754.000,0.000,1.0000,3,0,1,69.000,0.000,69.000,69:3|119:2|229:1
CFG_006,H00,3,754.000,754.000,0.000,1.0000,3,1,0,119.000,0.000,119.000,119:2|234:2
CFG_006,H01,3,754.000,754.000,0.000,1.0000,3,1,0,119.000,0.000,119.000,119:2|234:2
CFG_006,H02,3,754.000,754.000,0.000,1.0000,3,1,0,119.000,0.000,119.000,119:2|234:2
CFG_006,H03,3,754.000,754.000,0.000,1.0000,3,1,0,119.000,0.000,119.000,119:2|234:2
CFG_006,H04,3,754.000,754.000,0.000,1.0000,3,1,0,119.000,0.000,119.000,119:2|234:2
CFG_006,H05,3,754.000,754.000,0.000,1.0000,3,1,0,119.000,0.000,119.000,119:2|234:2
CFG_006,H06,3,754.000,754.000,0.000,1.0000,3,1,0,119.000,0.000,119.000,119:2|234:2
CFG_006,H07,3,754.000,754.000,0.000,1.0000,3,1,0,119.000,0.000,119.000,119:2|234:2
CFG_006,H08,3,754.000,754.000,0.000,1.0000,3,1,0,119.000,0.000,119.000,119:2|234:2
CFG_006,H09,3,754.000,754.000,0.000,1.0000,3,1,0,119.000,0.000,119.000,119:2|234:2
CFG_006,H10,3,754.000,754.000,0.000,1.0000,3,1,0,119.000,0.000,119.000,119:2|234:2
CFG_006,H11,3,754.000,754.000,0.000,1.0000,3,1,0,119.000,0.000,119.000,119:2|234:2
CFG_006,H12,3,754.000,754.000,0.000,1.0000,3,1,0,119.000,0.000,119.000,119:2|234:2
CFG_006,H13,3,754.000,754.000,0.000,1.0000,3,1,0,119.000,0.000,119.000,119:2|234:2
CFG_006,H14,3,754.000,754.000,0.000,1.0000,3,1,0,119.000,0.000,119.000,119:2|234:2
CFG_006,H15,3,754.000,754.000,0.000,1.0000,3,1,0,119.000,0.000,119.000,119:2|234:2
CFG_006,H16,3,754.000,754.000,0.000,1.0000,3,1,0,119.000,0.000,119.000,119:2|234:2
CFG_006,H17,3,754.000,754.000,0.000,1.0000,3,1,0,119.000,0.000,119.000,119:2|234:2
CFG_006,H18,3,754.000,754.000,0.000,1.0000,3,1,0,119.000,0.000,119.000,119:2|234:2
CFG_006,H19,4,754.000,729.000,25.000,0.9668,3,1,1,69.000,0.000,69.000,69:3|229:2
CFG_006,H20,4,754.000,729.000,25.000,0.9668,3,1,1,69.000,0.000,69.000,69:3|229:2
CFG_006,H21,4,754.000,734.000,20.000,0.9735,3,0,1,69.000,0.000,69.000,69:3|229:1|234:1
CFG_006,I00,3,754.000,754.000,0.000,1.0000,3,1,0,119.000,0.000,119.000,119:2|234:2
CFG_006,I01,3,754.000,754.000,0.000,1.0000,3,1,0,119.000,0.000,119.000,119:2|234:2
CFG_006,I02,3,754.000,754.000,0.000,1.0000,3,1,0,119.000,0.000,119.000,119:2|234:2
CFG_006,I03,3,754.000,754.000,0.000,1.0000,3,1,0,119.000,0.000,119.000,119:2|234:2
CFG_006,I04,3,754.000,754.000,0.000,1.0000,3,1,0,119.000,0.000,119.000,119:2|234:2
CFG_006,I05,3,754.000,754.000,0.000,1.0000,3,1,0,119.000,0.000,119.000,119:2|234:2
CFG_006,I06,3,754.000,754.000,0.000,1.0000,3,1,0,119.000,0.000,119.000,119:2|234:2
CFG_006,I07,3,754.000,754.000,0.000,1.0000,3,1,0,119.000,0.000,119.000,119:2|234:2
CFG_006,I08,3,754.000,754.000,0.000,1.0000,3,1,0,119.000,0.000,119.000,119:2|234:2
CFG_006,I09,3,754.000,754.000,0.000,1.0000,3,1,0,119.000,0.000,119.000,119:2|234:2
CFG_006,I10,3,754.000,754.000,0.000,1.0000,3,1,0,119.000,0.000,119.000,119:2|234:2
CFG_006,I11,3,754.000,754.000,0.000,1.0000,3,1,0,119.000,0.000,119.000,119:2|234:2
CFG_006,I12,3,754.000,754.000,0.000,1.0000,3,1,0,119.000,0.000,119.000,119:2|234:2
CFG_006,I13,3,754.000,754.000,0.000,1.0000,3,1,0,119.000,0.000,119.000,119:2|234:2
CFG_006,I14,3,754.000,754.000,0.000,1.0000,3,1,0,119.000,0.000,119.000,119:2|234:2
CFG_006,I15,3,754.000,754.000,0.000,1.0000,3,1,0,119.000,0.000,119.000,119:2|234:2
CFG_006,I16,3,754.000,754.000,0.000,1.0000,3,1,0,119.000,0.000,119.000,119:2|234:2
CFG_006,I17,3,754.000,754.000,0.000,1.0000,3,1,0,119.000,0.000,119.000,119:2|234:2
CFG_006,I18,3,754.000,754.000,0.000,1.0000,3,1,0,119.000,0.000,119.000,119:2|234:2
CFG_006,I19,6,754.000,739.000,15.000,0.9801,2,1,3,69.000,0.000,69.000,69:6|229:1
CFG_006,I20,6,754.000,739.000,15.000,0.9801,2,1,3,69.000,0.000,69.000,69:6|229:1
CFG_006,I21,6,754.000,739.000,15.000,0.9801,2,0,3,69.000,0.000,69.000,69:6|229:1
CFG_006,J00,3,754.000,754.000,0.000,1.0000,3,2,0,119.000,0.000,119.000,119:2|234:2
CFG_006,J01,3,754.000,754.000,0.000,1.0000,3,2,0,119.000,0.000,119.000,119:2|234:2
CFG_006,J02,3,754.000,754.000,0.000,1.0000,3,2,0,119.000,0.000,119.000,119:2|234:2
CFG_006,J03,3,754.000,754.000,0.000,1.0000,3,2,0,119.000,0.000,119.000,119:2|234:2
CFG_006,J04,3,754.000,754.000,0.000,1.0000,3,1,0,119.000,0.000,119.000,119:2|234:2
CFG_006,J05,3,754.000,754.000,0.000,1.0000,3,1,0,119.000,0.000,119.000,119:2|234:2
CFG_006,J06,3,754.000,754.000,0.000,1.0000,3,1,0,119.000,0.000,119.000,119:2|234:2
CFG_006,J07,3,754.000,754.000,0.000,1.0000,3,1,0,119.000,0.000,119.000,119:2|234:2
CFG_006,J08,3,754.000,754.000,0.000,1.0000,3,1,0,119.000,0.000,119.000,119:2|234:2
CFG_006,J09,3,754.000,754.000,0.000,1.0000,3,1,0,119.000,0.000,119.000,119:2|234:2
CFG_006,J10,3,754.000,754.000,0.000,1.0000,3,1,0,119.000,0.000,119.000,119:2|234:2
CFG_006,J11,3,754.000,754.000,0.000,1.0000,3,1,0,119.000,0.000,119.000,119:2|234:2
CFG_006,J12,3,754.000,754.000,0.000,1.0000,3,1,0,119.000,0.000,119.000,119:2|234:2
CFG_006,J13,3,754.000,754.000,0.000,1.0000,3,1,0,119.000,0.000,119.000,119:2|234:2
CFG_006,J14,3,754.000,754.000,0.000,1.0000,3,1,0,119.000,0.000,119.000,119:2|234:2
CFG_006,J15,3,754.000,754.000,0.000,1.0000,3,1,0,119.000,0.000,119.000,119:2|234:2
CFG_006,J16,3,754.000,754.000,0.000,1.0000,3,1,0,119.000,0.000,119.000,119:2|234:2
CFG_006,J17,3,754.000,754.000,0.000,1.0000,3,1,0,119.000,0.000,119.000,119:2|234:2
CFG_006,J18,3,754.000,754.000,0.000,1.0000,3,1,0,119.000,0.000,119.000,119:2|234:2
CFG_006,J19,5,754.000,749.000,5.000,0.9934,2,1,2,69.000,0.000,69.000,69:3|119:2|224:1
CFG_006,J20,5,754.000,749.000,5.000,0.9934,2,1,2,69.000,0.000,69.000,69:3|119:2|224:1
CFG_006,J21,5,754.000,749.000,5.000,0.9934,2,0,2,69.000,0.000,69.000,69:3|119:2|224:1
CFG_006,K00,3,754.000,754.000,0.000,1.0000,3,2,0,119.000,0.000,119.000,119:2|234:2
CFG_006,K01,3,754.000,754.000,0.000,1.0000,3,2,0,119.000,0.000,119.000,119:2|234:2
CFG_006,K02,3,754.000,754.000,0.000,1.0000,3,2,0,119.000,0.000,119.000,119:2|234:2
CFG_006,K03,3,754.000,754.000,0.000,1.0000,3,2,0,119.000,0.000,119.000,119:2|234:2
CFG_006,K04,3,754.000,754.000,0.000,1.0000,3,1,0,119.000,0.000,119.000,119:2|234:2
CFG_006,K05,3,754.000,754.000,0.000,1.0000,3,1,0,119.000,0.000,119.000,119:2|234:2
CFG_006,K06,3,754.000,754.000,0.000,1.0000,3,1,0,119.000,0.000,119.000,119:2|234:2
CFG_006,K07,3,754.000,754.000,0.000,1.0000,2,2,0,119.000,0.000,119.000,119:2|234:2
CFG_006,K08,3,754.000,754.000,0.000,1.0000,3,2,0,119.000,0.000,119.000,119:2|234:2
CFG_006,K09,3,754.000,754.000,0.000,1.0000,3,2,0,119.000,0.000,119.000,119:2|234:2
CFG_006,K10,3,754.000,754.000,0.000,1.0000,3,2,0,119.000,0.000,119.000,119:2|234:2
CFG_006,K11,3,754.000,754.000,0.000,1.0000,3,2,0,119.000,0.000,119.000,119:2|234:2
CFG_006,K12,3,754.000,754.000,0.000,1.0000,3,2,0,119.000,0.000,119.000,119:2|234:2
CFG_006,K13,3,754.000,754.000,0.000,1.0000,3,2,0,119.000,0.000,119.000,119:2|234:2
CFG_006,K14,3,754.000,754.000,0.000,1.0000,3,2,0,119.000,0.000,119.000,119:2|234:2
CFG_006,K15,3,754.000,754.000,0.000,1.0000,3,2,0,119.000,0.000,119.000,119:2|234:2
CFG_006,K16,3,754.000,754.000,0.000,1.0000,3,2,0,119.000,0.000,119.000,119:2|234:2
CFG_006,K17,3,754.000,754.000,0.000,1.0000,3,2,0,119.000,0.000,119.000,119:2|234:2
CFG_006,K18,3,754.000,754.000,0.000,1.0000,3,2,0,119.000,0.000,119.000,119:2|234:2
CFG_006,K19,6,754.000,734.000,20.000,0.9735,3,0,3,69.000,0.000,69.000,69:6|224:1
CFG_006,K20,4,754.000,729.000,25.000,0.9668,3,0,1,69.000,0.000,69.000,69:3|224:1|234:1
CFG_006,K21,5,754.000,749.000,5.000,0.9934,3,0,2,69.000,0.000,69.000,69:3|119:2|224:1
CFG_007,A00,5,754.000,754.000,0.000,1.0000,3,0,2,69.000,0.000,69.000,69:2|119:3|179:1
CFG_007,A01,5,754.000,754.000,0.000,1.0000,3,0,2,69.000,0.000,69.000,69:2|119:3|179:1
CFG_007,A02,5,754.000,754.000,0.000,1.0000,3,0,2,69.000,0.000,69.000,69:2|119:3|179:1
CFG_007,A03,5,754.000,754.000,0.000,1.0000,3,0,2,69.000,0.000,69.000,69:2|119:3|179:1
CFG_007,A04,5,754.000,754.000,0.000,1.0000,3,0,2,69.000,0.000,69.000,69:2|119:3|179:1
CFG_007,A05,5,754.000,754.000,0.000,1.0000,3,0,2,69.000,0.000,69.000,69:2|119:3|179:1
CFG_007,A06,5,754.000,754.000,0.000,1.0000,3,0,2,69.000,0.000,69.000,69:2|119:3|179:1
CFG_007,A07,5,754.000,754.000,0.000,1.0000,3,0,2,69.000,0.000,69.000,69:2|119:3|179:1
CFG_007,A08,5,754.000,754.000,0.000,1.0000,3,0,2,69.000,0.000,69.000,69:2|119:3|179:1
CFG_007,A09,5,754.000,754.000,0.000,1.0000,3,0,2,69.000,0.000,69.000,69:2|119:3|179:1
CFG_007,A10,5,754.000,754.000,0.000,1.0000,3,0,2,69.000,0.000,69.000,69:2|119:3|179:1
CFG_007,A11,5,754.000,754.000,0.000,1.0000,3,0,2,69.000,0.000,69.000,69:2|119:3|179:1
CFG_007,A12,5,754.000,754.000,0.000,1.0000,3,0,2,69.000,0.000,69.000,69:2|119:3|179:1
CFG_007,A13,5,754.000,754.000,0.000,1.0000,3,0,2,69.000,0.000,69.000,69:2|119:3|179:1
CFG_007,A14,5,754.000,754.000,0.000,1.0000,3,0,2,69.000,0.000,69.000,69:2|119:3|179:1
CFG_007,A15,5,754.000,754.000,0.000,1.0000,3,0,2,69.000,0.000,69.000,69:2|119:3|179:1
CFG_007,B00,5,754.000,754.000,0.000,1.0000,3,0,2,69.000,0.000,69.000,69:2|119:3|179:1
CFG_007,B01,5,754.000,754.000,0.000,1.0000,3,0,2,69.000,0.000,69.000,69:2|119:3|179:1
CFG_007,B02,5,754.000,754.000,0.000,1.0000,3,0,2,69.000,0.000,69.000,69:2|119:3|179:1
CFG_007,B03,5,754.000,754.000,0.000,1.0000,3,0,2,69.000,0.000,69.000,69:2|119:3|179:1
CFG_007,B04,5,754.000,754.000,0.000,1.0000,3,0,2,69.000,0.000,69.000,69:2|119:3|179:1
CFG_007,B05,5,754.000,754.000,0.000,1.0000,3,0,2,69.000,0.000,69.000,69:2|119:3|179:1
CFG_007,B06,5,754.000,754.000,0.000,1.0000,3,0,2,69.000,0.000,69.000,69:2|119:3|179:1
CFG_007,B07,5,754.000,754.000,0.000,1.0000,3,0,2,69.000,0.000,69.000,69:2|119:3|179:1
CFG_007,B08,5,754.000,754.000,0.000,1.0000,3,0,2,69.000,0.000,69.000,69:2|119:3|179:1
CFG_007,B09,5,754.000,754.000,0.000,1.0000,3,0,2,69.000,0.000,69.000,69:2|119:3|179:1
CFG_007,B10,5,754.000,754.000,0.000,1.0000,3,0,2,69.000,0.000,69.000,69:2|119:3|179:1
CFG_007,B11,5,754.000,754.000,0.000,1.0000,3,0,2,69.000,0.000,69.000,69:2|119:3|179:1
CFG_007,B12,5,754.000,754.000,0.000,1.0000,3,0,2,69.000,0.000,69.000,69:2|119:3|179:1
CFG_007,B13,5,754.000,754.000,0.000,1.0000,3,0,2,69.000,0.000,69.000,69:2|119:3|179:1
CFG_007,B14,5,754.000,754.000,0.000,1.0000,3,0,2,69.000,0.000,69.000,69:2|119:3|179:1
CFG_007,B15,5,754.000,754.000,0.000,1.0000,3,0,2,69.000,0.000,69.000,69:2|119:3|179:1
CFG_007,B16,5,754.000,754.000,0.000,1.0000,3,0,2,69.000,0.000,69.000,69:2|119:3|179:1
CFG_007,B17,5,754.000,754.000,0.000,1.0000,3,0,2,69.000,0.000,69.000,69:2|119:3|179:1
CFG_007,B18,5,754.000,754.000,0.000,1.0000,3,0,2,69.000,0.000,69.000,69:2|119:3|179:1
CFG_007,B19,5,754.000,709.000,45.000,0.9403,2,2,2,69.000,50.000,119.000,69:4|119:1|234:1
CFG_007,B20,5,754.000,709.000,45.000,0.9403,2,2,2,69.000,50.000,119.000,69:4|119:1|234:1
CFG_007,B21,5,754.000,709.000,45.000,0.9403,2,0,2,69.000,50.000,119.000,69:4|119:1|234:1
CFG_007,D00,5,754.000,754.000,0.000,1.0000,5,0,0,69.000,0.000,69.000,69:2|119:3|179:1
CFG_007,D01,5,754.000,754.000,0.000,1.0000,5,0,0,69.000,0.000,69.000,69:2|119:3|179:1
CFG_007,D02,5,754.000,754.000,0.000,1.0000,5,0,0,69.000,0.000,69.000,69:2|119:3|179:1
CFG_007,D03,5,754.000,754.000,0.000,1.0000,5,0,0,69.000,0.000,69.000,69:2|119:3|179:1
CFG_007,D04,5,754.000,754.000,0.000,1.0000,5,0,0,69.000,0.000,69.000,69:2|119:3|179:1
CFG_007,D05,5,754.000,754.000,0.000,1.0000,5,0,0,69.000,0.000,69.000,69:2|119:3|179:1
CFG_007,D06,5,754.000,754.000,0.000,1.0000,5,0,0,69.000,0.000,69.000,69:2|119:3|179:1
CFG_007,D07,5,754.000,754.000,0.000,1.0000,5,0,0,69.000,0.000,69.000,69:2|119:3|179:1
CFG_007,D08,5,754.000,754.000,0.000,1.0000,5,0,0,69.000,0.000,69.000,69:2|119:3|179:1
CFG_007,D09,5,754.000,754.000,0.000,1.0000,5,0,0,69.000,0.000,69.000,69:2|119:3|179:1
CFG_007,D10,5,754.000,754.000,0.000,1.0000,5,0,0,69.000,0.000,69.000,69:2|119:3|179:1
CFG_007,D11,5,754.000,754.000,0.000,1.0000,5,0,0,69.000,0.000,69.000,69:2|119:3|179:1
CFG_007,D12,5,754.000,754.000,0.000,1.0000,5,0,0,69.000,0.000,69.000,69:2|119:3|179:1
CFG_007,D13,5,754.000,754.000,0.000,1.0000,5,0,0,69.000,0.000,69.000,69:2|119:3|179:1
CFG_007,D14,5,754.000,754.000,0.000,1.0000,5,0,0,69.000,0.000,69.000,69:2|119:3|179:1
CFG_007,D15,5,754.000,754.000,0.000,1.0000,5,0,0,69.000,0.000,69.000,69:2|119:3|179:1
CFG_007,D16,5,754.000,754.000,0.000,1.0000,4,0,1,69.000,0.000,69.000,69:2|119:3|179:1
CFG_007,D17,5,754.000,754.000,0.000,1.0000,4,0,1,69.000,0.000,69.000,69:2|119:3|179:1
CFG_007,D18,5,754.000,754.000,0.000,1.0000,4,0,1,69.000,0.000,69.000,69:2|119:3|179:1
CFG_007,D19,5,754.000,704.000,50.000,0.9337,2,1,2,69.000,50.000,119.000,69:4|119:1|229:1
CFG_007,D20,5,754.000,704.000,50.000,0.9337,2,1,2,69.000,50.000,119.000,69:4|119:1|229:1
CFG_007,D21,5,754.000,704.000,50.000,0.9337,2,0,2,69.000,50.000,119.000,69:4|119:1|229:1
CFG_007,E00,5,754.000,754.000,0.000,1.0000,5,1,0,69.000,0.000,69.000,69:2|119:3|179:1
CFG_007,E01,5,754.000,754.000,0.000,1.0000,5,1,0,69.000,0.000,69.000,69:2|119:3|179:1
CFG_007,E02,5,754.000,754.000,0.000,1.0000,5,1,0,69.000,0.000,69.000,69:2|119:3|179:1
CFG_007,E03,5,754.000,754.000,0.000,1.0000,5,1,0,69.000,0.000,69.000,69:2|119:3|179:1
CFG_007,E04,5,754.000,754.000,0.000,1.0000,5,1,0,69.000,0.000,69.000,69:2|119:3|179:1
CFG_007,E05,5,754.000,754.000,0.000,1.0000,5,1,0,69.000,0.000,69.000,69:2|119:3|179:1
CFG_007,E06,5,754.000,754.000,0.000,1.0000,5,1,0,69.000,0.000,69.000,69:2|119:3|179:1
CFG_007,E07,5,754.000,754.000,0.000,1.0000,5,1,0,69.000,0.000,69.000,69:2|119:3|179:1
CFG_007,E08,5,754.000,754.000,0.000,1.0000,5,1,0,69.000,0.000,69.000,69:2|119:3|179:1
CFG_007,E09,5,754.000,754.000,0.000,1.0000,5,1,0,69.000,0.000,69.000,69:2|119:3|179:1
CFG_007,E10,5,754.000,754.000,0.000,1.0000,5,1,0,69.000,0.000,69.000,69:2|119:3|179:1
CFG_007,E11,5,754.000,754.000,0.000,1.0000,5,1,0,69.000,0.000,69.000,69:2|119:3|179:1
CFG_007,E12,5,754.000,754.000,0.000,1.0000,5,1,0,69.000,0.000,69.000,69:2|119:3|179:1
CFG_007,E13,5,754.000,754.000,0.000,1.0000,5,1,0,69.000,0.000,69.000,69:2|119:3|179:1
CFG_007,E14,5,754.000,754.000,0.000,1.0000,5,1,0,69.000,0.000,69.000,69:2|119:3|179:1
CFG_007,E15,5,754.000,754.000,0.000,1.0000,5,1,0,69.000,0.000,69.000,69:2|119:3|179:1
CFG_007,E16,5,754.000,754.000,0.000,1.0000,5,1,0,69.000,0.000,69.000,69:2|119:3|179:1
CFG_007,E17,5,754.000,754.000,0.000,1.0000,5,1,0,69.000,0.000,69.000,69:2|119:3|179:1
CFG_007,E18,5,754.000,754.000,0.000,1.0000,5,1,0,69.000,0.000,69.000,69:2|119:3|179:1
CFG_007,E19,4,754.000,679.000,75.000,0.9005,3,2,0,69.000,50.000,119.000,69:3|179:1|229:1
CFG_007,E20,4,754.000,679.000,75.000,0.9005,3,2,0,69.000,50.000,119.000,69:3|179:1|229:1
CFG_007,E21,4,754.000,679.000,75.000,0.9005,3,0,0,69.000,50.000,119.000,69:3|179:1|229:1
CFG_007,F00,5,754.000,754.000,0.000,1.0000,5,0,0,69.000,0.000,69.000,69:2|119:3|179:1
CFG_007,F01,5,754.000,754.000,0.000,1.0000,5,0,0,69.000,0.000,69.000,69:2|119:3|179:1
CFG_007,F02,5,754.000,754.000,0.000,1.0000,5,0,0,69.000,0.000,69.000,69:2|119:3|179:1
CFG_007,F03,5,754.000,754.000,0.000,1.0000,5,0,0,69.000,0.000,69.000,69:2|119:3|179:1
CFG_007,F04,5,754.000,754.000,0.000,1.0000,5,0,0,69.000,0.000,69.000,69:2|119:3|179:1
CFG_007,F05,5,754.000,754.000,0.000,1.0000,5,0,0,69.000,0.000,69.000,69:2|119:3|179:1
CFG_007,F06,5,754.000,754.000,0.000,1.0000,5,0,0,69.000,0.000,69.000,69:2|119:3|179:1
CFG_007,F07,5,754.000,754.000,0.000,1.0000,5,1,0,69.000,0.000,69.000,69:2|119:3|179:1
CFG_007,F08,5,754.000,754.000,0.000,1.0000,5,1,0,69.000,0.000,69.000,69:2|119:3|179:1
CFG_007,F09,5,754.000,754.000,0.000,1.0000,5,1,0,69.000,0.000,69.000,69:2|119:3|179:1
CFG_007,F10,5,754.000,754.000,0.000,1.0000,5,1,0,69.000,0.000,69.000,69:2|119:3|179:1
CFG_007,F11,5,754.000,754.000,0.000,1.0000,5,1,0,69.000,0.000,69.000,69:2|119:3|179:1
CFG_007,F12,5,754.000,754.000,0.000,1.0000,5,1,0,69.000,0.000,69.000,69:2|119:3|179:1
CFG_007,F13,5,754.000,754.000,0.000,1.0000,5,1,0,69.000,0.000,69.000,69:2|119:3|179:1
CFG_007,F14,5,754.000,754.000,0.000,1.0000,5,1,0,69.000,0.000,69.000,69:2|119:3|179:1
CFG_007,F15,5,754.000,754.000,0.000,1.0000,5,1,0,69.000,0.000,69.000,69:2|119:3|179:1
CFG_007,F16,5,754.000,754.000,0.000,1.0000,5,1,0,69.000,0.000,69.000,69:2|119:3|179:1
CFG_007,F17,5,754.000,754.000,0.000,1.0000,5,1,0,69.000,0.000,69.000,69:2|119:3|179:1
CFG_007,F18,5,754.000,754.000,0.000,1.0000,5,1,0,69.000,0.000,69.000,69:2|119:3|179:1
CFG_007,F19,6,754.000,739.000,15.000,0.9801,4,1,1,69.000,0.000,69.000,69:6|229:1
CFG_007,F20,6,754.000,739.000,15.000,0.9801,4,1,1,69.000,0.000,69.000,69:6|229:1
CFG_007,F21,6,754.000,739.000,15.000,0.9801,4,0,1,69.000,0.000,69.000,69:6|229:1
CFG_007,G00,5,754.000,754.000,0.000,1.0000,5,0,0,69.000,0.000,69.000,69:2|119:3|179:1
CFG_007,G01,5,754.000,754.000,0.000,1.0000,5,0,0,69.000,0.000,69.000,69:2|119:3|179:1
CFG_007,G02,5,754.000,754.000,0.000,1.0000,5,0,0,69.000,0.000,69.000,69:2|119:3|179:1
CFG_007,G03,5,754.000,754.000,0.000,1.0000,5,0,0,69.000,0.000,69.000,69:2|119:3|179:1
CFG_007,G04,5,754.000,754.000,0.000,1.0000,5,0,0,69.000,0.000,69.000,69:2|119:3|179:1
CFG_007,G05,5,754.000,754.000,0.000,1.0000,5,0,0,69.000,0.000,69.000,69:2|119:3|179:1
CFG_007,G06,5,754.000,754.000,0.000,1.0000,5,0,0,69.000,0.000,69.000,69:2|119:3|179:1
CFG_007,G07,5,754.000,754.000,0.000,1.0000,5,0,0,69.000,0.000,69.000,69:2|119:3|179:1
CFG_007,G08,5,754.000,754.000,0.000,1.0000,5,0,0,69.000,0.000,69.000,69:2|119:3|179:1
CFG_007,G09,5,754.000,754.000,0.000,1.0000,5,0,0,69.000,0.000,69.000,69:2|119:3|179:1
CFG_007,G10,5,754.000,754.000,0.000,1.0000,5,0,0,69.000,0.000,69.000,69:2|119:3|179:1
CFG_007,G11,5,754.000,754.000,0.000,1.0000,5,0,0,69.000,0.000,69.000,69:2|119:3|179:1
CFG_007,G12,5,754.000,754.000,0.000,1.0000,5,0,0,69.000,0.000,69.000,69:2|119:3|179:1
CFG_007,G13,5,754.000,754.000,0.000,1.0000,5,0,0,69.000,0.000,69.000,69:2|119:3|179:1
CFG_007,G14,5,754.000,754.000,0.000,1.0000,5,0,0,69.000,0.000,69.000,69:2|119:3|179:1
CFG_007,G15,5,754.000,754.000,0.000,1.0000,5,0,0,69.000,0.000,69.000,69:2|119:3|179:1
CFG_007,G16,5,754.000,754.000,0.000,1.0000,5,0,0,69.000,0.000,69.000,69:2|119:3|179:1
CFG_007,G17,5,754.000,754.000,0.000,1.0000,5,0,0,69.000,0.000,69.000,69:2|119:3|179:1
CFG_007,G18,5,754.000,754.000,0.000,1.0000,5,0,0,69.000,0.000,69.000,69:2|119:3|179:1
CFG_007,G19,5,754.000,754.000,0.000,1.0000,3,1,1,69.000,0.000,69.000,69:3|119:2|229:1
CFG_007,G20,5,754.000,754.000,0.000,1.0000,3,1,1,69.000,0.000,69.000,69:3|119:2|229:1
CFG_007,G21,5,754.000,754.000,0.000,1.0000,3,0,1,69.000,0.000,69.000,69:3|119:2|229:1
CFG_007,H00,3,754.000,754.000,0.000,1.0000,4,0,0,119.000,0.000,119.000,119:2|234:2
CFG_007,H01,3,754.000,754.000,0.000,1.0000,4,0,0,119.000,0.000,119.000,119:2|234:2
CFG_007,H02,5,754.000,754.000,0.000,1.0000,4,0,1,69.000,0.000,69.000,69:2|119:3|179:1
CFG_007,H03,5,754.000,754.000,0.000,1.0000,4,0,1,69.000,0.000,69.000,69:2|119:3|179:1
CFG_007,H04,5,754.000,754.000,0.000,1.0000,4,0,1,69.000,0.000,69.000,69:2|119:3|179:1
CFG_007,H05,5,754.000,754.000,0.000,1.0000,4,0,1,69.000,0.000,69.000,69:2|119:3|179:1
CFG_007,H06,5,754.000,754.000,0.000,1.0000,4,0,1,69.000,0.000,69.000,69:2|119:3|179:1
CFG_007,H07,5,754.000,754.000,0.000,1.0000,4,0,1,69.000,0.000,69.000,69:2|119:3|179:1
CFG_007,H08,5,754.000,754.000,0.000,1.0000,4,0,1,69.000,0.000,69.000,69:2|119:3|179:1
CFG_007,H09,5,754.000,754.000,0.000,1.0000,4,0,1,69.000,0.000,69.000,69:2|119:3|179:1
CFG_007,H10,5,754.000,754.000,0.000,1.0000,4,0,1,69.000,0.000,69.000,69:2|119:3|179:1
CFG_007,H11,5,754.000,754.000,0.000,1.0000,4,0,1,69.000,0.000,69.000,69:2|119:3|179:1
CFG_007,H12,5,754.000,754.000,0.000,1.0000,4,0,1,69.000,0.000,69.000,69:2|119:3|179:1
CFG_007,H13,5,754.000,754.000,0.000,1.0000,4,0,1,69.000,0.000,69.000,69:2|119:3|179:1
CFG_007,H14,5,754.000,754.000,0.000,1.0000,4,0,1,69.000,0.000,69.000,69:2|119:3|179:1
CFG_007,H15,5,754.000,754.000,0.000,1.0000,4,0,1,69.000,0.000,69.000,69:2|119:3|179:1
CFG_007,H16,5,754.000,754.000,0.000,1.0000,4,0,1,69.000,0.000,69.000,69:2|119:3|179:1
CFG_007,H17,5,754.000,754.000,0.000,1.0000,4,0,1,69.000,0.000,69.000,69:2|119:3|179:1
CFG_007,H18,5,754.000,754.000,0.000,1.0000,4,0,1,69.000,0.000,69.000,69:2|119:3|179:1
CFG_007,H19,6,754.000,739.000,15.000,0.9801,2,1,3,69.000,0.000,69.000,69:6|229:1
CFG_007,H20,6,754.000,739.000,15.000,0.9801,2,1,3,69.000,0.000,69.000,69:6|229:1
CFG_007,H21,6,754.000,739.000,15.000,0.9801,2,0,3,69.000,0.000,69.000,69:6|229:1
CFG_007,I00,5,754.000,754.000,0.000,1.0000,4,0,1,69.000,0.000,69.000,69:2|119:3|179:1
CFG_007,I01,5,754.000,754.000,0.000,1.0000,4,0,1,69.000,0.000,69.000,69:2|119:3|179:1
CFG_007,I02,5,754.000,754.000,0.000,1.0000,4,0,1,69.000,0.000,69.000,69:2|119:3|179:1
CFG_007,I03,5,754.000,754.000,0.000,1.0000,4,0,1,69.000,0.000,69.000,69:2|119:3|179:1
CFG_007,I04,5,754.000,754.000,0.000,1.0000,4,0,1,69.000,0.000,69.000,69:2|119:3|179:1
CFG_007,I05,5,754.000,754.000,0.000,1.0000,4,0,1,69.000,0.000,69.000,69:2|119:3|179:1
CFG_007,I06,5,754.000,754.000,0.000,1.0000,4,0,1,69.000,0.000,69.000,69:2|119:3|179:1
CFG_007,I07,5,754.000,754.000,0.000,1.0000,4,0,1,69.000,0.000,69.000,69:2|119:3|179:1
CFG_007,I08,5,754.000,754.000,0.000,1.0000,4,0,1,69.000,0.000,69.000,69:2|119:3|179:1
CFG_007,I09,5,754.000,754.000,0.000,1.0000,4,0,1,69.000,0.000,69.000,69:2|119:3|179:1
CFG_007,I10,5,754.000,754.000,0.000,1.0000,4,0,1,69.000,0.000,69.000,69:2|119:3|179:1
CFG_007,I11,5,754.000,754.000,0.000,1.0000,4,0,1,69.000,0.000,69.000,69:2|119:3|179:1
CFG_007,I12,5,754.000,754.000,0.000,1.0000,4,0,1,69.000,0.000,69.000,69:2|119:3|179:1
CFG_007,I13,5,754.000,754.000,0.000,1.0000,4,0,1,69.000,0.000,69.000,69:2|119:3|179:1
CFG_007,I14,5,754.000,754.000,0.000,1.0000,4,0,1,69.000,0.000,69.000,69:2|119:3|179:1
CFG_007,I15,5,754.000,754.000,0.000,1.0000,4,0,1,69.000,0.000,69.000,69:2|119:3|179:1
CFG_007,I16,5,754.000,754.000,0.000,1.0000,4,0,1,69.000,0.000,69.000,69:2|119:3|179:1
CFG_007,I17,5,754.000,754.000,0.000,1.0000,4,0,1,69.000,0.000,69.000,69:2|119:3|179:1
CFG_007,I18,5,754.000,754.000,0.000,1.0000,4,0,1,69.000,0.000,69.000,69:2|119:3|179:1
CFG_007,I19,4,754.000,679.000,75.000,0.9005,1,1,1,69.000,50.000,119.000,69:3|179:1|229:1
CFG_007,I20,4,754.000,679.000,75.000,0.9005,1,1,1,69.000,50.000,119.000,69:3|179:1|229:1
CFG_007,I21,4,754.000,679.000,75.000,0.9005,1,0,1,69.000,50.000,119.000,69:3|179:1|229:1
CFG_007,J00,5,754.000,754.000,0.000,1.0000,5,0,0,69.000,0.000,69.000,69:2|119:3|179:1
CFG_007,J01,5,754.000,754.000,0.000,1.0000,5,0,0,69.000,0.000,69.000,69:2|119:3|179:1
CFG_007,J02,5,754.000,754.000,0.000,1.0000,5,0,0,69.000,0.000,69.000,69:2|119:3|179:1
CFG_007,J03,5,754.000,754.000,0.000,1.0000,5,0,0,69.000,0.000,69.000,69:2|119:3|179:1
CFG_007,J04,5,754.000,754.000,0.000,1.0000,3,0,1,69.000,0.000,69.000,69:2|119:3|179:1
CFG_007,J05,5,754.000,754.000,0.000,1.0000,3,0,1,69.000,0.000,69.000,69:2|119:3|179:1
CFG_007,J06,5,754.000,754.000,0.000,1.0000,3,0,1,69.000,0.000,69.000,69:2|119:3|179:1
CFG_007,J07,5,754.000,754.000,0.000,1.0000,3,0,1,69.000,0.000,69.000,69:2|119:3|179:1
CFG_007,J08,5,754.000,754.000,0.000,1.0000,3,0,1,69.000,0.000,69.000,69:2|119:3|179:1
CFG_007,J09,5,754.000,754.000,0.000,1.0000,3,0,1,69.000,0.000,69.000,69:2|119:3|179:1
CFG_007,J10,5,754.000,754.000,0.000,1.0000,3,0,1,69.000,0.000,69.000,69:2|119:3|179:1
CFG_007,J11,5,754.000,754.000,0.000,1.0000,3,0,1,69.000,0.000,69.000,69:2|119:3|179:1
CFG_007,J12,5,754.000,754.000,0.000,1.0000,3,0,1,69.000,0.000,69.000,69:2|119:3|179:1
CFG_007,J13,5,754.000,754.000,0.000,1.0000,3,0,1,69.000,0.000,69.000,69:2|119:3|179:1
CFG_007,J14,5,754.000,754.000,0.000,1.0000,3,0,1,69.000,0.000,69.000,69:2|119:3|179:1
CFG_007,J15,5,754.000,754.000,0.000,1.0000,3,0,1,69.000,0.000,69.000,69:2|119:3|179:1
CFG_007,J16,5,754.000,754.000,0.000,1.0000,3,0,1,69.000,0.000,69.000,69:2|119:3|179:1
CFG_007,J17,5,754.000,754.000,0.000,1.0000,3,0,1,69.000,0.000,69.000,69:2|119:3|179:1
CFG_007,J18,5,754.000,754.000,0.000,1.0000,3,0,1,69.000,0.000,69.000,69:2|119:3|179:1
CFG_007,J19,5,754.000,749.000,5.000,0.9934,2,1,2,69.000,0.000,69.000,69:3|119:2|224:1
CFG_007,J20,5,754.000,749.000,5.000,0.9934,2,1,2,69.000,0.000,69.000,69:3|119:2|224:1
CFG_007,J21,5,754.000,749.000,5.000,0.9934,2,0,2,69.000,0.000,69.000,69:3|119:2|224:1
CFG_007,K00,5,754.000,754.000,0.000,1.0000,5,0,0,69.000,0.000,69.000,69:2|119:3|179:1
CFG_007,K01,5,754.000,754.000,0.000,1.0000,5,0,0,69.000,0.000,69.000,69:2|119:3|179:1
CFG_007,K02,5,754.000,754.000,0.000,1.0000,5,0,0,69.000,0.000,69.000,69:2|119:3|179:1
CFG_007,K03,5,754.000,754.000,0.000,1.0000,5,0,0,69.000,0.000,69.000,69:2|119:3|179:1
CFG_007,K04,5,754.000,754.000,0.000,1.0000,3,0,1,69.000,0.000,69.000,69:2|119:3|179:1
CFG_007,K05,5,754.000,754.000,0.000,1.0000,3,0,1,69.000,0.000,69.000,69:2|119:3|179:1
CFG_007,K06,5,754.000,754.000,0.000,1.0000,3,0,1,69.000,0.000,69.000,69:2|119:3|179:1
CFG_007,K07,5,754.000,754.000,0.000,1.0000,4,0,0,69.000,0.000,69.000,69:2|119:3|179:1
CFG_007,K08,5,754.000,754.000,0.000,1.0000,5,0,0,69.000,0.000,69.000,69:2|119:3|179:1
CFG_007,K09,5,754.000,754.000,0.000,1.0000,5,0,0,69.000,0.000,69.000,69:2|119:3|179:1
CFG_007,K10,5,754.000,754.000,0.000,1.0000,5,0,0,69.000,0.000,69.000,69:2|119:3|179:1
CFG_007,K11,5,754.000,754.000,0.000,1.0000,5,0,0,69.000,0.000,69.000,69:2|119:3|179:1
CFG_007,K12,5,754.000,754.000,0.000,1.0000,5,0,0,69.000,0.000,69.000,69:2|119:3|179:1
CFG_007,K13,5,754.000,754.000,0.000,1.0000,5,0,0,69.000,0.000,69.000,69:2|119:3|179:1
CFG_007,K14,5,754.000,754.000,0.000,1.0000,5,0,0,69.000,0.000,69.000,69:2|119:3|179:1
CFG_007,K15,5,754.000,754.000,0.000,1.0000,5,0,0,69.000,0.000,69.000,69:2|119:3|179:1
CFG_007,K16,5,754.000,754.000,0.000,1.0000,5,0,0,69.000,0.000,69.000,69:2|119:3|179:1
CFG_007,K17,5,754.000,754.000,0.000,1.0000,5,0,0,69.000,0.000,69.000,69:2|119:3|179:1
CFG_007,K18,5,754.000,754.000,0.000,1.0000,5,0,0,69.000,0.000,69.000,69:2|119:3|179:1
CFG_007,K19,6,754.000,734.000,20.000,0.9735,3,0,3,69.000,0.000,69.000,69:6|224:1
CFG_007,K20,4,754.000,729.000,25.000,0.9668,3,0,1,69.000,0.000,69.000,69:3|224:1|234:1
CFG_007,K21,5,754.000,749.000,5.000,0.9934,3,0,2,69.000,0.000,69.000,69:3|119:2|224:1
CFG_011,A00,4,754.000,689.000,65.000,0.9138,3,0,1,109.000,80.000,189.000,109:4|189:1
CFG_011,A01,4,754.000,734.000,20.000,0.9735,3,0,1,109.000,0.000,109.000,109:4|234:1
CFG_011,A02,4,754.000,689.000,65.000,0.9138,3,0,1,109.000,80.000,189.000,109:4|189:1
CFG_011,A03,4,754.000,689.000,65.000,0.9138,3,0,1,109.000,80.000,189.000,109:4|189:1
CFG_011,A04,4,754.000,734.000,20.000,0.9735,3,0,1,109.000,0.000,109.000,109:4|234:1
CFG_011,A05,5,754.000,734.000,20.000,0.9735,3,0,2,109.000,0.000,109.000,109:6
CFG_011,A06,5,754.000,734.000,20.000,0.9735,3,0,2,109.000,0.000,109.000,109:6
CFG_011,A07,4,754.000,689.000,65.000,0.9138,3,0,1,109.000,80.000,189.000,109:4|189:1
CFG_011,A08,5,754.000,734.000,20.000,0.9735,3,0,2,109.000,0.000,109.000,109:6
CFG_011,A09,4,754.000,734.000,20.000,0.9735,3,0,1,109.000,0.000,109.000,109:4|234:1
CFG_011,A10,5,754.000,734.000,20.000,0.9735,3,0,2,109.000,0.000,109.000,109:6
CFG_011,A11,4,754.000,689.000,65.000,0.9138,3,0,1,109.000,80.000,189.000,109:4|189:1
CFG_011,A12,5,754.000,734.000,20.000,0.9735,3,0,2,109.000,0.000,109.000,109:6
CFG_011,A13,5,754.000,734.000,20.000,0.9735,3,0,2,109.000,0.000,109.000,109:6
CFG_011,A14,4,754.000,689.000,65.000,0.9138,3,0,1,109.000,80.000,189.000,109:4|189:1
CFG_011,A15,5,754.000,734.000,20.000,0.9735,3,0,2,109.000,0.000,109.000,109:6
CFG_011,B00,4,754.000,734.000,20.000,0.9735,3,0,1,109.000,0.000,109.000,109:4|234:1
CFG_011,B01,5,754.000,734.000,20.000,0.9735,3,0,2,109.000,0.000,109.000,109:6
CFG_011,B02,4,754.000,689.000,65.000,0.9138,3,0,1,109.000,80.000,189.000,109:4|189:1
CFG_011,B03,5,754.000,734.000,20.000,0.9735,3,0,2,109.000,0.000,109.000,109:6
CFG_011,B04,5,754.000,734.000,20.000,0.9735,3,0,2,109.000,0.000,109.000,109:6
CFG_011,B05,4,754.000,689.000,65.000,0.9138,3,0,1,109.000,80.000,189.000,109:4|189:1
CFG_011,B06,5,754.000,734.000,20.000,0.9735,3,0,2,109.000,0.000,109.000,109:6
CFG_011,B07,4,754.000,734.000,20.000,0.9735,3,0,1,109.000,0.000,109.000,109:4|234:1
CFG_011,B08,5,754.000,734.000,20.000,0.9735,3,0,2,109.000,0.000,109.000,109:6
CFG_011,B09,4,754.000,689.000,65.000,0.9138,3,0,1,109.000,80.000,189.000,109:4|189:1
CFG_011,B10,5,754.000,734.000,20.000,0.9735,3,0,2,109.000,0.000,109.000,109:6
CFG_011,B11,5,754.000,734.000,20.000,0.9735,3,0,2,109.000,0.000,109.000,109:6
CFG_011,B12,4,754.000,734.000,20.000,0.9735,3,0,1,109.000,0.000,109.000,109:4|234:1
CFG_011,B13,4,754.000,689.000,65.000,0.9138,3,0,1,109.000,80.000,189.000,109:4|189:1
CFG_011,B14,5,754.000,734.000,20.000,0.9735,3,0,2,109.000,0.000,109.000,109:6
CFG_011,B15,5,754.000,734.000,20.000,0.9735,3,0,2,109.000,0.000,109.000,109:6
CFG_011,B16,4,754.000,689.000,65.000,0.9138,3,0,1,109.000,80.000,189.000,109:4|189:1
CFG_011,B17,5,754.000,734.000,20.000,0.9735,3,0,2,109.000,0.000,109.000,109:6
CFG_011,B18,4,754.000,734.000,20.000,0.9735,3,0,1,109.000,0.000,109.000,109:4|234:1
CFG_011,B19,4,754.000,734.000,20.000,0.9735,2,2,1,109.000,0.000,109.000,109:4|234:1
CFG_011,B20,4,754.000,734.000,20.000,0.9735,2,2,1,109.000,0.000,109.000,109:4|234:1
CFG_011,B21,4,754.000,734.000,20.000,0.9735,2,0,1,109.000,0.000,109.000,109:4|234:1
CFG_011,D00,5,754.000,734.000,20.000,0.9735,5,0,0,109.000,0.000,109.000,109:6
CFG_011,D01,5,754.000,734.000,20.000,0.9735,5,0,0,109.000,0.000,109.000,109:6
CFG_011,D02,4,754.000,689.000,65.000,0.9138,5,0,0,109.000,80.000,189.000,109:4|189:1
CFG_011,D03,5,754.000,734.000,20.000,0.9735,5,0,0,109.000,0.000,109.000,109:6
CFG_011,D04,4,754.000,734.000,20.000,0.9735,5,0,0,109.000,0.000,109.000,109:4|234:1
CFG_011,D05,5,754.000,734.000,20.000,0.9735,5,0,0,109.000,0.000,109.000,109:6
CFG_011,D06,4,754.000,689.000,65.000,0.9138,5,0,0,109.000,80.000,189.000,109:4|189:1
CFG_011,D07,5,754.000,734.000,20.000,0.9735,5,0,0,109.000,0.000,109.000,109:6
CFG_011,D08,5,754.000,734.000,20.000,0.9735,5,0,0,109.000,0.000,109.000,109:6
CFG_011,D09,4,754.000,689.000,65.000,0.9138,5,0,0,109.000,80.000,189.000,109:4|189:1
CFG_011,D10,5,754.000,734.000,20.000,0.9735,5,0,0,109.000,0.000,109.000,109:6
CFG_011,D11,4,754.000,734.000,20.000,0.9735,5,0,0,109.000,0.000,109.000,109:4|234:1
CFG_011,D12,5,754.000,734.000,20.000,0.9735,5,0,0,109.000,0.000,109.000,109:6
CFG_011,D13,4,754.000,689.000,65.000,0.9138,5,0,0,109.000,80.000,189.000,109:4|189:1
CFG_011,D14,5,754.000,734.000,20.000,0.9735,5,0,0,109.000,0.000,109.000,109:6
CFG_011,D15,5,754.000,734.000,20.000,0.9735,5,0,0,109.000,0.000,109.000,109:6
CFG_011,D16,4,754.000,734.000,20.000,0.9735,4,0,0,109.000,0.000,109.000,109:4|234:1
CFG_011,D17,5,754.000,734.000,20.000,0.9735,4,0,1,109.000,0.000,109.000,109:6
CFG_011,D18,4,754.000,689.000,65.000,0.9138,4,0,0,109.000,80.000,189.000,109:4|189:1
CFG_011,D19,4,754.000,729.000,25.000,0.9668,2,1,1,109.000,0.000,109.000,109:4|229:1
CFG_011,D20,4,754.000,729.000,25.000,0.9668,2,1,1,109.000,0.000,109.000,109:4|229:1
CFG_011,D21,4,754.000,729.000,25.000,0.9668,2,0,1,109.000,0.000,109.000,109:4|229:1
CFG_011,E00,5,754.000,734.000,20.000,0.9735,5,1,0,109.000,0.000,109.000,109:6
CFG_011,E01,5,754.000,734.000,20.000,0.9735,5,1,0,109.000,0.000,109.000,109:6
CFG_011,E02,4,754.000,734.000,20.000,0.9735,5,1,0,109.000,0.000,109.000,109:4|234:1
CFG_011,E03,5,754.000,734.000,20.000,0.9735,5,1,0,109.000,0.000,109.000,109:6
CFG_011,E04,4,754.000,689.000,65.000,0.9138,5,1,0,109.000,80.000,189.000,109:4|189:1
CFG_011,E05,5,754.000,734.000,20.000,0.9735,5,1,0,109.000,0.000,109.000,109:6
CFG_011,E06,4,754.000,689.000,65.000,0.9138,5,1,0,109.000,80.000,189.000,109:4|189:1
CFG_011,E07,5,754.000,734.000,20.000,0.9735,5,1,0,109.000,0.000,109.000,109:6
CFG_011,E08,4,754.000,734.000,20.000,0.9735,5,1,0,109.000,0.000,109.000,109:4|234:1
CFG_011,E09,5,754.000,734.000,20.000,0.9735,5,1,0,109.000,0.000,109.000,109:6
CFG_011,E10,5,754.000,734.000,20.000,0.9735,5,1,0,109.000,0.000,109.000,109:6
CFG_011,E11,4,754.000,689.000,65.000,0.9138,5,1,0,109.000,80.000,189.000,109:4|189:1
CFG_011,E12,5,754.000,734.000,20.000,0.9735,5,1,0,109.000,0.000,109.000,109:6
CFG_011,E13,4,754.000,734.000,20.000,0.9735,5,1,0,109.000,0.000,109.000,109:4|234:1
CFG_011,E14,5,754.000,734.000,20.000,0.9735,5,1,0,109.000,0.000,109.000,109:6
CFG_011,E15,4,754.000,689.000,65.000,0.9138,5,1,0,109.000,80.000,189.000,109:4|189:1
CFG_011,E16,5,754.000,734.000,20.000,0.9735,5,1,0,109.000,0.000,109.000,109:6
CFG_011,E17,5,754.000,734.000,20.000,0.9735,5,1,0,109.000,0.000,109.000,109:6
CFG_011,E18,4,754.000,689.000,65.000,0.9138,5,1,0,109.000,80.000,189.000,109:4|189:1
CFG_011,E19,4,754.000,729.000,25.000,0.9668,3,2,0,109.000,0.000,109.000,109:4|229:1
CFG_011,E20,4,754.000,729.000,25.000,0.9668,3,2,0,109.000,0.000,109.000,109:4|229:1
CFG_011,E21,4,754.000,729.000,25.000,0.9668,3,0,0,109.000,0.000,109.000,109:4|229:1
CFG_011,F00,5,754.000,734.000,20.000,0.9735,5,0,0,109.000,0.000,109.000,109:6
CFG_011,F01,4,754.000,689.000,65.000,0.9138,5,0,0,109.000,80.000,189.000,109:4|189:1
CFG_011,F02,5,754.000,734.000,20.000,0.9735,5,0,0,109.000,0.000,109.000,109:6
CFG_011,F03,5,754.000,734.000,20.000,0.9735,5,0,0,109.000,0.000,109.000,109:6
CFG_011,F04,4,754.000,689.000,65.000,0.9138,5,0,0,109.000,80.000,189.000,109:4|189:1
CFG_011,F05,5,754.000,734.000,20.000,0.9735,5,0,0,109.000,0.000,109.000,109:6
CFG_011,F06,4,754.000,734.000,20.000,0.9735,5,0,0,109.000,0.000,109.000,109:4|234:1
CFG_011,F07,5,754.000,734.000,20.000,0.9735,5,1,0,109.000,0.000,109.000,109:6
CFG_011,F08,4,754.000,689.000,65.000,0.9138,5,1,0,109.000,80.000,189.000,109:4|189:1
CFG_011,F09,5,754.000,734.000,20.000,0.9735,5,1,0,109.000,0.000,109.000,109:6
CFG_011,F10,5,754.000,734.000,20.000,0.9735,5,1,0,109.000,0.000,109.000,109:6
CFG_011,F11,4,754.000,689.000,65.000,0.9138,5,1,0,109.000,80.000,189.000,109:4|189:1
CFG_011,F12,5,754.000,734.000,20.000,0.9735,5,1,0,109.000,0.000,109.000,109:6
CFG_011,F13,4,754.000,734.000,20.000,0.9735,5,1,0,109.000,0.000,109.000,109:4|234:1
CFG_011,F14,5,754.000,734.000,20.000,0.9735,5,1,0,109.000,0.000,109.000,109:6
CFG_011,F15,4,754.000,689.000,65.000,0.9138,5,1,0,109.000,80.000,189.000,109:4|189:1
CFG_011,F16,5,754.000,734.000,20.000,0.9735,5,1,0,109.000,0.000,109.000,109:6
CFG_011,F17,5,754.000,734.000,20.000,0.9735,5,1,0,109.000,0.000,109.000,109:6
CFG_011,F18,4,754.000,734.000,20.000,0.9735,5,1,0,109.000,0.000,109.000,109:4|234:1
CFG_011,F19,4,754.000,729.000,25.000,0.9668,3,2,0,109.000,0.000,109.000,109:4|229:1
CFG_011,F20,4,754.000,729.000,25.000,0.9668,3,2,0,109.000,0.000,109.000,109:4|229:1
CFG_011,F21,4,754.000,729.000,25.000,0.9668,3,1,0,109.000,0.000,109.000,109:4|229:1
CFG_011,G00,5,754.000,734.000,20.000,0.9735,5,0,0,109.000,0.000,109.000,109:6
CFG_011,G01,4,754.000,689.000,65.000,0.9138,5,0,0,109.000,80.000,189.000,109:4|189:1
CFG_011,G02,5,754.000,734.000,20.000,0.9735,5,0,0,109.000,0.000,109.000,109:6
CFG_011,G03,4,754.000,734.000,20.000,0.9735,5,0,0,109.000,0.000,109.000,109:4|234:1
CFG_011,G04,5,754.000,734.000,20.000,0.9735,5,0,0,109.000,0.000,109.000,109:6
CFG_011,G05,4,754.000,689.000,65.000,0.9138,5,0,0,109.000,80.000,189.000,109:4|189:1
CFG_011,G06,5,754.000,734.000,20.000,0.9735,5,0,0,109.000,0.000,109.000,109:6
CFG_011,G07,5,754.000,734.000,20.000,0.9735,5,0,0,109.000,0.000,109.000,109:6
CFG_011,G08,4,754.000,689.000,65.000,0.9138,5,0,0,109.000,80.000,189.000,109:4|189:1
CFG_011,G09,5,754.000,734.000,20.000,0.9735,5,0,0,109.000,0.000,109.000,109:6
CFG_011,G10,4,754.000,734.000,20.000,0.9735,5,0,0,109.000,0.000,109.000,109:4|234:1
CFG_011,G11,5,754.000,734.000,20.000,0.9735,5,0,0,109.000,0.000,109.000,109:6
CFG_011,G12,4,754.000,689.000,65.000,0.9138,5,0,0,109.000,80.000,189.000,109:4|189:1
CFG_011,G13,5,754.000,734.000,20.000,0.9735,5,0,0,109.000,0.000,109.000,109:6
CFG_011,G14,5,754.000,734.000,20.000,0.9735,5,0,0,109.000,0.000,109.000,109:6
CFG_011,G15,4,754.000,734.000,20.000,0.9735,5,0,0,109.000,0.000,109.000,109:4|234:1
CFG_011,G16,5,754.000,734.000,20.000,0.9735,5,0,0,109.000,0.000,109.000,109:6
CFG_011,G17,4,754.000,689.000,65.000,0.9138,5,0,0,109.000,80.000,189.000,109:4|189:1
CFG_011,G18,5,754.000,734.000,20.000,0.9735,5,0,0,109.000,0.000,109.000,109:6
CFG_011,G19,4,754.000,729.000,25.000,0.9668,3,1,0,109.000,0.000,109.000,109:4|229:1
CFG_011,G20,4,754.000,729.000,25.000,0.9668,3,1,0,109.000,0.000,109.000,109:4|229:1
CFG_011,G21,4,754.000,729.000,25.000,0.9668,3,0,0,109.000,0.000,109.000,109:4|229:1
CFG_011,H00,5,754.000,734.000,20.000,0.9735,4,0,1,109.000,0.000,109.000,109:6
CFG_011,H01,4,754.000,734.000,20.000,0.9735,4,0,0,109.000,0.000,109.000,109:4|234:1
CFG_011,H02,5,754.000,734.000,20.000,0.9735,4,0,1,109.000,0.000,109.000,109:6
CFG_011,H03,4,754.000,689.000,65.000,0.9138,4,0,0,109.000,80.000,189.000,109:4|189:1
CFG_011,H04,5,754.000,734.000,20.000,0.9735,4,0,1,109.000,0.000,109.000,109:6
CFG_011,H05,4,754.000,689.000,65.000,0.9138,4,0,0,109.000,80.000,189.000,109:4|189:1
CFG_011,H06,5,754.000,734.000,20.000,0.9735,4,0,1,109.000,0.000,109.000,109:6
CFG_011,H07,4,754.000,734.000,20.000,0.9735,4,0,0,109.000,0.000,109.000,109:4|234:1
CFG_011,H08,5,754.000,734.000,20.000,0.9735,4,0,1,109.000,0.000,109.000,109:6
CFG_011,H09,5,754.000,734.000,20.000,0.9735,4,0,1,109.000,0.000,109.000,109:6
CFG_011,H10,4,754.000,689.000,65.000,0.9138,4,0,0,109.000,80.000,189.000,109:4|189:1
CFG_011,H11,5,754.000,734.000,20.000,0.9735,4,0,1,109.000,0.000,109.000,109:6
CFG_011,H12,4,754.000,689.000,65.000,0.9138,4,0,0,109.000,80.000,189.000,109:4|189:1
CFG_011,H13,5,754.000,734.000,20.000,0.9735,4,0,1,109.000,0.000,109.000,109:6
CFG_011,H14,4,754.000,734.000,20.000,0.9735,4,0,0,109.000,0.000,109.000,109:4|234:1
CFG_011,H15,5,754.000,734.000,20.000,0.9735,4,0,1,109.000,0.000,109.000,109:6
CFG_011,H16,5,754.000,734.000,20.000,0.9735,4,0,1,109.000,0.000,109.000,109:6
CFG_011,H17,4,754.000,689.000,65.000,0.9138,4,0,0,109.000,80.000,189.000,109:4|189:1
CFG_011,H18,5,754.000,734.000,20.000,0.9735,4,0,1,109.000,0.000,109.000,109:6
CFG_011,H19,4,754.000,729.000,25.000,0.9668,2,1,1,109.000,0.000,109.000,109:4|229:1
CFG_011,H20,4,754.000,729.000,25.000,0.9668,2,1,1,109.000,0.000,109.000,109:4|229:1
CFG_011,H21,4,754.000,729.000,25.000,0.9668,2,0,1,109.000,0.000,109.000,109:4|229:1
CFG_011,I00,4,754.000,689.000,65.000,0.9138,4,0,0,109.000,80.000,189.000,109:4|189:1
CFG_011,I01,5,754.000,734.000,20.000,0.9735,4,0,1,109.000,0.000,109.000,109:6
CFG_011,I02,5,754.000,734.000,20.000,0.9735,4,0,1,109.000,0.000,109.000,109:6
CFG_011,I03,4,754.000,689.000,65.000,0.9138,4,0,0,109.000,80.000,189.000,109:4|189:1
CFG_011,I04,5,754.000,734.000,20.000,0.9735,4,0,1,109.000,0.000,109.000,109:6
CFG_011,I05,4,754.000,734.000,20.000,0.9735,4,0,0,109.000,0.000,109.000,109:4|234:1
CFG_011,I06,5,754.000,734.000,20.000,0.9735,4,0,1,109.000,0.000,109.000,109:6
CFG_011,I07,4,754.000,689.000,65.000,0.9138,4,0,0,109.000,80.000,189.000,109:4|189:1
CFG_011,I08,5,754.000,734.000,20.000,0.9735,4,0,1,109.000,0.000,109.000,109:6
CFG_011,I09,5,754.000,734.000,20.000,0.9735,4,0,1,109.000,0.000,109.000,109:6
CFG_011,I10,4,754.000,689.000,65.000,0.9138,4,0,0,109.000,80.000,189.000,109:4|189:1
CFG_011,I11,5,754.000,734.000,20.000,0.9735,4,0,1,109.000,0.000,109.000,109:6
CFG_011,I12,4,754.000,734.000,20.000,0.9735,4,0,0,109.000,0.000,109.000,109:4|234:1
CFG_011,I13,5,754.000,734.000,20.000,0.9735,4,0,1,109.000,0.000,109.000,109:6
CFG_011,I14,4,754.000,689.000,65.000,0.9138,4,0,0,109.000,80.000,189.000,109:4|189:1
CFG_011,I15,5,754.000,734.000,20.000,0.9735,4,0,1,109.000,0.000,109.000,109:6
CFG_011,I16,5,754.000,734.000,20.000,0.9735,4,0,1,109.000,0.000,109.000,109:6
CFG_011,I17,4,754.000,689.000,65.000,0.9138,4,0,0,109.000,80.000,189.000,109:4|189:1
CFG_011,I18,4,754.000,734.000,20.000,0.9735,4,0,0,109.000,0.000,109.000,109:4|234:1
CFG_011,I19,4,754.000,729.000,25.000,0.9668,2,1,1,109.000,0.000,109.000,109:4|229:1
CFG_011,I20,4,754.000,729.000,25.000,0.9668,2,1,1,109.000,0.000,109.000,109:4|229:1
CFG_011,I21,4,754.000,729.000,25.000,0.9668,2,0,1,109.000,0.000,109.000,109:4|229:1
CFG_011,J00,4,754.000,689.000,65.000,0.9138,5,0,0,109.000,80.000,189.000,109:4|189:1
CFG_011,J01,5,754.000,734.000,20.000,0.9735,5,0,0,109.000,0.000,109.000,109:6
CFG_011,J02,4,754.000,734.000,20.000,0.9735,5,0,0,109.000,0.000,109.000,109:4|234:1
CFG_011,J03,5,754.000,734.000,20.000,0.9735,5,0,0,109.000,0.000,109.000,109:6
CFG_011,J04,4,754.000,689.000,65.000,0.9138,4,0,0,109.000,80.000,189.000,109:4|189:1
CFG_011,J05,5,754.000,734.000,20.000,0.9735,4,0,1,109.000,0.000,109.000,109:6
CFG_011,J06,5,754.000,734.000,20.000,0.9735,4,0,1,109.000,0.000,109.000,109:6
CFG_011,J07,4,754.000,689.000,65.000,0.9138,4,0,0,109.000,80.000,189.000,109:4|189:1
CFG_011,J08,5,754.000,734.000,20.000,0.9735,4,0,1,109.000,0.000,109.000,109:6
CFG_011,J09,4,754.000,734.000,20.000,0.9735,4,0,0,109.000,0.000,109.000,109:4|234:1
CFG_011,J10,5,754.000,734.000,20.000,0.9735,4,0,1,109.000,0.000,109.000,109:6
CFG_011,J11,4,754.000,689.000,65.000,0.9138,4,0,0,109.000,80.000,189.000,109:4|189:1
CFG_011,J12,5,754.000,734.000,20.000,0.9735,4,0,1,109.000,0.000,109.000,109:6
CFG_011,J13,5,754.000,734.000,20.000,0.9735,4,0,1,109.000,0.000,109.000,109:6
CFG_011,J14,4,754.000,689.000,65.000,0.9138,4,0,0,109.000,80.000,189.000,109:4|189:1
CFG_011,J15,5,754.000,734.000,20.000,0.9735,4,0,1,109.000,0.000,109.000,109:6
CFG_011,J16,4,754.000,734.000,20.000,0.9735,4,0,0,109.000,0.000,109.000,109:4|234:1
CFG_011,J17,5,754.000,734.000,20.000,0.9735,4,0,1,109.000,0.000,109.000,109:6
CFG_011,J18,4,754.000,689.000,65.000,0.9138,4,0,0,109.000,80.000,189.000,109:4|189:1
CFG_011,J19,4,754.000,724.000,30.000,0.9602,2,1,1,109.000,0.000,109.000,109:4|224:1
CFG_011,J20,4,754.000,724.000,30.000,0.9602,2,1,1,109.000,0.000,109.000,109:4|224:1
CFG_011,J21,4,754.000,724.000,30.000,0.9602,2,0,1,109.000,0.000,109.000,109:4|224:1
CFG_011,K00,4,754.000,734.000,20.000,0.9735,5,0,0,109.000,0.000,109.000,109:4|234:1
CFG_011,K01,5,754.000,734.000,20.000,0.9735,5,0,0,109.000,0.000,109.000,109:6
CFG_011,K02,4,754.000,689.000,65.000,0.9138,5,0,0,109.000,80.000,189.000,109:4|189:1
CFG_011,K03,5,754.000,734.000,20.000,0.9735,5,0,0,109.000,0.000,109.000,109:6
CFG_011,K04,4,754.000,689.000,65.000,0.9138,4,0,0,109.000,80.000,189.000,109:4|189:1
CFG_011,K05,5,754.000,734.000,20.000,0.9735,4,0,1,109.000,0.000,109.000,109:6
CFG_011,K06,4,754.000,734.000,20.000,0.9735,4,0,0,109.000,0.000,109.000,109:4|234:1
CFG_011,K07,5,754.000,734.000,20.000,0.9735,4,0,0,109.000,0.000,109.000,109:6
CFG_011,K08,5,754.000,734.000,20.000,0.9735,5,0,0,109.000,0.000,109.000,109:6
CFG_011,K09,4,754.000,689.000,65.000,0.9138,5,0,0,109.000,80.000,189.000,109:4|189:1
CFG_011,K10,5,754.000,734.000,20.000,0.9735,5,0,0,109.000,0.000,109.000,109:6
CFG_011,K11,4,754.000,689.000,65.000,0.9138,5,0,0,109.000,80.000,189.000,109:4|189:1
CFG_011,K12,5,754.000,734.000,20.000,0.9735,5,0,0,109.000,0.000,109.000,109:6
CFG_011,K13,4,754.000,734.000,20.000,0.9735,5,0,0,109.000,0.000,109.000,109:4|234:1
CFG_011,K14,5,754.000,734.000,20.000,0.9735,5,0,0,109.000,0.000,109.000,109:6
CFG_011,K15,4,754.000,689.000,65.000,0.9138,5,0,0,109.000,80.000,189.000,109:4|189:1
CFG_011,K16,5,754.000,734.000,20.000,0.9735,5,0,0,109.000,0.000,109.000,109:6
CFG_011,K17,5,754.000,734.000,20.000,0.9735,5,0,0,109.000,0.000,109.000,109:6
CFG_011,K18,4,754.000,689.000,65.000,0.9138,5,0,0,109.000,80.000,189.000,109:4|189:1
CFG_011,K19,3,754.000,754.000,0.000,1.0000,2,0,0,109.000,0.000,109.000,109:1|184:1|189:1|224:1
CFG_011,K20,3,754.000,754.000,0.000,1.0000,2,0,0,109.000,0.000,109.000,109:1|184:1|189:1|224:1
CFG_011,K21,3,754.000,754.000,0.000,1.0000,2,0,0,109.000,0.000,109.000,109:1|184:1|189:1|224:1
CFG_016,A00,1,754.000,434.000,320.000,0.5756,0,2,0,184.000,50.000,234.000,184:1|234:1
CFG_016,A01,1,754.000,434.000,320.000,0.5756,0,2,0,184.000,50.000,234.000,184:1|234:1
CFG_016,A02,1,754.000,434.000,320.000,0.5756,0,2,0,184.000,50.000,234.000,184:1|234:1
CFG_016,A03,1,754.000,434.000,320.000,0.5756,0,2,0,184.000,50.000,234.000,184:1|234:1
CFG_016,A04,1,754.000,434.000,320.000,0.5756,0,2,0,184.000,50.000,234.000,184:1|234:1
CFG_016,A05,1,754.000,434.000,320.000,0.5756,0,2,0,184.000,50.000,234.000,184:1|234:1
CFG_016,A06,1,754.000,434.000,320.000,0.5756,0,2,0,184.000,50.000,234.000,184:1|234:1
CFG_016,A07,1,754.000,434.000,320.000,0.5756,0,2,0,184.000,50.000,234.000,184:1|234:1
CFG_016,A08,1,754.000,434.000,320.000,0.5756,0,2,0,184.000,50.000,234.000,184:1|234:1
CFG_016,A09,1,754.000,434.000,320.000,0.5756,0,2,0,184.000,50.000,234.000,184:1|234:1
CFG_016,A10,1,754.000,434.000,320.000,0.5756,0,2,0,184.000,50.000,234.000,184:1|234:1
CFG_016,A11,1,754.000,434.000,320.000,0.5756,0,2,0,184.000,50.000,234.000,184:1|234:1
CFG_016,A12,1,754.000,434.000,320.000,0.5756,0,2,0,184.000,50.000,234.000,184:1|234:1
CFG_016,A13,1,754.000,434.000,320.000,0.5756,0,2,0,184.000,50.000,234.000,184:1|234:1
CFG_016,A14,1,754.000,434.000,320.000,0.5756,0,2,0,184.000,50.000,234.000,184:1|234:1
CFG_016,A15,1,754.000,434.000,320.000,0.5756,0,2,0,184.000,50.000,234.000,184:1|234:1
CFG_016,B00,4,754.000,754.000,0.000,1.0000,2,0,1,114.000,0.000,114.000,114:4|234:1
CFG_016,B01,4,754.000,754.000,0.000,1.0000,2,0,1,114.000,0.000,114.000,114:4|234:1
CFG_016,B02,4,754.000,754.000,0.000,1.0000,2,0,1,114.000,0.000,114.000,114:4|234:1
CFG_016,B03,4,754.000,754.000,0.000,1.0000,2,0,1,114.000,0.000,114.000,114:4|234:1
CFG_016,B04,4,754.000,754.000,0.000,1.0000,2,0,1,114.000,0.000,114.000,114:4|234:1
CFG_016,B05,4,754.000,754.000,0.000,1.0000,2,0,1,114.000,0.000,114.000,114:4|234:1
CFG_016,B06,4,754.000,754.000,0.000,1.0000,2,0,1,114.000,0.000,114.000,114:4|234:1
CFG_016,B07,4,754.000,754.000,0.000,1.0000,2,0,1,114.000,0.000,114.000,114:4|234:1
CFG_016,B08,4,754.000,754.000,0.000,1.0000,2,0,1,114.000,0.000,114.000,114:4|234:1
CFG_016,B09,4,754.000,754.000,0.000,1.0000,2,0,1,114.000,0.000,114.000,114:4|234:1
CFG_016,B10,4,754.000,754.000,0.000,1.0000,2,0,1,114.000,0.000,114.000,114:4|234:1
CFG_016,B11,4,754.000,754.000,0.000,1.0000,2,0,1,114.000,0.000,114.000,114:4|234:1
CFG_016,B12,4,754.000,754.000,0.000,1.0000,2,0,1,114.000,0.000,114.000,114:4|234:1
CFG_016,B13,4,754.000,754.000,0.000,1.0000,2,0,1,114.000,0.000,114.000,114:4|234:1
CFG_016,B14,4,754.000,754.000,0.000,1.0000,2,0,1,114.000,0.000,114.000,114:4|234:1
CFG_016,B15,4,754.000,754.000,0.000,1.0000,2,0,1,114.000,0.000,114.000,114:4|234:1
CFG_016,B16,4,754.000,754.000,0.000,1.0000,2,0,1,114.000,0.000,114.000,114:4|234:1
CFG_016,B17,4,754.000,754.000,0.000,1.0000,2,0,1,114.000,0.000,114.000,114:4|234:1
CFG_016,B18,4,754.000,754.000,0.000,1.0000,2,0,1,114.000,0.000,114.000,114:4|234:1
CFG_016,B19,4,754.000,754.000,0.000,1.0000,2,2,1,114.000,0.000,114.000,114:4|234:1
CFG_016,B20,4,754.000,754.000,0.000,1.0000,2,2,1,114.000,0.000,114.000,114:4|234:1
CFG_016,B21,4,754.000,754.000,0.000,1.0000,2,0,1,114.000,0.000,114.000,114:4|234:1
CFG_016,D00,4,754.000,754.000,0.000,1.0000,4,1,0,114.000,0.000,114.000,114:4|234:1
CFG_016,D01,4,754.000,754.000,0.000,1.0000,4,1,0,114.000,0.000,114.000,114:4|234:1
CFG_016,D02,4,754.000,754.000,0.000,1.0000,4,1,0,114.000,0.000,114.000,114:4|234:1
CFG_016,D03,4,754.000,754.000,0.000,1.0000,4,1,0,114.000,0.000,114.000,114:4|234:1
CFG_016,D04,4,754.000,754.000,0.000,1.0000,4,1,0,114.000,0.000,114.000,114:4|234:1
CFG_016,D05,4,754.000,754.000,0.000,1.0000,4,1,0,114.000,0.000,114.000,114:4|234:1
CFG_016,D06,4,754.000,754.000,0.000,1.0000,4,1,0,114.000,0.000,114.000,114:4|234:1
CFG_016,D07,4,754.000,754.000,0.000,1.0000,4,1,0,114.000,0.000,114.000,114:4|234:1
CFG_016,D08,4,754.000,754.000,0.000,1.0000,4,1,0,114.000,0.000,114.000,114:4|234:1
CFG_016,D09,4,754.000,754.000,0.000,1.0000,4,1,0,114.000,0.000,114.000,114:4|234:1
CFG_016,D10,4,754.000,754.000,0.000,1.0000,4,1,0,114.000,0.000,114.000,114:4|234:1
CFG_016,D11,4,754.000,754.000,0.000,1.0000,4,1,0,114.000,0.000,114.000,114:4|234:1
CFG_016,D12,4,754.000,754.000,0.000,1.0000,4,1,0,114.000,0.000,114.000,114:4|234:1
CFG_016,D13,4,754.000,754.000,0.000,1.0000,4,1,0,114.000,0.000,114.000,114:4|234:1
CFG_016,D14,4,754.000,754.000,0.000,1.0000,4,1,0,114.000,0.000,114.000,114:4|234:1
CFG_016,D15,4,754.000,754.000,0.000,1.0000,4,1,0,114.000,0.000,114.000,114:4|234:1
CFG_016,D16,4,754.000,754.000,0.000,1.0000,4,0,0,114.000,0.000,114.000,114:4|234:1
CFG_016,D17,4,754.000,754.000,0.000,1.0000,4,0,0,114.000,0.000,114.000,114:4|234:1
CFG_016,D18,4,754.000,754.000,0.000,1.0000,4,0,0,114.000,0.000,114.000,114:4|234:1
CFG_016,D19,4,754.000,749.000,5.000,0.9934,2,1,1,114.000,0.000,114.000,114:4|229:1
CFG_016,D20,4,754.000,749.000,5.000,0.9934,2,1,1,114.000,0.000,114.000,114:4|229:1
CFG_016,D21,4,754.000,749.000,5.000,0.9934,2,0,1,114.000,0.000,114.000,114:4|229:1
CFG_016,E00,4,754.000,754.000,0.000,1.0000,4,2,0,114.000,0.000,114.000,114:4|234:1
CFG_016,E01,4,754.000,754.000,0.000,1.0000,4,2,0,114.000,0.000,114.000,114:4|234:1
CFG_016,E02,4,754.000,754.000,0.000,1.0000,4,2,0,114.000,0.000,114.000,114:4|234:1
CFG_016,E03,4,754.000,754.000,0.000,1.0000,4,2,0,114.000,0.000,114.000,114:4|234:1
CFG_016,E04,4,754.000,754.000,0.000,1.0000,4,2,0,114.000,0.000,114.000,114:4|234:1
CFG_016,E05,4,754.000,754.000,0.000,1.0000,4,2,0,114.000,0.000,114.000,114:4|234:1
CFG_016,E06,4,754.000,754.000,0.000,1.0000,4,2,0,114.000,0.000,114.000,114:4|234:1
CFG_016,E07,4,754.000,754.000,0.000,1.0000,4,2,0,114.000,0.000,114.000,114:4|234:1
CFG_016,E08,4,754.000,754.000,0.000,1.0000,4,2,0,114.000,0.000,114.000,114:4|234:1
CFG_016,E09,4,754.000,754.000,0.000,1.0000,4,2,0,114.000,0.000,114.000,114:4|234:1
CFG_016,E10,4,754.000,754.000,0.000,1.0000,4,2,0,114.000,0.000,114.000,114:4|234:1
CFG_016,E11,4,754.000,754.000,0.000,1.0000,4,2,0,114.000,0.000,114.000,114:4|234:1
CFG_016,E12,4,754.000,754.000,0.000,1.0000,4,2,0,114.000,0.000,114.000,114:4|234:1
CFG_016,E13,4,754.000,754.000,0.000,1.0000,4,2,0,114.000,0.000,114.000,114:4|234:1
CFG_016,E14,4,754.000,754.000,0.000,1.0000,4,2,0,114.000,0.000,114.000,114:4|234:1
CFG_016,E15,4,754.000,754.000,0.000,1.0000,4,2,0,114.000,0.000,114.000,114:4|234:1
CFG_016,E16,4,754.000,754.000,0.000,1.0000,4,2,0,114.000,0.000,114.000,114:4|234:1
CFG_016,E17,4,754.000,754.000,0.000,1.0000,4,2,0,114.000,0.000,114.000,114:4|234:1
CFG_016,E18,4,754.000,754.000,0.000,1.0000,4,2,0,114.000,0.000,114.000,114:4|234:1
CFG_016,E19,4,754.000,749.000,5.000,0.9934,3,2,0,114.000,0.000,114.000,114:4|229:1
CFG_016,E20,4,754.000,749.000,5.000,0.9934,3,2,0,114.000,0.000,114.000,114:4|229:1
CFG_016,E21,4,754.000,749.000,5.000,0.9934,3,0,0,114.000,0.000,114.000,114:4|229:1
CFG_016,F00,4,754.000,754.000,0.000,1.0000,4,1,0,114.000,0.000,114.000,114:4|234:1
CFG_016,F01,4,754.000,754.000,0.000,1.0000,4,1,0,114.000,0.000,114.000,114:4|234:1
CFG_016,F02,4,754.000,754.000,0.000,1.0000,4,1,0,114.000,0.000,114.000,114:4|234:1
CFG_016,F03,4,754.000,754.000,0.000,1.0000,4,1,0,114.000,0.000,114.000,114:4|234:1
CFG_016,F04,4,754.000,754.000,0.000,1.0000,4,1,0,114.000,0.000,114.000,114:4|234:1
CFG_016,F05,4,754.000,754.000,0.000,1.0000,4,1,0,114.000,0.000,114.000,114:4|234:1
CFG_016,F06,4,754.000,754.000,0.000,1.0000,4,1,0,114.000,0.000,114.000,114:4|234:1
CFG_016,F07,4,754.000,754.000,0.000,1.0000,4,2,0,114.000,0.000,114.000,114:4|234:1
CFG_016,F08,4,754.000,754.000,0.000,1.0000,4,2,0,114.000,0.000,114.000,114:4|234:1
CFG_016,F09,4,754.000,754.000,0.000,1.0000,4,2,0,114.000,0.000,114.000,114:4|234:1
CFG_016,F10,4,754.000,754.000,0.000,1.0000,4,2,0,114.000,0.000,114.000,114:4|234:1
CFG_016,F11,4,754.000,754.000,0.000,1.0000,4,2,0,114.000,0.000,114.000,114:4|234:1
CFG_016,F12,4,754.000,754.000,0.000,1.0000,4,2,0,114.000,0.000,114.000,114:4|234:1
CFG_016,F13,4,754.000,754.000,0.000,1.0000,4,2,0,114.000,0.000,114.000,114:4|234:1
CFG_016,F14,4,754.000,754.000,0.000,1.0000,4,2,0,114.000,0.000,114.000,114:4|234:1
CFG_016,F15,4,754.000,754.000,0.000,1.0000,4,2,0,114.000,0.000,114.000,114:4|234:1
CFG_016,F16,4,754.000,754.000,0.000,1.0000,4,2,0,114.000,0.000,114.000,114:4|234:1
CFG_016,F17,4,754.000,754.000,0.000,1.0000,4,2,0,114.000,0.000,114.000,114:4|234:1
CFG_016,F18,4,754.000,754.000,0.000,1.0000,4,2,0,114.000,0.000,114.000,114:4|234:1
CFG_016,F19,4,754.000,749.000,5.000,0.9934,3,2,0,114.000,0.000,114.000,114:4|229:1
CFG_016,F20,4,754.000,749.000,5.000,0.9934,3,2,0,114.000,0.000,114.000,114:4|229:1
CFG_016,F21,4,754.000,749.000,5.000,0.9934,3,1,0,114.000,0.000,114.000,114:4|229:1
CFG_016,G00,4,754.000,754.000,0.000,1.0000,4,1,0,114.000,0.000,114.000,114:4|234:1
CFG_016,G01,4,754.000,754.000,0.000,1.0000,4,1,0,114.000,0.000,114.000,114:4|234:1
CFG_016,G02,4,754.000,754.000,0.000,1.0000,4,1,0,114.000,0.000,114.000,114:4|234:1
CFG_016,G03,4,754.000,754.000,0.000,1.0000,4,1,0,114.000,0.000,114.000,114:4|234:1
CFG_016,G04,4,754.000,754.000,0.000,1.0000,4,1,0,114.000,0.000,114.000,114:4|234:1
CFG_016,G05,4,754.000,754.000,0.000,1.0000,4,1,0,114.000,0.000,114.000,114:4|234:1
CFG_016,G06,4,754.000,754.000,0.000,1.0000,4,1,0,114.000,0.000,114.000,114:4|234:1
CFG_016,G07,4,754.000,754.000,0.000,1.0000,4,1,0,114.000,0.000,114.000,114:4|234:1
CFG_016,G08,4,754.000,754.000,0.000,1.0000,4,1,0,114.000,0.000,114.000,114:4|234:1
CFG_016,G09,4,754.000,754.000,0.000,1.0000,4,1,0,114.000,0.000,114.000,114:4|234:1
CFG_016,G10,4,754.000,754.000,0.000,1.0000,4,1,0,114.000,0.000,114.000,114:4|234:1
CFG_016,G11,4,754.000,754.000,0.000,1.0000,4,1,0,114.000,0.000,114.000,114:4|234:1
CFG_016,G12,4,754.000,754.000,0.000,1.0000,4,1,0,114.000,0.000,114.000,114:4|234:1
CFG_016,G13,4,754.000,754.000,0.000,1.0000,4,1,0,114.000,0.000,114.000,114:4|234:1
CFG_016,G14,4,754.000,754.000,0.000,1.0000,4,1,0,114.000,0.000,114.000,114:4|234:1
CFG_016,G15,4,754.000,754.000,0.000,1.0000,4,1,0,114.000,0.000,114.000,114:4|234:1
CFG_016,G16,4,754.000,754.000,0.000,1.0000,4,1,0,114.000,0.000,114.000,114:4|234:1
CFG_016,G17,4,754.000,754.000,0.000,1.0000,4,1,0,114.000,0.000,114.000,114:4|234:1
CFG_016,G18,4,754.000,754.000,0.000,1.0000,4,1,0,114.000,0.000,114.000,114:4|234:1
CFG_016,G19,4,754.000,749.000,5.000,0.9934,3,1,0,114.000,0.000,114.000,114:4|229:1
CFG_016,G20,4,754.000,749.000,5.000,0.9934,3,1,0,114.000,0.000,114.000,114:4|229:1
CFG_016,G21,4,754.000,749.000,5.000,0.9934,3,0,0,114.000,0.000,114.000,114:4|229:1
CFG_016,H00,4,754.000,754.000,0.000,1.0000,4,0,0,114.000,0.000,114.000,114:4|234:1
CFG_016,H01,4,754.000,754.000,0.000,1.0000,4,0,0,114.000,0.000,114.000,114:4|234:1
CFG_016,H02,4,754.000,754.000,0.000,1.0000,4,0,0,114.000,0.000,114.000,114:4|234:1
CFG_016,H03,4,754.000,754.000,0.000,1.0000,4,0,0,114.000,0.000,114.000,114:4|234:1
CFG_016,H04,4,754.000,754.000,0.000,1.0000,4,0,0,114.000,0.000,114.000,114:4|234:1
CFG_016,H05,4,754.000,754.000,0.000,1.0000,4,0,0,114.000,0.000,114.000,114:4|234:1
CFG_016,H06,4,754.000,754.000,0.000,1.0000,4,0,0,114.000,0.000,114.000,114:4|234:1
CFG_016,H07,4,754.000,754.000,0.000,1.0000,4,0,0,114.000,0.000,114.000,114:4|234:1
CFG_016,H08,4,754.000,754.000,0.000,1.0000,4,0,0,114.000,0.000,114.000,114:4|234:1
CFG_016,H09,4,754.000,754.000,0.000,1.0000,4,0,0,114.000,0.000,114.000,114:4|234:1
CFG_016,H10,4,754.000,754.000,0.000,1.0000,4,0,0,114.000,0.000,114.000,114:4|234:1
CFG_016,H11,4,754.000,754.000,0.000,1.0000,4,0,0,114.000,0.000,114.000,114:4|234:1
CFG_016,H12,4,754.000,754.000,0.000,1.0000,4,0,0,114.000,0.000,114.000,114:4|234:1
CFG_016,H13,4,754.000,754.000,0.000,1.0000,4,0,0,114.000,0.000,114.000,114:4|234:1
CFG_016,H14,4,754.000,754.000,0.000,1.0000,4,0,0,114.000,0.000,114.000,114:4|234:1
CFG_016,H15,4,754.000,754.000,0.000,1.0000,4,0,0,114.000,0.000,114.000,114:4|234:1
CFG_016,H16,4,754.000,754.000,0.000,1.0000,4,0,0,114.000,0.000,114.000,114:4|234:1
CFG_016,H17,4,754.000,754.000,0.000,1.0000,4,0,0,114.000,0.000,114.000,114:4|234:1
CFG_016,H18,4,754.000,754.000,0.000,1.0000,4,0,0,114.000,0.000,114.000,114:4|234:1
CFG_016,H19,4,754.000,749.000,5.000,0.9934,2,1,1,114.000,0.000,114.000,114:4|229:1
CFG_016,H20,4,754.000,749.000,5.000,0.9934,2,1,1,114.000,0.000,114.000,114:4|229:1
CFG_016,H21,4,754.000,749.000,5.000,0.9934,2,0,1,114.000,0.000,114.000,114:4|229:1
CFG_016,I00,4,754.000,754.000,0.000,1.0000,4,0,0,114.000,0.000,114.000,114:4|234:1
CFG_016,I01,4,754.000,754.000,0.000,1.0000,4,0,0,114.000,0.000,114.000,114:4|234:1
CFG_016,I02,4,754.000,754.000,0.000,1.0000,4,0,0,114.000,0.000,114.000,114:4|234:1
CFG_016,I03,4,754.000,754.000,0.000,1.0000,4,0,0,114.000,0.000,114.000,114:4|234:1
CFG_016,I04,4,754.000,754.000,0.000,1.0000,4,0,0,114.000,0.000,114.000,114:4|234:1
CFG_016,I05,4,754.000,754.000,0.000,1.0000,4,0,0,114.000,0.000,114.000,114:4|234:1
CFG_016,I06,4,754.000,754.000,0.000,1.0000,4,0,0,114.000,0.000,114.000,114:4|234:1
CFG_016,I07,4,754.000,754.000,0.000,1.0000,4,0,0,114.000,0.000,114.000,114:4|234:1
CFG_016,I08,4,754.000,754.000,0.000,1.0000,4,0,0,114.000,0.000,114.000,114:4|234:1
CFG_016,I09,4,754.000,754.000,0.000,1.0000,4,0,0,114.000,0.000,114.000,114:4|234:1
CFG_016,I10,4,754.000,754.000,0.000,1.0000,4,0,0,114.000,0.000,114.000,114:4|234:1
CFG_016,I11,4,754.000,754.000,0.000,1.0000,4,0,0,114.000,0.000,114.000,114:4|234:1
CFG_016,I12,4,754.000,754.000,0.000,1.0000,4,0,0,114.000,0.000,114.000,114:4|234:1
CFG_016,I13,4,754.000,754.000,0.000,1.0000,4,0,0,114.000,0.000,114.000,114:4|234:1
CFG_016,I14,4,754.000,754.000,0.000,1.0000,4,0,0,114.000,0.000,114.000,114:4|234:1
CFG_016,I15,4,754.000,754.000,0.000,1.0000,4,0,0,114.000,0.000,114.000,114:4|234:1
CFG_016,I16,4,754.000,754.000,0.000,1.0000,4,0,0,114.000,0.000,114.000,114:4|234:1
CFG_016,I17,4,754.000,754.000,0.000,1.0000,4,0,0,114.000,0.000,114.000,114:4|234:1
CFG_016,I18,4,754.000,754.000,0.000,1.0000,4,0,0,114.000,0.000,114.000,114:4|234:1
CFG_016,I19,4,754.000,749.000,5.000,0.9934,2,1,1,114.000,0.000,114.000,114:4|229:1
CFG_016,I20,4,754.000,749.000,5.000,0.9934,2,1,1,114.000,0.000,114.000,114:4|229:1
CFG_016,I21,4,754.000,749.000,5.000,0.9934,2,0,1,114.000,0.000,114.000,114:4|229:1
CFG_016,J00,4,754.000,754.000,0.000,1.0000,4,1,0,114.000,0.000,114.000,114:4|234:1
CFG_016,J01,4,754.000,754.000,0.000,1.0000,4,1,0,114.000,0.000,114.000,114:4|234:1
CFG_016,J02,4,754.000,754.000,0.000,1.0000,4,1,0,114.000,0.000,114.000,114:4|234:1
CFG_016,J03,4,754.000,754.000,0.000,1.0000,4,1,0,114.000,0.000,114.000,114:4|234:1
CFG_016,J04,4,754.000,754.000,0.000,1.0000,4,0,0,114.000,0.000,114.000,114:4|234:1
CFG_016,J05,4,754.000,754.000,0.000,1.0000,4,0,0,114.000,0.000,114.000,114:4|234:1
CFG_016,J06,4,754.000,754.000,0.000,1.0000,4,0,0,114.000,0.000,114.000,114:4|234:1
CFG_016,J07,4,754.000,754.000,0.000,1.0000,4,0,0,114.000,0.000,114.000,114:4|234:1
CFG_016,J08,4,754.000,754.000,0.000,1.0000,4,0,0,114.000,0.000,114.000,114:4|234:1
CFG_016,J09,4,754.000,754.000,0.000,1.0000,4,0,0,114.000,0.000,114.000,114:4|234:1
CFG_016,J10,4,754.000,754.000,0.000,1.0000,4,0,0,114.000,0.000,114.000,114:4|234:1
CFG_016,J11,4,754.000,754.000,0.000,1.0000,4,0,0,114.000,0.000,114.000,114:4|234:1
CFG_016,J12,4,754.000,754.000,0.000,1.0000,4,0,0,114.000,0.000,114.000,114:4|234:1
CFG_016,J13,4,754.000,754.000,0.000,1.0000,4,0,0,114.000,0.000,114.000,114:4|234:1
CFG_016,J14,4,754.000,754.000,0.000,1.0000,4,0,0,114.000,0.000,114.000,114:4|234:1
CFG_016,J15,4,754.000,754.000,0.000,1.0000,4,0,0,114.000,0.000,114.000,114:4|234:1
CFG_016,J16,4,754.000,754.000,0.000,1.0000,4,0,0,114.000,0.000,114.000,114:4|234:1
CFG_016,J17,4,754.000,754.000,0.000,1.0000,4,0,0,114.000,0.000,114.000,114:4|234:1
CFG_016,J18,4,754.000,754.000,0.000,1.0000,4,0,0,114.000,0.000,114.000,114:4|234:1
CFG_016,J19,4,754.000,744.000,10.000,0.9867,2,1,1,114.000,0.000,114.000,114:4|224:1
CFG_016,J20,4,754.000,744.000,10.000,0.9867,2,1,1,114.000,0.000,114.000,114:4|224:1
CFG_016,J21,4,754.000,744.000,10.000,0.9867,2,0,1,114.000,0.000,114.000,114:4|224:1
CFG_016,K00,4,754.000,754.000,0.000,1.0000,4,1,0,114.000,0.000,114.000,114:4|234:1
CFG_016,K01,4,754.000,754.000,0.000,1.0000,4,1,0,114.000,0.000,114.000,114:4|234:1
CFG_016,K02,4,754.000,754.000,0.000,1.0000,4,1,0,114.000,0.000,114.000,114:4|234:1
CFG_016,K03,4,754.000,754.000,0.000,1.0000,4,1,0,114.000,0.000,114.000,114:4|234:1
CFG_016,K04,4,754.000,754.000,0.000,1.0000,4,0,0,114.000,0.000,114.000,114:4|234:1
CFG_016,K05,4,754.000,754.000,0.000,1.0000,4,0,0,114.000,0.000,114.000,114:4|234:1
CFG_016,K06,4,754.000,754.000,0.000,1.0000,4,0,0,114.000,0.000,114.000,114:4|234:1
CFG_016,K07,4,754.000,754.000,0.000,1.0000,3,1,0,114.000,0.000,114.000,114:4|234:1
CFG_016,K08,4,754.000,754.000,0.000,1.0000,4,1,0,114.000,0.000,114.000,114:4|234:1
CFG_016,K09,4,754.000,754.000,0.000,1.0000,4,1,0,114.000,0.000,114.000,114:4|234:1
CFG_016,K10,4,754.000,754.000,0.000,1.0000,4,1,0,114.000,0.000,114.000,114:4|234:1
CFG_016,K11,4,754.000,754.000,0.000,1.0000,4,1,0,114.000,0.000,114.000,114:4|234:1
CFG_016,K12,4,754.000,754.000,0.000,1.0000,4,1,0,114.000,0.000,114.000,114:4|234:1
CFG_016,K13,4,754.000,754.000,0.000,1.0000,4,1,0,114.000,0.000,114.000,114:4|234:1
CFG_016,K14,4,754.000,754.000,0.000,1.0000,4,1,0,114.000,0.000,114.000,114:4|234:1
CFG_016,K15,4,754.000,754.000,0.000,1.0000,4,1,0,114.000,0.000,114.000,114:4|234:1
CFG_016,K16,4,754.000,754.000,0.000,1.0000,4,1,0,114.000,0.000,114.000,114:4|234:1
CFG_016,K17,4,754.000,754.000,0.000,1.0000,4,1,0,114.000,0.000,114.000,114:4|234:1
CFG_016,K18,4,754.000,754.000,0.000,1.0000,4,1,0,114.000,0.000,114.000,114:4|234:1
CFG_016,K19,4,754.000,744.000,10.000,0.9867,2,0,1,114.000,0.000,114.000,114:4|224:1
CFG_016,K20,4,754.000,744.000,10.000,0.9867,2,0,1,114.000,0.000,114.000,114:4|224:1
CFG_016,K21,4,754.000,744.000,10.000,0.9867,2,0,1,114.000,0.000,114.000,114:4|224:1
CFG_017,A00,4,754.000,754.000,0.000,1.0000,2,0,1,114.000,0.000,114.000,114:4|234:1
CFG_017,A01,4,754.000,754.000,0.000,1.0000,2,0,1,114.000,0.000,114.000,114:4|234:1
CFG_017,A02,4,754.000,754.000,0.000,1.0000,2,0,1,114.000,0.000,114.000,114:4|234:1
CFG_017,A03,4,754.000,754.000,0.000,1.0000,2,0,1,114.000,0.000,114.000,114:4|234:1
CFG_017,A04,4,754.000,754.000,0.000,1.0000,2,0,1,114.000,0.000,114.000,114:4|234:1
CFG_017,A05,4,754.000,754.000,0.000,1.0000,2,0,1,114.000,0.000,114.000,114:4|234:1
CFG_017,A06,4,754.000,754.000,0.000,1.0000,2,0,1,114.000,0.000,114.000,114:4|234:1
CFG_017,A07,4,754.000,754.000,0.000,1.0000,2,0,1,114.000,0.000,114.000,114:4|234:1
CFG_017,A08,4,754.000,754.000,0.000,1.0000,2,0,1,114.000,0.000,114.000,114:4|234:1
CFG_017,A09,4,754.000,754.000,0.000,1.0000,2,0,1,114.000,0.000,114.000,114:4|234:1
CFG_017,A10,4,754.000,754.000,0.000,1.0000,2,0,1,114.000,0.000,114.000,114:4|234:1
CFG_017,A11,4,754.000,754.000,0.000,1.0000,2,0,1,114.000,0.000,114.000,114:4|234:1
CFG_017,A12,4,754.000,754.000,0.000,1.0000,2,0,1,114.000,0.000,114.000,114:4|234:1
CFG_017,A13,4,754.000,754.000,0.000,1.0000,2,0,1,114.000,0.000,114.000,114:4|234:1
CFG_017,A14,4,754.000,754.000,0.000,1.0000,2,0,1,114.000,0.000,114.000,114:4|234:1
CFG_017,A15,4,754.000,754.000,0.000,1.0000,2,0,1,114.000,0.000,114.000,114:4|234:1
CFG_017,B00,4,754.000,754.000,0.000,1.0000,2,0,1,114.000,0.000,114.000,114:4|234:1
CFG_017,B01,4,754.000,754.000,0.000,1.0000,2,0,1,114.000,0.000,114.000,114:4|234:1
CFG_017,B02,4,754.000,754.000,0.000,1.0000,2,0,1,114.000,0.000,114.000,114:4|234:1
CFG_017,B03,4,754.000,754.000,0.000,1.0000,2,0,1,114.000,0.000,114.000,114:4|234:1
CFG_017,B04,4,754.000,754.000,0.000,1.0000,2,0,1,114.000,0.000,114.000,114:4|234:1
CFG_017,B05,4,754.000,754.000,0.000,1.0000,2,0,1,114.000,0.000,114.000,114:4|234:1
CFG_017,B06,4,754.000,754.000,0.000,1.0000,2,0,1,114.000,0.000,114.000,114:4|234:1
CFG_017,B07,4,754.000,754.000,0.000,1.0000,2,0,1,114.000,0.000,114.000,114:4|234:1
CFG_017,B08,4,754.000,754.000,0.000,1.0000,2,0,1,114.000,0.000,114.000,114:4|234:1
CFG_017,B09,4,754.000,754.000,0.000,1.0000,2,0,1,114.000,0.000,114.000,114:4|234:1
CFG_017,B10,4,754.000,754.000,0.000,1.0000,2,0,1,114.000,0.000,114.000,114:4|234:1
CFG_017,B11,4,754.000,754.000,0.000,1.0000,2,0,1,114.000,0.000,114.000,114:4|234:1
CFG_017,B12,4,754.000,754.000,0.000,1.0000,2,0,1,114.000,0.000,114.000,114:4|234:1
CFG_017,B13,4,754.000,754.000,0.000,1.0000,2,0,1,114.000,0.000,114.000,114:4|234:1
CFG_017,B14,4,754.000,754.000,0.000,1.0000,2,0,1,114.000,0.000,114.000,114:4|234:1
CFG_017,B15,4,754.000,754.000,0.000,1.0000,2,0,1,114.000,0.000,114.000,114:4|234:1
CFG_017,B16,4,754.000,754.000,0.000,1.0000,3,0,1,114.000,0.000,114.000,114:4|234:1
CFG_017,B17,4,754.000,754.000,0.000,1.0000,3,0,1,69.000,0.000,69.000,69:2|184:3
CFG_017,B18,4,754.000,754.000,0.000,1.0000,3,0,1,69.000,0.000,69.000,69:2|184:3
CFG_017,B19,5,754.000,704.000,50.000,0.9337,2,2,2,69.000,45.000,114.000,69:4|114:1|234:1
CFG_017,B20,5,754.000,704.000,50.000,0.9337,2,2,2,69.000,45.000,114.000,69:4|114:1|234:1
CFG_017,B21,5,754.000,704.000,50.000,0.9337,2,0,2,69.000,45.000,114.000,69:4|114:1|234:1
CFG_017,D00,4,754.000,754.000,0.000,1.0000,4,1,0,69.000,0.000,69.000,69:2|184:3
CFG_017,D01,4,754.000,754.000,0.000,1.0000,4,1,0,69.000,0.000,69.000,69:2|184:3
CFG_017,D02,4,754.000,754.000,0.000,1.0000,4,1,0,69.000,0.000,69.000,69:2|184:3
CFG_017,D03,4,754.000,754.000,0.000,1.0000,4,1,0,69.000,0.000,69.000,69:2|184:3
CFG_017,D04,4,754.000,754.000,0.000,1.0000,4,1,0,69.000,0.000,69.000,69:2|184:3
CFG_017,D05,4,754.000,754.000,0.000,1.0000,4,1,0,69.000,0.000,69.000,69:2|184:3
CFG_017,D06,4,754.000,754.000,0.000,1.0000,4,1,0,69.000,0.000,69.000,69:2|184:3
CFG_017,D07,4,754.000,754.000,0.000,1.0000,4,1,0,69.000,0.000,69.000,69:2|184:3
CFG_017,D08,4,754.000,754.000,0.000,1.0000,4,1,0,69.000,0.000,69.000,69:2|184:3
CFG_017,D09,4,754.000,754.000,0.000,1.0000,4,1,0,69.000,0.000,69.000,69:2|184:3
CFG_017,D10,4,754.000,754.000,0.000,1.0000,4,1,0,69.000,0.000,69.000,69:2|184:3
CFG_017,D11,4,754.000,754.000,0.000,1.0000,4,1,0,69.000,0.000,69.000,69:2|184:3
CFG_017,D12,4,754.000,754.000,0.000,1.0000,4,1,0,69.000,0.000,69.000,69:2|184:3
CFG_017,D13,4,754.000,754.000,0.000,1.0000,4,1,0,69.000,0.000,69.000,69:2|184:3
CFG_017,D14,4,754.000,754.000,0.000,1.0000,4,1,0,69.000,0.000,69.000,69:2|184:3
CFG_017,D15,4,754.000,754.000,0.000,1.0000,4,1,0,69.000,0.000,69.000,69:2|184:3
CFG_017,D16,4,754.000,754.000,0.000,1.0000,4,0,0,69.000,0.000,69.000,69:2|184:3
CFG_017,D17,4,754.000,754.000,0.000,1.0000,4,0,0,69.000,0.000,69.000,69:2|184:3
CFG_017,D18,4,754.000,754.000,0.000,1.0000,4,0,0,69.000,0.000,69.000,69:2|184:3
CFG_017,D19,4,754.000,684.000,70.000,0.9072,2,1,1,69.000,45.000,114.000,69:3|184:1|229:1
CFG_017,D20,4,754.000,684.000,70.000,0.9072,2,1,1,69.000,45.000,114.000,69:3|184:1|229:1
CFG_017,D21,4,754.000,684.000,70.000,0.9072,2,0,1,69.000,45.000,114.000,69:3|184:1|229:1
CFG_017,E00,4,754.000,754.000,0.000,1.0000,4,2,0,69.000,0.000,69.000,69:2|184:3
CFG_017,E01,4,754.000,754.000,0.000,1.0000,4,2,0,69.000,0.000,69.000,69:2|184:3
CFG_017,E02,4,754.000,754.000,0.000,1.0000,4,2,0,69.000,0.000,69.000,69:2|184:3
CFG_017,E03,4,754.000,754.000,0.000,1.0000,4,2,0,69.000,0.000,69.000,69:2|184:3
CFG_017,E04,4,754.000,754.000,0.000,1.0000,4,2,0,69.000,0.000,69.000,69:2|184:3
CFG_017,E05,4,754.000,754.000,0.000,1.0000,4,2,0,69.000,0.000,69.000,69:2|184:3
CFG_017,E06,4,754.000,754.000,0.000,1.0000,4,2,0,69.000,0.000,69.000,69:2|184:3
CFG_017,E07,4,754.000,754.000,0.000,1.0000,4,2,0,69.000,0.000,69.000,69:2|184:3
CFG_017,E08,4,754.000,754.000,0.000,1.0000,4,2,0,69.000,0.000,69.000,69:2|184:3
CFG_017,E09,4,754.000,754.000,0.000,1.0000,4,2,0,69.000,0.000,69.000,69:2|184:3
CFG_017,E10,4,754.000,754.000,0.000,1.0000,4,2,0,69.000,0.000,69.000,69:2|184:3
CFG_017,E11,4,754.000,754.000,0.000,1.0000,4,2,0,69.000,0.000,69.000,69:2|184:3
CFG_017,E12,4,754.000,754.000,0.000,1.0000,4,2,0,69.000,0.000,69.000,69:2|184:3
CFG_017,E13,4,754.000,754.000,0.000,1.0000,4,2,0,69.000,0.000,69.000,69:2|184:3
CFG_017,E14,4,754.000,754.000,0.000,1.0000,4,2,0,69.000,0.000,69.000,69:2|184:3
CFG_017,E15,4,754.000,754.000,0.000,1.0000,4,2,0,69.000,0.000,69.000,69:2|184:3
CFG_017,E16,4,754.000,754.000,0.000,1.0000,4,2,0,69.000,0.000,69.000,69:2|184:3
CFG_017,E17,4,754.000,754.000,0.000,1.0000,4,2,0,69.000,0.000,69.000,69:2|184:3
CFG_017,E18,4,754.000,754.000,0.000,1.0000,4,2,0,69.000,0.000,69.000,69:2|184:3
CFG_017,E19,6,754.000,739.000,15.000,0.9801,3,2,2,69.000,0.000,69.000,69:6|229:1
CFG_017,E20,6,754.000,739.000,15.000,0.9801,3,2,2,69.000,0.000,69.000,69:6|229:1
CFG_017,E21,6,754.000,739.000,15.000,0.9801,3,0,2,69.000,0.000,69.000,69:6|229:1
CFG_017,F00,4,754.000,754.000,0.000,1.0000,4,1,0,69.000,0.000,69.000,69:2|184:3
CFG_017,F01,4,754.000,754.000,0.000,1.0000,4,1,0,69.000,0.000,69.000,69:2|184:3
CFG_017,F02,4,754.000,754.000,0.000,1.0000,4,1,0,69.000,0.000,69.000,69:2|184:3
CFG_017,F03,4,754.000,754.000,0.000,1.0000,4,1,0,69.000,0.000,69.000,69:2|184:3
CFG_017,F04,4,754.000,754.000,0.000,1.0000,4,1,0,69.000,0.000,69.000,69:2|184:3
CFG_017,F05,4,754.000,754.000,0.000,1.0000,4,1,0,69.000,0.000,69.000,69:2|184:3
CFG_017,F06,4,754.000,754.000,0.000,1.0000,4,1,0,69.000,0.000,69.000,69:2|184:3
CFG_017,F07,4,754.000,754.000,0.000,1.0000,4,2,0,69.000,0.000,69.000,69:2|184:3
CFG_017,F08,4,754.000,754.000,0.000,1.0000,4,2,0,69.000,0.000,69.000,69:2|184:3
CFG_017,F09,4,754.000,754.000,0.000,1.0000,4,2,0,69.000,0.000,69.000,69:2|184:3
CFG_017,F10,4,754.000,754.000,0.000,1.0000,4,2,0,69.000,0.000,69.000,69:2|184:3
CFG_017,F11,4,754.000,754.000,0.000,1.0000,4,2,0,69.000,0.000,69.000,69:2|184:3
CFG_017,F12,4,754.000,754.000,0.000,1.0000,4,2,0,69.000,0.000,69.000,69:2|184:3
CFG_017,F13,4,754.000,754.000,0.000,1.0000,4,2,0,69.000,0.000,69.000,69:2|184:3
CFG_017,F14,4,754.000,754.000,0.000,1.0000,4,2,0,69.000,0.000,69.000,69:2|184:3
CFG_017,F15,4,754.000,754.000,0.000,1.0000,4,2,0,69.000,0.000,69.000,69:2|184:3
CFG_017,F16,4,754.000,754.000,0.000,1.0000,4,2,0,69.000,0.000,69.000,69:2|184:3
CFG_017,F17,4,754.000,754.000,0.000,1.0000,4,2,0,69.000,0.000,69.000,69:2|184:3
CFG_017,F18,4,754.000,754.000,0.000,1.0000,4,2,0,69.000,0.000,69.000,69:2|184:3
CFG_017,F19,4,754.000,684.000,70.000,0.9072,3,2,0,69.000,45.000,114.000,69:3|184:1|229:1
CFG_017,F20,4,754.000,684.000,70.000,0.9072,3,2,0,69.000,45.000,114.000,69:3|184:1|229:1
CFG_017,F21,4,754.000,684.000,70.000,0.9072,3,1,0,69.000,45.000,114.000,69:3|184:1|229:1
CFG_017,G00,4,754.000,754.000,0.000,1.0000,4,1,0,69.000,0.000,69.000,69:2|184:3
CFG_017,G01,4,754.000,754.000,0.000,1.0000,4,1,0,69.000,0.000,69.000,69:2|184:3
CFG_017,G02,4,754.000,754.000,0.000,1.0000,4,1,0,69.000,0.000,69.000,69:2|184:3
CFG_017,G03,4,754.000,754.000,0.000,1.0000,4,1,0,69.000,0.000,69.000,69:2|184:3
CFG_017,G04,4,754.000,754.000,0.000,1.0000,4,1,0,69.000,0.000,69.000,69:2|184:3
CFG_017,G05,4,754.000,754.000,0.000,1.0000,4,1,0,69.000,0.000,69.000,69:2|184:3
CFG_017,G06,4,754.000,754.000,0.000,1.0000,4,1,0,69.000,0.000,69.000,69:2|184:3
CFG_017,G07,4,754.000,754.000,0.000,1.0000,4,1,0,69.000,0.000,69.000,69:2|184:3
CFG_017,G08,4,754.000,754.000,0.000,1.0000,4,1,0,69.000,0.000,69.000,69:2|184:3
CFG_017,G09,4,754.000,754.000,0.000,1.0000,4,1,0,69.000,0.000,69.000,69:2|184:3
CFG_017,G10,4,754.000,754.000,0.000,1.0000,4,1,0,69.000,0.000,69.000,69:2|184:3
CFG_017,G11,4,754.000,754.000,0.000,1.0000,4,1,0,69.000,0.000,69.000,69:2|184:3
CFG_017,G12,4,754.000,754.000,0.000,1.0000,4,1,0,69.000,0.000,69.000,69:2|184:3
CFG_017,G13,4,754.000,754.000,0.000,1.0000,4,1,0,69.000,0.000,69.000,69:2|184:3
CFG_017,G14,4,754.000,754.000,0.000,1.0000,4,1,0,69.000,0.000,69.000,69:2|184:3
CFG_017,G15,4,754.000,754.000,0.000,1.0000,4,1,0,69.000,0.000,69.000,69:2|184:3
CFG_017,G16,4,754.000,754.000,0.000,1.0000,4,1,0,69.000,0.000,69.000,69:2|184:3
CFG_017,G17,4,754.000,754.000,0.000,1.0000,4,1,0,69.000,0.000,69.000,69:2|184:3
CFG_017,G18,4,754.000,754.000,0.000,1.0000,4,1,0,69.000,0.000,69.000,69:2|184:3
CFG_017,G19,5,754.000,744.000,10.000,0.9867,3,1,1,69.000,0.000,69.000,69:3|114:2|229:1
CFG_017,G20,5,754.000,744.000,10.000,0.9867,3,1,1,69.000,0.000,69.000,69:3|114:2|229:1
CFG_017,G21,5,754.000,744.000,10.000,0.9867,3,0,1,69.000,0.000,69.000,69:3|114:2|229:1
CFG_017,H00,4,754.000,754.000,0.000,1.0000,4,0,0,69.000,0.000,69.000,69:2|184:3
CFG_017,H01,4,754.000,754.000,0.000,1.0000,4,0,0,69.000,0.000,69.000,69:2|184:3
CFG_017,H02,4,754.000,754.000,0.000,1.0000,4,0,0,69.000,0.000,69.000,69:2|184:3
CFG_017,H03,4,754.000,754.000,0.000,1.0000,4,0,0,69.000,0.000,69.000,69:2|184:3
CFG_017,H04,4,754.000,754.000,0.000,1.0000,4,0,0,114.000,0.000,114.000,114:4|234:1
CFG_017,H05,4,754.000,754.000,0.000,1.0000,4,0,0,114.000,0.000,114.000,114:4|234:1
CFG_017,H06,4,754.000,754.000,0.000,1.0000,4,0,0,114.000,0.000,114.000,114:4|234:1
CFG_017,H07,4,754.000,754.000,0.000,1.0000,4,0,0,114.000,0.000,114.000,114:4|234:1
CFG_017,H08,4,754.000,754.000,0.000,1.0000,4,0,0,114.000,0.000,114.000,114:4|234:1
CFG_017,H09,4,754.000,754.000,0.000,1.0000,4,0,0,114.000,0.000,114.000,114:4|234:1
CFG_017,H10,4,754.000,754.000,0.000,1.0000,4,0,0,114.000,0.000,114.000,114:4|234:1
CFG_017,H11,4,754.000,754.000,0.000,1.0000,4,0,0,114.000,0.000,114.000,114:4|234:1
CFG_017,H12,4,754.000,754.000,0.000,1.0000,4,0,0,114.000,0.000,114.000,114:4|234:1
CFG_017,H13,4,754.000,754.000,0.000,1.0000,4,0,0,114.000,0.000,114.000,114:4|234:1
CFG_017,H14,4,754.000,754.000,0.000,1.0000,4,0,0,114.000,0.000,114.000,114:4|234:1
CFG_017,H15,4,754.000,754.000,0.000,1.0000,4,0,0,114.000,0.000,114.000,114:4|234:1
CFG_017,H16,4,754.000,754.000,0.000,1.0000,4,0,0,114.000,0.000,114.000,114:4|234:1
CFG_017,H17,4,754.000,754.000,0.000,1.0000,4,0,0,114.000,0.000,114.000,114:4|234:1
CFG_017,H18,4,754.000,754.000,0.000,1.0000,4,0,0,114.000,0.000,114.000,114:4|234:1
CFG_017,H19,4,754.000,684.000,70.000,0.9072,2,1,1,69.000,45.000,114.000,69:3|184:1|229:1
CFG_017,H20,4,754.000,684.000,70.000,0.9072,2,1,1,69.000,45.000,114.000,69:3|184:1|229:1
CFG_017,H21,4,754.000,684.000,70.000,0.9072,2,0,1,69.000,45.000,114.000,69:3|184:1|229:1
CFG_017,I00,4,754.000,754.000,0.000,1.0000,4,0,0,114.000,0.000,114.000,114:4|234:1
CFG_017,I01,4,754.000,754.000,0.000,1.0000,4,0,0,114.000,0.000,114.000,114:4|234:1
CFG_017,I02,4,754.000,754.000,0.000,1.0000,4,0,0,114.000,0.000,114.000,114:4|234:1
CFG_017,I03,4,754.000,754.000,0.000,1.0000,4,0,0,114.000,0.000,114.000,114:4|234:1
CFG_017,I04,4,754.000,754.000,0.000,1.0000,4,0,0,114.000,0.000,114.000,114:4|234:1
CFG_017,I05,4,754.000,754.000,0.000,1.0000,4,0,0,114.000,0.000,114.000,114:4|234:1
CFG_017,I06,4,754.000,754.000,0.000,1.0000,4,0,0,114.000,0.000,114.000,114:4|234:1
CFG_017,I07,4,754.000,754.000,0.000,1.0000,4,0,0,114.000,0.000,114.000,114:4|234:1
CFG_017,I08,4,754.000,754.000,0.000,1.0000,4,0,0,114.000,0.000,114.000,114:4|234:1
CFG_017,I09,4,754.000,754.000,0.000,1.0000,4,0,0,114.000,0.000,114.000,114:4|234:1
CFG_017,I10,4,754.000,754.000,0.000,1.0000,4,0,0,114.000,0.000,114.000,114:4|234:1
CFG_017,I11,4,754.000,754.000,0.000,1.0000,4,0,0,114.000,0.000,114.000,114:4|234:1
CFG_017,I12,4,754.000,754.000,0.000,1.0000,4,0,0,114.000,0.000,114.000,114:4|234:1
CFG_017,I13,4,754.000,754.000,0.000,1.0000,4,0,0,114.000,0.000,114.000,114:4|234:1
CFG_017,I14,4,754.000,754.000,0.000,1.0000,4,0,0,114.000,0.000,114.000,114:4|234:1
CFG_017,I15,4,754.000,754.000,0.000,1.0000,4,0,0,114.000,0.000,114.000,114:4|234:1
CFG_017,I16,4,754.000,754.000,0.000,1.0000,4,0,0,114.000,0.000,114.000,114:4|234:1
CFG_017,I17,4,754.000,754.000,0.000,1.0000,4,0,0,69.000,0.000,69.000,69:2|184:3
CFG_017,I18,4,754.000,754.000,0.000,1.0000,4,0,0,69.000,0.000,69.000,69:2|184:3
CFG_017,I19,6,754.000,739.000,15.000,0.9801,2,1,3,69.000,0.000,69.000,69:6|229:1
CFG_017,I20,6,754.000,739.000,15.000,0.9801,2,1,3,69.000,0.000,69.000,69:6|229:1
CFG_017,I21,6,754.000,739.000,15.000,0.9801,2,0,3,69.000,0.000,69.000,69:6|229:1
CFG_017,J00,4,754.000,754.000,0.000,1.0000,4,1,0,69.000,0.000,69.000,69:2|184:3
CFG_017,J01,4,754.000,754.000,0.000,1.0000,4,1,0,69.000,0.000,69.000,69:2|184:3
CFG_017,J02,4,754.000,754.000,0.000,1.0000,4,1,0,69.000,0.000,69.000,69:2|184:3
CFG_017,J03,4,754.000,754.000,0.000,1.0000,4,1,0,69.000,0.000,69.000,69:2|184:3
CFG_017,J04,4,754.000,754.000,0.000,1.0000,4,0,0,69.000,0.000,69.000,69:2|184:3
CFG_017,J05,4,754.000,754.000,0.000,1.0000,4,0,0,69.000,0.000,69.000,69:2|184:3
CFG_017,J06,4,754.000,754.000,0.000,1.0000,4,0,0,69.000,0.000,69.000,69:2|184:3
CFG_017,J07,4,754.000,754.000,0.000,1.0000,4,0,0,69.000,0.000,69.000,69:2|184:3
CFG_017,J08,4,754.000,754.000,0.000,1.0000,4,0,0,69.000,0.000,69.000,69:2|184:3
CFG_017,J09,4,754.000,754.000,0.000,1.0000,4,0,0,69.000,0.000,69.000,69:2|184:3
CFG_017,J10,4,754.000,754.000,0.000,1.0000,4,0,0,69.000,0.000,69.000,69:2|184:3
CFG_017,J11,4,754.000,754.000,0.000,1.0000,4,0,0,69.000,0.000,69.000,69:2|184:3
CFG_017,J12,4,754.000,754.000,0.000,1.0000,4,0,0,69.000,0.000,69.000,69:2|184:3
CFG_017,J13,4,754.000,754.000,0.000,1.0000,4,0,0,69.000,0.000,69.000,69:2|184:3
CFG_017,J14,4,754.000,754.000,0.000,1.0000,4,0,0,69.000,0.000,69.000,69:2|184:3
CFG_017,J15,4,754.000,754.000,0.000,1.0000,4,0,0,69.000,0.000,69.000,69:2|184:3
CFG_017,J16,4,754.000,754.000,0.000,1.0000,4,0,0,69.000,0.000,69.000,69:2|184:3
CFG_017,J17,4,754.000,754.000,0.000,1.0000,4,0,0,69.000,0.000,69.000,69:2|184:3
CFG_017,J18,4,754.000,754.000,0.000,1.0000,4,0,0,69.000,0.000,69.000,69:2|184:3
CFG_017,J19,4,754.000,679.000,75.000,0.9005,2,1,1,69.000,45.000,114.000,69:3|184:1|224:1
CFG_017,J20,4,754.000,679.000,75.000,0.9005,2,1,1,69.000,45.000,114.000,69:3|184:1|224:1
CFG_017,J21,4,754.000,679.000,75.000,0.9005,2,0,1,69.000,45.000,114.000,69:3|184:1|224:1
CFG_017,K00,4,754.000,754.000,0.000,1.0000,4,1,0,69.000,0.000,69.000,69:2|184:3
CFG_017,K01,4,754.000,754.000,0.000,1.0000,4,1,0,69.000,0.000,69.000,69:2|184:3
CFG_017,K02,4,754.000,754.000,0.000,1.0000,4,1,0,69.000,0.000,69.000,69:2|184:3
CFG_017,K03,4,754.000,754.000,0.000,1.0000,4,1,0,69.000,0.000,69.000,69:2|184:3
CFG_017,K04,4,754.000,754.000,0.000,1.0000,4,0,0,69.000,0.000,69.000,69:2|184:3
CFG_017,K05,4,754.000,754.000,0.000,1.0000,4,0,0,69.000,0.000,69.000,69:2|184:3
CFG_017,K06,4,754.000,754.000,0.000,1.0000,4,0,0,69.000,0.000,69.000,69:2|184:3
CFG_017,K07,4,754.000,754.000,0.000,1.0000,3,1,0,69.000,0.000,69.000,69:2|184:3
CFG_017,K08,4,754.000,754.000,0.000,1.0000,4,1,0,69.000,0.000,69.000,69:2|184:3
CFG_017,K09,4,754.000,754.000,0.000,1.0000,4,1,0,69.000,0.000,69.000,69:2|184:3
CFG_017,K10,4,754.000,754.000,0.000,1.0000,4,1,0,69.000,0.000,69.000,69:2|184:3
CFG_017,K11,4,754.000,754.000,0.000,1.0000,4,1,0,69.000,0.000,69.000,69:2|184:3
CFG_017,K12,4,754.000,754.000,0.000,1.0000,4,1,0,69.000,0.000,69.000,69:2|184:3
CFG_017,K13,4,754.000,754.000,0.000,1.0000,4,1,0,69.000,0.000,69.000,69:2|184:3
CFG_017,K14,4,754.000,754.000,0.000,1.0000,4,1,0,69.000,0.000,69.000,69:2|184:3
CFG_017,K15,4,754.000,754.000,0.000,1.0000,4,1,0,69.000,0.000,69.000,69:2|184:3
CFG_017,K16,4,754.000,754.000,0.000,1.0000,4,1,0,69.000,0.000,69.000,69:2|184:3
CFG_017,K17,4,754.000,754.000,0.000,1.0000,4,1,0,69.000,0.000,69.000,69:2|184:3
CFG_017,K18,4,754.000,754.000,0.000,1.0000,4,1,0,69.000,0.000,69.000,69:2|184:3
CFG_017,K19,4,754.000,729.000,25.000,0.9668,3,0,1,69.000,45.000,114.000,69:3|224:1|234:1
CFG_017,K20,4,754.000,679.000,75.000,0.9005,3,0,1,69.000,45.000,114.000,69:3|184:1|224:1
CFG_017,K21,5,754.000,694.000,60.000,0.9204,3,0,2,69.000,45.000,114.000,69:4|114:1|224:1
CFG_021,A00,1,754.000,434.000,320.000,0.5756,0,2,0,184.000,50.000,234.000,184:1|234:1
CFG_021,A01,1,754.000,434.000,320.000,0.5756,0,2,0,184.000,50.000,234.000,184:1|234:1
CFG_021,A02,1,754.000,434.000,320.000,0.5756,0,2,0,184.000,50.000,234.000,184:1|234:1
CFG_021,A03,1,754.000,434.000,320.000,0.5756,0,2,0,184.000,50.000,234.000,184:1|234:1
CFG_021,A04,1,754.000,434.000,320.000,0.5756,0,2,0,184.000,50.000,234.000,184:1|234:1
CFG_021,A05,1,754.000,434.000,320.000,0.5756,0,2,0,184.000,50.000,234.000,184:1|234:1
CFG_021,A06,1,754.000,434.000,320.000,0.5756,0,2,0,184.000,50.000,234.000,184:1|234:1
CFG_021,A07,1,754.000,434.000,320.000,0.5756,0,2,0,184.000,50.000,234.000,184:1|234:1
CFG_021,A08,1,754.000,434.000,320.000,0.5756,0,2,0,184.000,50.000,234.000,184:1|234:1
CFG_021,A09,1,754.000,434.000,320.000,0.5756,0,2,0,184.000,50.000,234.000,184:1|234:1
CFG_021,A10,1,754.000,434.000,320.000,0.5756,0,2,0,184.000,50.000,234.000,184:1|234:1
CFG_021,A11,1,754.000,434.000,320.000,0.5756,0,2,0,184.000,50.000,234.000,184:1|234:1
CFG_021,A12,1,754.000,434.000,320.000,0.5756,0,2,0,184.000,50.000,234.000,184:1|234:1
CFG_021,A13,1,754.000,434.000,320.000,0.5756,0,2,0,184.000,50.000,234.000,184:1|234:1
CFG_021,A14,1,754.000,434.000,320.000,0.5756,0,2,0,184.000,50.000,234.000,184:1|234:1
CFG_021,A15,1,754.000,434.000,320.000,0.5756,0,2,0,184.000,50.000,234.000,184:1|234:1
CFG_021,B00,4,754.000,754.000,0.000,1.0000,2,0,1,114.000,0.000,114.000,114:4|234:1
CFG_021,B01,4,754.000,754.000,0.000,1.0000,2,0,1,114.000,0.000,114.000,114:4|234:1
CFG_021,B02,4,754.000,754.000,0.000,1.0000,2,0,1,114.000,0.000,114.000,114:4|234:1
CFG_021,B03,4,754.000,754.000,0.000,1.0000,2,0,1,114.000,0.000,114.000,114:4|234:1
CFG_021,B04,4,754.000,754.000,0.000,1.0000,2,0,1,114.000,0.000,114.000,114:4|234:1
CFG_021,B05,4,754.000,754.000,0.000,1.0000,2,0,1,114.000,0.000,114.000,114:4|234:1
CFG_021,B06,4,754.000,754.000,0.000,1.0000,2,0,1,114.000,0.000,114.000,114:4|234:1
CFG_021,B07,4,754.000,754.000,0.000,1.0000,2,0,1,114.000,0.000,114.000,114:4|234:1
CFG_021,B08,4,754.000,754.000,0.000,1.0000,2,0,1,114.000,0.000,114.000,114:4|234:1
CFG_021,B09,4,754.000,754.000,0.000,1.0000,2,0,1,114.000,0.000,114.000,114:4|234:1
CFG_021,B10,4,754.000,754.000,0.000,1.0000,2,0,1,114.000,0.000,114.000,114:4|234:1
CFG_021,B11,4,754.000,754.000,0.000,1.0000,2,0,1,114.000,0.000,114.000,114:4|234:1
CFG_021,B12,4,754.000,754.000,0.000,1.0000,2,0,1,114.000,0.000,114.000,114:4|234:1
CFG_021,B13,4,754.000,754.000,0.000,1.0000,2,0,1,114.000,0.000,114.000,114:4|234:1
CFG_021,B14,4,754.000,754.000,0.000,1.0000,2,0,1,114.000,0.000,114.000,114:4|234:1
CFG_021,B15,4,754.000,754.000,0.000,1.0000,2,0,1,114.000,0.000,114.000,114:4|234:1
CFG_021,B16,4,754.000,754.000,0.000,1.0000,2,0,1,114.000,0.000,114.000,114:4|234:1
CFG_021,B17,4,754.000,754.000,0.000,1.0000,2,0,1,114.000,0.000,114.000,114:4|234:1
CFG_021,B18,4,754.000,754.000,0.000,1.0000,2,0,1,114.000,0.000,114.000,114:4|234:1
CFG_021,B19,4,754.000,754.000,0.000,1.0000,2,2,1,114.000,0.000,114.000,114:4|234:1
CFG_021,B20,4,754.000,754.000,0.000,1.0000,2,2,1,114.000,0.000,114.000,114:4|234:1
CFG_021,B21,4,754.000,754.000,0.000,1.0000,2,0,1,114.000,0.000,114.000,114:4|234:1
CFG_021,D00,4,754.000,754.000,0.000,1.0000,4,1,0,114.000,0.000,114.000,114:4|234:1
CFG_021,D01,4,754.000,754.000,0.000,1.0000,4,1,0,114.000,0.000,114.000,114:4|234:1
CFG_021,D02,4,754.000,754.000,0.000,1.0000,4,1,0,114.000,0.000,114.000,114:4|234:1
CFG_021,D03,4,754.000,754.000,0.000,1.0000,4,1,0,114.000,0.000,114.000,114:4|234:1
CFG_021,D04,4,754.000,754.000,0.000,1.0000,4,1,0,114.000,0.000,114.000,114:4|234:1
CFG_021,D05,4,754.000,754.000,0.000,1.0000,4,1,0,114.000,0.000,114.000,114:4|234:1
CFG_021,D06,4,754.000,754.000,0.000,1.0000,4,1,0,114.000,0.000,114.000,114:4|234:1
CFG_021,D07,4,754.000,754.000,0.000,1.0000,4,1,0,114.000,0.000,114.000,114:4|234:1
CFG_021,D08,4,754.000,754.000,0.000,1.0000,4,1,0,114.000,0.000,114.000,114:4|234:1
CFG_021,D09,4,754.000,754.000,0.000,1.0000,4,1,0,114.000,0.000,114.000,114:4|234:1
CFG_021,D10,4,754.000,754.000,0.000,1.0000,4,1,0,114.000,0.000,114.000,114:4|234:1
CFG_021,D11,4,754.000,754.000,0.000,1.0000,4,1,0,114.000,0.000,114.000,114:4|234:1
CFG_021,D12,4,754.000,754.000,0.000,1.0000,4,1,0,114.000,0.000,114.000,114:4|234:1
CFG_021,D13,4,754.000,754.000,0.000,1.0000,4,1,0,114.000,0.000,114.000,114:4|234:1
CFG_021,D14,4,754.000,754.000,0.000,1.0000,4,1,0,114.000,0.000,114.000,114:4|234:1
CFG_021,D15,4,754.000,754.000,0.000,1.0000,4,1,0,114.000,0.000,114.000,114:4|234:1
CFG_021,D16,4,754.000,754.000,0.000,1.0000,4,0,0,114.000,0.000,114.000,114:4|234:1
CFG_021,D17,4,754.000,754.000,0.000,1.0000,4,0,0,114.000,0.000,114.000,114:4|234:1
CFG_021,D18,4,754.000,754.000,0.000,1.0000,4,0,0,114.000,0.000,114.000,114:4|234:1
CFG_021,D19,4,754.000,749.000,5.000,0.9934,2,1,1,114.000,0.000,114.000,114:4|229:1
CFG_021,D20,4,754.000,749.000,5.000,0.9934,2,1,1,114.000,0.000,114.000,114:4|229:1
CFG_021,D21,4,754.000,749.000,5.000,0.9934,2,0,1,114.000,0.000,114.000,114:4|229:1
CFG_021,E00,4,754.000,754.000,0.000,1.0000,4,2,0,114.000,0.000,114.000,114:4|234:1
CFG_021,E01,4,754.000,754.000,0.000,1.0000,4,2,0,114.000,0.000,114.000,114:4|234:1
CFG_021,E02,4,754.000,754.000,0.000,1.0000,4,2,0,114.000,0.000,114.000,114:4|234:1
CFG_021,E03,4,754.000,754.000,0.000,1.0000,4,2,0,114.000,0.000,114.000,114:4|234:1
CFG_021,E04,4,754.000,754.000,0.000,1.0000,4,2,0,114.000,0.000,114.000,114:4|234:1
CFG_021,E05,4,754.000,754.000,0.000,1.0000,4,2,0,114.000,0.000,114.000,114:4|234:1
CFG_021,E06,4,754.000,754.000,0.000,1.0000,4,2,0,114.000,0.000,114.000,114:4|234:1
CFG_021,E07,4,754.000,754.000,0.000,1.0000,4,2,0,114.000,0.000,114.000,114:4|234:1
CFG_021,E08,4,754.000,754.000,0.000,1.0000,4,2,0,114.000,0.000,114.000,114:4|234:1
CFG_021,E09,4,754.000,754.000,0.000,1.0000,4,2,0,114.000,0.000,114.000,114:4|234:1
CFG_021,E10,4,754.000,754.000,0.000,1.0000,4,2,0,114.000,0.000,114.000,114:4|234:1
CFG_021,E11,4,754.000,754.000,0.000,1.0000,4,2,0,114.000,0.000,114.000,114:4|234:1
CFG_021,E12,4,754.000,754.000,0.000,1.0000,4,2,0,114.000,0.000,114.000,114:4|234:1
CFG_021,E13,4,754.000,754.000,0.000,1.0000,4,2,0,114.000,0.000,114.000,114:4|234:1
CFG_021,E14,4,754.000,754.000,0.000,1.0000,4,2,0,114.000,0.000,114.000,114:4|234:1
CFG_021,E15,4,754.000,754.000,0.000,1.0000,4,2,0,114.000,0.000,114.000,114:4|234:1
CFG_021,E16,4,754.000,754.000,0.000,1.0000,4,2,0,114.000,0.000,114.000,114:4|234:1
CFG_021,E17,4,754.000,754.000,0.000,1.0000,4,2,0,114.000,0.000,114.000,114:4|234:1
CFG_021,E18,4,754.000,754.000,0.000,1.0000,4,2,0,114.000,0.000,114.000,114:4|234:1
CFG_021,E19,4,754.000,749.000,5.000,0.9934,3,2,0,114.000,0.000,114.000,114:4|229:1
CFG_021,E20,4,754.000,749.000,5.000,0.9934,3,2,0,114.000,0.000,114.000,114:4|229:1
CFG_021,E21,4,754.000,749.000,5.000,0.9934,3,0,0,114.000,0.000,114.000,114:4|229:1
CFG_021,F00,4,754.000,754.000,0.000,1.0000,4,1,0,114.000,0.000,114.000,114:4|234:1
CFG_021,F01,4,754.000,754.000,0.000,1.0000,4,1,0,114.000,0.000,114.000,114:4|234:1
CFG_021,F02,4,754.000,754.000,0.000,1.0000,4,1,0,114.000,0.000,114.000,114:4|234:1
CFG_021,F03,4,754.000,754.000,0.000,1.0000,4,1,0,114.000,0.000,114.000,114:4|234:1
CFG_021,F04,4,754.000,754.000,0.000,1.0000,4,1,0,114.000,0.000,114.000,114:4|234:1
CFG_021,F05,4,754.000,754.000,0.000,1.0000,4,1,0,114.000,0.000,114.000,114:4|234:1
CFG_021,F06,4,754.000,754.000,0.000,1.0000,4,1,0,114.000,0.000,114.000,114:4|234:1
CFG_021,F07,4,754.000,754.000,0.000,1.0000,4,2,0,114.000,0.000,114.000,114:4|234:1
CFG_021,F08,4,754.000,754.000,0.000,1.0000,4,2,0,114.000,0.000,114.000,114:4|234:1
CFG_021,F09,4,754.000,754.000,0.000,1.0000,4,2,0,114.000,0.000,114.000,114:4|234:1
CFG_021,F10,4,754.000,754.000,0.000,1.0000,4,2,0,114.000,0.000,114.000,114:4|234:1
CFG_021,F11,4,754.000,754.000,0.000,1.0000,4,2,0,114.000,0.000,114.000,114:4|234:1
CFG_021,F12,4,754.000,754.000,0.000,1.0000,4,2,0,114.000,0.000,114.000,114:4|234:1
CFG_021,F13,4,754.000,754.000,0.000,1.0000,4,2,0,114.000,0.000,114.000,114:4|234:1
CFG_021,F14,4,754.000,754.000,0.000,1.0000,4,2,0,114.000,0.000,114.000,114:4|234:1
CFG_021,F15,4,754.000,754.000,0.000,1.0000,4,2,0,114.000,0.000,114.000,114:4|234:1
CFG_021,F16,4,754.000,754.000,0.000,1.0000,4,2,0,114.000,0.000,114.000,114:4|234:1
CFG_021,F17,4,754.000,754.000,0.000,1.0000,4,2,0,114.000,0.000,114.000,114:4|234:1
CFG_021,F18,4,754.000,754.000,0.000,1.0000,4,2,0,114.000,0.000,114.000,114:4|234:1
CFG_021,F19,4,754.000,749.000,5.000,0.9934,3,2,0,114.000,0.000,114.000,114:4|229:1
CFG_021,F20,4,754.000,749.000,5.000,0.9934,3,2,0,114.000,0.000,114.000,114:4|229:1
CFG_021,F21,4,754.000,749.000,5.000,0.9934,3,1,0,114.000,0.000,114.000,114:4|229:1
CFG_021,G00,4,754.000,754.000,0.000,1.0000,4,1,0,114.000,0.000,114.000,114:4|234:1
CFG_021,G01,4,754.000,754.000,0.000,1.0000,4,1,0,114.000,0.000,114.000,114:4|234:1
CFG_021,G02,4,754.000,754.000,0.000,1.0000,4,1,0,114.000,0.000,114.000,114:4|234:1
CFG_021,G03,4,754.000,754.000,0.000,1.0000,4,1,0,114.000,0.000,114.000,114:4|234:1
CFG_021,G04,4,754.000,754.000,0.000,1.0000,4,1,0,114.000,0.000,114.000,114:4|234:1
CFG_021,G05,4,754.000,754.000,0.000,1.0000,4,1,0,114.000,0.000,114.000,114:4|234:1
CFG_021,G06,4,754.000,754.000,0.000,1.0000,4,1,0,114.000,0.000,114.000,114:4|234:1
CFG_021,G07,4,754.000,754.000,0.000,1.0000,4,1,0,114.000,0.000,114.000,114:4|234:1
CFG_021,G08,4,754.000,754.000,0.000,1.0000,4,1,0,114.000,0.000,114.000,114:4|234:1
CFG_021,G09,4,754.000,754.000,0.000,1.0000,4,1,0,114.000,0.000,114.000,114:4|234:1
CFG_021,G10,4,754.000,754.000,0.000,1.0000,4,1,0,114.000,0.000,114.000,114:4|234:1
CFG_021,G11,4,754.000,754.000,0.000,1.0000,4,1,0,114.000,0.000,114.000,114:4|234:1
CFG_021,G12,4,754.000,754.000,0.000,1.0000,4,1,0,114.000,0.000,114.000,114:4|234:1
CFG_021,G13,4,754.000,754.000,0.000,1.0000,4,1,0,114.000,0.000,114.000,114:4|234:1
CFG_021,G14,4,754.000,754.000,0.000,1.0000,4,1,0,114.000,0.000,114.000,114:4|234:1
CFG_021,G15,4,754.000,754.000,0.000,1.0000,4,1,0,114.000,0.000,114.000,114:4|234:1
CFG_021,G16,4,754.000,754.000,0.000,1.0000,4,1,0,114.000,0.000,114.000,114:4|234:1
CFG_021,G17,4,754.000,754.000,0.000,1.0000,4,1,0,114.000,0.000,114.000,114:4|234:1
CFG_021,G18,4,754.000,754.000,0.000,1.0000,4,1,0,114.000,0.000,114.000,114:4|234:1
CFG_021,G19,4,754.000,749.000,5.000,0.9934,3,1,0,114.000,0.000,114.000,114:4|229:1
CFG_021,G20,4,754.000,749.000,5.000,0.9934,3,1,0,114.000,0.000,114.000,114:4|229:1
CFG_021,G21,4,754.000,749.000,5.000,0.9934,3,0,0,114.000,0.000,114.000,114:4|229:1
CFG_021,H00,4,754.000,754.000,0.000,1.0000,4,0,0,114.000,0.000,114.000,114:4|234:1
CFG_021,H01,4,754.000,754.000,0.000,1.0000,4,0,0,114.000,0.000,114.000,114:4|234:1
CFG_021,H02,4,754.000,754.000,0.000,1.0000,4,0,0,114.000,0.000,114.000,114:4|234:1
CFG_021,H03,4,754.000,754.000,0.000,1.0000,4,0,0,114.000,0.000,114.000,114:4|234:1
CFG_021,H04,4,754.000,754.000,0.000,1.0000,4,0,0,114.000,0.000,114.000,114:4|234:1
CFG_021,H05,4,754.000,754.000,0.000,1.0000,4,0,0,114.000,0.000,114.000,114:4|234:1
CFG_021,H06,4,754.000,754.000,0.000,1.0000,4,0,0,114.000,0.000,114.000,114:4|234:1
CFG_021,H07,4,754.000,754.000,0.000,1.0000,4,0,0,114.000,0.000,114.000,114:4|234:1
CFG_021,H08,4,754.000,754.000,0.000,1.0000,4,0,0,114.000,0.000,114.000,114:4|234:1
CFG_021,H09,4,754.000,754.000,0.000,1.0000,4,0,0,114.000,0.000,114.000,114:4|234:1
CFG_021,H10,4,754.000,754.000,0.000,1.0000,4,0,0,114.000,0.000,114.000,114:4|234:1
CFG_021,H11,4,754.000,754.000,0.000,1.0000,4,0,0,114.000,0.000,114.000,114:4|234:1
CFG_021,H12,4,754.000,754.000,0.000,1.0000,4,0,0,114.000,0.000,114.000,114:4|234:1
CFG_021,H13,4,754.000,754.000,0.000,1.0000,4,0,0,114.000,0.000,114.000,114:4|234:1
CFG_021,H14,4,754.000,754.000,0.000,1.0000,4,0,0,114.000,0.000,114.000,114:4|234:1
CFG_021,H15,4,754.000,754.000,0.000,1.0000,4,0,0,114.000,0.000,114.000,114:4|234:1
CFG_021,H16,4,754.000,754.000,0.000,1.0000,4,0,0,114.000,0.000,114.000,114:4|234:1
CFG_021,H17,4,754.000,754.000,0.000,1.0000,4,0,0,114.000,0.000,114.000,114:4|234:1
CFG_021,H18,4,754.000,754.000,0.000,1.0000,4,0,0,114.000,0.000,114.000,114:4|234:1
CFG_021,H19,4,754.000,749.000,5.000,0.9934,2,1,1,114.000,0.000,114.000,114:4|229:1
CFG_021,H20,4,754.000,749.000,5.000,0.9934,2,1,1,114.000,0.000,114.000,114:4|229:1
CFG_021,H21,4,754.000,749.000,5.000,0.9934,2,0,1,114.000,0.000,114.000,114:4|229:1
CFG_021,I00,4,754.000,754.000,0.000,1.0000,4,0,0,114.000,0.000,114.000,114:4|234:1
CFG_021,I01,4,754.000,754.000,0.000,1.0000,4,0,0,114.000,0.000,114.000,114:4|234:1
CFG_021,I02,4,754.000,754.000,0.000,1.0000,4,0,0,114.000,0.000,114.000,114:4|234:1
CFG_021,I03,4,754.000,754.000,0.000,1.0000,4,0,0,114.000,0.000,114.000,114:4|234:1
CFG_021,I04,4,754.000,754.000,0.000,1.0000,4,0,0,114.000,0.000,114.000,114:4|234:1
CFG_021,I05,4,754.000,754.000,0.000,1.0000,4,0,0,114.000,0.000,114.000,114:4|234:1
CFG_021,I06,4,754.000,754.000,0.000,1.0000,4,0,0,114.000,0.000,114.000,114:4|234:1
CFG_021,I07,4,754.000,754.000,0.000,1.0000,4,0,0,114.000,0.000,114.000,114:4|234:1
CFG_021,I08,4,754.000,754.000,0.000,1.0000,4,0,0,114.000,0.000,114.000,114:4|234:1
CFG_021,I09,4,754.000,754.000,0.000,1.0000,4,0,0,114.000,0.000,114.000,114:4|234:1
CFG_021,I10,4,754.000,754.000,0.000,1.0000,4,0,0,114.000,0.000,114.000,114:4|234:1
CFG_021,I11,4,754.000,754.000,0.000,1.0000,4,0,0,114.000,0.000,114.000,114:4|234:1
CFG_021,I12,4,754.000,754.000,0.000,1.0000,4,0,0,114.000,0.000,114.000,114:4|234:1
CFG_021,I13,4,754.000,754.000,0.000,1.0000,4,0,0,114.000,0.000,114.000,114:4|234:1
CFG_021,I14,4,754.000,754.000,0.000,1.0000,4,0,0,114.000,0.000,114.000,114:4|234:1
CFG_021,I15,4,754.000,754.000,0.000,1.0000,4,0,0,114.000,0.000,114.000,114:4|234:1
CFG_021,I16,4,754.000,754.000,0.000,1.0000,4,0,0,114.000,0.000,114.000,114:4|234:1
CFG_021,I17,4,754.000,754.000,0.000,1.0000,4,0,0,114.000,0.000,114.000,114:4|234:1
CFG_021,I18,4,754.000,754.000,0.000,1.0000,4,0,0,114.000,0.000,114.000,114:4|234:1
CFG_021,I19,4,754.000,749.000,5.000,0.9934,2,1,1,114.000,0.000,114.000,114:4|229:1
CFG_021,I20,4,754.000,749.000,5.000,0.9934,2,1,1,114.000,0.000,114.000,114:4|229:1
CFG_021,I21,4,754.000,749.000,5.000,0.9934,2,0,1,114.000,0.000,114.000,114:4|229:1
CFG_021,J00,4,754.000,754.000,0.000,1.0000,4,1,0,114.000,0.000,114.000,114:4|234:1
CFG_021,J01,4,754.000,754.000,0.000,1.0000,4,1,0,114.000,0.000,114.000,114:4|234:1
CFG_021,J02,4,754.000,754.000,0.000,1.0000,4,1,0,114.000,0.000,114.000,114:4|234:1
CFG_021,J03,4,754.000,754.000,0.000,1.0000,4,1,0,114.000,0.000,114.000,114:4|234:1
CFG_021,J04,4,754.000,754.000,0.000,1.0000,4,0,0,114.000,0.000,114.000,114:4|234:1
CFG_021,J05,4,754.000,754.000,0.000,1.0000,4,0,0,114.000,0.000,114.000,114:4|234:1
CFG_021,J06,4,754.000,754.000,0.000,1.0000,4,0,0,114.000,0.000,114.000,114:4|234:1
CFG_021,J07,4,754.000,754.000,0.000,1.0000,4,0,0,114.000,0.000,114.000,114:4|234:1
CFG_021,J08,4,754.000,754.000,0.000,1.0000,4,0,0,114.000,0.000,114.000,114:4|234:1
CFG_021,J09,4,754.000,754.000,0.000,1.0000,4,0,0,114.000,0.000,114.000,114:4|234:1
CFG_021,J10,4,754.000,754.000,0.000,1.0000,4,0,0,114.000,0.000,114.000,114:4|234:1
CFG_021,J11,4,754.000,754.000,0.000,1.0000,4,0,0,114.000,0.000,114.000,114:4|234:1
CFG_021,J12,4,754.000,754.000,0.000,1.0000,4,0,0,114.000,0.000,114.000,114:4|234:1
CFG_021,J13,4,754.000,754.000,0.000,1.0000,4,0,0,114.000,0.000,114.000,114:4|234:1
CFG_021,J14,4,754.000,754.000,0.000,1.0000,4,0,0,114.000,0.000,114.000,114:4|234:1
CFG_021,J15,4,754.000,754.000,0.000,1.0000,4,0,0,114.000,0.000,114.000,114:4|234:1
CFG_021,J16,4,754.000,754.000,0.000,1.0000,4,0,0,114.000,0.000,114.000,114:4|234:1
CFG_021,J17,4,754.000,754.000,0.000,1.0000,4,0,0,114.000,0.000,114.000,114:4|234:1
CFG_021,J18,4,754.000,754.000,0.000,1.0000,4,0,0,114.000,0.000,114.000,114:4|234:1
CFG_021,J19,4,754.000,744.000,10.000,0.9867,2,1,1,114.000,0.000,114.000,114:4|224:1
CFG_021,J20,4,754.000,744.000,10.000,0.9867,2,1,1,114.000,0.000,114.000,114:4|224:1
CFG_021,J21,4,754.000,744.000,10.000,0.9867,2,0,1,114.000,0.000,114.000,114:4|224:1
CFG_021,K00,4,754.000,754.000,0.000,1.0000,4,1,0,114.000,0.000,114.000,114:4|234:1
CFG_021,K01,4,754.000,754.000,0.000,1.0000,4,1,0,114.000,0.000,114.000,114:4|234:1
CFG_021,K02,4,754.000,754.000,0.000,1.0000,4,1,0,114.000,0.000,114.000,114:4|234:1
CFG_021,K03,4,754.000,754.000,0.000,1.0000,4,1,0,114.000,0.000,114.000,114:4|234:1
CFG_021,K04,4,754.000,754.000,0.000,1.0000,4,0,0,114.000,0.000,114.000,114:4|234:1
CFG_021,K05,4,754.000,754.000,0.000,1.0000,4,0,0,114.000,0.000,114.000,114:4|234:1
CFG_021,K06,4,754.000,754.000,0.000,1.0000,4,0,0,114.000,0.000,114.000,114:4|234:1
CFG_021,K07,4,754.000,754.000,0.000,1.0000,3,1,0,114.000,0.000,114.000,114:4|234:1
CFG_021,K08,4,754.000,754.000,0.000,1.0000,4,1,0,114.000,0.000,114.000,114:4|234:1
CFG_021,K09,4,754.000,754.000,0.000,1.0000,4,1,0,114.000,0.000,114.000,114:4|234:1
CFG_021,K10,4,754.000,754.000,0.000,1.0000,4,1,0,114.000,0.000,114.000,114:4|234:1
CFG_021,K11,4,754.000,754.000,0.000,1.0000,4,1,0,114.000,0.000,114.000,114:4|234:1
CFG_021,K12,4,754.000,754.000,0.000,1.0000,4,1,0,114.000,0.000,114.000,114:4|234:1
CFG_021,K13,4,754.000,754.000,0.000,1.0000,4,1,0,114.000,0.000,114.000,114:4|234:1
CFG_021,K14,4,754.000,754.000,0.000,1.0000,4,1,0,114.000,0.000,114.000,114:4|234:1
CFG_021,K15,4,754.000,754.000,0.000,1.0000,4,1,0,114.000,0.000,114.000,114:4|234:1
CFG_021,K16,4,754.000,754.000,0.000,1.0000,4,1,0,114.000,0.000,114.000,114:4|234:1
CFG_021,K17,4,754.000,754.000,0.000,1.0000,4,1,0,114.000,0.000,114.000,114:4|234:1
CFG_021,K18,4,754.000,754.000,0.000,1.0000,4,1,0,114.000,0.000,114.000,114:4|234:1
CFG_021,K19,4,754.000,744.000,10.000,0.9867,2,0,1,114.000,0.000,114.000,114:4|224:1
CFG_021,K20,4,754.000,744.000,10.000,0.9867,2,0,1,114.000,0.000,114.000,114:4|224:1
CFG_021,K21,4,754.000,744.000,10.000,0.9867,2,0,1,114.000,0.000,114.000,114:4|224:1
CFG_022,A00,3,754.000,754.000,0.000,1.0000,2,0,0,109.000,0.000,109.000,109:1|179:1|184:1|234:1
CFG_022,A01,3,754.000,754.000,0.000,1.0000,2,0,0,109.000,0.000,109.000,109:1|179:1|184:1|234:1
CFG_022,A02,3,754.000,754.000,0.000,1.0000,2,0,0,109.000,0.000,109.000,109:1|179:1|184:1|234:1
CFG_022,A03,3,754.000,754.000,0.000,1.0000,2,0,0,109.000,0.000,109.000,109:1|179:1|184:1|234:1
CFG_022,A04,3,754.000,754.000,0.000,1.0000,2,0,0,109.000,0.000,109.000,109:1|179:1|184:1|234:1
CFG_022,A05,3,754.000,754.000,0.000,1.0000,2,0,0,109.000,0.000,109.000,109:1|179:1|184:1|234:1
CFG_022,A06,3,754.000,754.000,0.000,1.0000,2,0,0,109.000,0.000,109.000,109:1|179:1|184:1|234:1
CFG_022,A07,3,754.000,754.000,0.000,1.0000,2,0,0,109.000,0.000,109.000,109:1|179:1|184:1|234:1
CFG_022,A08,3,754.000,754.000,0.000,1.0000,2,0,0,109.000,0.000,109.000,109:1|179:1|184:1|234:1
CFG_022,A09,3,754.000,754.000,0.000,1.0000,2,0,0,109.000,0.000,109.000,109:1|179:1|184:1|234:1
CFG_022,A10,3,754.000,754.000,0.000,1.0000,2,0,0,109.000,0.000,109.000,109:1|179:1|184:1|234:1
CFG_022,A11,3,754.000,754.000,0.000,1.0000,2,0,0,109.000,0.000,109.000,109:1|179:1|184:1|234:1
CFG_022,A12,3,754.000,754.000,0.000,1.0000,2,0,0,109.000,0.000,109.000,109:1|179:1|184:1|234:1
CFG_022,A13,3,754.000,754.000,0.000,1.0000,2,0,0,109.000,0.000,109.000,109:1|179:1|184:1|234:1
CFG_022,A14,3,754.000,754.000,0.000,1.0000,2,0,0,109.000,0.000,109.000,109:1|179:1|184:1|234:1
CFG_022,A15,3,754.000,754.000,0.000,1.0000,2,0,0,109.000,0.000,109.000,109:1|179:1|184:1|234:1
CFG_022,B00,4,754.000,754.000,0.000,1.0000,2,0,1,114.000,0.000,114.000,114:4|234:1
CFG_022,B01,4,754.000,754.000,0.000,1.0000,2,0,1,114.000,0.000,114.000,114:4|234:1
CFG_022,B02,4,754.000,754.000,0.000,1.0000,2,0,1,114.000,0.000,114.000,114:4|234:1
CFG_022,B03,4,754.000,754.000,0.000,1.0000,2,0,1,114.000,0.000,114.000,114:4|234:1
CFG_022,B04,4,754.000,754.000,0.000,1.0000,2,0,1,114.000,0.000,114.000,114:4|234:1
CFG_022,B05,4,754.000,754.000,0.000,1.0000,2,0,1,114.000,0.000,114.000,114:4|234:1
CFG_022,B06,4,754.000,754.000,0.000,1.0000,2,0,1,114.000,0.000,114.000,114:4|234:1
CFG_022,B07,4,754.000,754.000,0.000,1.0000,2,0,1,114.000,0.000,114.000,114:4|234:1
CFG_022,B08,4,754.000,754.000,0.000,1.0000,2,0,1,114.000,0.000,114.000,114:4|234:1
CFG_022,B09,4,754.000,754.000,0.000,1.0000,2,0,1,114.000,0.000,114.000,114:4|234:1
CFG_022,B10,4,754.000,754.000,0.000,1.0000,2,0,1,114.000,0.000,114.000,114:4|234:1
CFG_022,B11,4,754.000,754.000,0.000,1.0000,2,0,1,114.000,0.000,114.000,114:4|234:1
CFG_022,B12,4,754.000,754.000,0.000,1.0000,2,0,1,114.000,0.000,114.000,114:4|234:1
CFG_022,B13,4,754.000,754.000,0.000,1.0000,2,0,1,114.000,0.000,114.000,114:4|234:1
CFG_022,B14,4,754.000,754.000,0.000,1.0000,2,0,1,114.000,0.000,114.000,114:4|234:1
CFG_022,B15,4,754.000,754.000,0.000,1.0000,2,0,1,114.000,0.000,114.000,114:4|234:1
CFG_022,B16,4,754.000,754.000,0.000,1.0000,2,0,1,114.000,0.000,114.000,114:4|234:1
CFG_022,B17,4,754.000,754.000,0.000,1.0000,2,0,1,114.000,0.000,114.000,114:4|234:1
CFG_022,B18,4,754.000,754.000,0.000,1.0000,2,0,1,114.000,0.000,114.000,114:4|234:1
CFG_022,B19,4,754.000,734.000,20.000,0.9735,2,2,1,84.000,30.000,114.000,84:3|184:1|234:1
CFG_022,B20,4,754.000,734.000,20.000,0.9735,2,2,1,84.000,30.000,114.000,84:3|184:1|234:1
CFG_022,B21,4,754.000,734.000,20.000,0.9735,2,0,1,84.000,30.000,114.000,84:3|184:1|234:1
CFG_022,D00,3,754.000,754.000,0.000,1.0000,3,2,0,109.000,0.000,109.000,109:1|179:1|184:1|234:1
CFG_022,D01,3,754.000,754.000,0.000,1.0000,3,2,0,109.000,0.000,109.000,109:1|179:1|184:1|234:1
CFG_022,D02,3,754.000,754.000,0.000,1.0000,3,2,0,109.000,0.000,109.000,109:1|179:1|184:1|234:1
CFG_022,D03,3,754.000,754.000,0.000,1.0000,3,2,0,109.000,0.000,109.000,109:1|179:1|184:1|234:1
CFG_022,D04,3,754.000,754.000,0.000,1.0000,3,2,0,109.000,0.000,109.000,109:1|179:1|184:1|234:1
CFG_022,D05,3,754.000,754.000,0.000,1.0000,3,2,0,109.000,0.000,109.000,109:1|179:1|184:1|234:1
CFG_022,D06,3,754.000,754.000,0.000,1.0000,3,2,0,109.000,0.000,109.000,109:1|179:1|184:1|234:1
CFG_022,D07,3,754.000,754.000,0.000,1.0000,3,2,0,109.000,0.000,109.000,109:1|179:1|184:1|234:1
CFG_022,D08,3,754.000,754.000,0.000,1.0000,3,2,0,109.000,0.000,109.000,109:1|179:1|184:1|234:1
CFG_022,D09,3,754.000,754.000,0.000,1.0000,3,2,0,109.000,0.000,109.000,109:1|179:1|184:1|234:1
CFG_022,D10,3,754.000,754.000,0.000,1.0000,3,2,0,109.000,0.000,109.000,109:1|179:1|184:1|234:1
CFG_022,D11,3,754.000,754.000,0.000,1.0000,3,2,0,109.000,0.000,109.000,109:1|179:1|184:1|234:1
CFG_022,D12,3,754.000,754.000,0.000,1.0000,3,2,0,109.000,0.000,109.000,109:1|179:1|184:1|234:1
CFG_022,D13,3,754.000,754.000,0.000,1.0000,3,2,0,109.000,0.000,109.000,109:1|179:1|184:1|234:1
CFG_022,D14,3,754.000,754.000,0.000,1.0000,3,2,0,109.000,0.000,109.000,109:1|179:1|184:1|234:1
CFG_022,D15,3,754.000,754.000,0.000,1.0000,3,2,0,109.000,0.000,109.000,109:1|179:1|184:1|234:1
CFG_022,D16,3,754.000,754.000,0.000,1.0000,3,1,0,109.000,0.000,109.000,109:1|179:1|184:1|234:1
CFG_022,D17,3,754.000,754.000,0.000,1.0000,3,1,0,109.000,0.000,109.000,109:1|179:1|184:1|234:1
CFG_022,D18,3,754.000,754.000,0.000,1.0000,3,1,0,109.000,0.000,109.000,109:1|179:1|184:1|234:1
CFG_022,D19,5,754.000,729.000,25.000,0.9668,2,1,2,84.000,30.000,114.000,84:5|229:1
CFG_022,D20,5,754.000,729.000,25.000,0.9668,2,1,2,84.000,30.000,114.000,84:5|229:1
CFG_022,D21,5,754.000,729.000,25.000,0.9668,2,0,2,84.000,30.000,114.000,84:5|229:1
CFG_022,E00,4,754.000,754.000,0.000,1.0000,4,2,0,114.000,0.000,114.000,114:4|234:1
CFG_022,E01,4,754.000,754.000,0.000,1.0000,4,2,0,114.000,0.000,114.000,114:4|234:1
CFG_022,E02,4,754.000,754.000,0.000,1.0000,4,2,0,114.000,0.000,114.000,114:4|234:1
CFG_022,E03,4,754.000,754.000,0.000,1.0000,4,2,0,114.000,0.000,114.000,114:4|234:1
CFG_022,E04,4,754.000,754.000,0.000,1.0000,4,2,0,114.000,0.000,114.000,114:4|234:1
CFG_022,E05,4,754.000,754.000,0.000,1.0000,4,2,0,114.000,0.000,114.000,114:4|234:1
CFG_022,E06,4,754.000,754.000,0.000,1.0000,4,2,0,114.000,0.000,114.000,114:4|234:1
CFG_022,E07,4,754.000,754.000,0.000,1.0000,4,2,0,114.000,0.000,114.000,114:4|234:1
CFG_022,E08,4,754.000,754.000,0.000,1.0000,4,2,0,114.000,0.000,114.000,114:4|234:1
CFG_022,E09,4,754.000,754.000,0.000,1.0000,4,2,0,114.000,0.000,114.000,114:4|234:1
CFG_022,E10,4,754.000,754.000,0.000,1.0000,4,2,0,114.000,0.000,114.000,114:4|234:1
CFG_022,E11,4,754.000,754.000,0.000,1.0000,4,2,0,114.000,0.000,114.000,114:4|234:1
CFG_022,E12,4,754.000,754.000,0.000,1.0000,4,2,0,114.000,0.000,114.000,114:4|234:1
CFG_022,E13,4,754.000,754.000,0.000,1.0000,4,2,0,114.000,0.000,114.000,114:4|234:1
CFG_022,E14,4,754.000,754.000,0.000,1.0000,4,2,0,114.000,0.000,114.000,114:4|234:1
CFG_022,E15,4,754.000,754.000,0.000,1.0000,4,2,0,114.000,0.000,114.000,114:4|234:1
CFG_022,E16,4,754.000,754.000,0.000,1.0000,4,2,0,114.000,0.000,114.000,114:4|234:1
CFG_022,E17,4,754.000,754.000,0.000,1.0000,4,2,0,114.000,0.000,114.000,114:4|234:1
CFG_022,E18,4,754.000,754.000,0.000,1.0000,4,2,0,114.000,0.000,114.000,114:4|234:1
CFG_022,E19,4,754.000,659.000,95.000,0.8740,3,2,0,84.000,100.000,184.000,84:3|114:1|229:1
CFG_022,E20,4,754.000,659.000,95.000,0.8740,3,2,0,84.000,100.000,184.000,84:3|114:1|229:1
CFG_022,E21,4,754.000,659.000,95.000,0.8740,3,0,0,84.000,100.000,184.000,84:3|114:1|229:1
CFG_022,F00,4,754.000,754.000,0.000,1.0000,4,1,0,114.000,0.000,114.000,114:4|234:1
CFG_022,F01,4,754.000,754.000,0.000,1.0000,4,1,0,114.000,0.000,114.000,114:4|234:1
CFG_022,F02,4,754.000,754.000,0.000,1.0000,4,1,0,114.000,0.000,114.000,114:4|234:1
CFG_022,F03,4,754.000,754.000,0.000,1.0000,4,1,0,114.000,0.000,114.000,114:4|234:1
CFG_022,F04,4,754.000,754.000,0.000,1.0000,4,1,0,114.000,0.000,114.000,114:4|234:1
CFG_022,F05,4,754.000,754.000,0.000,1.0000,4,1,0,114.000,0.000,114.000,114:4|234:1
CFG_022,F06,4,754.000,754.000,0.000,1.0000,4,1,0,114.000,0.000,114.000,114:4|234:1
CFG_022,F07,4,754.000,754.000,0.000,1.0000,4,2,0,114.000,0.000,114.000,114:4|234:1
CFG_022,F08,4,754.000,754.000,0.000,1.0000,4,2,0,114.000,0.000,114.000,114:4|234:1
CFG_022,F09,4,754.000,754.000,0.000,1.0000,4,2,0,114.000,0.000,114.000,114:4|234:1
CFG_022,F10,4,754.000,754.000,0.000,1.0000,4,2,0,114.000,0.000,114.000,114:4|234:1
CFG_022,F11,4,754.000,754.000,0.000,1.0000,4,2,0,114.000,0.000,114.000,114:4|234:1
CFG_022,F12,4,754.000,754.000,0.000,1.0000,4,2,0,114.000,0.000,114.000,114:4|234:1
CFG_022,F13,4,754.000,754.000,0.000,1.0000,4,2,0,114.000,0.000,114.000,114:4|234:1
CFG_022,F14,4,754.000,754.000,0.000,1.0000,4,2,0,114.000,0.000,114.000,114:4|234:1
CFG_022,F15,4,754.000,754.000,0.000,1.0000,4,2,0,114.000,0.000,114.000,114:4|234:1
CFG_022,F16,4,754.000,754.000,0.000,1.0000,4,2,0,114.000,0.000,114.000,114:4|234:1
CFG_022,F17,4,754.000,754.000,0.000,1.0000,4,2,0,114.000,0.000,114.000,114:4|234:1
CFG_022,F18,4,754.000,754.000,0.000,1.0000,4,2,0,114.000,0.000,114.000,114:4|234:1
CFG_022,F19,4,754.000,729.000,25.000,0.9668,3,2,0,84.000,30.000,114.000,84:3|184:1|229:1
CFG_022,F20,4,754.000,729.000,25.000,0.9668,3,2,0,84.000,30.000,114.000,84:3|184:1|229:1
CFG_022,F21,4,754.000,729.000,25.000,0.9668,3,1,0,84.000,30.000,114.000,84:3|184:1|229:1
CFG_022,G00,4,754.000,754.000,0.000,1.0000,4,1,0,114.000,0.000,114.000,114:4|234:1
CFG_022,G01,4,754.000,754.000,0.000,1.0000,4,1,0,114.000,0.000,114.000,114:4|234:1
CFG_022,G02,4,754.000,754.000,0.000,1.0000,4,1,0,114.000,0.000,114.000,114:4|234:1
CFG_022,G03,4,754.000,754.000,0.000,1.0000,4,1,0,114.000,0.000,114.000,114:4|234:1
CFG_022,G04,4,754.000,754.000,0.000,1.0000,4,1,0,114.000,0.000,114.000,114:4|234:1
CFG_022,G05,4,754.000,754.000,0.000,1.0000,4,1,0,114.000,0.000,114.000,114:4|234:1
CFG_022,G06,4,754.000,754.000,0.000,1.0000,4,1,0,114.000,0.000,114.000,114:4|234:1
CFG_022,G07,4,754.000,754.000,0.000,1.0000,4,1,0,114.000,0.000,114.000,114:4|234:1
CFG_022,G08,4,754.000,754.000,0.000,1.0000,4,1,0,114.000,0.000,114.000,114:4|234:1
CFG_022,G09,4,754.000,754.000,0.000,1.0000,4,1,0,114.000,0.000,114.000,114:4|234:1
CFG_022,G10,4,754.000,754.000,0.000,1.0000,4,1,0,114.000,0.000,114.000,114:4|234:1
CFG_022,G11,4,754.000,754.000,0.000,1.0000,4,1,0,114.000,0.000,114.000,114:4|234:1
CFG_022,G12,4,754.000,754.000,0.000,1.0000,4,1,0,114.000,0.000,114.000,114:4|234:1
CFG_022,G13,4,754.000,754.000,0.000,1.0000,4,1,0,114.000,0.000,114.000,114:4|234:1
CFG_022,G14,4,754.000,754.000,0.000,1.0000,4,1,0,114.000,0.000,114.000,114:4|234:1
CFG_022,G15,4,754.000,754.000,0.000,1.0000,4,1,0,114.000,0.000,114.000,114:4|234:1
CFG_022,G16,4,754.000,754.000,0.000,1.0000,4,1,0,114.000,0.000,114.000,114:4|234:1
CFG_022,G17,4,754.000,754.000,0.000,1.0000,4,1,0,114.000,0.000,114.000,114:4|234:1
CFG_022,G18,4,754.000,754.000,0.000,1.0000,4,1,0,114.000,0.000,114.000,114:4|234:1
CFG_022,G19,4,754.000,729.000,25.000,0.9668,3,1,0,84.000,30.000,114.000,84:3|184:1|229:1
CFG_022,G20,4,754.000,729.000,25.000,0.9668,3,1,0,84.000,30.000,114.000,84:3|184:1|229:1
CFG_022,G21,4,754.000,729.000,25.000,0.9668,3,0,0,84.000,30.000,114.000,84:3|184:1|229:1
CFG_022,H00,3,754.000,754.000,0.000,1.0000,3,1,0,109.000,0.000,109.000,109:1|179:1|184:1|234:1
CFG_022,H01,3,754.000,754.000,0.000,1.0000,3,1,0,109.000,0.000,109.000,109:1|179:1|184:1|234:1
CFG_022,H02,3,754.000,754.000,0.000,1.0000,3,1,0,109.000,0.000,109.000,109:1|179:1|184:1|234:1
CFG_022,H03,3,754.000,754.000,0.000,1.0000,3,1,0,109.000,0.000,109.000,109:1|179:1|184:1|234:1
CFG_022,H04,3,754.000,754.000,0.000,1.0000,3,1,0,109.000,0.000,109.000,109:1|179:1|184:1|234:1
CFG_022,H05,3,754.000,754.000,0.000,1.0000,3,1,0,109.000,0.000,109.000,109:1|179:1|184:1|234:1
CFG_022,H06,3,754.000,754.000,0.000,1.0000,3,1,0,109.000,0.000,109.000,109:1|179:1|184:1|234:1
CFG_022,H07,3,754.000,754.000,0.000,1.0000,3,1,0,109.000,0.000,109.000,109:1|179:1|184:1|234:1
CFG_022,H08,3,754.000,754.000,0.000,1.0000,3,1,0,109.000,0.000,109.000,109:1|179:1|184:1|234:1
CFG_022,H09,3,754.000,754.000,0.000,1.0000,3,1,0,109.000,0.000,109.000,109:1|179:1|184:1|234:1
CFG_022,H10,3,754.000,754.000,0.000,1.0000,3,1,0,109.000,0.000,109.000,109:1|179:1|184:1|234:1
CFG_022,H11,3,754.000,754.000,0.000,1.0000,3,1,0,109.000,0.000,109.000,109:1|179:1|184:1|234:1
CFG_022,H12,3,754.000,754.000,0.000,1.0000,3,1,0,109.000,0.000,109.000,109:1|179:1|184:1|234:1
CFG_022,H13,3,754.000,754.000,0.000,1.0000,3,1,0,109.000,0.000,109.000,109:1|179:1|184:1|234:1
CFG_022,H14,3,754.000,754.000,0.000,1.0000,3,1,0,109.000,0.000,109.000,109:1|179:1|184:1|234:1
CFG_022,H15,3,754.000,754.000,0.000,1.0000,3,1,0,109.000,0.000,109.000,109:1|179:1|184:1|234:1
CFG_022,H16,3,754.000,754.000,0.000,1.0000,3,1,0,109.000,0.000,109.000,109:1|179:1|184:1|234:1
CFG_022,H17,3,754.000,754.000,0.000,1.0000,3,1,0,109.000,0.000,109.000,109:1|179:1|184:1|234:1
CFG_022,H18,3,754.000,754.000,0.000,1.0000,3,1,0,109.000,0.000,109.000,109:1|179:1|184:1|234:1
CFG_022,H19,5,754.000,729.000,25.000,0.9668,2,1,2,84.000,30.000,114.000,84:5|229:1
CFG_022,H20,5,754.000,729.000,25.000,0.9668,2,1,2,84.000,30.000,114.000,84:5|229:1
CFG_022,H21,5,754.000,729.000,25.000,0.9668,2,0,2,84.000,30.000,114.000,84:5|229:1
CFG_022,I00,4,754.000,754.000,0.000,1.0000,4,0,0,114.000,0.000,114.000,114:4|234:1
CFG_022,I01,4,754.000,754.000,0.000,1.0000,4,0,0,114.000,0.000,114.000,114:4|234:1
CFG_022,I02,4,754.000,754.000,0.000,1.0000,4,0,0,114.000,0.000,114.000,114:4|234:1
CFG_022,I03,4,754.000,754.000,0.000,1.0000,4,0,0,114.000,0.000,114.000,114:4|234:1
CFG_022,I04,4,754.000,754.000,0.000,1.0000,4,0,0,114.000,0.000,114.000,114:4|234:1
CFG_022,I05,4,754.000,754.000,0.000,1.0000,4,0,0,114.000,0.000,114.000,114:4|234:1
CFG_022,I06,4,754.000,754.000,0.000,1.0000,4,0,0,114.000,0.000,114.000,114:4|234:1
CFG_022,I07,4,754.000,754.000,0.000,1.0000,4,0,0,114.000,0.000,114.000,114:4|234:1
CFG_022,I08,4,754.000,754.000,0.000,1.0000,4,0,0,114.000,0.000,114.000,114:4|234:1
CFG_022,I09,4,754.000,754.000,0.000,1.0000,4,0,0,114.000,0.000,114.000,114:4|234:1
CFG_022,I10,4,754.000,754.000,0.000,1.0000,4,0,0,114.000,0.000,114.000,114:4|234:1
CFG_022,I11,4,754.000,754.000,0.000,1.0000,4,0,0,114.000,0.000,114.000,114:4|234:1
CFG_022,I12,4,754.000,754.000,0.000,1.0000,4,0,0,114.000,0.000,114.000,114:4|234:1
CFG_022,I13,4,754.000,754.000,0.000,1.0000,4,0,0,114.000,0.000,114.000,114:4|234:1
CFG_022,I14,4,754.000,754.000,0.000,1.0000,4,0,0,114.000,0.000,114.000,114:4|234:1
CFG_022,I15,4,754.000,754.000,0.000,1.0000,4,0,0,114.000,0.000,114.000,114:4|234:1
CFG_022,I16,4,754.000,754.000,0.000,1.0000,4,0,0,114.000,0.000,114.000,114:4|234:1
CFG_022,I17,4,754.000,754.000,0.000,1.0000,4,0,0,114.000,0.000,114.000,114:4|234:1
CFG_022,I18,4,754.000,754.000,0.000,1.0000,4,0,0,114.000,0.000,114.000,114:4|234:1
CFG_022,I19,4,754.000,729.000,25.000,0.9668,2,1,1,84.000,30.000,114.000,84:3|184:1|229:1
CFG_022,I20,4,754.000,729.000,25.000,0.9668,2,1,1,84.000,30.000,114.000,84:3|184:1|229:1
CFG_022,I21,4,754.000,729.000,25.000,0.9668,2,0,1,84.000,30.000,114.000,84:3|184:1|229:1
CFG_022,J00,4,754.000,754.000,0.000,1.0000,4,1,0,114.000,0.000,114.000,114:4|234:1
CFG_022,J01,4,754.000,754.000,0.000,1.0000,4,1,0,114.000,0.000,114.000,114:4|234:1
CFG_022,J02,4,754.000,754.000,0.000,1.0000,4,1,0,114.000,0.000,114.000,114:4|234:1
CFG_022,J03,4,754.000,754.000,0.000,1.0000,4,1,0,114.000,0.000,114.000,114:4|234:1
CFG_022,J04,4,754.000,754.000,0.000,1.0000,4,0,0,114.000,0.000,114.000,114:4|234:1
CFG_022,J05,4,754.000,754.000,0.000,1.0000,4,0,0,114.000,0.000,114.000,114:4|234:1
CFG_022,J06,4,754.000,754.000,0.000,1.0000,4,0,0,114.000,0.000,114.000,114:4|234:1
CFG_022,J07,4,754.000,754.000,0.000,1.0000,4,0,0,114.000,0.000,114.000,114:4|234:1
CFG_022,J08,4,754.000,754.000,0.000,1.0000,4,0,0,114.000,0.000,114.000,114:4|234:1
CFG_022,J09,4,754.000,754.000,0.000,1.0000,4,0,0,114.000,0.000,114.000,114:4|234:1
CFG_022,J10,4,754.000,754.000,0.000,1.0000,4,0,0,114.000,0.000,114.000,114:4|234:1
CFG_022,J11,4,754.000,754.000,0.000,1.0000,4,0,0,114.000,0.000,114.000,114:4|234:1
CFG_022,J12,4,754.000,754.000,0.000,1.0000,4,0,0,114.000,0.000,114.000,114:4|234:1
CFG_022,J13,4,754.000,754.000,0.000,1.0000,4,0,0,114.000,0.000,114.000,114:4|234:1
CFG_022,J14,4,754.000,754.000,0.000,1.0000,4,0,0,114.000,0.000,114.000,114:4|234:1
CFG_022,J15,4,754.000,754.000,0.000,1.0000,4,0,0,114.000,0.000,114.000,114:4|234:1
CFG_022,J16,4,754.000,754.000,0.000,1.0000,4,0,0,114.000,0.000,114.000,114:4|234:1
CFG_022,J17,4,754.000,754.000,0.000,1.0000,4,0,0,114.000,0.000,114.000,114:4|234:1
CFG_022,J18,4,754.000,754.000,0.000,1.0000,4,0,0,114.000,0.000,114.000,114:4|234:1
CFG_022,J19,5,754.000,754.000,0.000,1.0000,2,1,2,84.000,0.000,84.000,84:4|114:1|224:1
CFG_022,J20,5,754.000,754.000,0.000,1.0000,2,1,2,84.000,0.000,84.000,84:4|114:1|224:1
CFG_022,J21,5,754.000,754.000,0.000,1.0000,2,0,2,84.000,0.000,84.000,84:4|114:1|224:1
CFG_022,K00,4,754.000,754.000,0.000,1.0000,4,1,0,114.000,0.000,114.000,114:4|234:1
CFG_022,K01,4,754.000,754.000,0.000,1.0000,4,1,0,114.000,0.000,114.000,114:4|234:1
CFG_022,K02,4,754.000,754.000,0.000,1.0000,4,1,0,114.000,0.000,114.000,114:4|234:1
CFG_022,K03,4,754.000,754.000,0.000,1.0000,4,1,0,114.000,0.000,114.000,114:4|234:1
CFG_022,K04,4,754.000,754.000,0.000,1.0000,4,0,0,114.000,0.000,114.000,114:4|234:1
CFG_022,K05,4,754.000,754.000,0.000,1.0000,4,0,0,114.000,0.000,114.000,114:4|234:1
CFG_022,K06,4,754.000,754.000,0.000,1.0000,4,0,0,114.000,0.000,114.000,114:4|234:1
CFG_022,K07,4,754.000,754.000,0.000,1.0000,3,1,0,114.000,0.000,114.000,114:4|234:1
CFG_022,K08,4,754.000,754.000,0.000,1.0000,4,1,0,114.000,0.000,114.000,114:4|234:1
CFG_022,K09,4,754.000,754.000,0.000,1.0000,4,1,0,114.000,0.000,114.000,114:4|234:1
CFG_022,K10,4,754.000,754.000,0.000,1.0000,4,1,0,114.000,0.000,114.000,114:4|234:1
CFG_022,K11,4,754.000,754.000,0.000,1.0000,4,1,0,114.000,0.000,114.000,114:4|234:1
CFG_022,K12,4,754.000,754.000,0.000,1.0000,4,1,0,114.000,0.000,114.000,114:4|234:1
CFG_022,K13,4,754.000,754.000,0.000,1.0000,4,1,0,114.000,0.000,114.000,114:4|234:1
CFG_022,K14,4,754.000,754.000,0.000,1.0000,4,1,0,114.000,0.000,114.000,114:4|234:1
CFG_022,K15,4,754.000,754.000,0.000,1.0000,4,1,0,114.000,0.000,114.000,114:4|234:1
CFG_022,K16,4,754.000,754.000,0.000,1.0000,4,1,0,114.000,0.000,114.000,114:4|234:1
CFG_022,K17,4,754.000,754.000,0.000,1.0000,4,1,0,114.000,0.000,114.000,114:4|234:1
CFG_022,K18,4,754.000,754.000,0.000,1.0000,4,1,0,114.000,0.000,114.000,114:4|234:1
CFG_022,K19,4,754.000,724.000,30.000,0.9602,2,0,1,84.000,30.000,114.000,84:3|184:1|224:1
CFG_022,K20,4,754.000,724.000,30.000,0.9602,2,0,1,84.000,30.000,114.000,84:3|184:1|224:1
CFG_022,K21,5,754.000,754.000,0.000,1.0000,2,0,2,84.000,0.000,84.000,84:4|114:1|224:1
CFG_023,A00,3,754.000,754.000,0.000,1.0000,2,0,0,84.000,0.000,84.000,84:1|159:1|229:1|234:1
CFG_023,A01,3,754.000,754.000,0.000,1.0000,2,0,0,84.000,0.000,84.000,84:1|159:1|229:1|234:1
CFG_023,A02,3,754.000,754.000,0.000,1.0000,2,0,0,84.000,0.000,84.000,84:1|159:1|229:1|234:1
CFG_023,A03,3,754.000,754.000,0.000,1.0000,2,0,0,84.000,0.000,84.000,84:1|159:1|229:1|234:1
CFG_023,A04,3,754.000,754.000,0.000,1.0000,2,0,0,84.000,0.000,84.000,84:1|159:1|229:1|234:1
CFG_023,A05,3,754.000,754.000,0.000,1.0000,2,0,0,84.000,0.000,84.000,84:1|159:1|229:1|234:1
CFG_023,A06,3,754.000,754.000,0.000,1.0000,2,0,0,84.000,0.000,84.000,84:1|159:1|229:1|234:1
CFG_023,A07,3,754.000,754.000,0.000,1.0000,2,0,0,84.000,0.000,84.000,84:1|159:1|229:1|234:1
CFG_023,A08,3,754.000,754.000,0.000,1.0000,2,0,0,84.000,0.000,84.000,84:1|159:1|229:1|234:1
CFG_023,A09,3,754.000,754.000,0.000,1.0000,2,0,0,84.000,0.000,84.000,84:1|159:1|229:1|234:1
CFG_023,A10,3,754.000,754.000,0.000,1.0000,2,0,0,84.000,0.000,84.000,84:1|159:1|229:1|234:1
CFG_023,A11,3,754.000,754.000,0.000,1.0000,2,0,0,84.000,0.000,84.000,84:1|159:1|229:1|234:1
CFG_023,A12,3,754.000,754.000,0.000,1.0000,2,0,0,84.000,0.000,84.000,84:1|159:1|229:1|234:1
CFG_023,A13,3,754.000,754.000,0.000,1.0000,2,0,0,84.000,0.000,84.000,84:1|159:1|229:1|234:1
CFG_023,A14,3,754.000,754.000,0.000,1.0000,2,0,0,84.000,0.000,84.000,84:1|159:1|229:1|234:1
CFG_023,A15,3,754.000,754.000,0.000,1.0000,2,0,0,84.000,0.000,84.000,84:1|159:1|229:1|234:1
CFG_023,B00,3,754.000,754.000,0.000,1.0000,2,0,0,84.000,0.000,84.000,84:1|159:1|229:1|234:1
CFG_023,B01,3,754.000,754.000,0.000,1.0000,2,0,0,84.000,0.000,84.000,84:1|159:1|229:1|234:1
CFG_023,B02,3,754.000,754.000,0.000,1.0000,2,0,0,84.000,0.000,84.000,84:1|159:1|229:1|234:1
CFG_023,B03,3,754.000,754.000,0.000,1.0000,2,0,0,84.000,0.000,84.000,84:1|159:1|229:1|234:1
CFG_023,B04,3,754.000,754.000,0.000,1.0000,2,0,0,84.000,0.000,84.000,84:1|159:1|229:1|234:1
CFG_023,B05,3,754.000,754.000,0.000,1.0000,2,0,0,84.000,0.000,84.000,84:1|159:1|229:1|234:1
CFG_023,B06,3,754.000,754.000,0.000,1.0000,2,0,0,84.000,0.000,84.000,84:1|159:1|229:1|234:1
CFG_023,B07,3,754.000,754.000,0.000,1.0000,2,0,0,84.000,0.000,84.000,84:1|159:1|229:1|234:1
CFG_023,B08,3,754.000,754.000,0.000,1.0000,2,0,0,84.000,0.000,84.000,84:1|159:1|229:1|234:1
CFG_023,B09,3,754.000,754.000,0.000,1.0000,2,0,0,84.000,0.000,84.000,84:1|159:1|229:1|234:1
CFG_023,B10,3,754.000,754.000,0.000,1.0000,2,0,0,84.000,0.000,84.000,84:1|159:1|229:1|234:1
CFG_023,B11,3,754.000,754.000,0.000,1.0000,2,0,0,84.000,0.000,84.000,84:1|159:1|229:1|234:1
CFG_023,B12,3,754.000,754.000,0.000,1.0000,2,0,0,84.000,0.000,84.000,84:1|159:1|229:1|234:1
CFG_023,B13,3,754.000,754.000,0.000,1.0000,2,0,0,84.000,0.000,84.000,84:1|159:1|229:1|234:1
CFG_023,B14,3,754.000,754.000,0.000,1.0000,2,0,0,84.000,0.000,84.000,84:1|159:1|229:1|234:1
CFG_023,B15,3,754.000,754.000,0.000,1.0000,2,0,0,84.000,0.000,84.000,84:1|159:1|229:1|234:1
CFG_023,B16,3,754.000,754.000,0.000,1.0000,2,0,0,84.000,0.000,84.000,84:1|159:1|229:1|234:1
CFG_023,B17,3,754.000,754.000,0.000,1.0000,2,0,0,84.000,0.000,84.000,84:1|159:1|229:1|234:1
CFG_023,B18,3,754.000,754.000,0.000,1.0000,2,0,0,84.000,0.000,84.000,84:1|159:1|229:1|234:1
CFG_023,B19,5,754.000,734.000,20.000,0.9735,2,2,2,84.000,30.000,114.000,84:5|234:1
CFG_023,B20,5,754.000,734.000,20.000,0.9735,2,2,2,84.000,30.000,114.000,84:5|234:1
CFG_023,B21,5,754.000,734.000,20.000,0.9735,2,0,2,84.000,30.000,114.000,84:5|234:1
CFG_023,D00,4,754.000,754.000,0.000,1.0000,4,1,0,114.000,0.000,114.000,114:4|234:1
CFG_023,D01,4,754.000,754.000,0.000,1.0000,4,1,0,114.000,0.000,114.000,114:4|234:1
CFG_023,D02,4,754.000,754.000,0.000,1.0000,4,1,0,114.000,0.000,114.000,114:4|234:1
CFG_023,D03,4,754.000,754.000,0.000,1.0000,4,1,0,114.000,0.000,114.000,114:4|234:1
CFG_023,D04,4,754.000,754.000,0.000,1.0000,4,1,0,114.000,0.000,114.000,114:4|234:1
CFG_023,D05,4,754.000,754.000,0.000,1.0000,4,1,0,114.000,0.000,114.000,114:4|234:1
CFG_023,D06,4,754.000,754.000,0.000,1.0000,4,1,0,114.000,0.000,114.000,114:4|234:1
CFG_023,D07,4,754.000,754.000,0.000,1.0000,4,1,0,114.000,0.000,114.000,114:4|234:1
CFG_023,D08,4,754.000,754.000,0.000,1.0000,4,1,0,114.000,0.000,114.000,114:4|234:1
CFG_023,D09,4,754.000,754.000,0.000,1.0000,4,1,0,114.000,0.000,114.000,114:4|234:1
CFG_023,D10,4,754.000,754.000,0.000,1.0000,4,1,0,114.000,0.000,114.000,114:4|234:1
CFG_023,D11,4,754.000,754.000,0.000,1.0000,4,1,0,114.000,0.000,114.000,114:4|234:1
CFG_023,D12,4,754.000,754.000,0.000,1.0000,4,1,0,114.000,0.000,114.000,114:4|234:1
CFG_023,D13,4,754.000,754.000,0.000,1.0000,4,1,0,114.000,0.000,114.000,114:4|234:1
CFG_023,D14,4,754.000,754.000,0.000,1.0000,4,1,0,114.000,0.000,114.000,114:4|234:1
CFG_023,D15,4,754.000,754.000,0.000,1.0000,4,1,0,114.000,0.000,114.000,114:4|234:1
CFG_023,D16,4,754.000,754.000,0.000,1.0000,4,0,0,114.000,0.000,114.000,114:4|234:1
CFG_023,D17,4,754.000,754.000,0.000,1.0000,4,0,0,114.000,0.000,114.000,114:4|234:1
CFG_023,D18,4,754.000,754.000,0.000,1.0000,4,0,0,114.000,0.000,114.000,114:4|234:1
CFG_023,D19,4,754.000,659.000,95.000,0.8740,2,1,1,84.000,100.000,184.000,84:3|114:1|229:1
CFG_023,D20,4,754.000,659.000,95.000,0.8740,2,1,1,84.000,100.000,184.000,84:3|114:1|229:1
CFG_023,D21,4,754.000,659.000,95.000,0.8740,2,0,1,84.000,100.000,184.000,84:3|114:1|229:1
CFG_023,E00,4,754.000,754.000,0.000,1.0000,4,2,0,114.000,0.000,114.000,114:4|234:1
CFG_023,E01,4,754.000,754.000,0.000,1.0000,4,2,0,114.000,0.000,114.000,114:4|234:1
CFG_023,E02,4,754.000,754.000,0.000,1.0000,4,2,0,114.000,0.000,114.000,114:4|234:1
CFG_023,E03,4,754.000,754.000,0.000,1.0000,4,2,0,114.000,0.000,114.000,114:4|234:1
CFG_023,E04,4,754.000,754.000,0.000,1.0000,4,2,0,114.000,0.000,114.000,114:4|234:1
CFG_023,E05,4,754.000,754.000,0.000,1.0000,4,2,0,114.000,0.000,114.000,114:4|234:1
CFG_023,E06,4,754.000,754.000,0.000,1.0000,4,2,0,114.000,0.000,114.000,114:4|234:1
CFG_023,E07,4,754.000,754.000,0.000,1.0000,4,2,0,114.000,0.000,114.000,114:4|234:1
CFG_023,E08,4,754.000,754.000,0.000,1.0000,4,2,0,114.000,0.000,114.000,114:4|234:1
CFG_023,E09,4,754.000,754.000,0.000,1.0000,4,2,0,114.000,0.000,114.000,114:4|234:1
CFG_023,E10,4,754.000,754.000,0.000,1.0000,4,2,0,114.000,0.000,114.000,114:4|234:1
CFG_023,E11,4,754.000,754.000,0.000,1.0000,4,2,0,114.000,0.000,114.000,114:4|234:1
CFG_023,E12,4,754.000,754.000,0.000,1.0000,4,2,0,114.000,0.000,114.000,114:4|234:1
CFG_023,E13,4,754.000,754.000,0.000,1.0000,4,2,0,114.000,0.000,114.000,114:4|234:1
CFG_023,E14,4,754.000,754.000,0.000,1.0000,4,2,0,114.000,0.000,114.000,114:4|234:1
CFG_023,E15,4,754.000,754.000,0.000,1.0000,4,2,0,114.000,0.000,114.000,114:4|234:1
CFG_023,E16,4,754.000,754.000,0.000,1.0000,4,2,0,114.000,0.000,114.000,114:4|234:1
CFG_023,E17,4,754.000,754.000,0.000,1.0000,4,2,0,114.000,0.000,114.000,114:4|234:1
CFG_023,E18,4,754.000,754.000,0.000,1.0000,4,2,0,114.000,0.000,114.000,114:4|234:1
CFG_023,E19,4,754.000,704.000,50.000,0.9337,3,2,0,84.000,30.000,114.000,84:3|159:1|229:1
CFG_023,E20,4,754.000,704.000,50.000,0.9337,3,2,0,84.000,30.000,114.000,84:3|159:1|229:1
CFG_023,E21,4,754.000,704.000,50.000,0.9337,3,0,0,84.000,30.000,114.000,84:3|159:1|229:1
CFG_023,F00,4,754.000,754.000,0.000,1.0000,4,1,0,114.000,0.000,114.000,114:4|234:1
CFG_023,F01,4,754.000,754.000,0.000,1.0000,4,1,0,114.000,0.000,114.000,114:4|234:1
CFG_023,F02,4,754.000,754.000,0.000,1.0000,4,1,0,114.000,0.000,114.000,114:4|234:1
CFG_023,F03,4,754.000,754.000,0.000,1.0000,4,1,0,114.000,0.000,114.000,114:4|234:1
CFG_023,F04,4,754.000,754.000,0.000,1.0000,4,1,0,114.000,0.000,114.000,114:4|234:1
CFG_023,F05,4,754.000,754.000,0.000,1.0000,4,1,0,114.000,0.000,114.000,114:4|234:1
CFG_023,F06,4,754.000,754.000,0.000,1.0000,4,1,0,114.000,0.000,114.000,114:4|234:1
CFG_023,F07,4,754.000,754.000,0.000,1.0000,4,2,0,114.000,0.000,114.000,114:4|234:1
CFG_023,F08,4,754.000,754.000,0.000,1.0000,4,2,0,114.000,0.000,114.000,114:4|234:1
CFG_023,F09,4,754.000,754.000,0.000,1.0000,4,2,0,114.000,0.000,114.000,114:4|234:1
CFG_023,F10,4,754.000,754.000,0.000,1.0000,4,2,0,114.000,0.000,114.000,114:4|234:1
CFG_023,F11,4,754.000,754.000,0.000,1.0000,4,2,0,114.000,0.000,114.000,114:4|234:1
CFG_023,F12,4,754.000,754.000,0.000,1.0000,4,2,0,114.000,0.000,114.000,114:4|234:1
CFG_023,F13,4,754.000,754.000,0.000,1.0000,4,2,0,114.000,0.000,114.000,114:4|234:1
CFG_023,F14,4,754.000,754.000,0.000,1.0000,4,2,0,114.000,0.000,114.000,114:4|234:1
CFG_023,F15,4,754.000,754.000,0.000,1.0000,4,2,0,114.000,0.000,114.000,114:4|234:1
CFG_023,F16,4,754.000,754.000,0.000,1.0000,4,2,0,114.000,0.000,114.000,114:4|234:1
CFG_023,F17,4,754.000,754.000,0.000,1.0000,4,2,0,114.000,0.000,114.000,114:4|234:1
CFG_023,F18,4,754.000,754.000,0.000,1.0000,4,2,0,114.000,0.000,114.000,114:4|234:1
CFG_023,F19,4,754.000,659.000,95.000,0.8740,3,2,0,84.000,100.000,184.000,84:3|114:1|229:1
CFG_023,F20,4,754.000,659.000,95.000,0.8740,3,2,0,84.000,100.000,184.000,84:3|114:1|229:1
CFG_023,F21,4,754.000,659.000,95.000,0.8740,3,1,0,84.000,100.000,184.000,84:3|114:1|229:1
CFG_023,G00,4,754.000,754.000,0.000,1.0000,4,1,0,114.000,0.000,114.000,114:4|234:1
CFG_023,G01,4,754.000,754.000,0.000,1.0000,4,1,0,114.000,0.000,114.000,114:4|234:1
CFG_023,G02,4,754.000,754.000,0.000,1.0000,4,1,0,114.000,0.000,114.000,114:4|234:1
CFG_023,G03,4,754.000,754.000,0.000,1.0000,4,1,0,114.000,0.000,114.000,114:4|234:1
CFG_023,G04,4,754.000,754.000,0.000,1.0000,4,1,0,114.000,0.000,114.000,114:4|234:1
CFG_023,G05,4,754.000,754.000,0.000,1.0000,4,1,0,114.000,0.000,114.000,114:4|234:1
CFG_023,G06,4,754.000,754.000,0.000,1.0000,4,1,0,114.000,0.000,114.000,114:4|234:1
CFG_023,G07,4,754.000,754.000,0.000,1.0000,4,1,0,114.000,0.000,114.000,114:4|234:1
CFG_023,G08,4,754.000,754.000,0.000,1.0000,4,1,0,114.000,0.000,114.000,114:4|234:1
CFG_023,G09,4,754.000,754.000,0.000,1.0000,4,1,0,114.000,0.000,114.000,114:4|234:1
CFG_023,G10,4,754.000,754.000,0.000,1.0000,4,1,0,114.000,0.000,114.000,114:4|234:1
CFG_023,G11,4,754.000,754.000,0.000,1.0000,4,1,0,114.000,0.000,114.000,114:4|234:1
CFG_023,G12,4,754.000,754.000,0.000,1.0000,4,1,0,114.000,0.000,114.000,114:4|234:1
CFG_023,G13,4,754.000,754.000,0.000,1.0000,4,1,0,114.000,0.000,114.000,114:4|234:1
CFG_023,G14,4,754.000,754.000,0.000,1.0000,4,1,0,114.000,0.000,114.000,114:4|234:1
CFG_023,G15,4,754.000,754.000,0.000,1.0000,4,1,0,114.000,0.000,114.000,114:4|234:1
CFG_023,G16,4,754.000,754.000,0.000,1.0000,4,1,0,114.000,0.000,114.000,114:4|234:1
CFG_023,G17,4,754.000,754.000,0.000,1.0000,4,1,0,114.000,0.000,114.000,114:4|234:1
CFG_023,G18,4,754.000,754.000,0.000,1.0000,4,1,0,114.000,0.000,114.000,114:4|234:1
CFG_023,G19,4,754.000,729.000,25.000,0.9668,3,1,0,84.000,30.000,114.000,84:3|184:1|229:1
CFG_023,G20,4,754.000,729.000,25.000,0.9668,3,1,0,84.000,30.000,114.000,84:3|184:1|229:1
CFG_023,G21,4,754.000,729.000,25.000,0.9668,3,0,0,84.000,30.000,114.000,84:3|184:1|229:1
CFG_023,H00,3,754.000,754.000,0.000,1.0000,3,1,0,84.000,0.000,84.000,84:1|159:1|229:1|234:1
CFG_023,H01,3,754.000,754.000,0.000,1.0000,3,1,0,84.000,0.000,84.000,84:1|159:1|229:1|234:1
CFG_023,H02,3,754.000,754.000,0.000,1.0000,3,1,0,84.000,0.000,84.000,84:1|159:1|229:1|234:1
CFG_023,H03,3,754.000,754.000,0.000,1.0000,3,1,0,84.000,0.000,84.000,84:1|159:1|229:1|234:1
CFG_023,H04,3,754.000,754.000,0.000,1.0000,3,1,0,84.000,0.000,84.000,84:1|159:1|229:1|234:1
CFG_023,H05,3,754.000,754.000,0.000,1.0000,3,1,0,84.000,0.000,84.000,84:1|159:1|229:1|234:1
CFG_023,H06,3,754.000,754.000,0.000,1.0000,3,1,0,84.000,0.000,84.000,84:1|159:1|229:1|234:1
CFG_023,H07,3,754.000,754.000,0.000,1.0000,3,1,0,84.000,0.000,84.000,84:1|159:1|229:1|234:1
CFG_023,H08,3,754.000,754.000,0.000,1.0000,3,1,0,84.000,0.000,84.000,84:1|159:1|229:1|234:1
CFG_023,H09,3,754.000,754.000,0.000,1.0000,3,1,0,84.000,0.000,84.000,84:1|159:1|229:1|234:1
CFG_023,H10,3,754.000,754.000,0.000,1.0000,3,1,0,84.000,0.000,84.000,84:1|159:1|229:1|234:1
CFG_023,H11,3,754.000,754.000,0.000,1.0000,3,1,0,84.000,0.000,84.000,84:1|159:1|229:1|234:1
CFG_023,H12,3,754.000,754.000,0.000,1.0000,3,1,0,84.000,0.000,84.000,84:1|159:1|229:1|234:1
CFG_023,H13,3,754.000,754.000,0.000,1.0000,3,1,0,84.000,0.000,84.000,84:1|159:1|229:1|234:1
CFG_023,H14,3,754.000,754.000,0.000,1.0000,3,1,0,84.000,0.000,84.000,84:1|159:1|229:1|234:1
CFG_023,H15,3,754.000,754.000,0.000,1.0000,3,1,0,84.000,0.000,84.000,84:1|159:1|229:1|234:1
CFG_023,H16,3,754.000,754.000,0.000,1.0000,3,1,0,84.000,0.000,84.000,84:1|159:1|229:1|234:1
CFG_023,H17,3,754.000,754.000,0.000,1.0000,3,1,0,84.000,0.000,84.000,84:1|159:1|229:1|234:1
CFG_023,H18,3,754.000,754.000,0.000,1.0000,3,1,0,84.000,0.000,84.000,84:1|159:1|229:1|234:1
CFG_023,H19,5,754.000,729.000,25.000,0.9668,2,1,2,84.000,30.000,114.000,84:5|229:1
CFG_023,H20,5,754.000,729.000,25.000,0.9668,2,1,2,84.000,30.000,114.000,84:5|229:1
CFG_023,H21,5,754.000,729.000,25.000,0.9668,2,0,2,84.000,30.000,114.000,84:5|229:1
CFG_023,I00,4,754.000,754.000,0.000,1.0000,4,0,0,114.000,0.000,114.000,114:4|234:1
CFG_023,I01,4,754.000,754.000,0.000,1.0000,4,0,0,114.000,0.000,114.000,114:4|234:1
CFG_023,I02,4,754.000,754.000,0.000,1.0000,4,0,0,114.000,0.000,114.000,114:4|234:1
CFG_023,I03,4,754.000,754.000,0.000,1.0000,4,0,0,114.000,0.000,114.000,114:4|234:1
CFG_023,I04,4,754.000,754.000,0.000,1.0000,4,0,0,114.000,0.000,114.000,114:4|234:1
CFG_023,I05,4,754.000,754.000,0.000,1.0000,4,0,0,114.000,0.000,114.000,114:4|234:1
CFG_023,I06,4,754.000,754.000,0.000,1.0000,4,0,0,114.000,0.000,114.000,114:4|234:1
CFG_023,I07,4,754.000,754.000,0.000,1.0000,4,0,0,114.000,0.000,114.000,114:4|234:1
CFG_023,I08,4,754.000,754.000,0.000,1.0000,4,0,0,114.000,0.000,114.000,114:4|234:1
CFG_023,I09,4,754.000,754.000,0.000,1.0000,4,0,0,114.000,0.000,114.000,114:4|234:1
CFG_023,I10,4,754.000,754.000,0.000,1.0000,4,0,0,114.000,0.000,114.000,114:4|234:1
CFG_023,I11,4,754.000,754.000,0.000,1.0000,4,0,0,114.000,0.000,114.000,114:4|234:1
CFG_023,I12,4,754.000,754.000,0.000,1.0000,4,0,0,114.000,0.000,114.000,114:4|234:1
CFG_023,I13,4,754.000,754.000,0.000,1.0000,4,0,0,114.000,0.000,114.000,114:4|234:1
CFG_023,I14,4,754.000,754.000,0.000,1.0000,4,0,0,114.000,0.000,114.000,114:4|234:1
CFG_023,I15,4,754.000,754.000,0.000,1.0000,4,0,0,114.000,0.000,114.000,114:4|234:1
CFG_023,I16,4,754.000,754.000,0.000,1.0000,4,0,0,114.000,0.000,114.000,114:4|234:1
CFG_023,I17,4,754.000,754.000,0.000,1.0000,4,0,0,114.000,0.000,114.000,114:4|234:1
CFG_023,I18,4,754.000,754.000,0.000,1.0000,4,0,0,114.000,0.000,114.000,114:4|234:1
CFG_023,I19,4,754.000,704.000,50.000,0.9337,2,1,1,84.000,30.000,114.000,84:3|159:1|229:1
CFG_023,I20,4,754.000,704.000,50.000,0.9337,2,1,1,84.000,30.000,114.000,84:3|159:1|229:1
CFG_023,I21,4,754.000,704.000,50.000,0.9337,2,0,1,84.000,30.000,114.000,84:3|159:1|229:1
CFG_023,J00,4,754.000,754.000,0.000,1.0000,4,1,0,114.000,0.000,114.000,114:4|234:1
CFG_023,J01,4,754.000,754.000,0.000,1.0000,4,1,0,114.000,0.000,114.000,114:4|234:1
CFG_023,J02,4,754.000,754.000,0.000,1.0000,4,1,0,114.000,0.000,114.000,114:4|234:1
CFG_023,J03,4,754.000,754.000,0.000,1.0000,4,1,0,114.000,0.000,114.000,114:4|234:1
CFG_023,J04,4,754.000,754.000,0.000,1.0000,4,0,0,114.000,0.000,114.000,114:4|234:1
CFG_023,J05,4,754.000,754.000,0.000,1.0000,4,0,0,114.000,0.000,114.000,114:4|234:1
CFG_023,J06,4,754.000,754.000,0.000,1.0000,4,0,0,114.000,0.000,114.000,114:4|234:1
CFG_023,J07,4,754.000,754.000,0.000,1.0000,4,0,0,114.000,0.000,114.000,114:4|234:1
CFG_023,J08,4,754.000,754.000,0.000,1.0000,4,0,0,114.000,0.000,114.000,114:4|234:1
CFG_023,J09,4,754.000,754.000,0.000,1.0000,4,0,0,114.000,0.000,114.000,114:4|234:1
CFG_023,J10,4,754.000,754.000,0.000,1.0000,4,0,0,114.000,0.000,114.000,114:4|234:1
CFG_023,J11,4,754.000,754.000,0.000,1.0000,4,0,0,114.000,0.000,114.000,114:4|234:1
CFG_023,J12,4,754.000,754.000,0.000,1.0000,4,0,0,114.000,0.000,114.000,114:4|234:1
CFG_023,J13,4,754.000,754.000,0.000,1.0000,4,0,0,114.000,0.000,114.000,114:4|234:1
CFG_023,J14,4,754.000,754.000,0.000,1.0000,4,0,0,114.000,0.000,114.000,114:4|234:1
CFG_023,J15,4,754.000,754.000,0.000,1.0000,4,0,0,114.000,0.000,114.000,114:4|234:1
CFG_023,J16,4,754.000,754.000,0.000,1.0000,4,0,0,114.000,0.000,114.000,114:4|234:1
CFG_023,J17,4,754.000,754.000,0.000,1.0000,4,0,0,114.000,0.000,114.000,114:4|234:1
CFG_023,J18,4,754.000,754.000,0.000,1.0000,4,0,0,114.000,0.000,114.000,114:4|234:1
CFG_023,J19,5,754.000,754.000,0.000,1.0000,2,1,2,84.000,0.000,84.000,84:4|114:1|224:1
CFG_023,J20,5,754.000,754.000,0.000,1.0000,2,1,2,84.000,0.000,84.000,84:4|114:1|224:1
CFG_023,J21,5,754.000,754.000,0.000,1.0000,2,0,2,84.000,0.000,84.000,84:4|114:1|224:1
CFG_023,K00,4,754.000,754.000,0.000,1.0000,4,1,0,114.000,0.000,114.000,114:4|234:1
CFG_023,K01,4,754.000,754.000,0.000,1.0000,4,1,0,114.000,0.000,114.000,114:4|234:1
CFG_023,K02,4,754.000,754.000,0.000,1.0000,4,1,0,114.000,0.000,114.000,114:4|234:1
CFG_023,K03,4,754.000,754.000,0.000,1.0000,4,1,0,114.000,0.000,114.000,114:4|234:1
CFG_023,K04,4,754.000,754.000,0.000,1.0000,4,0,0,114.000,0.000,114.000,114:4|234:1
CFG_023,K05,4,754.000,754.000,0.000,1.0000,4,0,0,114.000,0.000,114.000,114:4|234:1
CFG_023,K06,4,754.000,754.000,0.000,1.0000,4,0,0,114.000,0.000,114.000,114:4|234:1
CFG_023,K07,4,754.000,754.000,0.000,1.0000,3,1,0,114.000,0.000,114.000,114:4|234:1
CFG_023,K08,4,754.000,754.000,0.000,1.0000,4,1,0,114.000,0.000,114.000,114:4|234:1
CFG_023,K09,4,754.000,754.000,0.000,1.0000,4,1,0,114.000,0.000,114.000,114:4|234:1
CFG_023,K10,4,754.000,754.000,0.000,1.0000,4,1,0,114.000,0.000,114.000,114:4|234:1
CFG_023,K11,4,754.000,754.000,0.000,1.0000,4,1,0,114.000,0.000,114.000,114:4|234:1
CFG_023,K12,4,754.000,754.000,0.000,1.0000,4,1,0,114.000,0.000,114.000,114:4|234:1
CFG_023,K13,4,754.000,754.000,0.000,1.0000,4,1,0,114.000,0.000,114.000,114:4|234:1
CFG_023,K14,4,754.000,754.000,0.000,1.0000,4,1,0,114.000,0.000,114.000,114:4|234:1
CFG_023,K15,4,754.000,754.000,0.000,1.0000,4,1,0,114.000,0.000,114.000,114:4|234:1
CFG_023,K16,4,754.000,754.000,0.000,1.0000,4,1,0,114.000,0.000,114.000,114:4|234:1
CFG_023,K17,4,754.000,754.000,0.000,1.0000,4,1,0,114.000,0.000,114.000,114:4|234:1
CFG_023,K18,4,754.000,754.000,0.000,1.0000,4,1,0,114.000,0.000,114.000,114:4|234:1
CFG_023,K19,4,754.000,699.000,55.000,0.9271,2,0,1,84.000,75.000,159.000,84:3|159:1|224:1
CFG_023,K20,5,754.000,754.000,0.000,1.0000,2,0,2,84.000,0.000,84.000,84:4|114:1|224:1
CFG_023,K21,5,754.000,754.000,0.000,1.0000,2,0,2,84.000,0.000,84.000,84:4|114:1|224:1
CFG_026,A00,4,754.000,684.000,70.000,0.9072,3,0,1,109.000,75.000,184.000,109:4|184:1
CFG_026,A01,4,754.000,734.000,20.000,0.9735,3,0,1,109.000,0.000,109.000,109:4|234:1
CFG_026,A02,4,754.000,684.000,70.000,0.9072,3,0,1,109.000,75.000,184.000,109:4|184:1
CFG_026,A03,4,754.000,684.000,70.000,0.9072,3,0,1,109.000,75.000,184.000,109:4|184:1
CFG_026,A04,4,754.000,734.000,20.000,0.9735,3,0,1,109.000,0.000,109.000,109:4|234:1
CFG_026,A05,4,754.000,684.000,70.000,0.9072,3,0,1,109.000,75.000,184.000,109:4|184:1
CFG_026,A06,4,754.000,734.000,20.000,0.9735,3,0,1,109.000,0.000,109.000,109:4|234:1
CFG_026,A07,4,754.000,684.000,70.000,0.9072,3,0,1,109.000,75.000,184.000,109:4|184:1
CFG_026,A08,4,754.000,684.000,70.000,0.9072,3,0,1,109.000,75.000,184.000,109:4|184:1
CFG_026,A09,5,754.000,734.000,20.000,0.9735,3,0,2,109.000,0.000,109.000,109:6
CFG_026,A10,4,754.000,734.000,20.000,0.9735,3,0,1,109.000,0.000,109.000,109:4|234:1
CFG_026,A11,4,754.000,684.000,70.000,0.9072,3,0,1,109.000,75.000,184.000,109:4|184:1
CFG_026,A12,5,754.000,734.000,20.000,0.9735,3,0,2,109.000,0.000,109.000,109:6
CFG_026,A13,4,754.000,684.000,70.000,0.9072,3,0,1,109.000,75.000,184.000,109:4|184:1
CFG_026,A14,4,754.000,734.000,20.000,0.9735,3,0,1,109.000,0.000,109.000,109:4|234:1
CFG_026,A15,5,754.000,734.000,20.000,0.9735,3,0,2,109.000,0.000,109.000,109:6
CFG_026,B00,4,754.000,684.000,70.000,0.9072,3,0,1,109.000,75.000,184.000,109:4|184:1
CFG_026,B01,5,754.000,734.000,20.000,0.9735,3,0,2,109.000,0.000,109.000,109:6
CFG_026,B02,4,754.000,734.000,20.000,0.9735,3,0,1,109.000,0.000,109.000,109:4|234:1
CFG_026,B03,4,754.000,684.000,70.000,0.9072,3,0,1,109.000,75.000,184.000,109:4|184:1
CFG_026,B04,5,754.000,734.000,20.000,0.9735,3,0,2,109.000,0.000,109.000,109:6
CFG_026,B05,4,754.000,684.000,70.000,0.9072,3,0,1,109.000,75.000,184.000,109:4|184:1
CFG_026,B06,5,754.000,734.000,20.000,0.9735,3,0,2,109.000,0.000,109.000,109:6
CFG_026,B07,4,754.000,734.000,20.000,0.9735,3,0,1,109.000,0.000,109.000,109:4|234:1
CFG_026,B08,4,754.000,684.000,70.000,0.9072,3,0,1,109.000,75.000,184.000,109:4|184:1
CFG_026,B09,5,754.000,734.000,20.000,0.9735,3,0,2,109.000,0.000,109.000,109:6
CFG_026,B10,4,754.000,684.000,70.000,0.9072,3,0,1,109.000,75.000,184.000,109:4|184:1
CFG_026,B11,4,754.000,734.000,20.000,0.9735,3,0,1,109.000,0.000,109.000,109:4|234:1
CFG_026,B12,5,754.000,734.000,20.000,0.9735,3,0,2,109.000,0.000,109.000,109:6
CFG_026,B13,4,754.000,684.000,70.000,0.9072,3,0,1,109.000,75.000,184.000,109:4|184:1
CFG_026,B14,5,754.000,734.000,20.000,0.9735,3,0,2,109.000,0.000,109.000,109:6
CFG_026,B15,4,754.000,734.000,20.000,0.9735,3,0,1,109.000,0.000,109.000,109:4|234:1
CFG_026,B16,4,754.000,684.000,70.000,0.9072,3,0,1,109.000,75.000,184.000,109:4|184:1
CFG_026,B17,5,754.000,734.000,20.000,0.9735,3,0,2,109.000,0.000,109.000,109:6
CFG_026,B18,4,754.000,684.000,70.000,0.9072,3,0,1,109.000,75.000,184.000,109:4|184:1
CFG_026,B19,4,754.000,734.000,20.000,0.9735,2,2,1,109.000,0.000,109.000,109:4|234:1
CFG_026,B20,4,754.000,734.000,20.000,0.9735,2,2,1,109.000,0.000,109.000,109:4|234:1
CFG_026,B21,4,754.000,734.000,20.000,0.9735,2,0,1,109.000,0.000,109.000,109:4|234:1
CFG_026,D00,4,754.000,684.000,70.000,0.9072,5,0,0,109.000,75.000,184.000,109:4|184:1
CFG_026,D01,5,754.000,734.000,20.000,0.9735,5,0,0,109.000,0.000,109.000,109:6
CFG_026,D02,4,754.000,684.000,70.000,0.9072,5,0,0,109.000,75.000,184.000,109:4|184:1
CFG_026,D03,4,754.000,734.000,20.000,0.9735,5,0,0,109.000,0.000,109.000,109:4|234:1
CFG_026,D04,5,754.000,734.000,20.000,0.9735,5,0,0,109.000,0.000,109.000,109:6
CFG_026,D05,4,754.000,684.000,70.000,0.9072,5,0,0,109.000,75.000,184.000,109:4|184:1
CFG_026,D06,5,754.000,734.000,20.000,0.9735,5,0,0,109.000,0.000,109.000,109:6
CFG_026,D07,4,754.000,684.000,70.000,0.9072,5,0,0,109.000,75.000,184.000,109:4|184:1
CFG_026,D08,4,754.000,734.000,20.000,0.9735,5,0,0,109.000,0.000,109.000,109:4|234:1
CFG_026,D09,5,754.000,734.000,20.000,0.9735,5,0,0,109.000,0.000,109.000,109:6
CFG_026,D10,4,754.000,684.000,70.000,0.9072,5,0,0,109.000,75.000,184.000,109:4|184:1
CFG_026,D11,5,754.000,734.000,20.000,0.9735,5,0,0,109.000,0.000,109.000,109:6
CFG_026,D12,4,754.000,734.000,20.000,0.9735,5,0,0,109.000,0.000,109.000,109:4|234:1
CFG_026,D13,4,754.000,684.000,70.000,0.9072,5,0,0,109.000,75.000,184.000,109:4|184:1
CFG_026,D14,5,754.000,734.000,20.000,0.9735,5,0,0,109.000,0.000,109.000,109:6
CFG_026,D15,4,754.000,684.000,70.000,0.9072,5,0,0,109.000,75.000,184.000,109:4|184:1
CFG_026,D16,4,754.000,734.000,20.000,0.9735,4,0,0,109.000,0.000,109.000,109:4|234:1
CFG_026,D17,5,754.000,734.000,20.000,0.9735,4,0,1,109.000,0.000,109.000,109:6
CFG_026,D18,4,754.000,684.000,70.000,0.9072,4,0,0,109.000,75.000,184.000,109:4|184:1
CFG_026,D19,4,754.000,729.000,25.000,0.9668,2,1,1,109.000,0.000,109.000,109:4|229:1
CFG_026,D20,4,754.000,729.000,25.000,0.9668,2,1,1,109.000,0.000,109.000,109:4|229:1
CFG_026,D21,4,754.000,729.000,25.000,0.9668,2,0,1,109.000,0.000,109.000,109:4|229:1
CFG_026,E00,4,754.000,734.000,20.000,0.9735,5,1,0,109.000,0.000,109.000,109:4|234:1
CFG_026,E01,5,754.000,734.000,20.000,0.9735,5,1,0,109.000,0.000,109.000,109:6
CFG_026,E02,4,754.000,684.000,70.000,0.9072,5,1,0,109.000,75.000,184.000,109:4|184:1
CFG_026,E03,5,754.000,734.000,20.000,0.9735,5,1,0,109.000,0.000,109.000,109:6
CFG_026,E04,4,754.000,684.000,70.000,0.9072,5,1,0,109.000,75.000,184.000,109:4|184:1
CFG_026,E05,4,754.000,734.000,20.000,0.9735,5,1,0,109.000,0.000,109.000,109:4|234:1
CFG_026,E06,5,754.000,734.000,20.000,0.9735,5,1,0,109.000,0.000,109.000,109:6
CFG_026,E07,4,754.000,684.000,70.000,0.9072,5,1,0,109.000,75.000,184.000,109:4|184:1
CFG_026,E08,4,754.000,734.000,20.000,0.9735,5,1,0,109.000,0.000,109.000,109:4|234:1
CFG_026,E09,5,754.000,734.000,20.000,0.9735,5,1,0,109.000,0.000,109.000,109:6
CFG_026,E10,4,754.000,684.000,70.000,0.9072,5,1,0,109.000,75.000,184.000,109:4|184:1
CFG_026,E11,5,754.000,734.000,20.000,0.9735,5,1,0,109.000,0.000,109.000,109:6
CFG_026,E12,4,754.000,684.000,70.000,0.9072,5,1,0,109.000,75.000,184.000,109:4|184:1
CFG_026,E13,4,754.000,734.000,20.000,0.9735,5,1,0,109.000,0.000,109.000,109:4|234:1
CFG_026,E14,5,754.000,734.000,20.000,0.9735,5,1,0,109.000,0.000,109.000,109:6
CFG_026,E15,4,754.000,684.000,70.000,0.9072,5,1,0,109.000,75.000,184.000,109:4|184:1
CFG_026,E16,5,754.000,734.000,20.000,0.9735,5,1,0,109.000,0.000,109.000,109:6
CFG_026,E17,4,754.000,684.000,70.000,0.9072,5,1,0,109.000,75.000,184.000,109:4|184:1
CFG_026,E18,4,754.000,734.000,20.000,0.9735,5,1,0,109.000,0.000,109.000,109:4|234:1
CFG_026,E19,4,754.000,729.000,25.000,0.9668,3,2,0,109.000,0.000,109.000,109:4|229:1
CFG_026,E20,4,754.000,729.000,25.000,0.9668,3,2,0,109.000,0.000,109.000,109:4|229:1
CFG_026,E21,4,754.000,729.000,25.000,0.9668,3,0,0,109.000,0.000,109.000,109:4|229:1
CFG_026,F00,4,754.000,734.000,20.000,0.9735,5,0,0,109.000,0.000,109.000,109:4|234:1
CFG_026,F01,5,754.000,734.000,20.000,0.9735,5,0,0,109.000,0.000,109.000,109:6
CFG_026,F02,4,754.000,684.000,70.000,0.9072,5,0,0,109.000,75.000,184.000,109:4|184:1
CFG_026,F03,5,754.000,734.000,20.000,0.9735,5,0,0,109.000,0.000,109.000,109:6
CFG_026,F04,4,754.000,684.000,70.000,0.9072,5,0,0,109.000,75.000,184.000,109:4|184:1
CFG_026,F05,4,754.000,734.000,20.000,0.9735,5,0,0,109.000,0.000,109.000,109:4|234:1
CFG_026,F06,5,754.000,734.000,20.000,0.9735,5,0,0,109.000,0.000,109.000,109:6
CFG_026,F07,4,754.000,684.000,70.000,0.9072,5,1,0,109.000,75.000,184.000,109:4|184:1
CFG_026,F08,5,754.000,734.000,20.000,0.9735,5,1,0,109.000,0.000,109.000,109:6
CFG_026,F09,4,754.000,684.000,70.000,0.9072,5,1,0,109.000,75.000,184.000,109:4|184:1
CFG_026,F10,4,754.000,734.000,20.000,0.9735,5,1,0,109.000,0.000,109.000,109:4|234:1
CFG_026,F11,5,754.000,734.000,20.000,0.9735,5,1,0,109.000,0.000,109.000,109:6
CFG_026,F12,4,754.000,684.000,70.000,0.9072,5,1,0,109.000,75.000,184.000,109:4|184:1
CFG_026,F13,4,754.000,734.000,20.000,0.9735,5,1,0,109.000,0.000,109.000,109:4|234:1
CFG_026,F14,5,754.000,734.000,20.000,0.9735,5,1,0,109.000,0.000,109.000,109:6
CFG_026,F15,4,754.000,684.000,70.000,0.9072,5,1,0,109.000,75.000,184.000,109:4|184:1
CFG_026,F16,5,754.000,734.000,20.000,0.9735,5,1,0,109.000,0.000,109.000,109:6
CFG_026,F17,4,754.000,684.000,70.000,0.9072,5,1,0,109.000,75.000,184.000,109:4|184:1
CFG_026,F18,4,754.000,734.000,20.000,0.9735,5,1,0,109.000,0.000,109.000,109:4|234:1
CFG_026,F19,4,754.000,729.000,25.000,0.9668,3,2,0,109.000,0.000,109.000,109:4|229:1
CFG_026,F20,4,754.000,729.000,25.000,0.9668,3,2,0,109.000,0.000,109.000,109:4|229:1
CFG_026,F21,4,754.000,729.000,25.000,0.9668,3,1,0,109.000,0.000,109.000,109:4|229:1
CFG_026,G00,5,754.000,734.000,20.000,0.9735,5,0,0,109.000,0.000,109.000,109:6
CFG_026,G01,4,754.000,684.000,70.000,0.9072,5,0,0,109.000,75.000,184.000,109:4|184:1
CFG_026,G02,4,754.000,734.000,20.000,0.9735,5,0,0,109.000,0.000,109.000,109:4|234:1
CFG_026,G03,5,754.000,734.000,20.000,0.9735,5,0,0,109.000,0.000,109.000,109:6
CFG_026,G04,4,754.000,684.000,70.000,0.9072,5,0,0,109.000,75.000,184.000,109:4|184:1
CFG_026,G05,4,754.000,684.000,70.000,0.9072,5,0,0,109.000,75.000,184.000,109:4|184:1
CFG_026,G06,5,754.000,734.000,20.000,0.9735,5,0,0,109.000,0.000,109.000,109:6
CFG_026,G07,4,754.000,734.000,20.000,0.9735,5,0,0,109.000,0.000,109.000,109:4|234:1
CFG_026,G08,5,754.000,734.000,20.000,0.9735,5,0,0,109.000,0.000,109.000,109:6
CFG_026,G09,4,754.000,684.000,70.000,0.9072,5,0,0,109.000,75.000,184.000,109:4|184:1
CFG_026,G10,4,754.000,734.000,20.000,0.9735,5,0,0,109.000,0.000,109.000,109:4|234:1
CFG_026,G11,5,754.000,734.000,20.000,0.9735,5,0,0,109.000,0.000,109.000,109:6
CFG_026,G12,4,754.000,684.000,70.000,0.9072,5,0,0,109.000,75.000,184.000,109:4|184:1
CFG_026,G13,4,754.000,684.000,70.000,0.9072,5,0,0,109.000,75.000,184.000,109:4|184:1
CFG_026,G14,5,754.000,734.000,20.000,0.9735,5,0,0,109.000,0.000,109.000,109:6
CFG_026,G15,4,754.000,734.000,20.000,0.9735,5,0,0,109.000,0.000,109.000,109:4|234:1
CFG_026,G16,5,754.000,734.000,20.000,0.9735,5,0,0,109.000,0.000,109.000,109:6
CFG_026,G17,4,754.000,684.000,70.000,0.9072,5,0,0,109.000,75.000,184.000,109:4|184:1
CFG_026,G18,4,754.000,684.000,70.000,0.9072,5,0,0,109.000,75.000,184.000,109:4|184:1
CFG_026,G19,4,754.000,729.000,25.000,0.9668,3,1,0,109.000,0.000,109.000,109:4|229:1
CFG_026,G20,4,754.000,729.000,25.000,0.9668,3,1,0,109.000,0.000,109.000,109:4|229:1
CFG_026,G21,4,754.000,729.000,25.000,0.9668,3,0,0,109.000,0.000,109.000,109:4|229:1
CFG_026,H00,4,754.000,684.000,70.000,0.9072,4,0,0,109.000,75.000,184.000,109:4|184:1
CFG_026,H01,5,754.000,734.000,20.000,0.9735,4,0,1,109.000,0.000,109.000,109:6
CFG_026,H02,4,754.000,734.000,20.000,0.9735,4,0,0,109.000,0.000,109.000,109:4|234:1
CFG_026,H03,5,754.000,734.000,20.000,0.9735,4,0,1,109.000,0.000,109.000,109:6
CFG_026,H04,4,754.000,684.000,70.000,0.9072,4,0,0,109.000,75.000,184.000,109:4|184:1
CFG_026,H05,4,754.000,684.000,70.000,0.9072,4,0,0,109.000,75.000,184.000,109:4|184:1
CFG_026,H06,5,754.000,734.000,20.000,0.9735,4,0,1,109.000,0.000,109.000,109:6
CFG_026,H07,4,754.000,734.000,20.000,0.9735,4,0,0,109.000,0.000,109.000,109:4|234:1
CFG_026,H08,4,754.000,684.000,70.000,0.9072,4,0,0,109.000,75.000,184.000,109:4|184:1
CFG_026,H09,5,754.000,734.000,20.000,0.9735,4,0,1,109.000,0.000,109.000,109:6
CFG_026,H10,4,754.000,684.000,70.000,0.9072,4,0,0,109.000,75.000,184.000,109:4|184:1
CFG_026,H11,5,754.000,734.000,20.000,0.9735,4,0,1,109.000,0.000,109.000,109:6
CFG_026,H12,4,754.000,734.000,20.000,0.9735,4,0,0,109.000,0.000,109.000,109:4|234:1
CFG_026,H13,4,754.000,684.000,70.000,0.9072,4,0,0,109.000,75.000,184.000,109:4|184:1
CFG_026,H14,5,754.000,734.000,20.000,0.9735,4,0,1,109.000,0.000,109.000,109:6
CFG_026,H15,4,754.000,684.000,70.000,0.9072,4,0,0,109.000,75.000,184.000,109:4|184:1
CFG_026,H16,5,754.000,734.000,20.000,0.9735,4,0,1,109.000,0.000,109.000,109:6
CFG_026,H17,4,754.000,734.000,20.000,0.9735,4,0,0,109.000,0.000,109.000,109:4|234:1
CFG_026,H18,4,754.000,684.000,70.000,0.9072,4,0,0,109.000,75.000,184.000,109:4|184:1
CFG_026,H19,4,754.000,729.000,25.000,0.9668,2,1,1,109.000,0.000,109.000,109:4|229:1
CFG_026,H20,4,754.000,729.000,25.000,0.9668,2,1,1,109.000,0.000,109.000,109:4|229:1
CFG_026,H21,4,754.000,729.000,25.000,0.9668,2,0,1,109.000,0.000,109.000,109:4|229:1
CFG_026,I00,4,754.000,684.000,70.000,0.9072,4,0,0,109.000,75.000,184.000,109:4|184:1
CFG_026,I01,5,754.000,734.000,20.000,0.9735,4,0,1,109.000,0.000,109.000,109:6
CFG_026,I02,4,754.000,684.000,70.000,0.9072,4,0,0,109.000,75.000,184.000,109:4|184:1
CFG_026,I03,5,754.000,734.000,20.000,0.9735,4,0,1,109.000,0.000,109.000,109:6
CFG_026,I04,4,754.000,734.000,20.000,0.9735,4,0,0,109.000,0.000,109.000,109:4|234:1
CFG_026,I05,4,754.000,684.000,70.000,0.9072,4,0,0,109.000,75.000,184.000,109:4|184:1
CFG_026,I06,5,754.000,734.000,20.000,0.9735,4,0,1,109.000,0.000,109.000,109:6
CFG_026,I07,4,754.000,684.000,70.000,0.9072,4,0,0,109.000,75.000,184.000,109:4|184:1
CFG_026,I08,5,754.000,734.000,20.000,0.9735,4,0,1,109.000,0.000,109.000,109:6
CFG_026,I09,4,754.000,734.000,20.000,0.9735,4,0,0,109.000,0.000,109.000,109:4|234:1
CFG_026,I10,4,754.000,684.000,70.000,0.9072,4,0,0,109.000,75.000,184.000,109:4|184:1
CFG_026,I11,5,754.000,734.000,20.000,0.9735,4,0,1,109.000,0.000,109.000,109:6
CFG_026,I12,4,754.000,734.000,20.000,0.9735,4,0,0,109.000,0.000,109.000,109:4|234:1
CFG_026,I13,4,754.000,684.000,70.000,0.9072,4,0,0,109.000,75.000,184.000,109:4|184:1
CFG_026,I14,5,754.000,734.000,20.000,0.9735,4,0,1,109.000,0.000,109.000,109:6
CFG_026,I15,4,754.000,684.000,70.000,0.9072,4,0,0,109.000,75.000,184.000,109:4|184:1
CFG_026,I16,5,754.000,734.000,20.000,0.9735,4,0,1,109.000,0.000,109.000,109:6
CFG_026,I17,4,754.000,734.000,20.000,0.9735,4,0,0,109.000,0.000,109.000,109:4|234:1
CFG_026,I18,4,754.000,684.000,70.000,0.9072,4,0,0,109.000,75.000,184.000,109:4|184:1
CFG_026,I19,4,754.000,729.000,25.000,0.9668,2,1,1,109.000,0.000,109.000,109:4|229:1
CFG_026,I20,4,754.000,729.000,25.000,0.9668,2,1,1,109.000,0.000,109.000,109:4|229:1
CFG_026,I21,4,754.000,729.000,25.000,0.9668,2,0,1,109.000,0.000,109.000,109:4|229:1
CFG_026,J00,5,754.000,734.000,20.000,0.9735,5,0,0,109.000,0.000,109.000,109:6
CFG_026,J01,4,754.000,734.000,20.000,0.9735,5,0,0,109.000,0.000,109.000,109:4|234:1
CFG_026,J02,4,754.000,684.000,70.000,0.9072,5,0,0,109.000,75.000,184.000,109:4|184:1
CFG_026,J03,5,754.000,734.000,20.000,0.9735,5,0,0,109.000,0.000,109.000,109:6
CFG_026,J04,4,754.000,684.000,70.000,0.9072,4,0,0,109.000,75.000,184.000,109:4|184:1
CFG_026,J05,4,754.000,734.000,20.000,0.9735,4,0,0,109.000,0.000,109.000,109:4|234:1
CFG_026,J06,5,754.000,734.000,20.000,0.9735,4,0,1,109.000,0.000,109.000,109:6
CFG_026,J07,4,754.000,684.000,70.000,0.9072,4,0,0,109.000,75.000,184.000,109:4|184:1
CFG_026,J08,5,754.000,734.000,20.000,0.9735,4,0,1,109.000,0.000,109.000,109:6
CFG_026,J09,4,754.000,734.000,20.000,0.9735,4,0,0,109.000,0.000,109.000,109:4|234:1
CFG_026,J10,4,754.000,684.000,70.000,0.9072,4,0,0,109.000,75.000,184.000,109:4|184:1
CFG_026,J11,5,754.000,734.000,20.000,0.9735,4,0,1,109.000,0.000,109.000,109:6
CFG_026,J12,4,754.000,684.000,70.000,0.9072,4,0,0,109.000,75.000,184.000,109:4|184:1
CFG_026,J13,5,754.000,734.000,20.000,0.9735,4,0,1,109.000,0.000,109.000,109:6
CFG_026,J14,4,754.000,734.000,20.000,0.9735,4,0,0,109.000,0.000,109.000,109:4|234:1
CFG_026,J15,4,754.000,684.000,70.000,0.9072,4,0,0,109.000,75.000,184.000,109:4|184:1
CFG_026,J16,5,754.000,734.000,20.000,0.9735,4,0,1,109.000,0.000,109.000,109:6
CFG_026,J17,4,754.000,684.000,70.000,0.9072,4,0,0,109.000,75.000,184.000,109:4|184:1
CFG_026,J18,4,754.000,734.000,20.000,0.9735,4,0,0,109.000,0.000,109.000,109:4|234:1
CFG_026,J19,4,754.000,724.000,30.000,0.9602,2,1,1,109.000,0.000,109.000,109:4|224:1
CFG_026,J20,4,754.000,724.000,30.000,0.9602,2,1,1,109.000,0.000,109.000,109:4|224:1
CFG_026,J21,4,754.000,724.000,30.000,0.9602,2,0,1,109.000,0.000,109.000,109:4|224:1
CFG_026,K00,5,754.000,734.000,20.000,0.9735,5,0,0,109.000,0.000,109.000,109:6
CFG_026,K01,4,754.000,734.000,20.000,0.9735,5,0,0,109.000,0.000,109.000,109:4|234:1
CFG_026,K02,4,754.000,684.000,70.000,0.9072,5,0,0,109.000,75.000,184.000,109:4|184:1
CFG_026,K03,5,754.000,734.000,20.000,0.9735,5,0,0,109.000,0.000,109.000,109:6
CFG_026,K04,4,754.000,684.000,70.000,0.9072,4,0,0,109.000,75.000,184.000,109:4|184:1
CFG_026,K05,5,754.000,734.000,20.000,0.9735,4,0,1,109.000,0.000,109.000,109:6
CFG_026,K06,4,754.000,734.000,20.000,0.9735,4,0,0,109.000,0.000,109.000,109:4|234:1
CFG_026,K07,4,754.000,684.000,70.000,0.9072,4,0,0,109.000,75.000,184.000,109:4|184:1
CFG_026,K08,5,754.000,734.000,20.000,0.9735,5,0,0,109.000,0.000,109.000,109:6
CFG_026,K09,4,754.000,684.000,70.000,0.9072,5,0,0,109.000,75.000,184.000,109:4|184:1
CFG_026,K10,4,754.000,734.000,20.000,0.9735,5,0,0,109.000,0.000,109.000,109:4|234:1
CFG_026,K11,5,754.000,734.000,20.000,0.9735,5,0,0,109.000,0.000,109.000,109:6
CFG_026,K12,4,754.000,684.000,70.000,0.9072,5,0,0,109.000,75.000,184.000,109:4|184:1
CFG_026,K13,5,754.000,734.000,20.000,0.9735,5,0,0,109.000,0.000,109.000,109:6
CFG_026,K14,4,754.000,684.000,70.000,0.9072,5,0,0,109.000,75.000,184.000,109:4|184:1
CFG_026,K15,4,754.000,734.000,20.000,0.9735,5,0,0,109.000,0.000,109.000,109:4|234:1
CFG_026,K16,5,754.000,734.000,20.000,0.9735,5,0,0,109.000,0.000,109.000,109:6
CFG_026,K17,4,754.000,684.000,70.000,0.9072,5,0,0,109.000,75.000,184.000,109:4|184:1
CFG_026,K18,5,754.000,734.000,20.000,0.9735,5,0,0,109.000,0.000,109.000,109:6
CFG_026,K19,3,754.000,754.000,0.000,1.0000,2,0,0,109.000,0.000,109.000,109:1|184:1|189:1|224:1
CFG_026,K20,3,754.000,754.000,0.000,1.0000,2,0,0,109.000,0.000,109.000,109:1|184:1|189:1|224:1
CFG_026,K21,3,754.000,754.000,0.000,1.0000,2,0,0,109.000,0.000,109.000,109:1|184:1|189:1|224:1
CFG_027,A00,4,754.000,654.000,100.000,0.8674,3,0,1,89.000,95.000,184.000,89:4|234:1
CFG_027,A01,6,754.000,739.000,15.000,0.9801,3,0,3,89.000,20.000,109.000,89:6|109:1
CFG_027,A02,5,754.000,709.000,45.000,0.9403,3,0,2,89.000,20.000,109.000,89:5|184:1
CFG_027,A03,5,754.000,729.000,25.000,0.9668,3,0,2,89.000,20.000,109.000,89:4|109:1|184:1
CFG_027,A04,6,754.000,739.000,15.000,0.9801,3,0,3,89.000,20.000,109.000,89:6|109:1
CFG_027,A05,5,754.000,729.000,25.000,0.9668,3,0,2,89.000,20.000,109.000,89:4|109:1|184:1
CFG_027,A06,5,754.000,709.000,45.000,0.9403,3,0,2,89.000,20.000,109.000,89:5|184:1
CFG_027,A07,6,754.000,739.000,15.000,0.9801,3,0,3,89.000,20.000,109.000,89:6|109:1
CFG_027,A08,5,754.000,729.000,25.000,0.9668,3,0,2,89.000,20.000,109.000,89:4|109:1|184:1
CFG_027,A09,4,754.000,654.000,100.000,0.8674,3,0,1,89.000,95.000,184.000,89:4|234:1
CFG_027,A10,5,754.000,709.000,45.000,0.9403,3,0,2,89.000,20.000,109.000,89:5|184:1
CFG_027,A11,6,754.000,739.000,15.000,0.9801,3,0,3,89.000,20.000,109.000,89:6|109:1
CFG_027,A12,5,754.000,729.000,25.000,0.9668,3,0,2,89.000,20.000,109.000,89:4|109:1|184:1
CFG_027,A13,5,754.000,709.000,45.000,0.9403,3,0,2,89.000,20.000,109.000,89:5|184:1
CFG_027,A14,5,754.000,729.000,25.000,0.9668,3,0,2,89.000,20.000,109.000,89:4|109:1|184:1
CFG_027,A15,6,754.000,739.000,15.000,0.9801,3,0,3,89.000,20.000,109.000,89:6|109:1
CFG_027,B00,5,754.000,709.000,45.000,0.9403,3,0,2,89.000,20.000,109.000,89:5|184:1
CFG_027,B01,5,754.000,729.000,25.000,0.9668,3,0,2,89.000,20.000,109.000,89:4|109:1|184:1
CFG_027,B02,6,754.000,739.000,15.000,0.9801,3,0,3,89.000,20.000,109.000,89:6|109:1
CFG_027,B03,4,754.000,654.000,100.000,0.8674,3,0,1,89.000,95.000,184.000,89:4|234:1
CFG_027,B04,5,754.000,709.000,45.000,0.9403,3,0,2,89.000,20.000,109.000,89:5|184:1
CFG_027,B05,5,754.000,729.000,25.000,0.9668,3,0,2,89.000,20.000,109.000,89:4|109:1|184:1
CFG_027,B06,6,754.000,739.000,15.000,0.9801,3,0,3,89.000,20.000,109.000,89:6|109:1
CFG_027,B07,5,754.000,729.000,25.000,0.9668,3,0,2,89.000,20.000,109.000,89:4|109:1|184:1
CFG_027,B08,5,754.000,709.000,45.000,0.9403,3,0,2,89.000,20.000,109.000,89:5|184:1
CFG_027,B09,6,754.000,739.000,15.000,0.9801,3,0,3,89.000,20.000,109.000,89:6|109:1
CFG_027,B10,5,754.000,729.000,25.000,0.9668,3,0,2,89.000,20.000,109.000,89:4|109:1|184:1
CFG_027,B11,5,754.000,709.000,45.000,0.9403,3,0,2,89.000,20.000,109.000,89:5|184:1
CFG_027,B12,6,754.000,739.000,15.000,0.9801,3,0,3,89.000,20.000,109.000,89:6|109:1
CFG_027,B13,5,754.000,729.000,25.000,0.9668,3,0,2,89.000,20.000,109.000,89:4|109:1|184:1
CFG_027,B14,4,754.000,654.000,100.000,0.8674,3,0,1,89.000,95.000,184.000,89:4|234:1
CFG_027,B15,5,754.000,709.000,45.000,0.9403,3,0,2,89.000,20.000,109.000,89:5|184:1
CFG_027,B16,6,754.000,739.000,15.000,0.9801,3,0,3,89.000,20.000,109.000,89:6|109:1
CFG_027,B17,5,754.000,729.000,25.000,0.9668,3,0,2,89.000,20.000,109.000,89:4|109:1|184:1
CFG_027,B18,5,754.000,709.000,45.000,0.9403,3,0,2,89.000,20.000,109.000,89:5|184:1
CFG_027,B19,4,754.000,654.000,100.000,0.8674,2,2,1,89.000,95.000,184.000,89:4|234:1
CFG_027,B20,4,754.000,654.000,100.000,0.8674,2,2,1,89.000,95.000,184.000,89:4|234:1
CFG_027,B21,4,754.000,654.000,100.000,0.8674,2,0,1,89.000,95.000,184.000,89:4|234:1
CFG_027,D00,5,754.000,709.000,45.000,0.9403,5,0,0,89.000,20.000,109.000,89:5|184:1
CFG_027,D01,5,754.000,729.000,25.000,0.9668,5,0,0,89.000,20.000,109.000,89:4|109:1|184:1
CFG_027,D02,6,754.000,739.000,15.000,0.9801,5,0,1,89.000,20.000,109.000,89:6|109:1
CFG_027,D03,4,754.000,654.000,100.000,0.8674,5,0,0,89.000,95.000,184.000,89:4|234:1
CFG_027,D04,5,754.000,709.000,45.000,0.9403,5,0,0,89.000,20.000,109.000,89:5|184:1
CFG_027,D05,5,754.000,729.000,25.000,0.9668,5,0,0,89.000,20.000,109.000,89:4|109:1|184:1
CFG_027,D06,6,754.000,739.000,15.000,0.9801,5,0,1,89.000,20.000,109.000,89:6|109:1
CFG_027,D07,5,754.000,729.000,25.000,0.9668,5,0,0,89.000,20.000,109.000,89:4|109:1|184:1
CFG_027,D08,5,754.000,709.000,45.000,0.9403,5,0,0,89.000,20.000,109.000,89:5|184:1
CFG_027,D09,6,754.000,739.000,15.000,0.9801,5,0,1,89.000,20.000,109.000,89:6|109:1
CFG_027,D10,5,754.000,729.000,25.000,0.9668,5,0,0,89.000,20.000,109.000,89:4|109:1|184:1
CFG_027,D11,5,754.000,709.000,45.000,0.9403,5,0,0,89.000,20.000,109.000,89:5|184:1
CFG_027,D12,6,754.000,739.000,15.000,0.9801,5,0,1,89.000,20.000,109.000,89:6|109:1
CFG_027,D13,5,754.000,729.000,25.000,0.9668,5,0,0,89.000,20.000,109.000,89:4|109:1|184:1
CFG_027,D14,4,754.000,654.000,100.000,0.8674,5,0,0,89.000,95.000,184.000,89:4|234:1
CFG_027,D15,5,754.000,709.000,45.000,0.9403,5,0,0,89.000,20.000,109.000,89:5|184:1
CFG_027,D16,6,754.000,739.000,15.000,0.9801,4,0,2,89.000,20.000,109.000,89:6|109:1
CFG_027,D17,5,754.000,729.000,25.000,0.9668,4,0,1,89.000,20.000,109.000,89:4|109:1|184:1
CFG_027,D18,5,754.000,709.000,45.000,0.9403,4,0,1,89.000,20.000,109.000,89:5|184:1
CFG_027,D19,4,754.000,669.000,85.000,0.8873,2,1,1,89.000,95.000,184.000,89:3|109:1|229:1
CFG_027,D20,4,754.000,669.000,85.000,0.8873,2,1,1,89.000,95.000,184.000,89:3|109:1|229:1
CFG_027,D21,4,754.000,669.000,85.000,0.8873,2,0,1,89.000,95.000,184.000,89:3|109:1|229:1
CFG_027,E00,5,754.000,709.000,45.000,0.9403,6,0,0,89.000,20.000,109.000,89:5|184:1
CFG_027,E01,5,754.000,729.000,25.000,0.9668,6,0,0,89.000,20.000,109.000,89:4|109:1|184:1
CFG_027,E02,6,754.000,739.000,15.000,0.9801,6,0,0,89.000,20.000,109.000,89:6|109:1
CFG_027,E03,5,754.000,709.000,45.000,0.9403,6,0,0,89.000,20.000,109.000,89:5|184:1
CFG_027,E04,4,754.000,654.000,100.000,0.8674,6,0,0,89.000,95.000,184.000,89:4|234:1
CFG_027,E05,5,754.000,729.000,25.000,0.9668,6,0,0,89.000,20.000,109.000,89:4|109:1|184:1
CFG_027,E06,6,754.000,739.000,15.000,0.9801,6,0,0,89.000,20.000,109.000,89:6|109:1
CFG_027,E07,5,754.000,729.000,25.000,0.9668,6,0,0,89.000,20.000,109.000,89:4|109:1|184:1
CFG_027,E08,5,754.000,709.000,45.000,0.9403,6,0,0,89.000,20.000,109.000,89:5|184:1
CFG_027,E09,6,754.000,739.000,15.000,0.9801,6,0,0,89.000,20.000,109.000,89:6|109:1
CFG_027,E10,5,754.000,729.000,25.000,0.9668,6,0,0,89.000,20.000,109.000,89:4|109:1|184:1
CFG_027,E11,5,754.000,709.000,45.000,0.9403,6,0,0,89.000,20.000,109.000,89:5|184:1
CFG_027,E12,6,754.000,739.000,15.000,0.9801,6,0,0,89.000,20.000,109.000,89:6|109:1
CFG_027,E13,5,754.000,729.000,25.000,0.9668,5,1,0,89.000,20.000,109.000,89:4|109:1|184:1
CFG_027,E14,4,754.000,654.000,100.000,0.8674,5,1,0,89.000,95.000,184.000,89:4|234:1
CFG_027,E15,5,754.000,709.000,45.000,0.9403,5,1,0,89.000,20.000,109.000,89:5|184:1
CFG_027,E16,6,754.000,739.000,15.000,0.9801,6,0,0,89.000,20.000,109.000,89:6|109:1
CFG_027,E17,5,754.000,729.000,25.000,0.9668,6,0,0,89.000,20.000,109.000,89:4|109:1|184:1
CFG_027,E18,5,754.000,709.000,45.000,0.9403,6,0,0,89.000,20.000,109.000,89:5|184:1
CFG_027,E19,4,754.000,744.000,10.000,0.9867,3,2,0,89.000,0.000,89.000,89:3|184:1|229:1
CFG_027,E20,4,754.000,744.000,10.000,0.9867,3,2,0,89.000,0.000,89.000,89:3|184:1|229:1
CFG_027,E21,4,754.000,744.000,10.000,0.9867,3,0,0,89.000,0.000,89.000,89:3|184:1|229:1
CFG_027,F00,5,754.000,709.000,45.000,0.9403,5,0,0,89.000,20.000,109.000,89:5|184:1
CFG_027,F01,5,754.000,729.000,25.000,0.9668,5,0,0,89.000,20.000,109.000,89:4|109:1|184:1
CFG_027,F02,6,754.000,739.000,15.000,0.9801,5,0,1,89.000,20.000,109.000,89:6|109:1
CFG_027,F03,5,754.000,709.000,45.000,0.9403,5,0,0,89.000,20.000,109.000,89:5|184:1
CFG_027,F04,4,754.000,654.000,100.000,0.8674,5,0,0,89.000,95.000,184.000,89:4|234:1
CFG_027,F05,5,754.000,729.000,25.000,0.9668,5,0,0,89.000,20.000,109.000,89:4|109:1|184:1
CFG_027,F06,6,754.000,739.000,15.000,0.9801,5,0,1,89.000,20.000,109.000,89:6|109:1
CFG_027,F07,5,754.000,729.000,25.000,0.9668,6,0,0,89.000,20.000,109.000,89:4|109:1|184:1
CFG_027,F08,5,754.000,709.000,45.000,0.9403,6,0,0,89.000,20.000,109.000,89:5|184:1
CFG_027,F09,6,754.000,739.000,15.000,0.9801,6,0,0,89.000,20.000,109.000,89:6|109:1
CFG_027,F10,5,754.000,729.000,25.000,0.9668,6,0,0,89.000,20.000,109.000,89:4|109:1|184:1
CFG_027,F11,5,754.000,709.000,45.000,0.9403,6,0,0,89.000,20.000,109.000,89:5|184:1
CFG_027,F12,6,754.000,739.000,15.000,0.9801,6,0,0,89.000,20.000,109.000,89:6|109:1
CFG_027,F13,5,754.000,729.000,25.000,0.9668,5,1,0,89.000,20.000,109.000,89:4|109:1|184:1
CFG_027,F14,4,754.000,654.000,100.000,0.8674,5,1,0,89.000,95.000,184.000,89:4|234:1
CFG_027,F15,5,754.000,709.000,45.000,0.9403,5,1,0,89.000,20.000,109.000,89:5|184:1
CFG_027,F16,6,754.000,739.000,15.000,0.9801,6,0,0,89.000,20.000,109.000,89:6|109:1
CFG_027,F17,5,754.000,729.000,25.000,0.9668,6,0,0,89.000,20.000,109.000,89:4|109:1|184:1
CFG_027,F18,5,754.000,709.000,45.000,0.9403,6,0,0,89.000,20.000,109.000,89:5|184:1
CFG_027,F19,5,754.000,754.000,0.000,1.0000,4,1,0,89.000,0.000,89.000,89:5|229:1
CFG_027,F20,5,754.000,754.000,0.000,1.0000,4,1,0,89.000,0.000,89.000,89:5|229:1
CFG_027,F21,5,754.000,754.000,0.000,1.0000,4,0,0,89.000,0.000,89.000,89:5|229:1
CFG_027,G00,5,754.000,709.000,45.000,0.9403,5,0,0,89.000,20.000,109.000,89:5|184:1
CFG_027,G01,5,754.000,729.000,25.000,0.9668,5,0,0,89.000,20.000,109.000,89:4|109:1|184:1
CFG_027,G02,6,754.000,739.000,15.000,0.9801,5,0,1,89.000,20.000,109.000,89:6|109:1
CFG_027,G03,4,754.000,654.000,100.000,0.8674,5,0,0,89.000,95.000,184.000,89:4|234:1
CFG_027,G04,5,754.000,729.000,25.000,0.9668,5,0,0,89.000,20.000,109.000,89:4|109:1|184:1
CFG_027,G05,5,754.000,709.000,45.000,0.9403,5,0,0,89.000,20.000,109.000,89:5|184:1
CFG_027,G06,6,754.000,739.000,15.000,0.9801,5,0,1,89.000,20.000,109.000,89:6|109:1
CFG_027,G07,5,754.000,729.000,25.000,0.9668,5,0,0,89.000,20.000,109.000,89:4|109:1|184:1
CFG_027,G08,5,754.000,709.000,45.000,0.9403,5,0,0,89.000,20.000,109.000,89:5|184:1
CFG_027,G09,6,754.000,739.000,15.000,0.9801,5,0,1,89.000,20.000,109.000,89:6|109:1
CFG_027,G10,5,754.000,729.000,25.000,0.9668,5,0,0,89.000,20.000,109.000,89:4|109:1|184:1
CFG_027,G11,5,754.000,709.000,45.000,0.9403,5,0,0,89.000,20.000,109.000,89:5|184:1
CFG_027,G12,6,754.000,739.000,15.000,0.9801,5,0,1,89.000,20.000,109.000,89:6|109:1
CFG_027,G13,5,754.000,729.000,25.000,0.9668,5,0,0,89.000,20.000,109.000,89:4|109:1|184:1
CFG_027,G14,4,754.000,654.000,100.000,0.8674,5,0,0,89.000,95.000,184.000,89:4|234:1
CFG_027,G15,5,754.000,709.000,45.000,0.9403,5,0,0,89.000,20.000,109.000,89:5|184:1
CFG_027,G16,6,754.000,739.000,15.000,0.9801,5,0,1,89.000,20.000,109.000,89:6|109:1
CFG_027,G17,5,754.000,729.000,25.000,0.9668,5,0,0,89.000,20.000,109.000,89:4|109:1|184:1
CFG_027,G18,5,754.000,709.000,45.000,0.9403,5,0,0,89.000,20.000,109.000,89:5|184:1
CFG_027,G19,4,754.000,669.000,85.000,0.8873,3,1,0,89.000,95.000,184.000,89:3|109:1|229:1
CFG_027,G20,4,754.000,669.000,85.000,0.8873,3,1,0,89.000,95.000,184.000,89:3|109:1|229:1
CFG_027,G21,4,754.000,669.000,85.000,0.8873,3,0,0,89.000,95.000,184.000,89:3|109:1|229:1
CFG_027,H00,5,754.000,709.000,45.000,0.9403,4,0,1,89.000,20.000,109.000,89:5|184:1
CFG_027,H01,5,754.000,729.000,25.000,0.9668,4,0,1,89.000,20.000,109.000,89:4|109:1|184:1
CFG_027,H02,6,754.000,739.000,15.000,0.9801,4,0,2,89.000,20.000,109.000,89:6|109:1
CFG_027,H03,4,754.000,654.000,100.000,0.8674,4,0,0,89.000,95.000,184.000,89:4|234:1
CFG_027,H04,5,754.000,729.000,25.000,0.9668,4,0,1,89.000,20.000,109.000,89:4|109:1|184:1
CFG_027,H05,5,754.000,709.000,45.000,0.9403,4,0,1,89.000,20.000,109.000,89:5|184:1
CFG_027,H06,6,754.000,739.000,15.000,0.9801,4,0,2,89.000,20.000,109.000,89:6|109:1
CFG_027,H07,5,754.000,729.000,25.000,0.9668,4,0,1,89.000,20.000,109.000,89:4|109:1|184:1
CFG_027,H08,5,754.000,709.000,45.000,0.9403,4,0,1,89.000,20.000,109.000,89:5|184:1
CFG_027,H09,6,754.000,739.000,15.000,0.9801,4,0,2,89.000,20.000,109.000,89:6|109:1
CFG_027,H10,5,754.000,729.000,25.000,0.9668,4,0,1,89.000,20.000,109.000,89:4|109:1|184:1
CFG_027,H11,5,754.000,709.000,45.000,0.9403,4,0,1,89.000,20.000,109.000,89:5|184:1
CFG_027,H12,6,754.000,739.000,15.000,0.9801,4,0,2,89.000,20.000,109.000,89:6|109:1
CFG_027,H13,4,754.000,654.000,100.000,0.8674,4,0,0,89.000,95.000,184.000,89:4|234:1
CFG_027,H14,5,754.000,729.000,25.000,0.9668,4,0,1,89.000,20.000,109.000,89:4|109:1|184:1
CFG_027,H15,5,754.000,709.000,45.000,0.9403,4,0,1,89.000,20.000,109.000,89:5|184:1
CFG_027,H16,6,754.000,739.000,15.000,0.9801,4,0,2,89.000,20.000,109.000,89:6|109:1
CFG_027,H17,5,754.000,729.000,25.000,0.9668,4,0,1,89.000,20.000,109.000,89:4|109:1|184:1
CFG_027,H18,5,754.000,709.000,45.000,0.9403,4,0,1,89.000,20.000,109.000,89:5|184:1
CFG_027,H19,4,754.000,744.000,10.000,0.9867,2,1,1,89.000,0.000,89.000,89:3|184:1|229:1
CFG_027,H20,4,754.000,744.000,10.000,0.9867,2,1,1,89.000,0.000,89.000,89:3|184:1|229:1
CFG_027,H21,4,754.000,744.000,10.000,0.9867,2,0,1,89.000,0.000,89.000,89:3|184:1|229:1
CFG_027,I00,5,754.000,709.000,45.000,0.9403,4,0,1,89.000,20.000,109.000,89:5|184:1
CFG_027,I01,6,754.000,739.000,15.000,0.9801,4,0,2,89.000,20.000,109.000,89:6|109:1
CFG_027,I02,4,754.000,654.000,100.000,0.8674,4,0,0,89.000,95.000,184.000,89:4|234:1
CFG_027,I03,5,754.000,729.000,25.000,0.9668,4,0,1,89.000,20.000,109.000,89:4|109:1|184:1
CFG_027,I04,5,754.000,729.000,25.000,0.9668,4,0,1,89.000,20.000,109.000,89:4|109:1|184:1
CFG_027,I05,5,754.000,709.000,45.000,0.9403,4,0,1,89.000,20.000,109.000,89:5|184:1
CFG_027,I06,6,754.000,739.000,15.000,0.9801,4,0,2,89.000,20.000,109.000,89:6|109:1
CFG_027,I07,5,754.000,729.000,25.000,0.9668,4,0,1,89.000,20.000,109.000,89:4|109:1|184:1
CFG_027,I08,5,754.000,709.000,45.000,0.9403,4,0,1,89.000,20.000,109.000,89:5|184:1
CFG_027,I09,6,754.000,739.000,15.000,0.9801,4,0,2,89.000,20.000,109.000,89:6|109:1
CFG_027,I10,5,754.000,729.000,25.000,0.9668,4,0,1,89.000,20.000,109.000,89:4|109:1|184:1
CFG_027,I11,5,754.000,709.000,45.000,0.9403,4,0,1,89.000,20.000,109.000,89:5|184:1
CFG_027,I12,6,754.000,739.000,15.000,0.9801,4,0,2,89.000,20.000,109.000,89:6|109:1
CFG_027,I13,4,754.000,654.000,100.000,0.8674,4,0,0,89.000,95.000,184.000,89:4|234:1
CFG_027,I14,5,754.000,729.000,25.000,0.9668,4,0,1,89.000,20.000,109.000,89:4|109:1|184:1
CFG_027,I15,5,754.000,709.000,45.000,0.9403,4,0,1,89.000,20.000,109.000,89:5|184:1
CFG_027,I16,6,754.000,739.000,15.000,0.9801,4,0,2,89.000,20.000,109.000,89:6|109:1
CFG_027,I17,5,754.000,729.000,25.000,0.9668,4,0,1,89.000,20.000,109.000,89:4|109:1|184:1
CFG_027,I18,5,754.000,709.000,45.000,0.9403,4,0,1,89.000,20.000,109.000,89:5|184:1
CFG_027,I19,4,754.000,669.000,85.000,0.8873,2,1,1,89.000,95.000,184.000,89:3|109:1|229:1
CFG_027,I20,4,754.000,669.000,85.000,0.8873,2,1,1,89.000,95.000,184.000,89:3|109:1|229:1
CFG_027,I21,4,754.000,669.000,85.000,0.8873,2,0,1,89.000,95.000,184.000,89:3|109:1|229:1
CFG_027,J00,5,754.000,729.000,25.000,0.9668,5,0,0,89.000,20.000,109.000,89:4|109:1|184:1
CFG_027,J01,6,754.000,719.000,35.000,0.9536,5,0,1,89.000,20.000,109.000,89:7
CFG_027,J02,4,754.000,654.000,100.000,0.8674,5,0,0,89.000,95.000,184.000,89:4|234:1
CFG_027,J03,5,754.000,729.000,25.000,0.9668,5,0,0,89.000,20.000,109.000,89:4|109:1|184:1
CFG_027,J04,5,754.000,729.000,25.000,0.9668,4,0,1,89.000,20.000,109.000,89:4|109:1|184:1
CFG_027,J05,5,754.000,709.000,45.000,0.9403,4,0,1,89.000,20.000,109.000,89:5|184:1
CFG_027,J06,6,754.000,739.000,15.000,0.9801,4,0,2,89.000,20.000,109.000,89:6|109:1
CFG_027,J07,5,754.000,729.000,25.000,0.9668,4,0,1,89.000,20.000,109.000,89:4|109:1|184:1
CFG_027,J08,5,754.000,709.000,45.000,0.9403,4,0,1,89.000,20.000,109.000,89:5|184:1
CFG_027,J09,6,754.000,739.000,15.000,0.9801,4,0,2,89.000,20.000,109.000,89:6|109:1
CFG_027,J10,5,754.000,729.000,25.000,0.9668,4,0,1,89.000,20.000,109.000,89:4|109:1|184:1
CFG_027,J11,5,754.000,709.000,45.000,0.9403,4,0,1,89.000,20.000,109.000,89:5|184:1
CFG_027,J12,6,754.000,739.000,15.000,0.9801,4,0,2,89.000,20.000,109.000,89:6|109:1
CFG_027,J13,4,754.000,654.000,100.000,0.8674,4,0,0,89.000,95.000,184.000,89:4|234:1
CFG_027,J14,5,754.000,729.000,25.000,0.9668,4,0,1,89.000,20.000,109.000,89:4|109:1|184:1
CFG_027,J15,5,754.000,709.000,45.000,0.9403,4,0,1,89.000,20.000,109.000,89:5|184:1
CFG_027,J16,6,754.000,739.000,15.000,0.9801,4,0,2,89.000,20.000,109.000,89:6|109:1
CFG_027,J17,5,754.000,729.000,25.000,0.9668,4,0,1,89.000,20.000,109.000,89:4|109:1|184:1
CFG_027,J18,5,754.000,709.000,45.000,0.9403,4,0,1,89.000,20.000,109.000,89:5|184:1
CFG_027,J19,5,754.000,749.000,5.000,0.9934,2,1,2,89.000,0.000,89.000,89:5|224:1
CFG_027,J20,5,754.000,749.000,5.000,0.9934,2,1,2,89.000,0.000,89.000,89:5|224:1
CFG_027,J21,5,754.000,749.000,5.000,0.9934,2,0,2,89.000,0.000,89.000,89:5|224:1
CFG_027,K00,5,754.000,729.000,25.000,0.9668,5,0,0,89.000,20.000,109.000,89:4|109:1|184:1
CFG_027,K01,6,754.000,719.000,35.000,0.9536,5,0,1,89.000,20.000,109.000,89:7
CFG_027,K02,4,754.000,654.000,100.000,0.8674,5,0,0,89.000,95.000,184.000,89:4|234:1
CFG_027,K03,5,754.000,729.000,25.000,0.9668,5,0,0,89.000,20.000,109.000,89:4|109:1|184:1
CFG_027,K04,5,754.000,729.000,25.000,0.9668,4,0,1,89.000,20.000,109.000,89:4|109:1|184:1
CFG_027,K05,5,754.000,709.000,45.000,0.9403,4,0,1,89.000,20.000,109.000,89:5|184:1
CFG_027,K06,6,754.000,739.000,15.000,0.9801,4,0,2,89.000,20.000,109.000,89:6|109:1
CFG_027,K07,5,754.000,729.000,25.000,0.9668,4,0,0,89.000,20.000,109.000,89:4|109:1|184:1
CFG_027,K08,5,754.000,709.000,45.000,0.9403,5,0,0,89.000,20.000,109.000,89:5|184:1
CFG_027,K09,6,754.000,739.000,15.000,0.9801,5,0,1,89.000,20.000,109.000,89:6|109:1
CFG_027,K10,5,754.000,729.000,25.000,0.9668,5,0,0,89.000,20.000,109.000,89:4|109:1|184:1
CFG_027,K11,5,754.000,709.000,45.000,0.9403,5,0,0,89.000,20.000,109.000,89:5|184:1
CFG_027,K12,6,754.000,739.000,15.000,0.9801,5,0,1,89.000,20.000,109.000,89:6|109:1
CFG_027,K13,4,754.000,654.000,100.000,0.8674,5,0,0,89.000,95.000,184.000,89:4|234:1
CFG_027,K14,5,754.000,729.000,25.000,0.9668,5,0,0,89.000,20.000,109.000,89:4|109:1|184:1
CFG_027,K15,5,754.000,709.000,45.000,0.9403,5,0,0,89.000,20.000,109.000,89:5|184:1
CFG_027,K16,6,754.000,739.000,15.000,0.9801,5,0,1,89.000,20.000,109.000,89:6|109:1
CFG_027,K17,5,754.000,729.000,25.000,0.9668,5,0,0,89.000,20.000,109.000,89:4|109:1|184:1
CFG_027,K18,5,754.000,709.000,45.000,0.9403,5,0,0,89.000,20.000,109.000,89:5|184:1
CFG_027,K19,4,754.000,739.000,15.000,0.9801,2,0,1,89.000,20.000,109.000,89:3|184:1|224:1
CFG_027,K20,4,754.000,664.000,90.000,0.8806,2,0,1,89.000,95.000,184.000,89:3|109:1|224:1
CFG_027,K21,4,754.000,739.000,15.000,0.9801,2,0,1,89.000,20.000,109.000,89:3|184:1|224:1
CFG_028,A00,3,754.000,754.000,0.000,1.0000,2,0,0,154.000,0.000,154.000,154:1|159:2|234:1
CFG_028,A01,3,754.000,754.000,0.000,1.0000,2,0,0,154.000,0.000,154.000,154:1|159:2|234:1
CFG_028,A02,3,754.000,754.000,0.000,1.0000,2,0,0,154.000,0.000,154.000,154:1|159:2|234:1
CFG_028,A03,3,754.000,754.000,0.000,1.0000,2,0,0,154.000,0.000,154.000,154:1|159:2|234:1
CFG_028,A04,3,754.000,754.000,0.000,1.0000,2,0,0,154.000,0.000,154.000,154:1|159:2|234:1
CFG_028,A05,3,754.000,754.000,0.000,1.0000,2,0,0,154.000,0.000,154.000,154:1|159:2|234:1
CFG_028,A06,3,754.000,754.000,0.000,1.0000,2,0,0,154.000,0.000,154.000,154:1|159:2|234:1
CFG_028,A07,3,754.000,754.000,0.000,1.0000,2,0,0,154.000,0.000,154.000,154:1|159:2|234:1
CFG_028,A08,3,754.000,754.000,0.000,1.0000,2,0,0,154.000,0.000,154.000,154:1|159:2|234:1
CFG_028,A09,3,754.000,754.000,0.000,1.0000,2,0,0,154.000,0.000,154.000,154:1|159:2|234:1
CFG_028,A10,3,754.000,754.000,0.000,1.0000,2,0,0,154.000,0.000,154.000,154:1|159:2|234:1
CFG_028,A11,3,754.000,754.000,0.000,1.0000,2,0,0,154.000,0.000,154.000,154:1|159:2|234:1
CFG_028,A12,3,754.000,754.000,0.000,1.0000,2,0,0,154.000,0.000,154.000,154:1|159:2|234:1
CFG_028,A13,3,754.000,754.000,0.000,1.0000,2,0,0,154.000,0.000,154.000,154:1|159:2|234:1
CFG_028,A14,3,754.000,754.000,0.000,1.0000,2,0,0,154.000,0.000,154.000,154:1|159:2|234:1
CFG_028,A15,3,754.000,754.000,0.000,1.0000,2,0,0,154.000,0.000,154.000,154:1|159:2|234:1
CFG_028,B00,3,754.000,754.000,0.000,1.0000,2,0,0,154.000,0.000,154.000,154:1|159:2|234:1
CFG_028,B01,3,754.000,754.000,0.000,1.0000,2,0,0,154.000,0.000,154.000,154:1|159:2|234:1
CFG_028,B02,3,754.000,754.000,0.000,1.0000,2,0,0,154.000,0.000,154.000,154:1|159:2|234:1
CFG_028,B03,3,754.000,754.000,0.000,1.0000,2,0,0,154.000,0.000,154.000,154:1|159:2|234:1
CFG_028,B04,3,754.000,754.000,0.000,1.0000,2,0,0,154.000,0.000,154.000,154:1|159:2|234:1
CFG_028,B05,3,754.000,754.000,0.000,1.0000,2,0,0,154.000,0.000,154.000,154:1|159:2|234:1
CFG_028,B06,3,754.000,754.000,0.000,1.0000,2,0,0,154.000,0.000,154.000,154:1|159:2|234:1
CFG_028,B07,3,754.000,754.000,0.000,1.0000,2,0,0,154.000,0.000,154.000,154:1|159:2|234:1
CFG_028,B08,3,754.000,754.000,0.000,1.0000,2,0,0,154.000,0.000,154.000,154:1|159:2|234:1
CFG_028,B09,3,754.000,754.000,0.000,1.0000,2,0,0,154.000,0.000,154.000,154:1|159:2|234:1
CFG_028,B10,3,754.000,754.000,0.000,1.0000,2,0,0,154.000,0.000,154.000,154:1|159:2|234:1
CFG_028,B11,3,754.000,754.000,0.000,1.0000,2,0,0,154.000,0.000,154.000,154:1|159:2|234:1
CFG_028,B12,3,754.000,754.000,0.000,1.0000,2,0,0,154.000,0.000,154.000,154:1|159:2|234:1
CFG_028,B13,3,754.000,754.000,0.000,1.0000,2,0,0,154.000,0.000,154.000,154:1|159:2|234:1
CFG_028,B14,3,754.000,754.000,0.000,1.0000,2,0,0,154.000,0.000,154.000,154:1|159:2|234:1
CFG_028,B15,3,754.000,754.000,0.000,1.0000,2,0,0,154.000,0.000,154.000,154:1|159:2|234:1
CFG_028,B16,3,754.000,754.000,0.000,1.0000,2,0,0,154.000,0.000,154.000,154:1|159:2|234:1
CFG_028,B17,3,754.000,754.000,0.000,1.0000,2,0,0,154.000,0.000,154.000,154:1|159:2|234:1
CFG_028,B18,3,754.000,754.000,0.000,1.0000,2,0,0,154.000,0.000,154.000,154:1|159:2|234:1
CFG_028,B19,4,754.000,654.000,100.000,0.8674,2,2,1,89.000,95.000,184.000,89:4|234:1
CFG_028,B20,4,754.000,654.000,100.000,0.8674,2,2,1,89.000,95.000,184.000,89:4|234:1
CFG_028,B21,4,754.000,654.000,100.000,0.8674,2,0,1,89.000,95.000,184.000,89:4|234:1
CFG_028,D00,3,754.000,754.000,0.000,1.0000,3,2,0,154.000,0.000,154.000,154:1|159:2|234:1
CFG_028,D01,3,754.000,754.000,0.000,1.0000,3,2,0,154.000,0.000,154.000,154:1|159:2|234:1
CFG_028,D02,3,754.000,754.000,0.000,1.0000,3,2,0,154.000,0.000,154.000,154:1|159:2|234:1
CFG_028,D03,3,754.000,754.000,0.000,1.0000,3,2,0,154.000,0.000,154.000,154:1|159:2|234:1
CFG_028,D04,4,754.000,754.000,0.000,1.0000,4,1,0,94.000,0.000,94.000,94:2|159:2|184:1
CFG_028,D05,4,754.000,754.000,0.000,1.0000,4,1,0,94.000,0.000,94.000,94:2|159:2|184:1
CFG_028,D06,4,754.000,754.000,0.000,1.0000,4,1,0,94.000,0.000,94.000,94:2|159:2|184:1
CFG_028,D07,4,754.000,754.000,0.000,1.0000,4,1,0,94.000,0.000,94.000,94:2|159:2|184:1
CFG_028,D08,4,754.000,754.000,0.000,1.0000,4,1,0,94.000,0.000,94.000,94:2|159:2|184:1
CFG_028,D09,4,754.000,754.000,0.000,1.0000,4,1,0,94.000,0.000,94.000,94:2|159:2|184:1
CFG_028,D10,4,754.000,754.000,0.000,1.0000,4,1,0,94.000,0.000,94.000,94:2|159:2|184:1
CFG_028,D11,4,754.000,754.000,0.000,1.0000,4,1,0,94.000,0.000,94.000,94:2|159:2|184:1
CFG_028,D12,4,754.000,754.000,0.000,1.0000,4,1,0,94.000,0.000,94.000,94:2|159:2|184:1
CFG_028,D13,4,754.000,754.000,0.000,1.0000,4,1,0,94.000,0.000,94.000,94:2|159:2|184:1
CFG_028,D14,4,754.000,754.000,0.000,1.0000,4,1,0,94.000,0.000,94.000,94:2|159:2|184:1
CFG_028,D15,4,754.000,754.000,0.000,1.0000,4,1,0,94.000,0.000,94.000,94:2|159:2|184:1
CFG_028,D16,4,754.000,754.000,0.000,1.0000,4,0,0,94.000,0.000,94.000,94:2|159:2|184:1
CFG_028,D17,4,754.000,754.000,0.000,1.0000,4,0,0,94.000,0.000,94.000,94:2|159:2|184:1
CFG_028,D18,4,754.000,754.000,0.000,1.0000,4,0,0,94.000,0.000,94.000,94:2|159:2|184:1
CFG_028,D19,4,754.000,719.000,35.000,0.9536,2,1,1,89.000,20.000,109.000,89:3|159:1|229:1
CFG_028,D20,4,754.000,719.000,35.000,0.9536,2,1,1,89.000,20.000,109.000,89:3|159:1|229:1
CFG_028,D21,4,754.000,719.000,35.000,0.9536,2,0,1,89.000,20.000,109.000,89:3|159:1|229:1
CFG_028,E00,4,754.000,754.000,0.000,1.0000,4,2,0,94.000,0.000,94.000,94:2|159:2|184:1
CFG_028,E01,4,754.000,754.000,0.000,1.0000,4,2,0,94.000,0.000,94.000,94:2|159:2|184:1
CFG_028,E02,4,754.000,754.000,0.000,1.0000,4,2,0,94.000,0.000,94.000,94:2|159:2|184:1
CFG_028,E03,4,754.000,754.000,0.000,1.0000,4,2,0,94.000,0.000,94.000,94:2|159:2|184:1
CFG_028,E04,4,754.000,754.000,0.000,1.0000,4,2,0,94.000,0.000,94.000,94:2|159:2|184:1
CFG_028,E05,4,754.000,754.000,0.000,1.0000,4,2,0,94.000,0.000,94.000,94:2|159:2|184:1
CFG_028,E06,4,754.000,754.000,0.000,1.0000,4,2,0,94.000,0.000,94.000,94:2|159:2|184:1
CFG_028,E07,4,754.000,754.000,0.000,1.0000,4,2,0,94.000,0.000,94.000,94:2|159:2|184:1
CFG_028,E08,4,754.000,754.000,0.000,1.0000,4,2,0,94.000,0.000,94.000,94:2|159:2|184:1
CFG_028,E09,4,754.000,754.000,0.000,1.0000,4,2,0,94.000,0.000,94.000,94:2|159:2|184:1
CFG_028,E10,4,754.000,754.000,0.000,1.0000,4,2,0,94.000,0.000,94.000,94:2|159:2|184:1
CFG_028,E11,4,754.000,754.000,0.000,1.0000,4,2,0,94.000,0.000,94.000,94:2|159:2|184:1
CFG_028,E12,4,754.000,754.000,0.000,1.0000,4,2,0,94.000,0.000,94.000,94:2|159:2|184:1
CFG_028,E13,4,754.000,754.000,0.000,1.0000,4,2,0,94.000,0.000,94.000,94:2|159:2|184:1
CFG_028,E14,4,754.000,754.000,0.000,1.0000,4,2,0,94.000,0.000,94.000,94:2|159:2|184:1
CFG_028,E15,4,754.000,754.000,0.000,1.0000,4,2,0,94.000,0.000,94.000,94:2|159:2|184:1
CFG_028,E16,4,754.000,754.000,0.000,1.0000,4,2,0,94.000,0.000,94.000,94:2|159:2|184:1
CFG_028,E17,4,754.000,754.000,0.000,1.0000,4,2,0,94.000,0.000,94.000,94:2|159:2|184:1
CFG_028,E18,4,754.000,754.000,0.000,1.0000,4,2,0,94.000,0.000,94.000,94:2|159:2|184:1
CFG_028,E19,4,754.000,744.000,10.000,0.9867,3,2,0,89.000,0.000,89.000,89:3|184:1|229:1
CFG_028,E20,4,754.000,744.000,10.000,0.9867,3,2,0,89.000,0.000,89.000,89:3|184:1|229:1
CFG_028,E21,4,754.000,744.000,10.000,0.9867,3,0,0,89.000,0.000,89.000,89:3|184:1|229:1
CFG_028,F00,5,754.000,754.000,0.000,1.0000,5,0,0,89.000,0.000,89.000,89:4|159:2
CFG_028,F01,5,754.000,754.000,0.000,1.0000,5,0,0,89.000,0.000,89.000,89:4|159:2
CFG_028,F02,5,754.000,754.000,0.000,1.0000,5,0,0,89.000,0.000,89.000,89:4|159:2
CFG_028,F03,5,754.000,754.000,0.000,1.0000,5,0,0,89.000,0.000,89.000,89:4|159:2
CFG_028,F04,5,754.000,754.000,0.000,1.0000,5,0,0,89.000,0.000,89.000,89:4|159:2
CFG_028,F05,5,754.000,754.000,0.000,1.0000,5,0,0,89.000,0.000,89.000,89:4|159:2
CFG_028,F06,5,754.000,754.000,0.000,1.0000,5,0,0,89.000,0.000,89.000,89:4|159:2
CFG_028,F07,5,754.000,754.000,0.000,1.0000,5,1,0,89.000,0.000,89.000,89:4|159:2
CFG_028,F08,5,754.000,754.000,0.000,1.0000,5,1,0,89.000,0.000,89.000,89:4|159:2
CFG_028,F09,5,754.000,754.000,0.000,1.0000,5,1,0,89.000,0.000,89.000,89:4|159:2
CFG_028,F10,5,754.000,754.000,0.000,1.0000,5,1,0,89.000,0.000,89.000,89:4|159:2
CFG_028,F11,5,754.000,754.000,0.000,1.0000,5,1,0,89.000,0.000,89.000,89:4|159:2
CFG_028,F12,5,754.000,754.000,0.000,1.0000,5,1,0,89.000,0.000,89.000,89:4|159:2
CFG_028,F13,5,754.000,754.000,0.000,1.0000,5,1,0,89.000,0.000,89.000,89:4|159:2
CFG_028,F14,5,754.000,754.000,0.000,1.0000,5,1,0,89.000,0.000,89.000,89:4|159:2
CFG_028,F15,5,754.000,754.000,0.000,1.0000,5,1,0,89.000,0.000,89.000,89:4|159:2
CFG_028,F16,5,754.000,754.000,0.000,1.0000,5,1,0,89.000,0.000,89.000,89:4|159:2
CFG_028,F17,5,754.000,754.000,0.000,1.0000,5,1,0,89.000,0.000,89.000,89:4|159:2
CFG_028,F18,5,754.000,754.000,0.000,1.0000,5,1,0,89.000,0.000,89.000,89:4|159:2
CFG_028,F19,5,754.000,754.000,0.000,1.0000,4,1,0,89.000,0.000,89.000,89:5|229:1
CFG_028,F20,5,754.000,754.000,0.000,1.0000,4,1,0,89.000,0.000,89.000,89:5|229:1
CFG_028,F21,5,754.000,754.000,0.000,1.0000,4,0,0,89.000,0.000,89.000,89:5|229:1
CFG_028,G00,4,754.000,754.000,0.000,1.0000,4,1,0,94.000,0.000,94.000,94:2|159:2|184:1
CFG_028,G01,4,754.000,754.000,0.000,1.0000,4,1,0,94.000,0.000,94.000,94:2|159:2|184:1
CFG_028,G02,4,754.000,754.000,0.000,1.0000,4,1,0,94.000,0.000,94.000,94:2|159:2|184:1
CFG_028,G03,4,754.000,754.000,0.000,1.0000,4,1,0,94.000,0.000,94.000,94:2|159:2|184:1
CFG_028,G04,4,754.000,754.000,0.000,1.0000,4,1,0,94.000,0.000,94.000,94:2|159:2|184:1
CFG_028,G05,4,754.000,754.000,0.000,1.0000,4,1,0,94.000,0.000,94.000,94:2|159:2|184:1
CFG_028,G06,4,754.000,754.000,0.000,1.0000,4,1,0,94.000,0.000,94.000,94:2|159:2|184:1
CFG_028,G07,4,754.000,754.000,0.000,1.0000,4,1,0,94.000,0.000,94.000,94:2|159:2|184:1
CFG_028,G08,4,754.000,754.000,0.000,1.0000,4,1,0,94.000,0.000,94.000,94:2|159:2|184:1
CFG_028,G09,4,754.000,754.000,0.000,1.0000,4,1,0,94.000,0.000,94.000,94:2|159:2|184:1
CFG_028,G10,4,754.000,754.000,0.000,1.0000,4,1,0,94.000,0.000,94.000,94:2|159:2|184:1
CFG_028,G11,4,754.000,754.000,0.000,1.0000,4,1,0,94.000,0.000,94.000,94:2|159:2|184:1
CFG_028,G12,4,754.000,754.000,0.000,1.0000,4,1,0,94.000,0.000,94.000,94:2|159:2|184:1
CFG_028,G13,4,754.000,754.000,0.000,1.0000,4,1,0,94.000,0.000,94.000,94:2|159:2|184:1
CFG_028,G14,4,754.000,754.000,0.000,1.0000,4,1,0,94.000,0.000,94.000,94:2|159:2|184:1
CFG_028,G15,4,754.000,754.000,0.000,1.0000,4,1,0,94.000,0.000,94.000,94:2|159:2|184:1
CFG_028,G16,4,754.000,754.000,0.000,1.0000,4,1,0,94.000,0.000,94.000,94:2|159:2|184:1
CFG_028,G17,4,754.000,754.000,0.000,1.0000,4,1,0,94.000,0.000,94.000,94:2|159:2|184:1
CFG_028,G18,4,754.000,754.000,0.000,1.0000,4,1,0,94.000,0.000,94.000,94:2|159:2|184:1
CFG_028,G19,4,754.000,669.000,85.000,0.8873,3,1,0,89.000,95.000,184.000,89:3|109:1|229:1
CFG_028,G20,4,754.000,669.000,85.000,0.8873,3,1,0,89.000,95.000,184.000,89:3|109:1|229:1
CFG_028,G21,4,754.000,669.000,85.000,0.8873,3,0,0,89.000,95.000,184.000,89:3|109:1|229:1
CFG_028,H00,4,754.000,754.000,0.000,1.0000,4,0,0,94.000,0.000,94.000,94:2|159:2|184:1
CFG_028,H01,4,754.000,754.000,0.000,1.0000,4,0,0,94.000,0.000,94.000,94:2|159:2|184:1
CFG_028,H02,4,754.000,754.000,0.000,1.0000,4,0,0,94.000,0.000,94.000,94:2|159:2|184:1
CFG_028,H03,4,754.000,754.000,0.000,1.0000,4,0,0,94.000,0.000,94.000,94:2|159:2|184:1
CFG_028,H04,4,754.000,754.000,0.000,1.0000,4,0,0,104.000,0.000,104.000,104:1|109:1|159:3
CFG_028,H05,4,754.000,754.000,0.000,1.0000,4,0,0,104.000,0.000,104.000,104:1|109:1|159:3
CFG_028,H06,4,754.000,754.000,0.000,1.0000,4,0,0,104.000,0.000,104.000,104:1|109:1|159:3
CFG_028,H07,4,754.000,754.000,0.000,1.0000,4,0,0,104.000,0.000,104.000,104:1|109:1|159:3
CFG_028,H08,4,754.000,754.000,0.000,1.0000,4,0,0,104.000,0.000,104.000,104:1|109:1|159:3
CFG_028,H09,4,754.000,754.000,0.000,1.0000,4,0,0,104.000,0.000,104.000,104:1|109:1|159:3
CFG_028,H10,4,754.000,754.000,0.000,1.0000,4,0,0,104.000,0.000,104.000,104:1|109:1|159:3
CFG_028,H11,4,754.000,754.000,0.000,1.0000,4,0,0,104.000,0.000,104.000,104:1|109:1|159:3
CFG_028,H12,4,754.000,754.000,0.000,1.0000,4,0,0,104.000,0.000,104.000,104:1|109:1|159:3
CFG_028,H13,5,754.000,754.000,0.000,1.0000,4,0,1,89.000,0.000,89.000,89:4|159:2
CFG_028,H14,5,754.000,754.000,0.000,1.0000,4,0,1,89.000,0.000,89.000,89:4|159:2
CFG_028,H15,5,754.000,754.000,0.000,1.0000,4,0,1,89.000,0.000,89.000,89:4|159:2
CFG_028,H16,5,754.000,754.000,0.000,1.0000,4,0,1,89.000,0.000,89.000,89:4|159:2
CFG_028,H17,5,754.000,754.000,0.000,1.0000,4,0,1,89.000,0.000,89.000,89:4|159:2
CFG_028,H18,5,754.000,754.000,0.000,1.0000,4,0,1,89.000,0.000,89.000,89:4|159:2
CFG_028,H19,4,754.000,719.000,35.000,0.9536,2,1,1,89.000,20.000,109.000,89:3|159:1|229:1
CFG_028,H20,4,754.000,719.000,35.000,0.9536,2,1,1,89.000,20.000,109.000,89:3|159:1|229:1
CFG_028,H21,4,754.000,719.000,35.000,0.9536,2,0,1,89.000,20.000,109.000,89:3|159:1|229:1
CFG_028,I00,5,754.000,754.000,0.000,1.0000,4,0,1,89.000,0.000,89.000,89:4|159:2
CFG_028,I01,5,754.000,754.000,0.000,1.0000,4,0,1,89.000,0.000,89.000,89:4|159:2
CFG_028,I02,5,754.000,754.000,0.000,1.0000,4,0,1,89.000,0.000,89.000,89:4|159:2
CFG_028,I03,5,754.000,754.000,0.000,1.0000,4,0,1,89.000,0.000,89.000,89:4|159:2
CFG_028,I04,5,754.000,754.000,0.000,1.0000,4,0,1,89.000,0.000,89.000,89:4|159:2
CFG_028,I05,5,754.000,754.000,0.000,1.0000,4,0,1,89.000,0.000,89.000,89:4|159:2
CFG_028,I06,5,754.000,754.000,0.000,1.0000,4,0,1,89.000,0.000,89.000,89:4|159:2
CFG_028,I07,5,754.000,754.000,0.000,1.0000,4,0,1,89.000,0.000,89.000,89:4|159:2
CFG_028,I08,5,754.000,754.000,0.000,1.0000,4,0,1,89.000,0.000,89.000,89:4|159:2
CFG_028,I09,5,754.000,754.000,0.000,1.0000,4,0,1,89.000,0.000,89.000,89:4|159:2
CFG_028,I10,5,754.000,754.000,0.000,1.0000,4,0,1,89.000,0.000,89.000,89:4|159:2
CFG_028,I11,5,754.000,754.000,0.000,1.0000,4,0,1,89.000,0.000,89.000,89:4|159:2
CFG_028,I12,5,754.000,754.000,0.000,1.0000,4,0,1,89.000,0.000,89.000,89:4|159:2
CFG_028,I13,5,754.000,754.000,0.000,1.0000,4,0,1,89.000,0.000,89.000,89:4|159:2
CFG_028,I14,5,754.000,754.000,0.000,1.0000,4,0,1,89.000,0.000,89.000,89:4|159:2
CFG_028,I15,5,754.000,754.000,0.000,1.0000,4,0,1,89.000,0.000,89.000,89:4|159:2
CFG_028,I16,5,754.000,754.000,0.000,1.0000,4,0,1,89.000,0.000,89.000,89:4|159:2
CFG_028,I17,5,754.000,754.000,0.000,1.0000,4,0,1,89.000,0.000,89.000,89:4|159:2
CFG_028,I18,5,754.000,754.000,0.000,1.0000,4,0,1,89.000,0.000,89.000,89:4|159:2
CFG_028,I19,5,754.000,754.000,0.000,1.0000,2,1,2,89.000,0.000,89.000,89:5|229:1
CFG_028,I20,5,754.000,754.000,0.000,1.0000,2,1,2,89.000,0.000,89.000,89:5|229:1
CFG_028,I21,5,754.000,754.000,0.000,1.0000,2,0,2,89.000,0.000,89.000,89:5|229:1
CFG_028,J00,5,754.000,754.000,0.000,1.0000,5,0,0,89.000,0.000,89.000,89:4|159:2
CFG_028,J01,5,754.000,754.000,0.000,1.0000,5,0,0,89.000,0.000,89.000,89:4|159:2
CFG_028,J02,5,754.000,754.000,0.000,1.0000,5,0,0,89.000,0.000,89.000,89:4|159:2
CFG_028,J03,5,754.000,754.000,0.000,1.0000,5,0,0,89.000,0.000,89.000,89:4|159:2
CFG_028,J04,5,754.000,754.000,0.000,1.0000,4,0,1,89.000,0.000,89.000,89:4|159:2
CFG_028,J05,5,754.000,754.000,0.000,1.0000,4,0,1,89.000,0.000,89.000,89:4|159:2
CFG_028,J06,5,754.000,754.000,0.000,1.0000,4,0,1,89.000,0.000,89.000,89:4|159:2
CFG_028,J07,5,754.000,754.000,0.000,1.0000,4,0,1,89.000,0.000,89.000,89:4|159:2
CFG_028,J08,5,754.000,754.000,0.000,1.0000,4,0,1,89.000,0.000,89.000,89:4|159:2
CFG_028,J09,5,754.000,754.000,0.000,1.0000,4,0,1,89.000,0.000,89.000,89:4|159:2
CFG_028,J10,5,754.000,754.000,0.000,1.0000,4,0,1,89.000,0.000,89.000,89:4|159:2
CFG_028,J11,5,754.000,754.000,0.000,1.0000,4,0,1,89.000,0.000,89.000,89:4|159:2
CFG_028,J12,5,754.000,754.000,0.000,1.0000,4,0,1,89.000,0.000,89.000,89:4|159:2
CFG_028,J13,5,754.000,754.000,0.000,1.0000,4,0,1,89.000,0.000,89.000,89:4|159:2
CFG_028,J14,5,754.000,754.000,0.000,1.0000,4,0,1,89.000,0.000,89.000,89:4|159:2
CFG_028,J15,5,754.000,754.000,0.000,1.0000,4,0,1,89.000,0.000,89.000,89:4|159:2
CFG_028,J16,5,754.000,754.000,0.000,1.0000,4,0,1,89.000,0.000,89.000,89:4|159:2
CFG_028,J17,5,754.000,754.000,0.000,1.0000,4,0,1,89.000,0.000,89.000,89:4|159:2
CFG_028,J18,5,754.000,754.000,0.000,1.0000,4,0,1,89.000,0.000,89.000,89:4|159:2
CFG_028,J19,4,754.000,714.000,40.000,0.9469,2,1,1,89.000,20.000,109.000,89:3|159:1|224:1
CFG_028,J20,4,754.000,714.000,40.000,0.9469,2,1,1,89.000,20.000,109.000,89:3|159:1|224:1
CFG_028,J21,4,754.000,714.000,40.000,0.9469,2,0,1,89.000,20.000,109.000,89:3|159:1|224:1
CFG_028,K00,5,754.000,754.000,0.000,1.0000,5,0,0,89.000,0.000,89.000,89:4|159:2
CFG_028,K01,5,754.000,754.000,0.000,1.0000,5,0,0,89.000,0.000,89.000,89:4|159:2
CFG_028,K02,5,754.000,754.000,0.000,1.0000,5,0,0,89.000,0.000,89.000,89:4|159:2
CFG_028,K03,5,754.000,754.000,0.000,1.0000,5,0,0,89.000,0.000,89.000,89:4|159:2
CFG_028,K04,5,754.000,754.000,0.000,1.0000,4,0,1,89.000,0.000,89.000,89:4|159:2
CFG_028,K05,5,754.000,754.000,0.000,1.0000,4,0,1,89.000,0.000,89.000,89:4|159:2
CFG_028,K06,5,754.000,754.000,0.000,1.0000,4,0,1,89.000,0.000,89.000,89:4|159:2
CFG_028,K07,5,754.000,754.000,0.000,1.0000,4,0,0,89.000,0.000,89.000,89:4|159:2
CFG_028,K08,5,754.000,754.000,0.000,1.0000,5,0,0,89.000,0.000,89.000,89:4|159:2
CFG_028,K09,5,754.000,754.000,0.000,1.0000,5,0,0,89.000,0.000,89.000,89:4|159:2
CFG_028,K10,5,754.000,754.000,0.000,1.0000,5,0,0,89.000,0.000,89.000,89:4|159:2
CFG_028,K11,5,754.000,754.000,0.000,1.0000,5,0,0,89.000,0.000,89.000,89:4|159:2
CFG_028,K12,5,754.000,754.000,0.000,1.0000,5,0,0,89.000,0.000,89.000,89:4|159:2
CFG_028,K13,5,754.000,754.000,0.000,1.0000,5,0,0,89.000,0.000,89.000,89:4|159:2
CFG_028,K14,5,754.000,754.000,0.000,1.0000,5,0,0,89.000,0.000,89.000,89:4|159:2
CFG_028,K15,5,754.000,754.000,0.000,1.0000,5,0,0,89.000,0.000,89.000,89:4|159:2
CFG_028,K16,5,754.000,754.000,0.000,1.0000,5,0,0,89.000,0.000,89.000,89:4|159:2
CFG_028,K17,5,754.000,754.000,0.000,1.0000,5,0,0,89.000,0.000,89.000,89:4|159:2
CFG_028,K18,5,754.000,754.000,0.000,1.0000,5,0,0,89.000,0.000,89.000,89:4|159:2
CFG_028,K19,4,754.000,739.000,15.000,0.9801,2,0,1,89.000,20.000,109.000,89:3|184:1|224:1
CFG_028,K20,4,754.000,714.000,40.000,0.9469,2,0,1,89.000,20.000,109.000,89:3|159:1|224:1
CFG_028,K21,5,754.000,749.000,5.000,0.9934,2,0,2,89.000,0.000,89.000,89:5|224:1
CFG_029,A00,3,754.000,754.000,0.000,1.0000,3,0,0,159.000,0.000,159.000,159:3|229:1
CFG_029,A01,3,754.000,754.000,0.000,1.0000,3,0,0,159.000,0.000,159.000,159:3|229:1
CFG_029,A02,3,754.000,754.000,0.000,1.0000,3,0,0,159.000,0.000,159.000,159:3|229:1
CFG_029,A03,3,754.000,754.000,0.000,1.0000,3,0,0,159.000,0.000,159.000,159:3|229:1
CFG_029,A04,3,754.000,754.000,0.000,1.0000,3,0,0,159.000,0.000,159.000,159:3|229:1
CFG_029,A05,3,754.000,754.000,0.000,1.0000,3,0,0,159.000,0.000,159.000,159:3|229:1
CFG_029,A06,3,754.000,754.000,0.000,1.0000,3,0,0,159.000,0.000,159.000,159:3|229:1
CFG_029,A07,3,754.000,754.000,0.000,1.0000,3,0,0,159.000,0.000,159.000,159:3|229:1
CFG_029,A08,3,754.000,754.000,0.000,1.0000,3,0,0,159.000,0.000,159.000,159:3|229:1
CFG_029,A09,3,754.000,754.000,0.000,1.0000,3,0,0,159.000,0.000,159.000,159:3|229:1
CFG_029,A10,3,754.000,754.000,0.000,1.0000,3,0,0,159.000,0.000,159.000,159:3|229:1
CFG_029,A11,3,754.000,754.000,0.000,1.0000,3,0,0,159.000,0.000,159.000,159:3|229:1
CFG_029,A12,3,754.000,754.000,0.000,1.0000,3,0,0,159.000,0.000,159.000,159:3|229:1
CFG_029,A13,3,754.000,754.000,0.000,1.0000,3,0,0,159.000,0.000,159.000,159:3|229:1
CFG_029,A14,3,754.000,754.000,0.000,1.0000,3,0,0,159.000,0.000,159.000,159:3|229:1
CFG_029,A15,3,754.000,754.000,0.000,1.0000,3,0,0,159.000,0.000,159.000,159:3|229:1
CFG_029,B00,4,754.000,754.000,0.000,1.0000,2,0,1,89.000,0.000,89.000,89:2|139:2|234:1
CFG_029,B01,4,754.000,754.000,0.000,1.0000,2,0,1,89.000,0.000,89.000,89:2|139:2|234:1
CFG_029,B02,4,754.000,754.000,0.000,1.0000,2,0,1,89.000,0.000,89.000,89:2|139:2|234:1
CFG_029,B03,4,754.000,754.000,0.000,1.0000,2,0,1,89.000,0.000,89.000,89:2|139:2|234:1
CFG_029,B04,4,754.000,754.000,0.000,1.0000,2,0,1,89.000,0.000,89.000,89:2|139:2|234:1
CFG_029,B05,4,754.000,754.000,0.000,1.0000,2,0,1,89.000,0.000,89.000,89:2|139:2|234:1
CFG_029,B06,4,754.000,754.000,0.000,1.0000,2,0,1,89.000,0.000,89.000,89:2|139:2|234:1
CFG_029,B07,4,754.000,754.000,0.000,1.0000,2,0,1,89.000,0.000,89.000,89:2|139:2|234:1
CFG_029,B08,4,754.000,754.000,0.000,1.0000,2,0,1,89.000,0.000,89.000,89:2|139:2|234:1
CFG_029,B09,4,754.000,754.000,0.000,1.0000,2,0,1,89.000,0.000,89.000,89:2|139:2|234:1
CFG_029,B10,4,754.000,754.000,0.000,1.0000,2,0,1,89.000,0.000,89.000,89:2|139:2|234:1
CFG_029,B11,4,754.000,754.000,0.000,1.0000,2,0,1,89.000,0.000,89.000,89:2|139:2|234:1
CFG_029,B12,4,754.000,754.000,0.000,1.0000,2,0,1,89.000,0.000,89.000,89:2|139:2|234:1
CFG_029,B13,4,754.000,754.000,0.000,1.0000,2,0,1,89.000,0.000,89.000,89:2|139:2|234:1
CFG_029,B14,4,754.000,754.000,0.000,1.0000,2,0,1,89.000,0.000,89.000,89:2|139:2|234:1
CFG_029,B15,4,754.000,754.000,0.000,1.0000,2,0,1,89.000,0.000,89.000,89:2|139:2|234:1
CFG_029,B16,4,754.000,754.000,0.000,1.0000,2,0,1,89.000,0.000,89.000,89:2|139:2|234:1
CFG_029,B17,4,754.000,754.000,0.000,1.0000,2,0,1,89.000,0.000,89.000,89:2|139:2|234:1
CFG_029,B18,4,754.000,754.000,0.000,1.0000,2,0,1,89.000,0.000,89.000,89:2|139:2|234:1
CFG_029,B19,4,754.000,654.000,100.000,0.8674,2,2,1,89.000,95.000,184.000,89:4|234:1
CFG_029,B20,4,754.000,654.000,100.000,0.8674,2,2,1,89.000,95.000,184.000,89:4|234:1
CFG_029,B21,4,754.000,654.000,100.000,0.8674,2,0,1,89.000,95.000,184.000,89:4|234:1
CFG_029,D00,4,754.000,754.000,0.000,1.0000,4,1,0,89.000,0.000,89.000,89:2|139:2|234:1
CFG_029,D01,4,754.000,754.000,0.000,1.0000,4,1,0,89.000,0.000,89.000,89:2|139:2|234:1
CFG_029,D02,4,754.000,754.000,0.000,1.0000,4,1,0,89.000,0.000,89.000,89:2|139:2|234:1
CFG_029,D03,4,754.000,754.000,0.000,1.0000,4,1,0,89.000,0.000,89.000,89:2|139:2|234:1
CFG_029,D04,4,754.000,754.000,0.000,1.0000,4,1,0,89.000,0.000,89.000,89:2|139:2|234:1
CFG_029,D05,4,754.000,754.000,0.000,1.0000,4,1,0,89.000,0.000,89.000,89:2|139:2|234:1
CFG_029,D06,4,754.000,754.000,0.000,1.0000,4,1,0,89.000,0.000,89.000,89:2|139:2|234:1
CFG_029,D07,4,754.000,754.000,0.000,1.0000,4,1,0,89.000,0.000,89.000,89:2|139:2|234:1
CFG_029,D08,4,754.000,754.000,0.000,1.0000,4,1,0,89.000,0.000,89.000,89:2|139:2|234:1
CFG_029,D09,4,754.000,754.000,0.000,1.0000,4,1,0,89.000,0.000,89.000,89:2|139:2|234:1
CFG_029,D10,4,754.000,754.000,0.000,1.0000,4,1,0,89.000,0.000,89.000,89:2|139:2|234:1
CFG_029,D11,4,754.000,754.000,0.000,1.0000,4,1,0,89.000,0.000,89.000,89:2|139:2|234:1
CFG_029,D12,4,754.000,754.000,0.000,1.0000,4,1,0,89.000,0.000,89.000,89:2|139:2|234:1
CFG_029,D13,4,754.000,754.000,0.000,1.0000,4,1,0,89.000,0.000,89.000,89:2|139:2|234:1
CFG_029,D14,4,754.000,754.000,0.000,1.0000,4,1,0,89.000,0.000,89.000,89:2|139:2|234:1
CFG_029,D15,4,754.000,754.000,0.000,1.0000,4,1,0,89.000,0.000,89.000,89:2|139:2|234:1
CFG_029,D16,4,754.000,754.000,0.000,1.0000,4,0,0,89.000,0.000,89.000,89:2|139:2|234:1
CFG_029,D17,4,754.000,754.000,0.000,1.0000,4,0,0,89.000,0.000,89.000,89:2|139:2|234:1
CFG_029,D18,4,754.000,754.000,0.000,1.0000,4,0,0,89.000,0.000,89.000,89:2|139:2|234:1
CFG_029,D19,4,754.000,719.000,35.000,0.9536,2,1,1,89.000,20.000,109.000,89:3|159:1|229:1
CFG_029,D20,4,754.000,719.000,35.000,0.9536,2,1,1,89.000,20.000,109.000,89:3|159:1|229:1
CFG_029,D21,4,754.000,719.000,35.000,0.9536,2,0,1,89.000,20.000,109.000,89:3|159:1|229:1
CFG_029,E00,4,754.000,754.000,0.000,1.0000,4,2,0,89.000,0.000,89.000,89:2|139:2|234:1
CFG_029,E01,4,754.000,754.000,0.000,1.0000,4,2,0,89.000,0.000,89.000,89:2|139:2|234:1
CFG_029,E02,4,754.000,754.000,0.000,1.0000,4,2,0,89.000,0.000,89.000,89:2|139:2|234:1
CFG_029,E03,4,754.000,754.000,0.000,1.0000,4,2,0,89.000,0.000,89.000,89:2|139:2|234:1
CFG_029,E04,4,754.000,754.000,0.000,1.0000,4,2,0,89.000,0.000,89.000,89:2|139:2|234:1
CFG_029,E05,4,754.000,754.000,0.000,1.0000,4,2,0,89.000,0.000,89.000,89:2|139:2|234:1
CFG_029,E06,4,754.000,754.000,0.000,1.0000,4,2,0,89.000,0.000,89.000,89:2|139:2|234:1
CFG_029,E07,4,754.000,754.000,0.000,1.0000,4,2,0,89.000,0.000,89.000,89:2|139:2|234:1
CFG_029,E08,4,754.000,754.000,0.000,1.0000,4,2,0,89.000,0.000,89.000,89:2|139:2|234:1
CFG_029,E09,4,754.000,754.000,0.000,1.0000,4,2,0,89.000,0.000,89.000,89:2|139:2|234:1
CFG_029,E10,4,754.000,754.000,0.000,1.0000,4,2,0,89.000,0.000,89.000,89:2|139:2|234:1
CFG_029,E11,4,754.000,754.000,0.000,1.0000,4,2,0,89.000,0.000,89.000,89:2|139:2|234:1
CFG_029,E12,4,754.000,754.000,0.000,1.0000,4,2,0,89.000,0.000,89.000,89:2|139:2|234:1
CFG_029,E13,4,754.000,754.000,0.000,1.0000,4,2,0,89.000,0.000,89.000,89:2|139:2|234:1
CFG_029,E14,4,754.000,754.000,0.000,1.0000,4,2,0,89.000,0.000,89.000,89:2|139:2|234:1
CFG_029,E15,4,754.000,754.000,0.000,1.0000,4,2,0,89.000,0.000,89.000,89:2|139:2|234:1
CFG_029,E16,4,754.000,754.000,0.000,1.0000,4,2,0,89.000,0.000,89.000,89:2|139:2|234:1
CFG_029,E17,4,754.000,754.000,0.000,1.0000,4,2,0,89.000,0.000,89.000,89:2|139:2|234:1
CFG_029,E18,4,754.000,754.000,0.000,1.0000,4,2,0,89.000,0.000,89.000,89:2|139:2|234:1
CFG_029,E19,4,754.000,669.000,85.000,0.8873,3,2,0,89.000,95.000,184.000,89:3|109:1|229:1
CFG_029,E20,4,754.000,669.000,85.000,0.8873,3,2,0,89.000,95.000,184.000,89:3|109:1|229:1
CFG_029,E21,4,754.000,669.000,85.000,0.8873,3,0,0,89.000,95.000,184.000,89:3|109:1|229:1
CFG_029,F00,5,754.000,754.000,0.000,1.0000,5,0,0,89.000,0.000,89.000,89:4|159:2
CFG_029,F01,5,754.000,754.000,0.000,1.0000,5,0,0,89.000,0.000,89.000,89:4|159:2
CFG_029,F02,5,754.000,754.000,0.000,1.0000,5,0,0,89.000,0.000,89.000,89:4|159:2
CFG_029,F03,5,754.000,754.000,0.000,1.0000,5,0,0,89.000,0.000,89.000,89:4|159:2
CFG_029,F04,5,754.000,754.000,0.000,1.0000,5,0,0,89.000,0.000,89.000,89:2|109:2|139:2
CFG_029,F05,5,754.000,754.000,0.000,1.0000,5,0,0,89.000,0.000,89.000,89:2|109:2|139:2
CFG_029,F06,5,754.000,754.000,0.000,1.0000,5,0,0,89.000,0.000,89.000,89:2|109:2|139:2
CFG_029,F07,5,754.000,754.000,0.000,1.0000,5,1,0,89.000,0.000,89.000,89:2|109:2|139:2
CFG_029,F08,5,754.000,754.000,0.000,1.0000,5,1,0,89.000,0.000,89.000,89:2|109:2|139:2
CFG_029,F09,5,754.000,754.000,0.000,1.0000,5,1,0,89.000,0.000,89.000,89:2|109:2|139:2
CFG_029,F10,5,754.000,754.000,0.000,1.0000,5,1,0,89.000,0.000,89.000,89:2|109:2|139:2
CFG_029,F11,5,754.000,754.000,0.000,1.0000,5,1,0,89.000,0.000,89.000,89:2|109:2|139:2
CFG_029,F12,5,754.000,754.000,0.000,1.0000,5,1,0,89.000,0.000,89.000,89:4|159:2
CFG_029,F13,5,754.000,754.000,0.000,1.0000,5,1,0,89.000,0.000,89.000,89:4|159:2
CFG_029,F14,5,754.000,754.000,0.000,1.0000,5,1,0,89.000,0.000,89.000,89:4|159:2
CFG_029,F15,5,754.000,754.000,0.000,1.0000,5,1,0,89.000,0.000,89.000,89:4|159:2
CFG_029,F16,5,754.000,754.000,0.000,1.0000,5,1,0,89.000,0.000,89.000,89:4|159:2
CFG_029,F17,5,754.000,754.000,0.000,1.0000,5,1,0,89.000,0.000,89.000,89:4|159:2
CFG_029,F18,5,754.000,754.000,0.000,1.0000,5,1,0,89.000,0.000,89.000,89:4|159:2
CFG_029,F19,5,754.000,754.000,0.000,1.0000,4,1,0,89.000,0.000,89.000,89:5|229:1
CFG_029,F20,5,754.000,754.000,0.000,1.0000,4,1,0,89.000,0.000,89.000,89:5|229:1
CFG_029,F21,5,754.000,754.000,0.000,1.0000,4,0,0,89.000,0.000,89.000,89:5|229:1
CFG_029,G00,4,754.000,754.000,0.000,1.0000,4,1,0,89.000,0.000,89.000,89:1|139:3|184:1
CFG_029,G01,4,754.000,754.000,0.000,1.0000,4,1,0,89.000,0.000,89.000,89:1|139:3|184:1
CFG_029,G02,4,754.000,754.000,0.000,1.0000,4,1,0,89.000,0.000,89.000,89:1|139:3|184:1
CFG_029,G03,4,754.000,754.000,0.000,1.0000,4,1,0,89.000,0.000,89.000,89:1|139:3|184:1
CFG_029,G04,4,754.000,754.000,0.000,1.0000,4,1,0,89.000,0.000,89.000,89:1|139:3|184:1
CFG_029,G05,4,754.000,754.000,0.000,1.0000,4,1,0,89.000,0.000,89.000,89:1|139:3|184:1
CFG_029,G06,4,754.000,754.000,0.000,1.0000,4,1,0,89.000,0.000,89.000,89:1|139:3|184:1
CFG_029,G07,4,754.000,754.000,0.000,1.0000,4,1,0,89.000,0.000,89.000,89:1|139:3|184:1
CFG_029,G08,4,754.000,754.000,0.000,1.0000,4,1,0,89.000,0.000,89.000,89:1|139:3|184:1
CFG_029,G09,4,754.000,754.000,0.000,1.0000,4,1,0,89.000,0.000,89.000,89:1|139:3|184:1
CFG_029,G10,4,754.000,754.000,0.000,1.0000,4,1,0,89.000,0.000,89.000,89:1|139:3|184:1
CFG_029,G11,4,754.000,754.000,0.000,1.0000,4,1,0,89.000,0.000,89.000,89:1|139:3|184:1
CFG_029,G12,4,754.000,754.000,0.000,1.0000,4,1,0,89.000,0.000,89.000,89:1|139:3|184:1
CFG_029,G13,4,754.000,754.000,0.000,1.0000,4,1,0,89.000,0.000,89.000,89:1|139:3|184:1
CFG_029,G14,4,754.000,754.000,0.000,1.0000,4,1,0,89.000,0.000,89.000,89:2|139:2|234:1
CFG_029,G15,4,754.000,754.000,0.000,1.0000,4,1,0,89.000,0.000,89.000,89:2|139:2|234:1
CFG_029,G16,4,754.000,754.000,0.000,1.0000,4,1,0,89.000,0.000,89.000,89:2|139:2|234:1
CFG_029,G17,4,754.000,754.000,0.000,1.0000,4,1,0,89.000,0.000,89.000,89:2|139:2|234:1
CFG_029,G18,4,754.000,754.000,0.000,1.0000,4,1,0,89.000,0.000,89.000,89:2|139:2|234:1
CFG_029,G19,4,754.000,744.000,10.000,0.9867,3,1,0,89.000,0.000,89.000,89:3|184:1|229:1
CFG_029,G20,4,754.000,744.000,10.000,0.9867,3,1,0,89.000,0.000,89.000,89:3|184:1|229:1
CFG_029,G21,4,754.000,744.000,10.000,0.9867,3,0,0,89.000,0.000,89.000,89:3|184:1|229:1
CFG_029,H00,4,754.000,754.000,0.000,1.0000,4,0,0,89.000,0.000,89.000,89:2|139:2|234:1
CFG_029,H01,4,754.000,754.000,0.000,1.0000,4,0,0,89.000,0.000,89.000,89:2|139:2|234:1
CFG_029,H02,4,754.000,754.000,0.000,1.0000,4,0,0,89.000,0.000,89.000,89:2|139:2|234:1
CFG_029,H03,4,754.000,754.000,0.000,1.0000,4,0,0,89.000,0.000,89.000,89:2|139:2|234:1
CFG_029,H04,4,754.000,754.000,0.000,1.0000,4,0,0,89.000,0.000,89.000,89:2|139:2|234:1
CFG_029,H05,4,754.000,754.000,0.000,1.0000,4,0,0,89.000,0.000,89.000,89:2|139:2|234:1
CFG_029,H06,4,754.000,754.000,0.000,1.0000,4,0,0,89.000,0.000,89.000,89:2|139:2|234:1
CFG_029,H07,4,754.000,754.000,0.000,1.0000,4,0,0,89.000,0.000,89.000,89:2|139:2|234:1
CFG_029,H08,4,754.000,754.000,0.000,1.0000,4,0,0,89.000,0.000,89.000,89:2|139:2|234:1
CFG_029,H09,4,754.000,754.000,0.000,1.0000,4,0,0,89.000,0.000,89.000,89:2|139:2|234:1
CFG_029,H10,4,754.000,754.000,0.000,1.0000,4,0,0,89.000,0.000,89.000,89:2|139:2|234:1
CFG_029,H11,4,754.000,754.000,0.000,1.0000,4,0,0,89.000,0.000,89.000,89:2|139:2|234:1
CFG_029,H12,4,754.000,754.000,0.000,1.0000,4,0,0,89.000,0.000,89.000,89:2|139:2|234:1
CFG_029,H13,4,754.000,754.000,0.000,1.0000,4,0,0,89.000,0.000,89.000,89:2|139:2|234:1
CFG_029,H14,4,754.000,754.000,0.000,1.0000,4,0,0,89.000,0.000,89.000,89:2|139:2|234:1
CFG_029,H15,4,754.000,754.000,0.000,1.0000,4,0,0,89.000,0.000,89.000,89:2|139:2|234:1
CFG_029,H16,4,754.000,754.000,0.000,1.0000,4,0,0,89.000,0.000,89.000,89:2|139:2|234:1
CFG_029,H17,4,754.000,754.000,0.000,1.0000,4,0,0,89.000,0.000,89.000,89:2|139:2|234:1
CFG_029,H18,4,754.000,754.000,0.000,1.0000,4,0,0,89.000,0.000,89.000,89:2|139:2|234:1
CFG_029,H19,4,754.000,699.000,55.000,0.9271,2,1,1,89.000,50.000,139.000,89:3|139:1|229:1
CFG_029,H20,4,754.000,699.000,55.000,0.9271,2,1,1,89.000,50.000,139.000,89:3|139:1|229:1
CFG_029,H21,4,754.000,699.000,55.000,0.9271,2,0,1,89.000,50.000,139.000,89:3|139:1|229:1
CFG_029,I00,4,754.000,754.000,0.000,1.0000,4,0,0,89.000,0.000,89.000,89:2|139:2|234:1
CFG_029,I01,4,754.000,754.000,0.000,1.0000,4,0,0,89.000,0.000,89.000,89:2|139:2|234:1
CFG_029,I02,4,754.000,754.000,0.000,1.0000,4,0,0,89.000,0.000,89.000,89:2|139:2|234:1
CFG_029,I03,4,754.000,754.000,0.000,1.0000,4,0,0,89.000,0.000,89.000,89:2|139:2|234:1
CFG_029,I04,4,754.000,754.000,0.000,1.0000,4,0,0,89.000,0.000,89.000,89:2|139:2|234:1
CFG_029,I05,4,754.000,754.000,0.000,1.0000,4,0,0,89.000,0.000,89.000,89:2|139:2|234:1
CFG_029,I06,4,754.000,754.000,0.000,1.0000,4,0,0,89.000,0.000,89.000,89:2|139:2|234:1
CFG_029,I07,4,754.000,754.000,0.000,1.0000,4,0,0,89.000,0.000,89.000,89:2|139:2|234:1
CFG_029,I08,4,754.000,754.000,0.000,1.0000,4,0,0,89.000,0.000,89.000,89:2|139:2|234:1
CFG_029,I09,4,754.000,754.000,0.000,1.0000,4,0,0,89.000,0.000,89.000,89:2|139:2|234:1
CFG_029,I10,4,754.000,754.000,0.000,1.0000,4,0,0,89.000,0.000,89.000,89:2|139:2|234:1
CFG_029,I11,4,754.000,754.000,0.000,1.0000,4,0,0,89.000,0.000,89.000,89:2|139:2|234:1
CFG_029,I12,4,754.000,754.000,0.000,1.0000,4,0,0,89.000,0.000,89.000,89:2|139:2|234:1
CFG_029,I13,4,754.000,754.000,0.000,1.0000,4,0,0,89.000,0.000,89.000,89:2|139:2|234:1
CFG_029,I14,4,754.000,754.000,0.000,1.0000,4,0,0,89.000,0.000,89.000,89:2|139:2|234:1
CFG_029,I15,4,754.000,754.000,0.000,1.0000,4,0,0,89.000,0.000,89.000,89:2|139:2|234:1
CFG_029,I16,4,754.000,754.000,0.000,1.0000,4,0,0,89.000,0.000,89.000,89:2|139:2|234:1
CFG_029,I17,4,754.000,754.000,0.000,1.0000,4,0,0,89.000,0.000,89.000,89:2|139:2|234:1
CFG_029,I18,4,754.000,754.000,0.000,1.0000,4,0,0,89.000,0.000,89.000,89:2|139:2|234:1
CFG_029,I19,4,754.000,719.000,35.000,0.9536,2,1,1,89.000,20.000,109.000,89:3|159:1|229:1
CFG_029,I20,4,754.000,719.000,35.000,0.9536,2,1,1,89.000,20.000,109.000,89:3|159:1|229:1
CFG_029,I21,4,754.000,719.000,35.000,0.9536,2,0,1,89.000,20.000,109.000,89:3|159:1|229:1
CFG_029,J00,5,754.000,754.000,0.000,1.0000,5,0,0,89.000,0.000,89.000,89:2|109:2|139:2
CFG_029,J01,5,754.000,754.000,0.000,1.0000,5,0,0,89.000,0.000,89.000,89:2|109:2|139:2
CFG_029,J02,5,754.000,754.000,0.000,1.0000,5,0,0,89.000,0.000,89.000,89:2|109:2|139:2
CFG_029,J03,5,754.000,754.000,0.000,1.0000,5,0,0,89.000,0.000,89.000,89:2|109:2|139:2
CFG_029,J04,5,754.000,754.000,0.000,1.0000,3,0,1,89.000,0.000,89.000,89:2|109:2|139:2
CFG_029,J05,5,754.000,754.000,0.000,1.0000,3,0,1,89.000,0.000,89.000,89:2|109:2|139:2
CFG_029,J06,5,754.000,754.000,0.000,1.0000,3,0,1,89.000,0.000,89.000,89:2|109:2|139:2
CFG_029,J07,5,754.000,754.000,0.000,1.0000,3,0,1,89.000,0.000,89.000,89:2|109:2|139:2
CFG_029,J08,5,754.000,754.000,0.000,1.0000,3,0,1,89.000,0.000,89.000,89:2|109:2|139:2
CFG_029,J09,5,754.000,754.000,0.000,1.0000,3,0,1,89.000,0.000,89.000,89:2|109:2|139:2
CFG_029,J10,5,754.000,754.000,0.000,1.0000,3,0,1,89.000,0.000,89.000,89:2|109:2|139:2
CFG_029,J11,5,754.000,754.000,0.000,1.0000,3,0,1,89.000,0.000,89.000,89:2|109:2|139:2
CFG_029,J12,5,754.000,754.000,0.000,1.0000,3,0,1,89.000,0.000,89.000,89:2|109:2|139:2
CFG_029,J13,5,754.000,754.000,0.000,1.0000,4,0,1,89.000,0.000,89.000,89:2|109:2|139:2
CFG_029,J14,5,754.000,754.000,0.000,1.0000,4,0,1,89.000,0.000,89.000,89:2|109:2|139:2
CFG_029,J15,5,754.000,754.000,0.000,1.0000,4,0,1,89.000,0.000,89.000,89:3|109:1|139:1|159:1
CFG_029,J16,5,754.000,754.000,0.000,1.0000,4,0,1,89.000,0.000,89.000,89:4|159:2
CFG_029,J17,5,754.000,754.000,0.000,1.0000,4,0,1,89.000,0.000,89.000,89:4|159:2
CFG_029,J18,5,754.000,754.000,0.000,1.0000,4,0,1,89.000,0.000,89.000,89:4|159:2
CFG_029,J19,5,754.000,749.000,5.000,0.9934,2,1,2,89.000,0.000,89.000,89:5|224:1
CFG_029,J20,5,754.000,749.000,5.000,0.9934,2,1,2,89.000,0.000,89.000,89:5|224:1
CFG_029,J21,5,754.000,749.000,5.000,0.9934,2,0,2,89.000,0.000,89.000,89:5|224:1
CFG_029,K00,4,754.000,754.000,0.000,1.0000,4,1,0,89.000,0.000,89.000,89:2|139:2|234:1
CFG_029,K01,4,754.000,754.000,0.000,1.0000,4,1,0,89.000,0.000,89.000,89:2|139:2|234:1
CFG_029,K02,4,754.000,754.000,0.000,1.0000,4,1,0,89.000,0.000,89.000,89:2|139:2|234:1
CFG_029,K03,4,754.000,754.000,0.000,1.0000,4,1,0,89.000,0.000,89.000,89:2|139:2|234:1
CFG_029,K04,4,754.000,754.000,0.000,1.0000,4,0,0,89.000,0.000,89.000,89:2|139:2|234:1
CFG_029,K05,4,754.000,754.000,0.000,1.0000,4,0,0,89.000,0.000,89.000,89:2|139:2|234:1
CFG_029,K06,4,754.000,754.000,0.000,1.0000,4,0,0,89.000,0.000,89.000,89:2|139:2|234:1
CFG_029,K07,4,754.000,754.000,0.000,1.0000,3,1,0,89.000,0.000,89.000,89:2|139:2|234:1
CFG_029,K08,4,754.000,754.000,0.000,1.0000,4,1,0,89.000,0.000,89.000,89:2|139:2|234:1
CFG_029,K09,4,754.000,754.000,0.000,1.0000,4,1,0,89.000,0.000,89.000,89:2|139:2|234:1
CFG_029,K10,4,754.000,754.000,0.000,1.0000,4,1,0,89.000,0.000,89.000,89:2|139:2|234:1
CFG_029,K11,4,754.000,754.000,0.000,1.0000,4,1,0,89.000,0.000,89.000,89:2|139:2|234:1
CFG_029,K12,4,754.000,754.000,0.000,1.0000,4,1,0,89.000,0.000,89.000,89:2|139:2|234:1
CFG_029,K13,4,754.000,754.000,0.000,1.0000,4,1,0,89.000,0.000,89.000,89:2|139:2|234:1
CFG_029,K14,4,754.000,754.000,0.000,1.0000,4,1,0,89.000,0.000,89.000,89:2|139:2|234:1
CFG_029,K15,4,754.000,754.000,0.000,1.0000,4,1,0,89.000,0.000,89.000,89:2|139:2|234:1
CFG_029,K16,4,754.000,754.000,0.000,1.0000,4,1,0,89.000,0.000,89.000,89:2|139:2|234:1
CFG_029,K17,4,754.000,754.000,0.000,1.0000,4,1,0,89.000,0.000,89.000,89:2|139:2|234:1
CFG_029,K18,4,754.000,754.000,0.000,1.0000,4,1,0,89.000,0.000,89.000,89:2|139:2|234:1
CFG_029,K19,4,754.000,664.000,90.000,0.8806,2,0,1,89.000,95.000,184.000,89:3|109:1|224:1
CFG_029,K20,4,754.000,739.000,15.000,0.9801,2,0,1,89.000,20.000,109.000,89:3|184:1|224:1
CFG_029,K21,5,754.000,749.000,5.000,0.9934,2,0,2,89.000,0.000,89.000,89:5|224:1
CFG_031,A00,6,754.000,684.000,70.000,0.9072,3,0,3,64.000,70.000,134.000,64:5|134:2
CFG_031,A01,6,754.000,714.000,40.000,0.9469,3,0,3,64.000,70.000,134.000,64:6|234:1
CFG_031,A02,6,754.000,714.000,40.000,0.9469,3,0,3,64.000,70.000,134.000,64:6|234:1
CFG_031,A03,6,754.000,684.000,70.000,0.9072,3,0,3,64.000,70.000,134.000,64:5|134:2
CFG_031,A04,6,754.000,714.000,40.000,0.9469,3,0,3,64.000,70.000,134.000,64:6|234:1
CFG_031,A05,6,754.000,754.000,0.000,1.0000,3,0,3,64.000,0.000,64.000,64:4|134:3
CFG_031,A06,6,754.000,754.000,0.000,1.0000,3,0,3,64.000,0.000,64.000,64:4|134:3
CFG_031,A07,6,754.000,714.000,40.000,0.9469,3,0,3,64.000,70.000,134.000,64:6|234:1
CFG_031,A08,6,754.000,754.000,0.000,1.0000,3,0,3,64.000,0.000,64.000,64:4|134:3
CFG_031,A09,6,754.000,754.000,0.000,1.0000,3,0,3,64.000,0.000,64.000,64:4|134:3
CFG_031,A10,6,754.000,754.000,0.000,1.0000,3,0,3,64.000,0.000,64.000,64:4|134:3
CFG_031,A11,6,754.000,754.000,0.000,1.0000,3,0,3,64.000,0.000,64.000,64:4|134:3
CFG_031,A12,6,754.000,754.000,0.000,1.0000,3,0,3,64.000,0.000,64.000,64:4|134:3
CFG_031,A13,6,754.000,714.000,40.000,0.9469,3,0,3,64.000,70.000,134.000,64:6|234:1
CFG_031,A14,6,754.000,754.000,0.000,1.0000,3,0,3,64.000,0.000,64.000,64:4|134:3
CFG_031,A15,6,754.000,754.000,0.000,1.0000,3,0,3,64.000,0.000,64.000,64:4|134:3
CFG_031,B00,6,754.000,684.000,70.000,0.9072,3,0,3,64.000,70.000,134.000,64:5|134:2
CFG_031,B01,6,754.000,714.000,40.000,0.9469,3,0,3,64.000,70.000,134.000,64:6|234:1
CFG_031,B02,6,754.000,684.000,70.000,0.9072,3,0,3,64.000,70.000,134.000,64:5|134:2
CFG_031,B03,6,754.000,714.000,40.000,0.9469,3,0,3,64.000,70.000,134.000,64:6|234:1
CFG_031,B04,7,754.000,694.000,60.000,0.9204,3,0,4,64.000,70.000,134.000,64:7|134:1
CFG_031,B05,5,754.000,704.000,50.000,0.9337,3,0,2,64.000,70.000,134.000,64:4|134:1|234:1
CFG_031,B06,7,754.000,694.000,60.000,0.9204,3,0,4,64.000,70.000,134.000,64:7|134:1
CFG_031,B07,6,754.000,714.000,40.000,0.9469,3,0,3,64.000,70.000,134.000,64:6|234:1
CFG_031,B08,5,754.000,704.000,50.000,0.9337,3,0,2,64.000,70.000,134.000,64:4|134:1|234:1
CFG_031,B09,7,754.000,694.000,60.000,0.9204,3,0,4,64.000,70.000,134.000,64:7|134:1
CFG_031,B10,6,754.000,714.000,40.000,0.9469,3,0,3,64.000,70.000,134.000,64:6|234:1
CFG_031,B11,6,754.000,684.000,70.000,0.9072,3,0,3,64.000,70.000,134.000,64:5|134:2
CFG_031,B12,6,754.000,714.000,40.000,0.9469,3,0,3,64.000,70.000,134.000,64:6|234:1
CFG_031,B13,6,754.000,684.000,70.000,0.9072,3,0,3,64.000,70.000,134.000,64:5|134:2
CFG_031,B14,6,754.000,714.000,40.000,0.9469,3,0,3,64.000,70.000,134.000,64:6|234:1
CFG_031,B15,6,754.000,714.000,40.000,0.9469,3,0,3,64.000,70.000,134.000,64:6|234:1
CFG_031,B16,6,754.000,684.000,70.000,0.9072,3,0,3,64.000,70.000,134.000,64:5|134:2
CFG_031,B17,6,754.000,714.000,40.000,0.9469,3,0,3,64.000,70.000,134.000,64:6|234:1
CFG_031,B18,6,754.000,684.000,70.000,0.9072,3,0,3,64.000,70.000,134.000,64:5|134:2
CFG_031,B19,5,754.000,704.000,50.000,0.9337,2,2,2,64.000,70.000,134.000,64:4|134:1|234:1
CFG_031,B20,5,754.000,704.000,50.000,0.9337,2,2,2,64.000,70.000,134.000,64:4|134:1|234:1
CFG_031,B21,5,754.000,704.000,50.000,0.9337,2,0,2,64.000,70.000,134.000,64:4|134:1|234:1
CFG_031,D00,5,754.000,704.000,50.000,0.9337,4,0,0,64.000,70.000,134.000,64:4|134:1|234:1
CFG_031,D01,7,754.000,694.000,60.000,0.9204,4,0,2,64.000,70.000,134.000,64:7|134:1
CFG_031,D02,6,754.000,714.000,40.000,0.9469,4,0,1,64.000,70.000,134.000,64:6|234:1
CFG_031,D03,5,754.000,704.000,50.000,0.9337,4,0,0,64.000,70.000,134.000,64:4|134:1|234:1
CFG_031,D04,6,754.000,684.000,70.000,0.9072,5,0,1,64.000,70.000,134.000,64:5|134:2
CFG_031,D05,6,754.000,714.000,40.000,0.9469,5,0,1,64.000,70.000,134.000,64:6|234:1
CFG_031,D06,6,754.000,714.000,40.000,0.9469,5,0,1,64.000,70.000,134.000,64:6|234:1
CFG_031,D07,5,754.000,754.000,0.000,1.0000,5,0,0,69.000,0.000,69.000,69:2|134:4
CFG_031,D08,5,754.000,754.000,0.000,1.0000,5,0,0,69.000,0.000,69.000,69:2|134:4
CFG_031,D09,5,754.000,754.000,0.000,1.0000,5,0,0,69.000,0.000,69.000,69:2|134:4
CFG_031,D10,6,754.000,754.000,0.000,1.0000,5,0,1,64.000,0.000,64.000,64:4|134:3
CFG_031,D11,6,754.000,714.000,40.000,0.9469,5,0,1,64.000,70.000,134.000,64:6|234:1
CFG_031,D12,6,754.000,754.000,0.000,1.0000,5,0,1,64.000,0.000,64.000,64:4|134:3
CFG_031,D13,6,754.000,754.000,0.000,1.0000,5,0,1,64.000,0.000,64.000,64:4|134:3
CFG_031,D14,6,754.000,754.000,0.000,1.0000,5,0,1,64.000,0.000,64.000,64:4|134:3
CFG_031,D15,6,754.000,714.000,40.000,0.9469,5,0,1,64.000,70.000,134.000,64:6|234:1
CFG_031,D16,5,754.000,754.000,0.000,1.0000,4,0,1,69.000,0.000,69.000,69:2|134:4
CFG_031,D17,5,754.000,754.000,0.000,1.0000,4,0,1,69.000,0.000,69.000,69:2|134:4
CFG_031,D18,5,754.000,754.000,0.000,1.0000,4,0,1,69.000,0.000,69.000,69:2|134:4
CFG_031,D19,4,754.000,714.000,40.000,0.9469,3,1,1,64.000,70.000,134.000,64:3|229:2
CFG_031,D20,4,754.000,714.000,40.000,0.9469,3,1,1,64.000,70.000,134.000,64:3|229:2
CFG_031,D21,4,754.000,719.000,35.000,0.9536,3,0,1,64.000,0.000,64.000,64:3|229:1|234:1
CFG_031,E00,6,754.000,754.000,0.000,1.0000,6,0,0,64.000,0.000,64.000,64:4|134:3
CFG_031,E01,6,754.000,754.000,0.000,1.0000,6,0,0,64.000,0.000,64.000,64:4|134:3
CFG_031,E02,6,754.000,754.000,0.000,1.0000,6,0,0,64.000,0.000,64.000,64:4|134:3
CFG_031,E03,6,754.000,754.000,0.000,1.0000,6,0,0,64.000,0.000,64.000,64:4|134:3
CFG_031,E04,6,754.000,714.000,40.000,0.9469,6,0,0,64.000,70.000,134.000,64:6|234:1
CFG_031,E05,6,754.000,754.000,0.000,1.0000,6,0,0,64.000,0.000,64.000,64:4|134:3
CFG_031,E06,6,754.000,754.000,0.000,1.0000,6,0,0,64.000,0.000,64.000,64:4|134:3
CFG_031,E07,6,754.000,754.000,0.000,1.0000,6,0,0,64.000,0.000,64.000,64:4|134:3
CFG_031,E08,6,754.000,754.000,0.000,1.0000,6,0,0,64.000,0.000,64.000,64:4|134:3
CFG_031,E09,6,754.000,714.000,40.000,0.9469,6,0,0,64.000,70.000,134.000,64:6|234:1
CFG_031,E10,6,754.000,754.000,0.000,1.0000,6,0,0,64.000,0.000,64.000,64:4|134:3
CFG_031,E11,6,754.000,754.000,0.000,1.0000,6,0,0,64.000,0.000,64.000,64:4|134:3
CFG_031,E12,6,754.000,714.000,40.000,0.9469,6,0,0,64.000,70.000,134.000,64:6|234:1
CFG_031,E13,6,754.000,684.000,70.000,0.9072,6,0,0,64.000,70.000,134.000,64:5|134:2
CFG_031,E14,6,754.000,714.000,40.000,0.9469,6,0,0,64.000,70.000,134.000,64:6|234:1
CFG_031,E15,6,754.000,684.000,70.000,0.9072,6,0,0,64.000,70.000,134.000,64:5|134:2
CFG_031,E16,6,754.000,714.000,40.000,0.9469,6,0,0,64.000,70.000,134.000,64:6|234:1
CFG_031,E17,6,754.000,714.000,40.000,0.9469,6,0,0,64.000,70.000,134.000,64:6|234:1
CFG_031,E18,6,754.000,684.000,70.000,0.9072,6,0,0,64.000,70.000,134.000,64:5|134:2
CFG_031,E19,6,754.000,709.000,45.000,0.9403,1,2,2,64.000,70.000,134.000,64:6|229:1
CFG_031,E20,6,754.000,709.000,45.000,0.9403,1,2,2,64.000,70.000,134.000,64:6|229:1
CFG_031,E21,6,754.000,709.000,45.000,0.9403,1,0,2,64.000,70.000,134.000,64:6|229:1
CFG_031,F00,6,754.000,714.000,40.000,0.9469,5,0,1,64.000,70.000,134.000,64:6|234:1
CFG_031,F01,6,754.000,684.000,70.000,0.9072,5,0,1,64.000,70.000,134.000,64:5|134:2
CFG_031,F02,6,754.000,714.000,40.000,0.9469,5,0,1,64.000,70.000,134.000,64:6|234:1
CFG_031,F03,6,754.000,714.000,40.000,0.9469,5,0,1,64.000,70.000,134.000,64:6|234:1
CFG_031,F04,6,754.000,684.000,70.000,0.9072,5,0,1,64.000,70.000,134.000,64:5|134:2
CFG_031,F05,6,754.000,714.000,40.000,0.9469,5,0,1,64.000,70.000,134.000,64:6|234:1
CFG_031,F06,7,754.000,694.000,60.000,0.9204,5,0,2,64.000,70.000,134.000,64:7|134:1
CFG_031,F07,5,754.000,704.000,50.000,0.9337,6,0,0,64.000,70.000,134.000,64:4|134:1|234:1
CFG_031,F08,6,754.000,714.000,40.000,0.9469,6,0,0,64.000,70.000,134.000,64:6|234:1
CFG_031,F09,7,754.000,694.000,60.000,0.9204,6,0,1,64.000,70.000,134.000,64:7|134:1
CFG_031,F10,5,754.000,704.000,50.000,0.9337,6,0,0,64.000,70.000,134.000,64:4|134:1|234:1
CFG_031,F11,7,754.000,694.000,60.000,0.9204,6,0,1,64.000,70.000,134.000,64:7|134:1
CFG_031,F12,5,754.000,704.000,50.000,0.9337,6,0,0,64.000,70.000,134.000,64:4|134:1|234:1
CFG_031,F13,6,754.000,714.000,40.000,0.9469,6,0,0,64.000,70.000,134.000,64:6|234:1
CFG_031,F14,7,754.000,694.000,60.000,0.9204,6,0,1,64.000,70.000,134.000,64:7|134:1
CFG_031,F15,5,754.000,704.000,50.000,0.9337,6,0,0,64.000,70.000,134.000,64:4|134:1|234:1
CFG_031,F16,7,754.000,694.000,60.000,0.9204,6,0,1,64.000,70.000,134.000,64:7|134:1
CFG_031,F17,6,754.000,714.000,40.000,0.9469,6,0,0,64.000,70.000,134.000,64:6|234:1
CFG_031,F18,5,754.000,704.000,50.000,0.9337,6,0,0,64.000,70.000,134.000,64:4|134:1|234:1
CFG_031,F19,5,754.000,699.000,55.000,0.9271,4,1,0,64.000,70.000,134.000,64:4|134:1|229:1
CFG_031,F20,5,754.000,699.000,55.000,0.9271,4,1,0,64.000,70.000,134.000,64:4|134:1|229:1
CFG_031,F21,5,754.000,699.000,55.000,0.9271,4,0,0,64.000,70.000,134.000,64:4|134:1|229:1
CFG_031,G00,7,754.000,694.000,60.000,0.9204,5,0,2,64.000,70.000,134.000,64:7|134:1
CFG_031,G01,6,754.000,714.000,40.000,0.9469,5,0,1,64.000,70.000,134.000,64:6|234:1
CFG_031,G02,5,754.000,704.000,50.000,0.9337,5,0,0,64.000,70.000,134.000,64:4|134:1|234:1
CFG_031,G03,7,754.000,694.000,60.000,0.9204,5,0,2,64.000,70.000,134.000,64:7|134:1
CFG_031,G04,5,754.000,704.000,50.000,0.9337,5,0,0,64.000,70.000,134.000,64:4|134:1|234:1
CFG_031,G05,7,754.000,694.000,60.000,0.9204,5,0,2,64.000,70.000,134.000,64:7|134:1
CFG_031,G06,6,754.000,714.000,40.000,0.9469,5,0,1,64.000,70.000,134.000,64:6|234:1
CFG_031,G07,5,754.000,704.000,50.000,0.9337,5,0,0,64.000,70.000,134.000,64:4|134:1|234:1
CFG_031,G08,7,754.000,694.000,60.000,0.9204,5,0,2,64.000,70.000,134.000,64:7|134:1
CFG_031,G09,6,754.000,684.000,70.000,0.9072,5,0,1,64.000,70.000,134.000,64:5|134:2
CFG_031,G10,6,754.000,714.000,40.000,0.9469,5,0,1,64.000,70.000,134.000,64:6|234:1
CFG_031,G11,6,754.000,714.000,40.000,0.9469,5,0,1,64.000,70.000,134.000,64:6|234:1
CFG_031,G12,7,754.000,694.000,60.000,0.9204,5,0,2,64.000,70.000,134.000,64:7|134:1
CFG_031,G13,5,754.000,704.000,50.000,0.9337,5,0,0,64.000,70.000,134.000,64:4|134:1|234:1
CFG_031,G14,6,754.000,684.000,70.000,0.9072,5,0,1,64.000,70.000,134.000,64:5|134:2
CFG_031,G15,6,754.000,714.000,40.000,0.9469,5,0,1,64.000,70.000,134.000,64:6|234:1
CFG_031,G16,6,754.000,714.000,40.000,0.9469,5,0,1,64.000,70.000,134.000,64:6|234:1
CFG_031,G17,6,754.000,684.000,70.000,0.9072,5,0,1,64.000,70.000,134.000,64:5|134:2
CFG_031,G18,6,754.000,714.000,40.000,0.9469,5,0,1,64.000,70.000,134.000,64:6|234:1
CFG_031,G19,4,754.000,714.000,40.000,0.9469,4,1,0,64.000,70.000,134.000,64:3|229:2
CFG_031,G20,4,754.000,714.000,40.000,0.9469,4,1,0,64.000,70.000,134.000,64:3|229:2
CFG_031,G21,4,754.000,719.000,35.000,0.9536,4,0,0,64.000,0.000,64.000,64:3|229:1|234:1
CFG_031,H00,6,754.000,714.000,40.000,0.9469,4,0,2,64.000,70.000,134.000,64:6|234:1
CFG_031,H01,6,754.000,684.000,70.000,0.9072,4,0,2,64.000,70.000,134.000,64:5|134:2
CFG_031,H02,6,754.000,714.000,40.000,0.9469,4,0,2,64.000,70.000,134.000,64:6|234:1
CFG_031,H03,6,754.000,684.000,70.000,0.9072,4,0,2,64.000,70.000,134.000,64:5|134:2
CFG_031,H04,6,754.000,714.000,40.000,0.9469,4,0,2,64.000,70.000,134.000,64:6|234:1
CFG_031,H05,6,754.000,714.000,40.000,0.9469,4,0,2,64.000,70.000,134.000,64:6|234:1
CFG_031,H06,7,754.000,694.000,60.000,0.9204,4,0,3,64.000,70.000,134.000,64:7|134:1
CFG_031,H07,5,754.000,704.000,50.000,0.9337,4,0,1,64.000,70.000,134.000,64:4|134:1|234:1
CFG_031,H08,7,754.000,694.000,60.000,0.9204,4,0,3,64.000,70.000,134.000,64:7|134:1
CFG_031,H09,5,754.000,704.000,50.000,0.9337,4,0,1,64.000,70.000,134.000,64:4|134:1|234:1
CFG_031,H10,6,754.000,714.000,40.000,0.9469,4,0,2,64.000,70.000,134.000,64:6|234:1
CFG_031,H11,7,754.000,694.000,60.000,0.9204,4,0,3,64.000,70.000,134.000,64:7|134:1
CFG_031,H12,5,754.000,704.000,50.000,0.9337,4,0,1,64.000,70.000,134.000,64:4|134:1|234:1
CFG_031,H13,7,754.000,694.000,60.000,0.9204,4,0,3,64.000,70.000,134.000,64:7|134:1
CFG_031,H14,5,754.000,704.000,50.000,0.9337,4,0,1,64.000,70.000,134.000,64:4|134:1|234:1
CFG_031,H15,6,754.000,714.000,40.000,0.9469,4,0,2,64.000,70.000,134.000,64:6|234:1
CFG_031,H16,7,754.000,694.000,60.000,0.9204,4,0,3,64.000,70.000,134.000,64:7|134:1
CFG_031,H17,5,754.000,704.000,50.000,0.9337,4,0,1,64.000,70.000,134.000,64:4|134:1|234:1
CFG_031,H18,7,754.000,694.000,60.000,0.9204,4,0,3,64.000,70.000,134.000,64:7|134:1
CFG_031,H19,5,754.000,699.000,55.000,0.9271,2,1,2,64.000,70.000,134.000,64:4|134:1|229:1
CFG_031,H20,5,754.000,699.000,55.000,0.9271,2,1,2,64.000,70.000,134.000,64:4|134:1|229:1
CFG_031,H21,5,754.000,699.000,55.000,0.9271,2,0,2,64.000,70.000,134.000,64:4|134:1|229:1
CFG_031,I00,7,754.000,694.000,60.000,0.9204,4,0,3,64.000,70.000,134.000,64:7|134:1
CFG_031,I01,5,754.000,704.000,50.000,0.9337,4,0,1,64.000,70.000,134.000,64:4|134:1|234:1
CFG_031,I02,7,754.000,694.000,60.000,0.9204,4,0,3,64.000,70.000,134.000,64:7|134:1
CFG_031,I03,6,754.000,714.000,40.000,0.9469,4,0,2,64.000,70.000,134.000,64:6|234:1
CFG_031,I04,5,754.000,704.000,50.000,0.9337,4,0,1,64.000,70.000,134.000,64:4|134:1|234:1
CFG_031,I05,7,754.000,694.000,60.000,0.9204,4,0,3,64.000,70.000,134.000,64:7|134:1
CFG_031,I06,5,754.000,704.000,50.000,0.9337,4,0,1,64.000,70.000,134.000,64:4|134:1|234:1
CFG_031,I07,7,754.000,694.000,60.000,0.9204,4,0,3,64.000,70.000,134.000,64:7|134:1
CFG_031,I08,6,754.000,714.000,40.000,0.9469,4,0,2,64.000,70.000,134.000,64:6|234:1
CFG_031,I09,7,754.000,694.000,60.000,0.9204,4,0,3,64.000,70.000,134.000,64:7|134:1
CFG_031,I10,5,754.000,704.000,50.000,0.9337,4,0,1,64.000,70.000,134.000,64:4|134:1|234:1
CFG_031,I11,6,754.000,684.000,70.000,0.9072,4,0,2,64.000,70.000,134.000,64:5|134:2
CFG_031,I12,6,754.000,714.000,40.000,0.9469,4,0,2,64.000,70.000,134.000,64:6|234:1
CFG_031,I13,6,754.000,714.000,40.000,0.9469,4,0,2,64.000,70.000,134.000,64:6|234:1
CFG_031,I14,7,754.000,694.000,60.000,0.9204,4,0,3,64.000,70.000,134.000,64:7|134:1
CFG_031,I15,5,754.000,704.000,50.000,0.9337,4,0,1,64.000,70.000,134.000,64:4|134:1|234:1
CFG_031,I16,6,754.000,684.000,70.000,0.9072,4,0,2,64.000,70.000,134.000,64:5|134:2
CFG_031,I17,6,754.000,714.000,40.000,0.9469,4,0,2,64.000,70.000,134.000,64:6|234:1
CFG_031,I18,6,754.000,714.000,40.000,0.9469,4,0,2,64.000,70.000,134.000,64:6|234:1
CFG_031,I19,5,754.000,699.000,55.000,0.9271,2,1,2,64.000,70.000,134.000,64:4|134:1|229:1
CFG_031,I20,5,754.000,699.000,55.000,0.9271,2,1,2,64.000,70.000,134.000,64:4|134:1|229:1
CFG_031,I21,5,754.000,699.000,55.000,0.9271,2,0,2,64.000,70.000,134.000,64:4|134:1|229:1
CFG_031,J00,6,754.000,684.000,70.000,0.9072,5,0,1,64.000,70.000,134.000,64:5|134:2
CFG_031,J01,6,754.000,714.000,40.000,0.9469,5,0,1,64.000,70.000,134.000,64:6|234:1
CFG_031,J02,6,754.000,714.000,40.000,0.9469,5,0,1,64.000,70.000,134.000,64:6|234:1
CFG_031,J03,6,754.000,684.000,70.000,0.9072,5,0,1,64.000,70.000,134.000,64:5|134:2
CFG_031,J04,6,754.000,714.000,40.000,0.9469,4,0,2,64.000,70.000,134.000,64:6|234:1
CFG_031,J05,7,754.000,694.000,60.000,0.9204,4,0,3,64.000,70.000,134.000,64:7|134:1
CFG_031,J06,5,754.000,704.000,50.000,0.9337,4,0,1,64.000,70.000,134.000,64:4|134:1|234:1
CFG_031,J07,6,754.000,714.000,40.000,0.9469,4,0,2,64.000,70.000,134.000,64:6|234:1
CFG_031,J08,7,754.000,694.000,60.000,0.9204,4,0,3,64.000,70.000,134.000,64:7|134:1
CFG_031,J09,5,754.000,704.000,50.000,0.9337,4,0,1,64.000,70.000,134.000,64:4|134:1|234:1
CFG_031,J10,7,754.000,694.000,60.000,0.9204,4,0,3,64.000,70.000,134.000,64:7|134:1
CFG_031,J11,5,754.000,704.000,50.000,0.9337,4,0,1,64.000,70.000,134.000,64:4|134:1|234:1
CFG_031,J12,6,754.000,714.000,40.000,0.9469,4,0,2,64.000,70.000,134.000,64:6|234:1
CFG_031,J13,7,754.000,694.000,60.000,0.9204,4,0,3,64.000,70.000,134.000,64:7|134:1
CFG_031,J14,5,754.000,704.000,50.000,0.9337,4,0,1,64.000,70.000,134.000,64:4|134:1|234:1
CFG_031,J15,7,754.000,694.000,60.000,0.9204,4,0,3,64.000,70.000,134.000,64:7|134:1
CFG_031,J16,5,754.000,704.000,50.000,0.9337,4,0,1,64.000,70.000,134.000,64:4|134:1|234:1
CFG_031,J17,6,754.000,714.000,40.000,0.9469,4,0,2,64.000,70.000,134.000,64:6|234:1
CFG_031,J18,7,754.000,694.000,60.000,0.9204,4,0,3,64.000,70.000,134.000,64:7|134:1
CFG_031,J19,4,754.000,704.000,50.000,0.9337,3,1,1,64.000,70.000,134.000,64:3|224:2
CFG_031,J20,4,754.000,704.000,50.000,0.9337,3,1,1,64.000,70.000,134.000,64:3|224:2
CFG_031,J21,4,754.000,714.000,40.000,0.9469,3,0,1,64.000,70.000,134.000,64:3|224:1|234:1
CFG_031,K00,6,754.000,714.000,40.000,0.9469,5,0,1,64.000,70.000,134.000,64:6|234:1
CFG_031,K01,5,754.000,704.000,50.000,0.9337,5,0,0,64.000,70.000,134.000,64:4|134:1|234:1
CFG_031,K02,7,754.000,694.000,60.000,0.9204,5,0,2,64.000,70.000,134.000,64:7|134:1
CFG_031,K03,5,754.000,704.000,50.000,0.9337,5,0,0,64.000,70.000,134.000,64:4|134:1|234:1
CFG_031,K04,7,754.000,694.000,60.000,0.9204,4,0,3,64.000,70.000,134.000,64:7|134:1
CFG_031,K05,6,754.000,714.000,40.000,0.9469,4,0,2,64.000,70.000,134.000,64:6|234:1
CFG_031,K06,5,754.000,704.000,50.000,0.9337,4,0,1,64.000,70.000,134.000,64:4|134:1|234:1
CFG_031,K07,7,754.000,694.000,60.000,0.9204,4,0,2,64.000,70.000,134.000,64:7|134:1
CFG_031,K08,6,754.000,684.000,70.000,0.9072,5,0,1,64.000,70.000,134.000,64:5|134:2
CFG_031,K09,6,754.000,714.000,40.000,0.9469,5,0,1,64.000,70.000,134.000,64:6|234:1
CFG_031,K10,6,754.000,714.000,40.000,0.9469,5,0,1,64.000,70.000,134.000,64:6|234:1
CFG_031,K11,6,754.000,684.000,70.000,0.9072,5,0,1,64.000,70.000,134.000,64:5|134:2
CFG_031,K12,6,754.000,714.000,40.000,0.9469,5,0,1,64.000,70.000,134.000,64:6|234:1
CFG_031,K13,6,754.000,684.000,70.000,0.9072,5,0,1,64.000,70.000,134.000,64:5|134:2
CFG_031,K14,6,754.000,714.000,40.000,0.9469,5,0,1,64.000,70.000,134.000,64:6|234:1
CFG_031,K15,6,754.000,714.000,40.000,0.9469,5,0,1,64.000,70.000,134.000,64:6|234:1
CFG_031,K16,6,754.000,684.000,70.000,0.9072,5,0,1,64.000,70.000,134.000,64:5|134:2
CFG_031,K17,6,754.000,714.000,40.000,0.9469,5,0,1,64.000,70.000,134.000,64:6|234:1
CFG_031,K18,7,754.000,694.000,60.000,0.9204,5,0,2,64.000,70.000,134.000,64:7|134:1
CFG_031,K19,6,754.000,704.000,50.000,0.9337,3,0,3,64.000,70.000,134.000,64:6|224:1
CFG_031,K20,5,754.000,694.000,60.000,0.9204,3,0,2,64.000,70.000,134.000,64:4|134:1|224:1
CFG_031,K21,4,754.000,714.000,40.000,0.9469,3,0,1,64.000,70.000,134.000,64:3|224:1|234:1
CFG_036,A00,4,754.000,754.000,0.000,1.0000,2,0,1,79.000,0.000,79.000,79:2|149:2|234:1
CFG_036,A01,4,754.000,754.000,0.000,1.0000,2,0,1,79.000,0.000,79.000,79:2|149:2|234:1
CFG_036,A02,4,754.000,754.000,0.000,1.0000,2,0,1,79.000,0.000,79.000,79:2|149:2|234:1
CFG_036,A03,4,754.000,754.000,0.000,1.0000,2,0,1,79.000,0.000,79.000,79:2|149:2|234:1
CFG_036,A04,4,754.000,754.000,0.000,1.0000,2,0,1,79.000,0.000,79.000,79:2|149:2|234:1
CFG_036,A05,4,754.000,754.000,0.000,1.0000,2,0,1,79.000,0.000,79.000,79:2|149:2|234:1
CFG_036,A06,4,754.000,754.000,0.000,1.0000,2,0,1,79.000,0.000,79.000,79:2|149:2|234:1
CFG_036,A07,4,754.000,754.000,0.000,1.0000,2,0,1,79.000,0.000,79.000,79:2|149:2|234:1
CFG_036,A08,4,754.000,754.000,0.000,1.0000,2,0,1,79.000,0.000,79.000,79:2|149:2|234:1
CFG_036,A09,4,754.000,754.000,0.000,1.0000,2,0,1,79.000,0.000,79.000,79:2|149:2|234:1
CFG_036,A10,4,754.000,754.000,0.000,1.0000,2,0,1,79.000,0.000,79.000,79:2|149:2|234:1
CFG_036,A11,4,754.000,754.000,0.000,1.0000,2,0,1,79.000,0.000,79.000,79:2|149:2|234:1
CFG_036,A12,4,754.000,754.000,0.000,1.0000,2,0,1,79.000,0.000,79.000,79:2|149:2|234:1
CFG_036,A13,4,754.000,754.000,0.000,1.0000,2,0,1,79.000,0.000,79.000,79:2|149:2|234:1
CFG_036,A14,4,754.000,754.000,0.000,1.0000,2,0,1,79.000,0.000,79.000,79:2|149:2|234:1
CFG_036,A15,4,754.000,754.000,0.000,1.0000,2,0,1,79.000,0.000,79.000,79:2|149:2|234:1
CFG_036,B00,4,754.000,754.000,0.000,1.0000,2,0,1,79.000,0.000,79.000,79:2|149:2|234:1
CFG_036,B01,4,754.000,754.000,0.000,1.0000,2,0,1,79.000,0.000,79.000,79:2|149:2|234:1
CFG_036,B02,4,754.000,754.000,0.000,1.0000,2,0,1,79.000,0.000,79.000,79:2|149:2|234:1
CFG_036,B03,4,754.000,754.000,0.000,1.0000,2,0,1,79.000,0.000,79.000,79:2|149:2|234:1
CFG_036,B04,4,754.000,754.000,0.000,1.0000,2,0,1,79.000,0.000,79.000,79:2|149:2|234:1
CFG_036,B05,4,754.000,754.000,0.000,1.0000,2,0,1,79.000,0.000,79.000,79:2|149:2|234:1
CFG_036,B06,4,754.000,754.000,0.000,1.0000,2,0,1,79.000,0.000,79.000,79:2|149:2|234:1
CFG_036,B07,4,754.000,754.000,0.000,1.0000,2,0,1,79.000,0.000,79.000,79:2|149:2|234:1
CFG_036,B08,4,754.000,754.000,0.000,1.0000,2,0,1,79.000,0.000,79.000,79:2|149:2|234:1
CFG_036,B09,4,754.000,754.000,0.000,1.0000,2,0,1,79.000,0.000,79.000,79:2|149:2|234:1
CFG_036,B10,4,754.000,754.000,0.000,1.0000,2,0,1,79.000,0.000,79.000,79:2|149:2|234:1
CFG_036,B11,4,754.000,754.000,0.000,1.0000,2,0,1,79.000,0.000,79.000,79:2|149:2|234:1
CFG_036,B12,4,754.000,754.000,0.000,1.0000,2,0,1,79.000,0.000,79.000,79:2|149:2|234:1
CFG_036,B13,4,754.000,754.000,0.000,1.0000,2,0,1,79.000,0.000,79.000,79:2|149:2|234:1
CFG_036,B14,4,754.000,754.000,0.000,1.0000,2,0,1,79.000,0.000,79.000,79:2|149:2|234:1
CFG_036,B15,4,754.000,754.000,0.000,1.0000,2,0,1,79.000,0.000,79.000,79:2|149:2|234:1
CFG_036,B16,4,754.000,754.000,0.000,1.0000,2,0,1,79.000,0.000,79.000,79:2|149:2|234:1
CFG_036,B17,4,754.000,754.000,0.000,1.0000,2,0,1,79.000,0.000,79.000,79:2|149:2|234:1
CFG_036,B18,4,754.000,754.000,0.000,1.0000,2,0,1,79.000,0.000,79.000,79:2|149:2|234:1
CFG_036,B19,5,754.000,709.000,45.000,0.9403,2,2,2,79.000,70.000,149.000,79:5|234:1
CFG_036,B20,5,754.000,709.000,45.000,0.9403,2,2,2,79.000,70.000,149.000,79:5|234:1
CFG_036,B21,5,754.000,709.000,45.000,0.9403,2,0,2,79.000,70.000,149.000,79:5|234:1
CFG_036,D00,4,754.000,754.000,0.000,1.0000,4,1,0,79.000,0.000,79.000,79:2|149:2|234:1
CFG_036,D01,4,754.000,754.000,0.000,1.0000,4,1,0,79.000,0.000,79.000,79:2|149:2|234:1
CFG_036,D02,4,754.000,754.000,0.000,1.0000,4,1,0,79.000,0.000,79.000,79:2|149:2|234:1
CFG_036,D03,4,754.000,754.000,0.000,1.0000,4,1,0,79.000,0.000,79.000,79:2|149:2|234:1
CFG_036,D04,4,754.000,754.000,0.000,1.0000,4,1,0,79.000,0.000,79.000,79:2|149:2|234:1
CFG_036,D05,4,754.000,754.000,0.000,1.0000,4,1,0,79.000,0.000,79.000,79:2|149:2|234:1
CFG_036,D06,4,754.000,754.000,0.000,1.0000,4,1,0,79.000,0.000,79.000,79:2|149:2|234:1
CFG_036,D07,4,754.000,754.000,0.000,1.0000,4,1,0,79.000,0.000,79.000,79:2|149:2|234:1
CFG_036,D08,4,754.000,754.000,0.000,1.0000,4,1,0,79.000,0.000,79.000,79:2|149:2|234:1
CFG_036,D09,4,754.000,754.000,0.000,1.0000,4,1,0,79.000,0.000,79.000,79:2|149:2|234:1
CFG_036,D10,4,754.000,754.000,0.000,1.0000,4,1,0,79.000,0.000,79.000,79:2|149:2|234:1
CFG_036,D11,4,754.000,754.000,0.000,1.0000,4,1,0,79.000,0.000,79.000,79:2|149:2|234:1
CFG_036,D12,4,754.000,754.000,0.000,1.0000,4,1,0,79.000,0.000,79.000,79:2|149:2|234:1
CFG_036,D13,4,754.000,754.000,0.000,1.0000,4,1,0,79.000,0.000,79.000,79:2|149:2|234:1
CFG_036,D14,4,754.000,754.000,0.000,1.0000,4,1,0,79.000,0.000,79.000,79:2|149:2|234:1
CFG_036,D15,4,754.000,754.000,0.000,1.0000,4,1,0,79.000,0.000,79.000,79:2|149:2|234:1
CFG_036,D16,4,754.000,754.000,0.000,1.0000,4,0,0,79.000,0.000,79.000,79:2|149:2|234:1
CFG_036,D17,4,754.000,754.000,0.000,1.0000,4,0,0,79.000,0.000,79.000,79:2|149:2|234:1
CFG_036,D18,4,754.000,754.000,0.000,1.0000,4,0,0,79.000,0.000,79.000,79:2|149:2|234:1
CFG_036,D19,4,754.000,679.000,75.000,0.9005,2,1,1,79.000,70.000,149.000,79:3|149:1|229:1
CFG_036,D20,4,754.000,679.000,75.000,0.9005,2,1,1,79.000,70.000,149.000,79:3|149:1|229:1
CFG_036,D21,4,754.000,679.000,75.000,0.9005,2,0,1,79.000,70.000,149.000,79:3|149:1|229:1
CFG_036,E00,4,754.000,754.000,0.000,1.0000,4,2,0,79.000,0.000,79.000,79:2|149:2|234:1
CFG_036,E01,4,754.000,754.000,0.000,1.0000,4,2,0,79.000,0.000,79.000,79:2|149:2|234:1
CFG_036,E02,4,754.000,754.000,0.000,1.0000,4,2,0,79.000,0.000,79.000,79:2|149:2|234:1
CFG_036,E03,4,754.000,754.000,0.000,1.0000,4,2,0,79.000,0.000,79.000,79:2|149:2|234:1
CFG_036,E04,4,754.000,754.000,0.000,1.0000,4,2,0,79.000,0.000,79.000,79:2|149:2|234:1
CFG_036,E05,4,754.000,754.000,0.000,1.0000,4,2,0,79.000,0.000,79.000,79:2|149:2|234:1
CFG_036,E06,4,754.000,754.000,0.000,1.0000,4,2,0,79.000,0.000,79.000,79:2|149:2|234:1
CFG_036,E07,4,754.000,754.000,0.000,1.0000,4,2,0,79.000,0.000,79.000,79:2|149:2|234:1
CFG_036,E08,4,754.000,754.000,0.000,1.0000,4,2,0,79.000,0.000,79.000,79:2|149:2|234:1
CFG_036,E09,4,754.000,754.000,0.000,1.0000,4,2,0,79.000,0.000,79.000,79:2|149:2|234:1
CFG_036,E10,4,754.000,754.000,0.000,1.0000,4,2,0,79.000,0.000,79.000,79:2|149:2|234:1
CFG_036,E11,4,754.000,754.000,0.000,1.0000,4,2,0,79.000,0.000,79.000,79:2|149:2|234:1
CFG_036,E12,4,754.000,754.000,0.000,1.0000,4,2,0,79.000,0.000,79.000,79:2|149:2|234:1
CFG_036,E13,4,754.000,754.000,0.000,1.0000,4,2,0,79.000,0.000,79.000,79:2|149:2|234:1
CFG_036,E14,4,754.000,754.000,0.000,1.0000,4,2,0,79.000,0.000,79.000,79:2|149:2|234:1
CFG_036,E15,4,754.000,754.000,0.000,1.0000,4,2,0,79.000,0.000,79.000,79:2|149:2|234:1
CFG_036,E16,4,754.000,754.000,0.000,1.0000,4,2,0,79.000,0.000,79.000,79:2|149:2|234:1
CFG_036,E17,4,754.000,754.000,0.000,1.0000,4,2,0,79.000,0.000,79.000,79:2|149:2|234:1
CFG_036,E18,4,754.000,754.000,0.000,1.0000,4,2,0,79.000,0.000,79.000,79:2|149:2|234:1
CFG_036,E19,5,754.000,704.000,50.000,0.9337,3,2,1,79.000,70.000,149.000,79:5|229:1
CFG_036,E20,5,754.000,704.000,50.000,0.9337,3,2,1,79.000,70.000,149.000,79:5|229:1
CFG_036,E21,5,754.000,704.000,50.000,0.9337,3,0,1,79.000,70.000,149.000,79:5|229:1
CFG_036,F00,4,754.000,754.000,0.000,1.0000,4,1,0,79.000,0.000,79.000,79:2|149:2|234:1
CFG_036,F01,4,754.000,754.000,0.000,1.0000,4,1,0,79.000,0.000,79.000,79:2|149:2|234:1
CFG_036,F02,4,754.000,754.000,0.000,1.0000,4,1,0,79.000,0.000,79.000,79:2|149:2|234:1
CFG_036,F03,4,754.000,754.000,0.000,1.0000,4,1,0,79.000,0.000,79.000,79:2|149:2|234:1
CFG_036,F04,4,754.000,754.000,0.000,1.0000,4,1,0,79.000,0.000,79.000,79:2|149:2|234:1
CFG_036,F05,4,754.000,754.000,0.000,1.0000,4,1,0,79.000,0.000,79.000,79:2|149:2|234:1
CFG_036,F06,4,754.000,754.000,0.000,1.0000,4,1,0,79.000,0.000,79.000,79:2|149:2|234:1
CFG_036,F07,4,754.000,754.000,0.000,1.0000,4,2,0,79.000,0.000,79.000,79:2|149:2|234:1
CFG_036,F08,4,754.000,754.000,0.000,1.0000,4,2,0,79.000,0.000,79.000,79:2|149:2|234:1
CFG_036,F09,4,754.000,754.000,0.000,1.0000,4,2,0,79.000,0.000,79.000,79:2|149:2|234:1
CFG_036,F10,4,754.000,754.000,0.000,1.0000,4,2,0,79.000,0.000,79.000,79:2|149:2|234:1
CFG_036,F11,4,754.000,754.000,0.000,1.0000,4,2,0,79.000,0.000,79.000,79:2|149:2|234:1
CFG_036,F12,4,754.000,754.000,0.000,1.0000,4,2,0,79.000,0.000,79.000,79:2|149:2|234:1
CFG_036,F13,4,754.000,754.000,0.000,1.0000,4,2,0,79.000,0.000,79.000,79:2|149:2|234:1
CFG_036,F14,4,754.000,754.000,0.000,1.0000,4,2,0,79.000,0.000,79.000,79:2|149:2|234:1
CFG_036,F15,4,754.000,754.000,0.000,1.0000,4,2,0,79.000,0.000,79.000,79:2|149:2|234:1
CFG_036,F16,4,754.000,754.000,0.000,1.0000,4,2,0,79.000,0.000,79.000,79:2|149:2|234:1
CFG_036,F17,4,754.000,754.000,0.000,1.0000,4,2,0,79.000,0.000,79.000,79:2|149:2|234:1
CFG_036,F18,4,754.000,754.000,0.000,1.0000,4,2,0,79.000,0.000,79.000,79:2|149:2|234:1
CFG_036,F19,4,754.000,679.000,75.000,0.9005,3,2,0,79.000,70.000,149.000,79:3|149:1|229:1
CFG_036,F20,4,754.000,679.000,75.000,0.9005,3,2,0,79.000,70.000,149.000,79:3|149:1|229:1
CFG_036,F21,4,754.000,679.000,75.000,0.9005,3,1,0,79.000,70.000,149.000,79:3|149:1|229:1
CFG_036,G00,4,754.000,754.000,0.000,1.0000,4,1,0,79.000,0.000,79.000,79:2|149:2|234:1
CFG_036,G01,4,754.000,754.000,0.000,1.0000,4,1,0,79.000,0.000,79.000,79:2|149:2|234:1
CFG_036,G02,4,754.000,754.000,0.000,1.0000,4,1,0,79.000,0.000,79.000,79:2|149:2|234:1
CFG_036,G03,4,754.000,754.000,0.000,1.0000,4,1,0,79.000,0.000,79.000,79:2|149:2|234:1
CFG_036,G04,4,754.000,754.000,0.000,1.0000,4,1,0,79.000,0.000,79.000,79:2|149:2|234:1
CFG_036,G05,4,754.000,754.000,0.000,1.0000,4,1,0,79.000,0.000,79.000,79:2|149:2|234:1
CFG_036,G06,4,754.000,754.000,0.000,1.0000,4,1,0,79.000,0.000,79.000,79:2|149:2|234:1
CFG_036,G07,4,754.000,754.000,0.000,1.0000,4,1,0,79.000,0.000,79.000,79:2|149:2|234:1
CFG_036,G08,4,754.000,754.000,0.000,1.0000,4,1,0,79.000,0.000,79.000,79:2|149:2|234:1
CFG_036,G09,4,754.000,754.000,0.000,1.0000,4,1,0,79.000,0.000,79.000,79:2|149:2|234:1
CFG_036,G10,4,754.000,754.000,0.000,1.0000,4,1,0,79.000,0.000,79.000,79:2|149:2|234:1
CFG_036,G11,4,754.000,754.000,0.000,1.0000,4,1,0,79.000,0.000,79.000,79:2|149:2|234:1
CFG_036,G12,4,754.000,754.000,0.000,1.0000,4,1,0,79.000,0.000,79.000,79:2|149:2|234:1
CFG_036,G13,4,754.000,754.000,0.000,1.0000,4,1,0,79.000,0.000,79.000,79:2|149:2|234:1
CFG_036,G14,4,754.000,754.000,0.000,1.0000,4,1,0,79.000,0.000,79.000,79:2|149:2|234:1
CFG_036,G15,4,754.000,754.000,0.000,1.0000,4,1,0,79.000,0.000,79.000,79:2|149:2|234:1
CFG_036,G16,4,754.000,754.000,0.000,1.0000,4,1,0,79.000,0.000,79.000,79:2|149:2|234:1
CFG_036,G17,4,754.000,754.000,0.000,1.0000,4,1,0,79.000,0.000,79.000,79:2|149:2|234:1
CFG_036,G18,4,754.000,754.000,0.000,1.0000,4,1,0,79.000,0.000,79.000,79:2|149:2|234:1
CFG_036,G19,5,754.000,704.000,50.000,0.9337,3,1,1,79.000,70.000,149.000,79:5|229:1
CFG_036,G20,5,754.000,704.000,50.000,0.9337,3,1,1,79.000,70.000,149.000,79:5|229:1
CFG_036,G21,5,754.000,704.000,50.000,0.9337,3,0,1,79.000,70.000,149.000,79:5|229:1
CFG_036,H00,4,754.000,754.000,0.000,1.0000,4,0,0,79.000,0.000,79.000,79:2|149:2|234:1
CFG_036,H01,4,754.000,754.000,0.000,1.0000,4,0,0,79.000,0.000,79.000,79:2|149:2|234:1
CFG_036,H02,4,754.000,754.000,0.000,1.0000,4,0,0,79.000,0.000,79.000,79:2|149:2|234:1
CFG_036,H03,4,754.000,754.000,0.000,1.0000,4,0,0,79.000,0.000,79.000,79:2|149:2|234:1
CFG_036,H04,4,754.000,754.000,0.000,1.0000,4,0,0,79.000,0.000,79.000,79:2|149:2|234:1
CFG_036,H05,4,754.000,754.000,0.000,1.0000,4,0,0,79.000,0.000,79.000,79:2|149:2|234:1
CFG_036,H06,4,754.000,754.000,0.000,1.0000,4,0,0,79.000,0.000,79.000,79:2|149:2|234:1
CFG_036,H07,4,754.000,754.000,0.000,1.0000,4,0,0,79.000,0.000,79.000,79:2|149:2|234:1
CFG_036,H08,4,754.000,754.000,0.000,1.0000,4,0,0,79.000,0.000,79.000,79:2|149:2|234:1
CFG_036,H09,4,754.000,754.000,0.000,1.0000,4,0,0,79.000,0.000,79.000,79:2|149:2|234:1
CFG_036,H10,4,754.000,754.000,0.000,1.0000,4,0,0,79.000,0.000,79.000,79:2|149:2|234:1
CFG_036,H11,4,754.000,754.000,0.000,1.0000,4,0,0,79.000,0.000,79.000,79:2|149:2|234:1
CFG_036,H12,4,754.000,754.000,0.000,1.0000,4,0,0,79.000,0.000,79.000,79:2|149:2|234:1
CFG_036,H13,4,754.000,754.000,0.000,1.0000,4,0,0,79.000,0.000,79.000,79:2|149:2|234:1
CFG_036,H14,4,754.000,754.000,0.000,1.0000,4,0,0,79.000,0.000,79.000,79:2|149:2|234:1
CFG_036,H15,4,754.000,754.000,0.000,1.0000,4,0,0,79.000,0.000,79.000,79:2|149:2|234:1
CFG_036,H16,4,754.000,754.000,0.000,1.0000,4,0,0,79.000,0.000,79.000,79:2|149:2|234:1
CFG_036,H17,4,754.000,754.000,0.000,1.0000,4,0,0,79.000,0.000,79.000,79:2|149:2|234:1
CFG_036,H18,4,754.000,754.000,0.000,1.0000,4,0,0,79.000,0.000,79.000,79:2|149:2|234:1
CFG_036,H19,4,754.000,679.000,75.000,0.9005,2,1,1,79.000,70.000,149.000,79:3|149:1|229:1
CFG_036,H20,4,754.000,679.000,75.000,0.9005,2,1,1,79.000,70.000,149.000,79:3|149:1|229:1
CFG_036,H21,4,754.000,679.000,75.000,0.9005,2,0,1,79.000,70.000,149.000,79:3|149:1|229:1
CFG_036,I00,4,754.000,754.000,0.000,1.0000,4,0,0,79.000,0.000,79.000,79:2|149:2|234:1
CFG_036,I01,4,754.000,754.000,0.000,1.0000,4,0,0,79.000,0.000,79.000,79:2|149:2|234:1
CFG_036,I02,4,754.000,754.000,0.000,1.0000,4,0,0,79.000,0.000,79.000,79:2|149:2|234:1
CFG_036,I03,4,754.000,754.000,0.000,1.0000,4,0,0,79.000,0.000,79.000,79:2|149:2|234:1
CFG_036,I04,4,754.000,754.000,0.000,1.0000,4,0,0,79.000,0.000,79.000,79:2|149:2|234:1
CFG_036,I05,4,754.000,754.000,0.000,1.0000,4,0,0,79.000,0.000,79.000,79:2|149:2|234:1
CFG_036,I06,4,754.000,754.000,0.000,1.0000,4,0,0,79.000,0.000,79.000,79:2|149:2|234:1
CFG_036,I07,4,754.000,754.000,0.000,1.0000,4,0,0,79.000,0.000,79.000,79:2|149:2|234:1
CFG_036,I08,4,754.000,754.000,0.000,1.0000,4,0,0,79.000,0.000,79.000,79:2|149:2|234:1
CFG_036,I09,4,754.000,754.000,0.000,1.0000,4,0,0,79.000,0.000,79.000,79:2|149:2|234:1
CFG_036,I10,4,754.000,754.000,0.000,1.0000,4,0,0,79.000,0.000,79.000,79:2|149:2|234:1
CFG_036,I11,4,754.000,754.000,0.000,1.0000,4,0,0,79.000,0.000,79.000,79:2|149:2|234:1
CFG_036,I12,4,754.000,754.000,0.000,1.0000,4,0,0,79.000,0.000,79.000,79:2|149:2|234:1
CFG_036,I13,4,754.000,754.000,0.000,1.0000,4,0,0,79.000,0.000,79.000,79:2|149:2|234:1
CFG_036,I14,4,754.000,754.000,0.000,1.0000,4,0,0,79.000,0.000,79.000,79:2|149:2|234:1
CFG_036,I15,4,754.000,754.000,0.000,1.0000,4,0,0,79.000,0.000,79.000,79:2|149:2|234:1
CFG_036,I16,4,754.000,754.000,0.000,1.0000,4,0,0,79.000,0.000,79.000,79:2|149:2|234:1
CFG_036,I17,4,754.000,754.000,0.000,1.0000,4,0,0,79.000,0.000,79.000,79:2|149:2|234:1
CFG_036,I18,4,754.000,754.000,0.000,1.0000,4,0,0,79.000,0.000,79.000,79:2|149:2|234:1
CFG_036,I19,5,754.000,704.000,50.000,0.9337,2,1,2,79.000,70.000,149.000,79:5|229:1
CFG_036,I20,5,754.000,704.000,50.000,0.9337,2,1,2,79.000,70.000,149.000,79:5|229:1
CFG_036,I21,5,754.000,704.000,50.000,0.9337,2,0,2,79.000,70.000,149.000,79:5|229:1
CFG_036,J00,4,754.000,754.000,0.000,1.0000,4,1,0,79.000,0.000,79.000,79:2|149:2|234:1
CFG_036,J01,4,754.000,754.000,0.000,1.0000,4,1,0,79.000,0.000,79.000,79:2|149:2|234:1
CFG_036,J02,4,754.000,754.000,0.000,1.0000,4,1,0,79.000,0.000,79.000,79:2|149:2|234:1
CFG_036,J03,4,754.000,754.000,0.000,1.0000,4,1,0,79.000,0.000,79.000,79:2|149:2|234:1
CFG_036,J04,4,754.000,754.000,0.000,1.0000,4,0,0,79.000,0.000,79.000,79:2|149:2|234:1
CFG_036,J05,4,754.000,754.000,0.000,1.0000,4,0,0,79.000,0.000,79.000,79:2|149:2|234:1
CFG_036,J06,4,754.000,754.000,0.000,1.0000,4,0,0,79.000,0.000,79.000,79:2|149:2|234:1
CFG_036,J07,4,754.000,754.000,0.000,1.0000,4,0,0,79.000,0.000,79.000,79:2|149:2|234:1
CFG_036,J08,4,754.000,754.000,0.000,1.0000,4,0,0,79.000,0.000,79.000,79:2|149:2|234:1
CFG_036,J09,4,754.000,754.000,0.000,1.0000,4,0,0,79.000,0.000,79.000,79:2|149:2|234:1
CFG_036,J10,4,754.000,754.000,0.000,1.0000,4,0,0,79.000,0.000,79.000,79:2|149:2|234:1
CFG_036,J11,4,754.000,754.000,0.000,1.0000,4,0,0,79.000,0.000,79.000,79:2|149:2|234:1
CFG_036,J12,4,754.000,754.000,0.000,1.0000,4,0,0,79.000,0.000,79.000,79:2|149:2|234:1
CFG_036,J13,4,754.000,754.000,0.000,1.0000,4,0,0,79.000,0.000,79.000,79:2|149:2|234:1
CFG_036,J14,4,754.000,754.000,0.000,1.0000,4,0,0,79.000,0.000,79.000,79:2|149:2|234:1
CFG_036,J15,4,754.000,754.000,0.000,1.0000,4,0,0,79.000,0.000,79.000,79:2|149:2|234:1
CFG_036,J16,4,754.000,754.000,0.000,1.0000,4,0,0,79.000,0.000,79.000,79:2|149:2|234:1
CFG_036,J17,4,754.000,754.000,0.000,1.0000,4,0,0,79.000,0.000,79.000,79:2|149:2|234:1
CFG_036,J18,4,754.000,754.000,0.000,1.0000,4,0,0,79.000,0.000,79.000,79:2|149:2|234:1
CFG_036,J19,4,754.000,674.000,80.000,0.8939,2,1,1,79.000,70.000,149.000,79:3|149:1|224:1
CFG_036,J20,4,754.000,674.000,80.000,0.8939,2,1,1,79.000,70.000,149.000,79:3|149:1|224:1
CFG_036,J21,4,754.000,674.000,80.000,0.8939,2,0,1,79.000,70.000,149.000,79:3|149:1|224:1
CFG_036,K00,4,754.000,754.000,0.000,1.0000,4,1,0,79.000,0.000,79.000,79:2|149:2|234:1
CFG_036,K01,4,754.000,754.000,0.000,1.0000,4,1,0,79.000,0.000,79.000,79:2|149:2|234:1
CFG_036,K02,4,754.000,754.000,0.000,1.0000,4,1,0,79.000,0.000,79.000,79:2|149:2|234:1
CFG_036,K03,4,754.000,754.000,0.000,1.0000,4,1,0,79.000,0.000,79.000,79:2|149:2|234:1
CFG_036,K04,4,754.000,754.000,0.000,1.0000,4,0,0,79.000,0.000,79.000,79:2|149:2|234:1
CFG_036,K05,4,754.000,754.000,0.000,1.0000,4,0,0,79.000,0.000,79.000,79:2|149:2|234:1
CFG_036,K06,4,754.000,754.000,0.000,1.0000,4,0,0,79.000,0.000,79.000,79:2|149:2|234:1
CFG_036,K07,4,754.000,754.000,0.000,1.0000,3,1,0,79.000,0.000,79.000,79:2|149:2|234:1
CFG_036,K08,4,754.000,754.000,0.000,1.0000,4,1,0,79.000,0.000,79.000,79:2|149:2|234:1
CFG_036,K09,4,754.000,754.000,0.000,1.0000,4,1,0,79.000,0.000,79.000,79:2|149:2|234:1
CFG_036,K10,4,754.000,754.000,0.000,1.0000,4,1,0,79.000,0.000,79.000,79:2|149:2|234:1
CFG_036,K11,4,754.000,754.000,0.000,1.0000,4,1,0,79.000,0.000,79.000,79:2|149:2|234:1
CFG_036,K12,4,754.000,754.000,0.000,1.0000,4,1,0,79.000,0.000,79.000,79:2|149:2|234:1
CFG_036,K13,4,754.000,754.000,0.000,1.0000,4,1,0,79.000,0.000,79.000,79:2|149:2|234:1
CFG_036,K14,4,754.000,754.000,0.000,1.0000,4,1,0,79.000,0.000,79.000,79:2|149:2|234:1
CFG_036,K15,4,754.000,754.000,0.000,1.0000,4,1,0,79.000,0.000,79.000,79:2|149:2|234:1
CFG_036,K16,4,754.000,754.000,0.000,1.0000,4,1,0,79.000,0.000,79.000,79:2|149:2|234:1
CFG_036,K17,4,754.000,754.000,0.000,1.0000,4,1,0,79.000,0.000,79.000,79:2|149:2|234:1
CFG_036,K18,4,754.000,754.000,0.000,1.0000,4,1,0,79.000,0.000,79.000,79:2|149:2|234:1
CFG_036,K19,5,754.000,699.000,55.000,0.9271,2,0,2,79.000,70.000,149.000,79:5|224:1
CFG_036,K20,4,754.000,674.000,80.000,0.8939,2,0,1,79.000,70.000,149.000,79:3|149:1|224:1
CFG_036,K21,5,754.000,699.000,55.000,0.9271,2,0,2,79.000,70.000,149.000,79:5|224:1
CFG_037,A00,4,754.000,754.000,0.000,1.0000,1,0,1,74.000,0.000,74.000,74:3|234:2
CFG_037,A01,4,754.000,754.000,0.000,1.0000,1,0,1,74.000,0.000,74.000,74:3|234:2
CFG_037,A02,4,754.000,754.000,0.000,1.0000,1,0,1,74.000,0.000,74.000,74:3|234:2
CFG_037,A03,4,754.000,754.000,0.000,1.0000,1,0,1,74.000,0.000,74.000,74:3|234:2
CFG_037,A04,4,754.000,754.000,0.000,1.0000,2,0,1,114.000,0.000,114.000,114:4|234:1
CFG_037,A05,4,754.000,754.000,0.000,1.0000,2,0,1,114.000,0.000,114.000,114:4|234:1
CFG_037,A06,4,754.000,754.000,0.000,1.0000,2,0,1,114.000,0.000,114.000,114:4|234:1
CFG_037,A07,4,754.000,754.000,0.000,1.0000,2,0,1,114.000,0.000,114.000,114:4|234:1
CFG_037,A08,4,754.000,754.000,0.000,1.0000,2,0,1,114.000,0.000,114.000,114:4|234:1
CFG_037,A09,4,754.000,754.000,0.000,1.0000,2,0,1,114.000,0.000,114.000,114:4|234:1
CFG_037,A10,4,754.000,754.000,0.000,1.0000,2,0,1,114.000,0.000,114.000,114:4|234:1
CFG_037,A11,4,754.000,754.000,0.000,1.0000,2,0,1,114.000,0.000,114.000,114:4|234:1
CFG_037,A12,4,754.000,754.000,0.000,1.0000,2,0,1,114.000,0.000,114.000,114:4|234:1
CFG_037,A13,4,754.000,754.000,0.000,1.0000,2,0,1,114.000,0.000,114.000,114:4|234:1
CFG_037,A14,4,754.000,754.000,0.000,1.0000,2,0,1,114.000,0.000,114.000,114:4|234:1
CFG_037,A15,4,754.000,754.000,0.000,1.0000,2,0,1,114.000,0.000,114.000,114:4|234:1
CFG_037,B00,4,754.000,754.000,0.000,1.0000,1,0,1,74.000,0.000,74.000,74:3|234:2
CFG_037,B01,4,754.000,754.000,0.000,1.0000,1,0,1,74.000,0.000,74.000,74:3|234:2
CFG_037,B02,4,754.000,754.000,0.000,1.0000,1,0,1,74.000,0.000,74.000,74:3|234:2
CFG_037,B03,4,754.000,754.000,0.000,1.0000,1,0,1,74.000,0.000,74.000,74:3|234:2
CFG_037,B04,4,754.000,754.000,0.000,1.0000,2,0,1,114.000,0.000,114.000,114:4|234:1
CFG_037,B05,4,754.000,754.000,0.000,1.0000,2,0,1,114.000,0.000,114.000,114:4|234:1
CFG_037,B06,4,754.000,754.000,0.000,1.0000,2,0,1,114.000,0.000,114.000,114:4|234:1
CFG_037,B07,4,754.000,754.000,0.000,1.0000,3,0,1,114.000,0.000,114.000,114:4|234:1
CFG_037,B08,4,754.000,754.000,0.000,1.0000,3,0,1,114.000,0.000,114.000,114:4|234:1
CFG_037,B09,4,754.000,754.000,0.000,1.0000,3,0,1,114.000,0.000,114.000,114:3|174:2
CFG_037,B10,4,754.000,754.000,0.000,1.0000,3,0,1,114.000,0.000,114.000,114:3|174:2
CFG_037,B11,4,754.000,754.000,0.000,1.0000,3,0,1,114.000,0.000,114.000,114:3|174:2
CFG_037,B12,4,754.000,754.000,0.000,1.0000,3,0,1,114.000,0.000,114.000,114:3|174:2
CFG_037,B13,4,754.000,754.000,0.000,1.0000,3,0,1,114.000,0.000,114.000,114:3|174:2
CFG_037,B14,4,754.000,754.000,0.000,1.0000,3,0,1,114.000,0.000,114.000,114:3|174:2
CFG_037,B15,4,754.000,754.000,0.000,1.0000,3,0,1,114.000,0.000,114.000,114:3|174:2
CFG_037,B16,4,754.000,754.000,0.000,1.0000,3,0,1,114.000,0.000,114.000,114:3|174:2
CFG_037,B17,4,754.000,754.000,0.000,1.0000,3,0,1,114.000,0.000,114.000,114:3|174:2
CFG_037,B18,4,754.000,754.000,0.000,1.0000,3,0,1,114.000,0.000,114.000,114:3|174:2
CFG_037,B19,5,754.000,724.000,30.000,0.9602,2,2,2,74.000,40.000,114.000,74:4|114:1|234:1
CFG_037,B20,5,754.000,724.000,30.000,0.9602,2,2,2,74.000,40.000,114.000,74:4|114:1|234:1
CFG_037,B21,5,754.000,724.000,30.000,0.9602,2,0,2,74.000,40.000,114.000,74:4|114:1|234:1
CFG_037,D00,4,754.000,754.000,0.000,1.0000,4,1,0,114.000,0.000,114.000,114:3|174:2
CFG_037,D01,4,754.000,754.000,0.000,1.0000,4,1,0,114.000,0.000,114.000,114:3|174:2
CFG_037,D02,4,754.000,754.000,0.000,1.0000,4,1,0,114.000,0.000,114.000,114:3|174:2
CFG_037,D03,4,754.000,754.000,0.000,1.0000,4,1,0,114.000,0.000,114.000,114:3|174:2
CFG_037,D04,4,754.000,754.000,0.000,1.0000,4,1,0,114.000,0.000,114.000,114:3|174:2
CFG_037,D05,4,754.000,754.000,0.000,1.0000,4,1,0,114.000,0.000,114.000,114:3|174:2
CFG_037,D06,4,754.000,754.000,0.000,1.0000,4,1,0,114.000,0.000,114.000,114:3|174:2
CFG_037,D07,4,754.000,754.000,0.000,1.0000,4,1,0,114.000,0.000,114.000,114:3|174:2
CFG_037,D08,4,754.000,754.000,0.000,1.0000,4,1,0,114.000,0.000,114.000,114:3|174:2
CFG_037,D09,4,754.000,754.000,0.000,1.0000,4,1,0,114.000,0.000,114.000,114:3|174:2
CFG_037,D10,4,754.000,754.000,0.000,1.0000,4,1,0,114.000,0.000,114.000,114:3|174:2
CFG_037,D11,4,754.000,754.000,0.000,1.0000,4,1,0,114.000,0.000,114.000,114:3|174:2
CFG_037,D12,4,754.000,754.000,0.000,1.0000,4,1,0,114.000,0.000,114.000,114:3|174:2
CFG_037,D13,4,754.000,754.000,0.000,1.0000,4,1,0,114.000,0.000,114.000,114:3|174:2
CFG_037,D14,4,754.000,754.000,0.000,1.0000,4,1,0,114.000,0.000,114.000,114:3|174:2
CFG_037,D15,4,754.000,754.000,0.000,1.0000,4,1,0,114.000,0.000,114.000,114:3|174:2
CFG_037,D16,4,754.000,754.000,0.000,1.0000,4,0,0,114.000,0.000,114.000,114:3|174:2
CFG_037,D17,4,754.000,754.000,0.000,1.0000,4,0,0,114.000,0.000,114.000,114:3|174:2
CFG_037,D18,4,754.000,754.000,0.000,1.0000,4,0,0,114.000,0.000,114.000,114:3|174:2
CFG_037,D19,4,754.000,689.000,65.000,0.9138,2,1,1,74.000,40.000,114.000,74:3|174:1|229:1
CFG_037,D20,4,754.000,689.000,65.000,0.9138,2,1,1,74.000,40.000,114.000,74:3|174:1|229:1
CFG_037,D21,4,754.000,689.000,65.000,0.9138,2,0,1,74.000,40.000,114.000,74:3|174:1|229:1
CFG_037,E00,4,754.000,754.000,0.000,1.0000,4,2,0,114.000,0.000,114.000,114:3|174:2
CFG_037,E01,4,754.000,754.000,0.000,1.0000,4,2,0,114.000,0.000,114.000,114:3|174:2
CFG_037,E02,4,754.000,754.000,0.000,1.0000,4,2,0,114.000,0.000,114.000,114:3|174:2
CFG_037,E03,4,754.000,754.000,0.000,1.0000,4,2,0,114.000,0.000,114.000,114:3|174:2
CFG_037,E04,4,754.000,754.000,0.000,1.0000,4,2,0,114.000,0.000,114.000,114:3|174:2
CFG_037,E05,4,754.000,754.000,0.000,1.0000,4,2,0,114.000,0.000,114.000,114:3|174:2
CFG_037,E06,4,754.000,754.000,0.000,1.0000,4,2,0,114.000,0.000,114.000,114:3|174:2
CFG_037,E07,4,754.000,754.000,0.000,1.0000,4,2,0,114.000,0.000,114.000,114:3|174:2
CFG_037,E08,4,754.000,754.000,0.000,1.0000,4,2,0,114.000,0.000,114.000,114:3|174:2
CFG_037,E09,4,754.000,754.000,0.000,1.0000,4,2,0,114.000,0.000,114.000,114:3|174:2
CFG_037,E10,4,754.000,754.000,0.000,1.0000,4,2,0,114.000,0.000,114.000,114:3|174:2
CFG_037,E11,4,754.000,754.000,0.000,1.0000,4,2,0,114.000,0.000,114.000,114:3|174:2
CFG_037,E12,4,754.000,754.000,0.000,1.0000,4,2,0,114.000,0.000,114.000,114:3|174:2
CFG_037,E13,4,754.000,754.000,0.000,1.0000,4,2,0,114.000,0.000,114.000,114:3|174:2
CFG_037,E14,4,754.000,754.000,0.000,1.0000,4,2,0,114.000,0.000,114.000,114:3|174:2
CFG_037,E15,4,754.000,754.000,0.000,1.0000,4,2,0,114.000,0.000,114.000,114:3|174:2
CFG_037,E16,4,754.000,754.000,0.000,1.0000,4,2,0,74.000,0.000,74.000,74:3|234:2
CFG_037,E17,4,754.000,754.000,0.000,1.0000,4,2,0,74.000,0.000,74.000,74:3|234:2
CFG_037,E18,4,754.000,754.000,0.000,1.0000,4,2,0,74.000,0.000,74.000,74:3|234:2
CFG_037,E19,5,754.000,719.000,35.000,0.9536,3,2,1,74.000,40.000,114.000,74:4|114:1|229:1
CFG_037,E20,5,754.000,719.000,35.000,0.9536,3,2,1,74.000,40.000,114.000,74:4|114:1|229:1
CFG_037,E21,5,754.000,719.000,35.000,0.9536,3,0,1,74.000,40.000,114.000,74:4|114:1|229:1
CFG_037,F00,4,754.000,754.000,0.000,1.0000,4,1,0,114.000,0.000,114.000,114:4|234:1
CFG_037,F01,4,754.000,754.000,0.000,1.0000,4,1,0,114.000,0.000,114.000,114:4|234:1
CFG_037,F02,4,754.000,754.000,0.000,1.0000,4,1,0,114.000,0.000,114.000,114:4|234:1
CFG_037,F03,4,754.000,754.000,0.000,1.0000,4,1,0,114.000,0.000,114.000,114:4|234:1
CFG_037,F04,4,754.000,754.000,0.000,1.0000,4,1,0,74.000,0.000,74.000,74:3|234:2
CFG_037,F05,4,754.000,754.000,0.000,1.0000,4,1,0,74.000,0.000,74.000,74:3|234:2
CFG_037,F06,4,754.000,754.000,0.000,1.0000,4,1,0,74.000,0.000,74.000,74:3|234:2
CFG_037,F07,4,754.000,754.000,0.000,1.0000,4,2,0,74.000,0.000,74.000,74:3|234:2
CFG_037,F08,4,754.000,754.000,0.000,1.0000,4,2,0,74.000,0.000,74.000,74:3|234:2
CFG_037,F09,4,754.000,754.000,0.000,1.0000,4,2,0,74.000,0.000,74.000,74:3|234:2
CFG_037,F10,4,754.000,754.000,0.000,1.0000,4,2,0,74.000,0.000,74.000,74:3|234:2
CFG_037,F11,4,754.000,754.000,0.000,1.0000,4,2,0,74.000,0.000,74.000,74:3|234:2
CFG_037,F12,4,754.000,754.000,0.000,1.0000,4,2,0,74.000,0.000,74.000,74:3|234:2
CFG_037,F13,4,754.000,754.000,0.000,1.0000,4,2,0,74.000,0.000,74.000,74:3|234:2
CFG_037,F14,4,754.000,754.000,0.000,1.0000,4,2,0,74.000,0.000,74.000,74:3|234:2
CFG_037,F15,4,754.000,754.000,0.000,1.0000,4,2,0,74.000,0.000,74.000,74:3|234:2
CFG_037,F16,4,754.000,754.000,0.000,1.0000,4,2,0,74.000,0.000,74.000,74:3|234:2
CFG_037,F17,4,754.000,754.000,0.000,1.0000,4,2,0,74.000,0.000,74.000,74:3|234:2
CFG_037,F18,4,754.000,754.000,0.000,1.0000,4,2,0,74.000,0.000,74.000,74:3|234:2
CFG_037,F19,5,754.000,719.000,35.000,0.9536,4,1,0,74.000,40.000,114.000,74:4|114:1|229:1
CFG_037,F20,5,754.000,719.000,35.000,0.9536,4,1,0,74.000,40.000,114.000,74:4|114:1|229:1
CFG_037,F21,5,754.000,719.000,35.000,0.9536,4,0,0,74.000,40.000,114.000,74:4|114:1|229:1
CFG_037,G00,4,754.000,754.000,0.000,1.0000,4,1,0,114.000,0.000,114.000,114:4|234:1
CFG_037,G01,4,754.000,754.000,0.000,1.0000,4,1,0,114.000,0.000,114.000,114:4|234:1
CFG_037,G02,4,754.000,754.000,0.000,1.0000,4,1,0,114.000,0.000,114.000,114:4|234:1
CFG_037,G03,4,754.000,754.000,0.000,1.0000,4,1,0,114.000,0.000,114.000,114:4|234:1
CFG_037,G04,4,754.000,754.000,0.000,1.0000,4,1,0,74.000,0.000,74.000,74:3|234:2
CFG_037,G05,4,754.000,754.000,0.000,1.0000,4,1,0,74.000,0.000,74.000,74:3|234:2
CFG_037,G06,4,754.000,754.000,0.000,1.0000,4,1,0,74.000,0.000,74.000,74:3|234:2
CFG_037,G07,4,754.000,754.000,0.000,1.0000,4,1,0,74.000,0.000,74.000,74:3|234:2
CFG_037,G08,4,754.000,754.000,0.000,1.0000,4,1,0,74.000,0.000,74.000,74:3|234:2
CFG_037,G09,4,754.000,754.000,0.000,1.0000,4,1,0,74.000,0.000,74.000,74:3|234:2
CFG_037,G10,4,754.000,754.000,0.000,1.0000,4,1,0,74.000,0.000,74.000,74:3|234:2
CFG_037,G11,4,754.000,754.000,0.000,1.0000,4,1,0,74.000,0.000,74.000,74:3|234:2
CFG_037,G12,4,754.000,754.000,0.000,1.0000,4,1,0,74.000,0.000,74.000,74:3|234:2
CFG_037,G13,4,754.000,754.000,0.000,1.0000,4,1,0,74.000,0.000,74.000,74:3|234:2
CFG_037,G14,4,754.000,754.000,0.000,1.0000,4,1,0,74.000,0.000,74.000,74:3|234:2
CFG_037,G15,4,754.000,754.000,0.000,1.0000,4,1,0,74.000,0.000,74.000,74:3|234:2
CFG_037,G16,4,754.000,754.000,0.000,1.0000,4,1,0,74.000,0.000,74.000,74:3|234:2
CFG_037,G17,4,754.000,754.000,0.000,1.0000,4,1,0,74.000,0.000,74.000,74:3|234:2
CFG_037,G18,4,754.000,754.000,0.000,1.0000,4,1,0,74.000,0.000,74.000,74:3|234:2
CFG_037,G19,5,754.000,719.000,35.000,0.9536,3,1,1,74.000,40.000,114.000,74:4|114:1|229:1
CFG_037,G20,5,754.000,719.000,35.000,0.9536,3,1,1,74.000,40.000,114.000,74:4|114:1|229:1
CFG_037,G21,5,754.000,719.000,35.000,0.9536,3,0,1,74.000,40.000,114.000,74:4|114:1|229:1
CFG_037,H00,4,754.000,754.000,0.000,1.0000,4,0,0,74.000,0.000,74.000,74:3|234:2
CFG_037,H01,4,754.000,754.000,0.000,1.0000,4,0,0,74.000,0.000,74.000,74:3|234:2
CFG_037,H02,4,754.000,754.000,0.000,1.0000,4,0,0,74.000,0.000,74.000,74:3|234:2
CFG_037,H03,4,754.000,754.000,0.000,1.0000,4,0,0,74.000,0.000,74.000,74:3|234:2
CFG_037,H04,4,754.000,754.000,0.000,1.0000,4,0,0,74.000,0.000,74.000,74:3|234:2
CFG_037,H05,4,754.000,754.000,0.000,1.0000,4,0,0,74.000,0.000,74.000,74:3|234:2
CFG_037,H06,4,754.000,754.000,0.000,1.0000,4,0,0,74.000,0.000,74.000,74:3|234:2
CFG_037,H07,4,754.000,754.000,0.000,1.0000,4,0,0,74.000,0.000,74.000,74:3|234:2
CFG_037,H08,4,754.000,754.000,0.000,1.0000,4,0,0,74.000,0.000,74.000,74:3|234:2
CFG_037,H09,4,754.000,754.000,0.000,1.0000,4,0,0,74.000,0.000,74.000,74:3|234:2
CFG_037,H10,4,754.000,754.000,0.000,1.0000,4,0,0,74.000,0.000,74.000,74:3|234:2
CFG_037,H11,4,754.000,754.000,0.000,1.0000,4,0,0,74.000,0.000,74.000,74:3|234:2
CFG_037,H12,4,754.000,754.000,0.000,1.0000,4,0,0,74.000,0.000,74.000,74:3|234:2
CFG_037,H13,4,754.000,754.000,0.000,1.0000,4,0,0,74.000,0.000,74.000,74:3|234:2
CFG_037,H14,4,754.000,754.000,0.000,1.0000,4,0,0,74.000,0.000,74.000,74:3|234:2
CFG_037,H15,4,754.000,754.000,0.000,1.0000,4,0,0,74.000,0.000,74.000,74:3|234:2
CFG_037,H16,4,754.000,754.000,0.000,1.0000,4,0,0,74.000,0.000,74.000,74:3|234:2
CFG_037,H17,4,754.000,754.000,0.000,1.0000,4,0,0,74.000,0.000,74.000,74:3|234:2
CFG_037,H18,4,754.000,754.000,0.000,1.0000,4,0,0,74.000,0.000,74.000,74:3|234:2
CFG_037,H19,5,754.000,719.000,35.000,0.9536,2,1,2,74.000,40.000,114.000,74:4|114:1|229:1
CFG_037,H20,5,754.000,719.000,35.000,0.9536,2,1,2,74.000,40.000,114.000,74:4|114:1|229:1
CFG_037,H21,5,754.000,719.000,35.000,0.9536,2,0,2,74.000,40.000,114.000,74:4|114:1|229:1
CFG_037,I00,4,754.000,754.000,0.000,1.0000,4,0,0,74.000,0.000,74.000,74:3|234:2
CFG_037,I01,4,754.000,754.000,0.000,1.0000,4,0,0,74.000,0.000,74.000,74:3|234:2
CFG_037,I02,4,754.000,754.000,0.000,1.0000,4,0,0,74.000,0.000,74.000,74:3|234:2
CFG_037,I03,4,754.000,754.000,0.000,1.0000,4,0,0,74.000,0.000,74.000,74:3|234:2
CFG_037,I04,4,754.000,754.000,0.000,1.0000,4,0,0,74.000,0.000,74.000,74:3|234:2
CFG_037,I05,4,754.000,754.000,0.000,1.0000,4,0,0,74.000,0.000,74.000,74:3|234:2
CFG_037,I06,4,754.000,754.000,0.000,1.0000,4,0,0,74.000,0.000,74.000,74:3|234:2
CFG_037,I07,4,754.000,754.000,0.000,1.0000,4,0,0,74.000,0.000,74.000,74:3|234:2
CFG_037,I08,4,754.000,754.000,0.000,1.0000,4,0,0,74.000,0.000,74.000,74:3|234:2
CFG_037,I09,4,754.000,754.000,0.000,1.0000,4,0,0,74.000,0.000,74.000,74:3|234:2
CFG_037,I10,4,754.000,754.000,0.000,1.0000,4,0,0,74.000,0.000,74.000,74:3|234:2
CFG_037,I11,4,754.000,754.000,0.000,1.0000,4,0,0,74.000,0.000,74.000,74:3|234:2
CFG_037,I12,4,754.000,754.000,0.000,1.0000,4,0,0,74.000,0.000,74.000,74:3|234:2
CFG_037,I13,4,754.000,754.000,0.000,1.0000,4,0,0,74.000,0.000,74.000,74:3|234:2
CFG_037,I14,4,754.000,754.000,0.000,1.0000,4,0,0,74.000,0.000,74.000,74:3|234:2
CFG_037,I15,4,754.000,754.000,0.000,1.0000,4,0,0,74.000,0.000,74.000,74:3|234:2
CFG_037,I16,4,754.000,754.000,0.000,1.0000,4,0,0,74.000,0.000,74.000,74:3|234:2
CFG_037,I17,4,754.000,754.000,0.000,1.0000,4,0,0,74.000,0.000,74.000,74:3|234:2
CFG_037,I18,4,754.000,754.000,0.000,1.0000,4,0,0,74.000,0.000,74.000,74:3|234:2
CFG_037,I19,4,754.000,689.000,65.000,0.9138,2,1,1,74.000,40.000,114.000,74:3|174:1|229:1
CFG_037,I20,4,754.000,689.000,65.000,0.9138,2,1,1,74.000,40.000,114.000,74:3|174:1|229:1
CFG_037,I21,4,754.000,689.000,65.000,0.9138,2,0,1,74.000,40.000,114.000,74:3|174:1|229:1
CFG_037,J00,4,754.000,754.000,0.000,1.0000,4,1,0,74.000,0.000,74.000,74:3|234:2
CFG_037,J01,4,754.000,754.000,0.000,1.0000,4,1,0,74.000,0.000,74.000,74:3|234:2
CFG_037,J02,4,754.000,754.000,0.000,1.0000,4,1,0,74.000,0.000,74.000,74:3|234:2
CFG_037,J03,4,754.000,754.000,0.000,1.0000,4,1,0,74.000,0.000,74.000,74:3|234:2
CFG_037,J04,4,754.000,754.000,0.000,1.0000,4,0,0,74.000,0.000,74.000,74:3|234:2
CFG_037,J05,4,754.000,754.000,0.000,1.0000,4,0,0,74.000,0.000,74.000,74:3|234:2
CFG_037,J06,4,754.000,754.000,0.000,1.0000,4,0,0,74.000,0.000,74.000,74:3|234:2
CFG_037,J07,4,754.000,754.000,0.000,1.0000,4,0,0,74.000,0.000,74.000,74:3|234:2
CFG_037,J08,4,754.000,754.000,0.000,1.0000,4,0,0,74.000,0.000,74.000,74:3|234:2
CFG_037,J09,4,754.000,754.000,0.000,1.0000,4,0,0,74.000,0.000,74.000,74:3|234:2
CFG_037,J10,4,754.000,754.000,0.000,1.0000,4,0,0,74.000,0.000,74.000,74:3|234:2
CFG_037,J11,4,754.000,754.000,0.000,1.0000,4,0,0,74.000,0.000,74.000,74:3|234:2
CFG_037,J12,4,754.000,754.000,0.000,1.0000,4,0,0,74.000,0.000,74.000,74:3|234:2
CFG_037,J13,4,754.000,754.000,0.000,1.0000,4,0,0,74.000,0.000,74.000,74:3|234:2
CFG_037,J14,4,754.000,754.000,0.000,1.0000,4,0,0,74.000,0.000,74.000,74:3|234:2
CFG_037,J15,4,754.000,754.000,0.000,1.0000,4,0,0,74.000,0.000,74.000,74:3|234:2
CFG_037,J16,4,754.000,754.000,0.000,1.0000,4,0,0,74.000,0.000,74.000,74:3|234:2
CFG_037,J17,4,754.000,754.000,0.000,1.0000,4,0,0,74.000,0.000,74.000,74:3|234:2
CFG_037,J18,4,754.000,754.000,0.000,1.0000,4,0,0,74.000,0.000,74.000,74:3|234:2
CFG_037,J19,5,754.000,714.000,40.000,0.9469,2,1,2,74.000,40.000,114.000,74:4|114:1|224:1
CFG_037,J20,5,754.000,714.000,40.000,0.9469,2,1,2,74.000,40.000,114.000,74:4|114:1|224:1
CFG_037,J21,5,754.000,714.000,40.000,0.9469,2,0,2,74.000,40.000,114.000,74:4|114:1|224:1
CFG_037,K00,4,754.000,754.000,0.000,1.0000,4,1,0,74.000,0.000,74.000,74:3|234:2
CFG_037,K01,4,754.000,754.000,0.000,1.0000,4,1,0,74.000,0.000,74.000,74:3|234:2
CFG_037,K02,4,754.000,754.000,0.000,1.0000,4,1,0,74.000,0.000,74.000,74:3|234:2
CFG_037,K03,4,754.000,754.000,0.000,1.0000,4,1,0,74.000,0.000,74.000,74:3|234:2
CFG_037,K04,4,754.000,754.000,0.000,1.0000,4,0,0,74.000,0.000,74.000,74:3|234:2
CFG_037,K05,4,754.000,754.000,0.000,1.0000,4,0,0,74.000,0.000,74.000,74:3|234:2
CFG_037,K06,4,754.000,754.000,0.000,1.0000,4,0,0,74.000,0.000,74.000,74:3|234:2
CFG_037,K07,4,754.000,754.000,0.000,1.0000,3,1,0,74.000,0.000,74.000,74:3|234:2
CFG_037,K08,4,754.000,754.000,0.000,1.0000,4,1,0,74.000,0.000,74.000,74:3|234:2
CFG_037,K09,4,754.000,754.000,0.000,1.0000,4,1,0,74.000,0.000,74.000,74:3|234:2
CFG_037,K10,4,754.000,754.000,0.000,1.0000,4,1,0,74.000,0.000,74.000,74:3|234:2
CFG_037,K11,4,754.000,754.000,0.000,1.0000,4,1,0,74.000,0.000,74.000,74:3|234:2
CFG_037,K12,4,754.000,754.000,0.000,1.0000,4,1,0,74.000,0.000,74.000,74:3|234:2
CFG_037,K13,4,754.000,754.000,0.000,1.0000,4,1,0,74.000,0.000,74.000,74:3|234:2
CFG_037,K14,4,754.000,754.000,0.000,1.0000,4,1,0,74.000,0.000,74.000,74:3|234:2
CFG_037,K15,4,754.000,754.000,0.000,1.0000,4,1,0,74.000,0.000,74.000,74:3|234:2
CFG_037,K16,4,754.000,754.000,0.000,1.0000,4,1,0,74.000,0.000,74.000,74:3|234:2
CFG_037,K17,4,754.000,754.000,0.000,1.0000,4,1,0,74.000,0.000,74.000,74:3|234:2
CFG_037,K18,4,754.000,754.000,0.000,1.0000,4,1,0,74.000,0.000,74.000,74:3|234:2
CFG_037,K19,5,754.000,714.000,40.000,0.9469,3,0,2,74.000,40.000,114.000,74:4|114:1|224:1
CFG_037,K20,4,754.000,744.000,10.000,0.9867,3,0,1,74.000,0.000,74.000,74:3|224:1|234:1
CFG_037,K21,5,754.000,754.000,0.000,1.0000,3,0,2,74.000,0.000,74.000,74:3|114:2|224:1
CFG_041,A00,4,754.000,654.000,100.000,0.8674,3,0,1,89.000,65.000,154.000,89:4|234:1
CFG_041,A01,5,754.000,679.000,75.000,0.9005,3,0,2,89.000,65.000,154.000,89:5|154:1
CFG_041,A02,6,754.000,719.000,35.000,0.9536,3,0,3,89.000,65.000,154.000,89:7
CFG_041,A03,5,754.000,744.000,10.000,0.9867,3,0,2,89.000,0.000,89.000,89:4|154:2
CFG_041,A04,6,754.000,719.000,35.000,0.9536,3,0,3,89.000,65.000,154.000,89:7
CFG_041,A05,5,754.000,744.000,10.000,0.9867,3,0,2,89.000,0.000,89.000,89:4|154:2
CFG_041,A06,6,754.000,719.000,35.000,0.9536,3,0,3,89.000,65.000,154.000,89:7
CFG_041,A07,5,754.000,679.000,75.000,0.9005,3,0,2,89.000,65.000,154.000,89:5|154:1
CFG_041,A08,4,754.000,654.000,100.000,0.8674,3,0,1,89.000,65.000,154.000,89:4|234:1
CFG_041,A09,5,754.000,679.000,75.000,0.9005,3,0,2,89.000,65.000,154.000,89:5|154:1
CFG_041,A10,3,754.000,754.000,0.000,1.0000,2,0,0,89.000,0.000,89.000,89:1|154:1|229:1|234:1
CFG_041,A11,3,754.000,754.000,0.000,1.0000,2,0,0,89.000,0.000,89.000,89:1|154:1|229:1|234:1
CFG_041,A12,3,754.000,754.000,0.000,1.0000,2,0,0,89.000,0.000,89.000,89:1|154:1|229:1|234:1
CFG_041,A13,6,754.000,719.000,35.000,0.9536,3,0,3,89.000,65.000,154.000,89:7
CFG_041,A14,5,754.000,744.000,10.000,0.9867,3,0,2,89.000,0.000,89.000,89:4|154:2
CFG_041,A15,6,754.000,719.000,35.000,0.9536,3,0,3,89.000,65.000,154.000,89:7
CFG_041,B00,5,754.000,744.000,10.000,0.9867,3,0,2,89.000,0.000,89.000,89:4|154:2
CFG_041,B01,6,754.000,719.000,35.000,0.9536,3,0,3,89.000,65.000,154.000,89:7
CFG_041,B02,4,754.000,654.000,100.000,0.8674,3,0,1,89.000,65.000,154.000,89:4|234:1
CFG_041,B03,5,754.000,744.000,10.000,0.9867,3,0,2,89.000,0.000,89.000,89:4|154:2
CFG_041,B04,6,754.000,719.000,35.000,0.9536,3,0,3,89.000,65.000,154.000,89:7
CFG_041,B05,5,754.000,679.000,75.000,0.9005,3,0,2,89.000,65.000,154.000,89:5|154:1
CFG_041,B06,5,754.000,679.000,75.000,0.9005,3,0,2,89.000,65.000,154.000,89:5|154:1
CFG_041,B07,3,754.000,754.000,0.000,1.0000,2,0,0,89.000,0.000,89.000,89:1|154:1|229:1|234:1
CFG_041,B08,3,754.000,754.000,0.000,1.0000,2,0,0,89.000,0.000,89.000,89:1|154:1|229:1|234:1
CFG_041,B09,3,754.000,754.000,0.000,1.0000,2,0,0,89.000,0.000,89.000,89:1|154:1|229:1|234:1
CFG_041,B10,6,754.000,719.000,35.000,0.9536,3,0,3,89.000,65.000,154.000,89:7
CFG_041,B11,5,754.000,744.000,10.000,0.9867,3,0,2,89.000,0.000,89.000,89:4|154:2
CFG_041,B12,6,754.000,719.000,35.000,0.9536,3,0,3,89.000,65.000,154.000,89:7
CFG_041,B13,4,754.000,654.000,100.000,0.8674,3,0,1,89.000,65.000,154.000,89:4|234:1
CFG_041,B14,5,754.000,744.000,10.000,0.9867,3,0,2,89.000,0.000,89.000,89:4|154:2
CFG_041,B15,6,754.000,719.000,35.000,0.9536,3,0,3,89.000,65.000,154.000,89:7
CFG_041,B16,5,754.000,744.000,10.000,0.9867,3,0,2,89.000,0.000,89.000,89:4|154:2
CFG_041,B17,6,754.000,719.000,35.000,0.9536,3,0,3,89.000,65.000,154.000,89:7
CFG_041,B18,5,754.000,679.000,75.000,0.9005,3,0,2,89.000,65.000,154.000,89:5|154:1
CFG_041,B19,4,754.000,654.000,100.000,0.8674,2,2,1,89.000,65.000,154.000,89:4|234:1
CFG_041,B20,4,754.000,654.000,100.000,0.8674,2,2,1,89.000,65.000,154.000,89:4|234:1
CFG_041,B21,4,754.000,654.000,100.000,0.8674,2,0,1,89.000,65.000,154.000,89:4|234:1
CFG_041,D00,4,754.000,654.000,100.000,0.8674,5,0,0,89.000,65.000,154.000,89:4|234:1
CFG_041,D01,5,754.000,679.000,75.000,0.9005,5,0,0,89.000,65.000,154.000,89:5|154:1
CFG_041,D02,5,754.000,679.000,75.000,0.9005,5,0,0,89.000,65.000,154.000,89:5|154:1
CFG_041,D03,6,754.000,719.000,35.000,0.9536,5,0,1,89.000,65.000,154.000,89:7
CFG_041,D04,5,754.000,744.000,10.000,0.9867,5,0,0,89.000,0.000,89.000,89:4|154:2
CFG_041,D05,6,754.000,719.000,35.000,0.9536,5,0,1,89.000,65.000,154.000,89:7
CFG_041,D06,5,754.000,744.000,10.000,0.9867,5,0,0,89.000,0.000,89.000,89:4|154:2
CFG_041,D07,6,754.000,719.000,35.000,0.9536,5,0,1,89.000,65.000,154.000,89:7
CFG_041,D08,5,754.000,744.000,10.000,0.9867,5,0,0,89.000,0.000,89.000,89:4|154:2
CFG_041,D09,6,754.000,719.000,35.000,0.9536,5,0,1,89.000,65.000,154.000,89:7
CFG_041,D10,5,754.000,679.000,75.000,0.9005,5,0,0,89.000,65.000,154.000,89:5|154:1
CFG_041,D11,4,754.000,654.000,100.000,0.8674,5,0,0,89.000,65.000,154.000,89:4|234:1
CFG_041,D12,5,754.000,679.000,75.000,0.9005,5,0,0,89.000,65.000,154.000,89:5|154:1
CFG_041,D13,3,754.000,754.000,0.000,1.0000,3,2,0,89.000,0.000,89.000,89:1|154:1|229:1|234:1
CFG_041,D14,3,754.000,754.000,0.000,1.0000,3,2,0,89.000,0.000,89.000,89:1|154:1|229:1|234:1
CFG_041,D15,3,754.000,754.000,0.000,1.0000,3,2,0,89.000,0.000,89.000,89:1|154:1|229:1|234:1
CFG_041,D16,6,754.000,719.000,35.000,0.9536,4,0,2,89.000,65.000,154.000,89:7
CFG_041,D17,5,754.000,744.000,10.000,0.9867,4,0,1,89.000,0.000,89.000,89:4|154:2
CFG_041,D18,6,754.000,719.000,35.000,0.9536,4,0,2,89.000,65.000,154.000,89:7
CFG_041,D19,4,754.000,714.000,40.000,0.9469,2,1,1,89.000,65.000,154.000,89:3|154:1|229:1
CFG_041,D20,4,754.000,714.000,40.000,0.9469,2,1,1,89.000,65.000,154.000,89:3|154:1|229:1
CFG_041,D21,4,754.000,714.000,40.000,0.9469,2,0,1,89.000,65.000,154.000,89:3|154:1|229:1
CFG_041,E00,5,754.000,679.000,75.000,0.9005,5,1,0,89.000,65.000,154.000,89:5|154:1
CFG_041,E01,4,754.000,654.000,100.000,0.8674,5,1,0,89.000,65.000,154.000,89:4|234:1
CFG_041,E02,5,754.000,679.000,75.000,0.9005,5,1,0,89.000,65.000,154.000,89:5|154:1
CFG_041,E03,5,754.000,679.000,75.000,0.9005,5,1,0,89.000,65.000,154.000,89:5|154:1
CFG_041,E04,5,754.000,679.000,75.000,0.9005,6,0,0,89.000,65.000,154.000,89:5|154:1
CFG_041,E05,5,754.000,679.000,75.000,0.9005,6,0,0,89.000,65.000,154.000,89:5|154:1
CFG_041,E06,6,754.000,719.000,35.000,0.9536,6,0,0,89.000,65.000,154.000,89:7
CFG_041,E07,5,754.000,744.000,10.000,0.9867,6,0,0,89.000,0.000,89.000,89:4|154:2
CFG_041,E08,6,754.000,719.000,35.000,0.9536,6,0,0,89.000,65.000,154.000,89:7
CFG_041,E09,5,754.000,744.000,10.000,0.9867,6,0,0,89.000,0.000,89.000,89:4|154:2
CFG_041,E10,6,754.000,719.000,35.000,0.9536,6,0,0,89.000,65.000,154.000,89:7
CFG_041,E11,4,754.000,654.000,100.000,0.8674,6,0,0,89.000,65.000,154.000,89:4|234:1
CFG_041,E12,5,754.000,679.000,75.000,0.9005,6,0,0,89.000,65.000,154.000,89:5|154:1
CFG_041,E13,3,754.000,754.000,0.000,1.0000,3,3,0,89.000,0.000,89.000,89:1|154:1|229:1|234:1
CFG_041,E14,3,754.000,754.000,0.000,1.0000,3,3,0,89.000,0.000,89.000,89:1|154:1|229:1|234:1
CFG_041,E15,3,754.000,754.000,0.000,1.0000,3,3,0,89.000,0.000,89.000,89:1|154:1|229:1|234:1
CFG_041,E16,5,754.000,679.000,75.000,0.9005,6,0,0,89.000,65.000,154.000,89:5|154:1
CFG_041,E17,6,754.000,719.000,35.000,0.9536,6,0,0,89.000,65.000,154.000,89:7
CFG_041,E18,5,754.000,744.000,10.000,0.9867,6,0,0,89.000,0.000,89.000,89:4|154:2
CFG_041,E19,5,754.000,754.000,0.000,1.0000,3,2,1,89.000,0.000,89.000,89:5|229:1
CFG_041,E20,5,754.000,754.000,0.000,1.0000,3,2,1,89.000,0.000,89.000,89:5|229:1
CFG_041,E21,5,754.000,754.000,0.000,1.0000,3,0,1,89.000,0.000,89.000,89:5|229:1
CFG_041,F00,4,754.000,654.000,100.000,0.8674,5,0,0,89.000,65.000,154.000,89:4|234:1
CFG_041,F01,5,754.000,679.000,75.000,0.9005,5,0,0,89.000,65.000,154.000,89:5|154:1
CFG_041,F02,5,754.000,679.000,75.000,0.9005,5,0,0,89.000,65.000,154.000,89:5|154:1
CFG_041,F03,5,754.000,679.000,75.000,0.9005,5,0,0,89.000,65.000,154.000,89:5|154:1
CFG_041,F04,5,754.000,679.000,75.000,0.9005,5,0,0,89.000,65.000,154.000,89:5|154:1
CFG_041,F05,6,754.000,719.000,35.000,0.9536,5,0,1,89.000,65.000,154.000,89:7
CFG_041,F06,5,754.000,744.000,10.000,0.9867,5,0,0,89.000,0.000,89.000,89:4|154:2
CFG_041,F07,6,754.000,719.000,35.000,0.9536,6,0,0,89.000,65.000,154.000,89:7
CFG_041,F08,5,754.000,744.000,10.000,0.9867,6,0,0,89.000,0.000,89.000,89:4|154:2
CFG_041,F09,6,754.000,719.000,35.000,0.9536,6,0,0,89.000,65.000,154.000,89:7
CFG_041,F10,5,754.000,679.000,75.000,0.9005,5,1,0,89.000,65.000,154.000,89:5|154:1
CFG_041,F11,4,754.000,654.000,100.000,0.8674,5,1,0,89.000,65.000,154.000,89:4|234:1
CFG_041,F12,5,754.000,679.000,75.000,0.9005,5,1,0,89.000,65.000,154.000,89:5|154:1
CFG_041,F13,3,754.000,754.000,0.000,1.0000,3,3,0,89.000,0.000,89.000,89:1|154:1|229:1|234:1
CFG_041,F14,3,754.000,754.000,0.000,1.0000,3,3,0,89.000,0.000,89.000,89:1|154:1|229:1|234:1
CFG_041,F15,3,754.000,754.000,0.000,1.0000,3,3,0,89.000,0.000,89.000,89:1|154:1|229:1|234:1
CFG_041,F16,6,754.000,719.000,35.000,0.9536,6,0,0,89.000,65.000,154.000,89:7
CFG_041,F17,5,754.000,744.000,10.000,0.9867,6,0,0,89.000,0.000,89.000,89:4|154:2
CFG_041,F18,6,754.000,719.000,35.000,0.9536,6,0,0,89.000,65.000,154.000,89:7
CFG_041,F19,4,754.000,714.000,40.000,0.9469,3,2,0,89.000,65.000,154.000,89:3|154:1|229:1
CFG_041,F20,4,754.000,714.000,40.000,0.9469,3,2,0,89.000,65.000,154.000,89:3|154:1|229:1
CFG_041,F21,4,754.000,714.000,40.000,0.9469,3,1,0,89.000,65.000,154.000,89:3|154:1|229:1
CFG_041,G00,4,754.000,654.000,100.000,0.8674,5,0,0,89.000,65.000,154.000,89:4|234:1
CFG_041,G01,5,754.000,744.000,10.000,0.9867,5,0,0,89.000,0.000,89.000,89:4|154:2
CFG_041,G02,6,754.000,719.000,35.000,0.9536,5,0,1,89.000,65.000,154.000,89:7
CFG_041,G03,5,754.000,679.000,75.000,0.9005,5,0,0,89.000,65.000,154.000,89:5|154:1
CFG_041,G04,3,754.000,754.000,0.000,1.0000,3,2,0,89.000,0.000,89.000,89:1|154:1|229:1|234:1
CFG_041,G05,3,754.000,754.000,0.000,1.0000,3,2,0,89.000,0.000,89.000,89:1|154:1|229:1|234:1
CFG_041,G06,3,754.000,754.000,0.000,1.0000,3,2,0,89.000,0.000,89.000,89:1|154:1|229:1|234:1
CFG_041,G07,5,754.000,679.000,75.000,0.9005,5,0,0,89.000,65.000,154.000,89:5|154:1
CFG_041,G08,6,754.000,719.000,35.000,0.9536,5,0,1,89.000,65.000,154.000,89:7
CFG_041,G09,5,754.000,744.000,10.000,0.9867,5,0,0,89.000,0.000,89.000,89:4|154:2
CFG_041,G10,6,754.000,719.000,35.000,0.9536,5,0,1,89.000,65.000,154.000,89:7
CFG_041,G11,4,754.000,654.000,100.000,0.8674,5,0,0,89.000,65.000,154.000,89:4|234:1
CFG_041,G12,5,754.000,744.000,10.000,0.9867,5,0,0,89.000,0.000,89.000,89:4|154:2
CFG_041,G13,6,754.000,719.000,35.000,0.9536,5,0,1,89.000,65.000,154.000,89:7
CFG_041,G14,5,754.000,744.000,10.000,0.9867,5,0,0,89.000,0.000,89.000,89:4|154:2
CFG_041,G15,6,754.000,719.000,35.000,0.9536,5,0,1,89.000,65.000,154.000,89:7
CFG_041,G16,5,754.000,744.000,10.000,0.9867,5,0,0,89.000,0.000,89.000,89:4|154:2
CFG_041,G17,6,754.000,719.000,35.000,0.9536,5,0,1,89.000,65.000,154.000,89:7
CFG_041,G18,5,754.000,679.000,75.000,0.9005,5,0,0,89.000,65.000,154.000,89:5|154:1
CFG_041,G19,5,754.000,754.000,0.000,1.0000,3,1,1,89.000,0.000,89.000,89:5|229:1
CFG_041,G20,5,754.000,754.000,0.000,1.0000,3,1,1,89.000,0.000,89.000,89:5|229:1
CFG_041,G21,5,754.000,754.000,0.000,1.0000,3,0,1,89.000,0.000,89.000,89:5|229:1
CFG_041,H00,5,754.000,679.000,75.000,0.9005,4,0,1,89.000,65.000,154.000,89:5|154:1
CFG_041,H01,5,754.000,679.000,75.000,0.9005,4,0,1,89.000,65.000,154.000,89:5|154:1
CFG_041,H02,5,754.000,679.000,75.000,0.9005,4,0,1,89.000,65.000,154.000,89:5|154:1
CFG_041,H03,6,754.000,719.000,35.000,0.9536,4,0,2,89.000,65.000,154.000,89:7
CFG_041,H04,5,754.000,744.000,10.000,0.9867,4,0,1,89.000,0.000,89.000,89:4|154:2
CFG_041,H05,6,754.000,719.000,35.000,0.9536,4,0,2,89.000,65.000,154.000,89:7
CFG_041,H06,5,754.000,744.000,10.000,0.9867,4,0,1,89.000,0.000,89.000,89:4|154:2
CFG_041,H07,6,754.000,719.000,35.000,0.9536,4,0,2,89.000,65.000,154.000,89:7
CFG_041,H08,5,754.000,679.000,75.000,0.9005,4,0,1,89.000,65.000,154.000,89:5|154:1
CFG_041,H09,4,754.000,654.000,100.000,0.8674,4,0,0,89.000,65.000,154.000,89:4|234:1
CFG_041,H10,3,754.000,754.000,0.000,1.0000,3,1,0,89.000,0.000,89.000,89:1|154:1|229:1|234:1
CFG_041,H11,3,754.000,754.000,0.000,1.0000,3,1,0,89.000,0.000,89.000,89:1|154:1|229:1|234:1
CFG_041,H12,3,754.000,754.000,0.000,1.0000,3,1,0,89.000,0.000,89.000,89:1|154:1|229:1|234:1
CFG_041,H13,5,754.000,679.000,75.000,0.9005,4,0,1,89.000,65.000,154.000,89:5|154:1
CFG_041,H14,6,754.000,719.000,35.000,0.9536,4,0,2,89.000,65.000,154.000,89:7
CFG_041,H15,5,754.000,744.000,10.000,0.9867,4,0,1,89.000,0.000,89.000,89:4|154:2
CFG_041,H16,6,754.000,719.000,35.000,0.9536,4,0,2,89.000,65.000,154.000,89:7
CFG_041,H17,5,754.000,744.000,10.000,0.9867,4,0,1,89.000,0.000,89.000,89:4|154:2
CFG_041,H18,6,754.000,719.000,35.000,0.9536,4,0,2,89.000,65.000,154.000,89:7
CFG_041,H19,4,754.000,714.000,40.000,0.9469,2,1,1,89.000,65.000,154.000,89:3|154:1|229:1
CFG_041,H20,4,754.000,714.000,40.000,0.9469,2,1,1,89.000,65.000,154.000,89:3|154:1|229:1
CFG_041,H21,4,754.000,714.000,40.000,0.9469,2,0,1,89.000,65.000,154.000,89:3|154:1|229:1
CFG_041,I00,3,754.000,754.000,0.000,1.0000,3,1,0,89.000,0.000,89.000,89:1|154:1|229:1|234:1
CFG_041,I01,3,754.000,754.000,0.000,1.0000,3,1,0,89.000,0.000,89.000,89:1|154:1|229:1|234:1
CFG_041,I02,3,754.000,754.000,0.000,1.0000,3,1,0,89.000,0.000,89.000,89:1|154:1|229:1|234:1
CFG_041,I03,3,754.000,754.000,0.000,1.0000,3,1,0,89.000,0.000,89.000,89:1|154:1|229:1|234:1
CFG_041,I04,6,754.000,719.000,35.000,0.9536,4,0,2,89.000,65.000,154.000,89:7
CFG_041,I05,5,754.000,744.000,10.000,0.9867,4,0,1,89.000,0.000,89.000,89:4|154:2
CFG_041,I06,6,754.000,719.000,35.000,0.9536,4,0,2,89.000,65.000,154.000,89:7
CFG_041,I07,5,754.000,679.000,75.000,0.9005,4,0,1,89.000,65.000,154.000,89:5|154:1
CFG_041,I08,4,754.000,654.000,100.000,0.8674,4,0,0,89.000,65.000,154.000,89:4|234:1
CFG_041,I09,5,754.000,679.000,75.000,0.9005,4,0,1,89.000,65.000,154.000,89:5|154:1
CFG_041,I10,3,754.000,754.000,0.000,1.0000,3,1,0,89.000,0.000,89.000,89:1|154:1|229:1|234:1
CFG_041,I11,3,754.000,754.000,0.000,1.0000,3,1,0,89.000,0.000,89.000,89:1|154:1|229:1|234:1
CFG_041,I12,3,754.000,754.000,0.000,1.0000,3,1,0,89.000,0.000,89.000,89:1|154:1|229:1|234:1
CFG_041,I13,6,754.000,719.000,35.000,0.9536,4,0,2,89.000,65.000,154.000,89:7
CFG_041,I14,5,754.000,744.000,10.000,0.9867,4,0,1,89.000,0.000,89.000,89:4|154:2
CFG_041,I15,6,754.000,719.000,35.000,0.9536,4,0,2,89.000,65.000,154.000,89:7
CFG_041,I16,5,754.000,744.000,10.000,0.9867,4,0,1,89.000,0.000,89.000,89:4|154:2
CFG_041,I17,6,754.000,719.000,35.000,0.9536,4,0,2,89.000,65.000,154.000,89:7
CFG_041,I18,5,754.000,679.000,75.000,0.9005,4,0,1,89.000,65.000,154.000,89:5|154:1
CFG_041,I19,5,754.000,754.000,0.000,1.0000,2,1,2,89.000,0.000,89.000,89:5|229:1
CFG_041,I20,5,754.000,754.000,0.000,1.0000,2,1,2,89.000,0.000,89.000,89:5|229:1
CFG_041,I21,5,754.000,754.000,0.000,1.0000,2,0,2,89.000,0.000,89.000,89:5|229:1
CFG_041,J00,5,754.000,679.000,75.000,0.9005,5,0,0,89.000,65.000,154.000,89:5|154:1
CFG_041,J01,5,754.000,679.000,75.000,0.9005,5,0,0,89.000,65.000,154.000,89:5|154:1
CFG_041,J02,5,754.000,679.000,75.000,0.9005,5,0,0,89.000,65.000,154.000,89:5|154:1
CFG_041,J03,6,754.000,719.000,35.000,0.9536,5,0,1,89.000,65.000,154.000,89:7
CFG_041,J04,5,754.000,744.000,10.000,0.9867,4,0,1,89.000,0.000,89.000,89:4|154:2
CFG_041,J05,6,754.000,719.000,35.000,0.9536,4,0,2,89.000,65.000,154.000,89:7
CFG_041,J06,5,754.000,744.000,10.000,0.9867,4,0,1,89.000,0.000,89.000,89:4|154:2
CFG_041,J07,6,754.000,719.000,35.000,0.9536,4,0,2,89.000,65.000,154.000,89:7
CFG_041,J08,4,754.000,654.000,100.000,0.8674,4,0,0,89.000,65.000,154.000,89:4|234:1
CFG_041,J09,5,754.000,744.000,10.000,0.9867,4,0,1,89.000,0.000,89.000,89:4|154:2
CFG_041,J10,6,754.000,719.000,35.000,0.9536,4,0,2,89.000,65.000,154.000,89:7
CFG_041,J11,5,754.000,679.000,75.000,0.9005,4,0,1,89.000,65.000,154.000,89:5|154:1
CFG_041,J12,5,754.000,679.000,75.000,0.9005,4,0,1,89.000,65.000,154.000,89:5|154:1
CFG_041,J13,3,754.000,754.000,0.000,1.0000,3,1,0,89.000,0.000,89.000,89:1|154:1|229:1|234:1
CFG_041,J14,3,754.000,754.000,0.000,1.0000,3,1,0,89.000,0.000,89.000,89:1|154:1|229:1|234:1
CFG_041,J15,3,754.000,754.000,0.000,1.0000,3,1,0,89.000,0.000,89.000,89:1|154:1|229:1|234:1
CFG_041,J16,6,754.000,719.000,35.000,0.9536,4,0,2,89.000,65.000,154.000,89:7
CFG_041,J17,5,754.000,744.000,10.000,0.9867,4,0,1,89.000,0.000,89.000,89:4|154:2
CFG_041,J18,6,754.000,719.000,35.000,0.9536,4,0,2,89.000,65.000,154.000,89:7
CFG_041,J19,4,754.000,709.000,45.000,0.9403,2,1,1,89.000,65.000,154.000,89:3|154:1|224:1
CFG_041,J20,4,754.000,709.000,45.000,0.9403,2,1,1,89.000,65.000,154.000,89:3|154:1|224:1
CFG_041,J21,4,754.000,709.000,45.000,0.9403,2,0,1,89.000,65.000,154.000,89:3|154:1|224:1
CFG_041,K00,6,754.000,719.000,35.000,0.9536,5,0,1,89.000,65.000,154.000,89:7
CFG_041,K01,5,754.000,744.000,10.000,0.9867,5,0,0,89.000,0.000,89.000,89:4|154:2
CFG_041,K02,6,754.000,719.000,35.000,0.9536,5,0,1,89.000,65.000,154.000,89:7
CFG_041,K03,5,754.000,679.000,75.000,0.9005,5,0,0,89.000,65.000,154.000,89:5|154:1
CFG_041,K04,3,754.000,754.000,0.000,1.0000,3,1,0,89.000,0.000,89.000,89:1|154:1|229:1|234:1
CFG_041,K05,3,754.000,754.000,0.000,1.0000,3,1,0,89.000,0.000,89.000,89:1|154:1|229:1|234:1
CFG_041,K06,3,754.000,754.000,0.000,1.0000,3,1,0,89.000,0.000,89.000,89:1|154:1|229:1|234:1
CFG_041,K07,5,754.000,679.000,75.000,0.9005,4,0,0,89.000,65.000,154.000,89:5|154:1
CFG_041,K08,4,754.000,654.000,100.000,0.8674,5,0,0,89.000,65.000,154.000,89:4|234:1
CFG_041,K09,6,754.000,719.000,35.000,0.9536,5,0,1,89.000,65.000,154.000,89:7
CFG_041,K10,5,754.000,744.000,10.000,0.9867,5,0,0,89.000,0.000,89.000,89:4|154:2
CFG_041,K11,6,754.000,719.000,35.000,0.9536,5,0,1,89.000,65.000,154.000,89:7
CFG_041,K12,5,754.000,744.000,10.000,0.9867,5,0,0,89.000,0.000,89.000,89:4|154:2
CFG_041,K13,6,754.000,719.000,35.000,0.9536,5,0,1,89.000,65.000,154.000,89:7
CFG_041,K14,5,754.000,744.000,10.000,0.9867,5,0,0,89.000,0.000,89.000,89:4|154:2
CFG_041,K15,6,754.000,719.000,35.000,0.9536,5,0,1,89.000,65.000,154.000,89:7
CFG_041,K16,5,754.000,679.000,75.000,0.9005,5,0,0,89.000,65.000,154.000,89:5|154:1
CFG_041,K17,4,754.000,654.000,100.000,0.8674,5,0,0,89.000,65.000,154.000,89:4|234:1
CFG_041,K18,5,754.000,679.000,75.000,0.9005,5,0,0,89.000,65.000,154.000,89:5|154:1
CFG_041,K19,4,754.000,709.000,45.000,0.9403,2,0,1,89.000,65.000,154.000,89:3|154:1|224:1
CFG_041,K20,5,754.000,749.000,5.000,0.9934,2,0,2,89.000,0.000,89.000,89:5|224:1
CFG_041,K21,4,754.000,709.000,45.000,0.9403,2,0,1,89.000,65.000,154.000,89:3|154:1|224:1
CFG_046,A00,4,754.000,754.000,0.000,1.0000,3,0,1,99.000,0.000,99.000,99:2|164:3
CFG_046,A01,4,754.000,754.000,0.000,1.0000,3,0,1,99.000,0.000,99.000,99:2|164:3
CFG_046,A02,4,754.000,754.000,0.000,1.0000,3,0,1,99.000,0.000,99.000,99:2|164:3
CFG_046,A03,4,754.000,754.000,0.000,1.0000,3,0,1,99.000,0.000,99.000,99:2|164:3
CFG_046,A04,4,754.000,754.000,0.000,1.0000,3,0,1,99.000,0.000,99.000,99:2|164:3
CFG_046,A05,4,754.000,754.000,0.000,1.0000,3,0,1,99.000,0.000,99.000,99:2|164:3
CFG_046,A06,4,754.000,754.000,0.000,1.0000,3,0,1,99.000,0.000,99.000,99:2|164:3
CFG_046,A07,4,754.000,754.000,0.000,1.0000,3,0,1,99.000,0.000,99.000,99:2|164:3
CFG_046,A08,4,754.000,754.000,0.000,1.0000,3,0,1,99.000,0.000,99.000,99:2|164:3
CFG_046,A09,4,754.000,754.000,0.000,1.0000,3,0,1,99.000,0.000,99.000,99:2|164:3
CFG_046,A10,4,754.000,754.000,0.000,1.0000,3,0,1,99.000,0.000,99.000,99:2|164:3
CFG_046,A11,4,754.000,754.000,0.000,1.0000,3,0,1,99.000,0.000,99.000,99:2|164:3
CFG_046,A12,4,754.000,754.000,0.000,1.0000,3,0,1,99.000,0.000,99.000,99:2|164:3
CFG_046,A13,4,754.000,754.000,0.000,1.0000,3,0,1,99.000,0.000,99.000,99:2|164:3
CFG_046,A14,4,754.000,754.000,0.000,1.0000,3,0,1,99.000,0.000,99.000,99:2|164:3
CFG_046,A15,4,754.000,754.000,0.000,1.0000,3,0,1,99.000,0.000,99.000,99:2|164:3
CFG_046,B00,4,754.000,754.000,0.000,1.0000,3,0,1,99.000,0.000,99.000,99:2|164:3
CFG_046,B01,4,754.000,754.000,0.000,1.0000,3,0,1,99.000,0.000,99.000,99:2|164:3
CFG_046,B02,4,754.000,754.000,0.000,1.0000,3,0,1,99.000,0.000,99.000,99:2|164:3
CFG_046,B03,4,754.000,754.000,0.000,1.0000,3,0,1,99.000,0.000,99.000,99:2|164:3
CFG_046,B04,4,754.000,754.000,0.000,1.0000,3,0,1,99.000,0.000,99.000,99:2|164:3
CFG_046,B05,4,754.000,754.000,0.000,1.0000,3,0,1,99.000,0.000,99.000,99:2|164:3
CFG_046,B06,4,754.000,754.000,0.000,1.0000,3,0,1,99.000,0.000,99.000,99:2|164:3
CFG_046,B07,4,754.000,754.000,0.000,1.0000,3,0,1,99.000,0.000,99.000,99:2|164:3
CFG_046,B08,4,754.000,754.000,0.000,1.0000,3,0,1,99.000,0.000,99.000,99:2|164:3
CFG_046,B09,4,754.000,754.000,0.000,1.0000,3,0,1,99.000,0.000,99.000,99:2|164:3
CFG_046,B10,4,754.000,754.000,0.000,1.0000,3,0,1,99.000,0.000,99.000,99:2|164:3
CFG_046,B11,4,754.000,754.000,0.000,1.0000,3,0,1,99.000,0.000,99.000,99:2|164:3
CFG_046,B12,4,754.000,754.000,0.000,1.0000,3,0,1,99.000,0.000,99.000,99:2|164:3
CFG_046,B13,4,754.000,754.000,0.000,1.0000,3,0,1,99.000,0.000,99.000,99:2|164:3
CFG_046,B14,4,754.000,754.000,0.000,1.0000,3,0,1,99.000,0.000,99.000,99:2|164:3
CFG_046,B15,4,754.000,754.000,0.000,1.0000,3,0,1,99.000,0.000,99.000,99:2|164:3
CFG_046,B16,4,754.000,754.000,0.000,1.0000,3,0,1,99.000,0.000,99.000,99:2|164:3
CFG_046,B17,4,754.000,754.000,0.000,1.0000,3,0,1,99.000,0.000,99.000,99:2|164:3
CFG_046,B18,4,754.000,754.000,0.000,1.0000,3,0,1,99.000,0.000,99.000,99:2|164:3
CFG_046,B19,4,754.000,694.000,60.000,0.9204,2,2,1,99.000,65.000,164.000,99:4|234:1
CFG_046,B20,4,754.000,694.000,60.000,0.9204,2,2,1,99.000,65.000,164.000,99:4|234:1
CFG_046,B21,4,754.000,694.000,60.000,0.9204,2,0,1,99.000,65.000,164.000,99:4|234:1
CFG_046,D00,4,754.000,754.000,0.000,1.0000,4,1,0,99.000,0.000,99.000,99:2|164:3
CFG_046,D01,4,754.000,754.000,0.000,1.0000,4,1,0,99.000,0.000,99.000,99:2|164:3
CFG_046,D02,4,754.000,754.000,0.000,1.0000,4,1,0,99.000,0.000,99.000,99:2|164:3
CFG_046,D03,4,754.000,754.000,0.000,1.0000,4,1,0,99.000,0.000,99.000,99:2|164:3
CFG_046,D04,4,754.000,754.000,0.000,1.0000,4,1,0,99.000,0.000,99.000,99:2|164:3
CFG_046,D05,4,754.000,754.000,0.000,1.0000,4,1,0,99.000,0.000,99.000,99:2|164:3
CFG_046,D06,4,754.000,754.000,0.000,1.0000,4,1,0,99.000,0.000,99.000,99:2|164:3
CFG_046,D07,4,754.000,754.000,0.000,1.0000,4,1,0,99.000,0.000,99.000,99:2|164:3
CFG_046,D08,4,754.000,754.000,0.000,1.0000,4,1,0,99.000,0.000,99.000,99:2|164:3
CFG_046,D09,4,754.000,754.000,0.000,1.0000,4,1,0,99.000,0.000,99.000,99:2|164:3
CFG_046,D10,4,754.000,754.000,0.000,1.0000,4,1,0,99.000,0.000,99.000,99:2|164:3
CFG_046,D11,4,754.000,754.000,0.000,1.0000,4,1,0,99.000,0.000,99.000,99:2|164:3
CFG_046,D12,4,754.000,754.000,0.000,1.0000,4,1,0,99.000,0.000,99.000,99:2|164:3
CFG_046,D13,4,754.000,754.000,0.000,1.0000,4,1,0,99.000,0.000,99.000,99:2|164:3
CFG_046,D14,4,754.000,754.000,0.000,1.0000,4,1,0,99.000,0.000,99.000,99:2|164:3
CFG_046,D15,4,754.000,754.000,0.000,1.0000,4,1,0,99.000,0.000,99.000,99:2|164:3
CFG_046,D16,4,754.000,754.000,0.000,1.0000,4,0,0,99.000,0.000,99.000,99:2|164:3
CFG_046,D17,4,754.000,754.000,0.000,1.0000,4,0,0,99.000,0.000,99.000,99:2|164:3
CFG_046,D18,4,754.000,754.000,0.000,1.0000,4,0,0,99.000,0.000,99.000,99:2|164:3
CFG_046,D19,4,754.000,754.000,0.000,1.0000,2,1,1,99.000,0.000,99.000,99:3|164:1|229:1
CFG_046,D20,4,754.000,754.000,0.000,1.0000,2,1,1,99.000,0.000,99.000,99:3|164:1|229:1
CFG_046,D21,4,754.000,754.000,0.000,1.0000,2,0,1,99.000,0.000,99.000,99:3|164:1|229:1
CFG_046,E00,4,754.000,754.000,0.000,1.0000,4,2,0,99.000,0.000,99.000,99:2|164:3
CFG_046,E01,4,754.000,754.000,0.000,1.0000,4,2,0,99.000,0.000,99.000,99:2|164:3
CFG_046,E02,4,754.000,754.000,0.000,1.0000,4,2,0,99.000,0.000,99.000,99:2|164:3
CFG_046,E03,4,754.000,754.000,0.000,1.0000,4,2,0,99.000,0.000,99.000,99:2|164:3
CFG_046,E04,4,754.000,754.000,0.000,1.0000,4,2,0,99.000,0.000,99.000,99:2|164:3
CFG_046,E05,4,754.000,754.000,0.000,1.0000,4,2,0,99.000,0.000,99.000,99:2|164:3
CFG_046,E06,4,754.000,754.000,0.000,1.0000,4,2,0,99.000,0.000,99.000,99:2|164:3
CFG_046,E07,4,754.000,754.000,0.000,1.0000,4,2,0,99.000,0.000,99.000,99:2|164:3
CFG_046,E08,4,754.000,754.000,0.000,1.0000,4,2,0,99.000,0.000,99.000,99:2|164:3
CFG_046,E09,4,754.000,754.000,0.000,1.0000,4,2,0,99.000,0.000,99.000,99:2|164:3
CFG_046,E10,4,754.000,754.000,0.000,1.0000,4,2,0,99.000,0.000,99.000,99:2|164:3
CFG_046,E11,4,754.000,754.000,0.000,1.0000,4,2,0,99.000,0.000,99.000,99:2|164:3
CFG_046,E12,4,754.000,754.000,0.000,1.0000,4,2,0,99.000,0.000,99.000,99:2|164:3
CFG_046,E13,4,754.000,754.000,0.000,1.0000,4,2,0,99.000,0.000,99.000,99:2|164:3
CFG_046,E14,4,754.000,754.000,0.000,1.0000,4,2,0,99.000,0.000,99.000,99:2|164:3
CFG_046,E15,4,754.000,754.000,0.000,1.0000,4,2,0,99.000,0.000,99.000,99:2|164:3
CFG_046,E16,4,754.000,754.000,0.000,1.0000,4,2,0,99.000,0.000,99.000,99:2|164:3
CFG_046,E17,4,754.000,754.000,0.000,1.0000,4,2,0,99.000,0.000,99.000,99:2|164:3
CFG_046,E18,4,754.000,754.000,0.000,1.0000,4,2,0,99.000,0.000,99.000,99:2|164:3
CFG_046,E19,4,754.000,754.000,0.000,1.0000,3,2,0,99.000,0.000,99.000,99:3|164:1|229:1
CFG_046,E20,4,754.000,754.000,0.000,1.0000,3,2,0,99.000,0.000,99.000,99:3|164:1|229:1
CFG_046,E21,4,754.000,754.000,0.000,1.0000,3,0,0,99.000,0.000,99.000,99:3|164:1|229:1
CFG_046,F00,4,754.000,754.000,0.000,1.0000,4,1,0,99.000,0.000,99.000,99:2|164:3
CFG_046,F01,4,754.000,754.000,0.000,1.0000,4,1,0,99.000,0.000,99.000,99:2|164:3
CFG_046,F02,4,754.000,754.000,0.000,1.0000,4,1,0,99.000,0.000,99.000,99:2|164:3
CFG_046,F03,4,754.000,754.000,0.000,1.0000,4,1,0,99.000,0.000,99.000,99:2|164:3
CFG_046,F04,4,754.000,754.000,0.000,1.0000,4,1,0,99.000,0.000,99.000,99:2|164:3
CFG_046,F05,4,754.000,754.000,0.000,1.0000,4,1,0,99.000,0.000,99.000,99:2|164:3
CFG_046,F06,4,754.000,754.000,0.000,1.0000,4,1,0,99.000,0.000,99.000,99:2|164:3
CFG_046,F07,4,754.000,754.000,0.000,1.0000,4,2,0,99.000,0.000,99.000,99:2|164:3
CFG_046,F08,4,754.000,754.000,0.000,1.0000,4,2,0,99.000,0.000,99.000,99:2|164:3
CFG_046,F09,4,754.000,754.000,0.000,1.0000,4,2,0,99.000,0.000,99.000,99:2|164:3
CFG_046,F10,4,754.000,754.000,0.000,1.0000,4,2,0,99.000,0.000,99.000,99:2|164:3
CFG_046,F11,4,754.000,754.000,0.000,1.0000,4,2,0,99.000,0.000,99.000,99:2|164:3
CFG_046,F12,4,754.000,754.000,0.000,1.0000,4,2,0,99.000,0.000,99.000,99:2|164:3
CFG_046,F13,4,754.000,754.000,0.000,1.0000,4,2,0,99.000,0.000,99.000,99:2|164:3
CFG_046,F14,4,754.000,754.000,0.000,1.0000,4,2,0,99.000,0.000,99.000,99:2|164:3
CFG_046,F15,4,754.000,754.000,0.000,1.0000,4,2,0,99.000,0.000,99.000,99:2|164:3
CFG_046,F16,4,754.000,754.000,0.000,1.0000,4,2,0,99.000,0.000,99.000,99:2|164:3
CFG_046,F17,4,754.000,754.000,0.000,1.0000,4,2,0,99.000,0.000,99.000,99:2|164:3
CFG_046,F18,4,754.000,754.000,0.000,1.0000,4,2,0,99.000,0.000,99.000,99:2|164:3
CFG_046,F19,4,754.000,689.000,65.000,0.9138,3,2,0,99.000,65.000,164.000,99:4|229:1
CFG_046,F20,4,754.000,689.000,65.000,0.9138,3,2,0,99.000,65.000,164.000,99:4|229:1
CFG_046,F21,4,754.000,689.000,65.000,0.9138,3,1,0,99.000,65.000,164.000,99:4|229:1
CFG_046,G00,4,754.000,754.000,0.000,1.0000,4,1,0,99.000,0.000,99.000,99:2|164:3
CFG_046,G01,4,754.000,754.000,0.000,1.0000,4,1,0,99.000,0.000,99.000,99:2|164:3
CFG_046,G02,4,754.000,754.000,0.000,1.0000,4,1,0,99.000,0.000,99.000,99:2|164:3
CFG_046,G03,4,754.000,754.000,0.000,1.0000,4,1,0,99.000,0.000,99.000,99:2|164:3
CFG_046,G04,4,754.000,754.000,0.000,1.0000,4,1,0,99.000,0.000,99.000,99:2|164:3
CFG_046,G05,4,754.000,754.000,0.000,1.0000,4,1,0,99.000,0.000,99.000,99:2|164:3
CFG_046,G06,4,754.000,754.000,0.000,1.0000,4,1,0,99.000,0.000,99.000,99:2|164:3
CFG_046,G07,4,754.000,754.000,0.000,1.0000,4,1,0,99.000,0.000,99.000,99:2|164:3
CFG_046,G08,4,754.000,754.000,0.000,1.0000,4,1,0,99.000,0.000,99.000,99:2|164:3
CFG_046,G09,4,754.000,754.000,0.000,1.0000,4,1,0,99.000,0.000,99.000,99:2|164:3
CFG_046,G10,4,754.000,754.000,0.000,1.0000,4,1,0,99.000,0.000,99.000,99:2|164:3
CFG_046,G11,4,754.000,754.000,0.000,1.0000,4,1,0,99.000,0.000,99.000,99:2|164:3
CFG_046,G12,4,754.000,754.000,0.000,1.0000,4,1,0,99.000,0.000,99.000,99:2|164:3
CFG_046,G13,4,754.000,754.000,0.000,1.0000,4,1,0,99.000,0.000,99.000,99:2|164:3
CFG_046,G14,4,754.000,754.000,0.000,1.0000,4,1,0,99.000,0.000,99.000,99:2|164:3
CFG_046,G15,4,754.000,754.000,0.000,1.0000,4,1,0,99.000,0.000,99.000,99:2|164:3
CFG_046,G16,4,754.000,754.000,0.000,1.0000,4,1,0,99.000,0.000,99.000,99:2|164:3
CFG_046,G17,4,754.000,754.000,0.000,1.0000,4,1,0,99.000,0.000,99.000,99:2|164:3
CFG_046,G18,4,754.000,754.000,0.000,1.0000,4,1,0,99.000,0.000,99.000,99:2|164:3
CFG_046,G19,4,754.000,754.000,0.000,1.0000,3,1,0,99.000,0.000,99.000,99:3|164:1|229:1
CFG_046,G20,4,754.000,754.000,0.000,1.0000,3,1,0,99.000,0.000,99.000,99:3|164:1|229:1
CFG_046,G21,4,754.000,754.000,0.000,1.0000,3,0,0,99.000,0.000,99.000,99:3|164:1|229:1
CFG_046,H00,4,754.000,754.000,0.000,1.0000,4,0,0,99.000,0.000,99.000,99:2|164:3
CFG_046,H01,4,754.000,754.000,0.000,1.0000,4,0,0,99.000,0.000,99.000,99:2|164:3
CFG_046,H02,4,754.000,754.000,0.000,1.0000,4,0,0,99.000,0.000,99.000,99:2|164:3
CFG_046,H03,4,754.000,754.000,0.000,1.0000,4,0,0,99.000,0.000,99.000,99:2|164:3
CFG_046,H04,4,754.000,754.000,0.000,1.0000,4,0,0,99.000,0.000,99.000,99:2|164:3
CFG_046,H05,4,754.000,754.000,0.000,1.0000,4,0,0,99.000,0.000,99.000,99:2|164:3
CFG_046,H06,4,754.000,754.000,0.000,1.0000,4,0,0,99.000,0.000,99.000,99:2|164:3
CFG_046,H07,4,754.000,754.000,0.000,1.0000,4,0,0,99.000,0.000,99.000,99:2|164:3
CFG_046,H08,4,754.000,754.000,0.000,1.0000,4,0,0,99.000,0.000,99.000,99:2|164:3
CFG_046,H09,4,754.000,754.000,0.000,1.0000,4,0,0,99.000,0.000,99.000,99:2|164:3
CFG_046,H10,4,754.000,754.000,0.000,1.0000,4,0,0,99.000,0.000,99.000,99:2|164:3
CFG_046,H11,4,754.000,754.000,0.000,1.0000,4,0,0,99.000,0.000,99.000,99:2|164:3
CFG_046,H12,4,754.000,754.000,0.000,1.0000,4,0,0,99.000,0.000,99.000,99:2|164:3
CFG_046,H13,4,754.000,754.000,0.000,1.0000,4,0,0,99.000,0.000,99.000,99:2|164:3
CFG_046,H14,4,754.000,754.000,0.000,1.0000,4,0,0,99.000,0.000,99.000,99:2|164:3
CFG_046,H15,4,754.000,754.000,0.000,1.0000,4,0,0,99.000,0.000,99.000,99:2|164:3
CFG_046,H16,4,754.000,754.000,0.000,1.0000,4,0,0,99.000,0.000,99.000,99:2|164:3
CFG_046,H17,4,754.000,754.000,0.000,1.0000,4,0,0,99.000,0.000,99.000,99:2|164:3
CFG_046,H18,4,754.000,754.000,0.000,1.0000,4,0,0,99.000,0.000,99.000,99:2|164:3
CFG_046,H19,4,754.000,689.000,65.000,0.9138,2,1,1,99.000,65.000,164.000,99:4|229:1
CFG_046,H20,4,754.000,689.000,65.000,0.9138,2,1,1,99.000,65.000,164.000,99:4|229:1
CFG_046,H21,4,754.000,689.000,65.000,0.9138,2,0,1,99.000,65.000,164.000,99:4|229:1
CFG_046,I00,4,754.000,754.000,0.000,1.0000,4,0,0,99.000,0.000,99.000,99:2|164:3
CFG_046,I01,4,754.000,754.000,0.000,1.0000,4,0,0,99.000,0.000,99.000,99:2|164:3
CFG_046,I02,4,754.000,754.000,0.000,1.0000,4,0,0,99.000,0.000,99.000,99:2|164:3
CFG_046,I03,4,754.000,754.000,0.000,1.0000,4,0,0,99.000,0.000,99.000,99:2|164:3
CFG_046,I04,4,754.000,754.000,0.000,1.0000,4,0,0,99.000,0.000,99.000,99:2|164:3
CFG_046,I05,4,754.000,754.000,0.000,1.0000,4,0,0,99.000,0.000,99.000,99:2|164:3
CFG_046,I06,4,754.000,754.000,0.000,1.0000,4,0,0,99.000,0.000,99.000,99:2|164:3
CFG_046,I07,4,754.000,754.000,0.000,1.0000,4,0,0,99.000,0.000,99.000,99:2|164:3
CFG_046,I08,4,754.000,754.000,0.000,1.0000,4,0,0,99.000,0.000,99.000,99:2|164:3
CFG_046,I09,4,754.000,754.000,0.000,1.0000,4,0,0,99.000,0.000,99.000,99:2|164:3
CFG_046,I10,4,754.000,754.000,0.000,1.0000,4,0,0,99.000,0.000,99.000,99:2|164:3
CFG_046,I11,4,754.000,754.000,0.000,1.0000,4,0,0,99.000,0.000,99.000,99:2|164:3
CFG_046,I12,4,754.000,754.000,0.000,1.0000,4,0,0,99.000,0.000,99.000,99:2|164:3
CFG_046,I13,4,754.000,754.000,0.000,1.0000,4,0,0,99.000,0.000,99.000,99:2|164:3
CFG_046,I14,4,754.000,754.000,0.000,1.0000,4,0,0,99.000,0.000,99.000,99:2|164:3
CFG_046,I15,4,754.000,754.000,0.000,1.0000,4,0,0,99.000,0.000,99.000,99:2|164:3
CFG_046,I16,4,754.000,754.000,0.000,1.0000,4,0,0,99.000,0.000,99.000,99:2|164:3
CFG_046,I17,4,754.000,754.000,0.000,1.0000,4,0,0,99.000,0.000,99.000,99:2|164:3
CFG_046,I18,4,754.000,754.000,0.000,1.0000,4,0,0,99.000,0.000,99.000,99:2|164:3
CFG_046,I19,4,754.000,754.000,0.000,1.0000,2,1,1,99.000,0.000,99.000,99:3|164:1|229:1
CFG_046,I20,4,754.000,754.000,0.000,1.0000,2,1,1,99.000,0.000,99.000,99:3|164:1|229:1
CFG_046,I21,4,754.000,754.000,0.000,1.0000,2,0,1,99.000,0.000,99.000,99:3|164:1|229:1
CFG_046,J00,4,754.000,754.000,0.000,1.0000,4,1,0,99.000,0.000,99.000,99:2|164:3
CFG_046,J01,4,754.000,754.000,0.000,1.0000,4,1,0,99.000,0.000,99.000,99:2|164:3
CFG_046,J02,4,754.000,754.000,0.000,1.0000,4,1,0,99.000,0.000,99.000,99:2|164:3
CFG_046,J03,4,754.000,754.000,0.000,1.0000,4,1,0,99.000,0.000,99.000,99:2|164:3
CFG_046,J04,4,754.000,754.000,0.000,1.0000,4,0,0,99.000,0.000,99.000,99:2|164:3
CFG_046,J05,4,754.000,754.000,0.000,1.0000,4,0,0,99.000,0.000,99.000,99:2|164:3
CFG_046,J06,4,754.000,754.000,0.000,1.0000,4,0,0,99.000,0.000,99.000,99:2|164:3
CFG_046,J07,4,754.000,754.000,0.000,1.0000,4,0,0,99.000,0.000,99.000,99:2|164:3
CFG_046,J08,4,754.000,754.000,0.000,1.0000,4,0,0,99.000,0.000,99.000,99:2|164:3
CFG_046,J09,4,754.000,754.000,0.000,1.0000,4,0,0,99.000,0.000,99.000,99:2|164:3
CFG_046,J10,4,754.000,754.000,0.000,1.0000,4,0,0,99.000,0.000,99.000,99:2|164:3
CFG_046,J11,4,754.000,754.000,0.000,1.0000,4,0,0,99.000,0.000,99.000,99:2|164:3
CFG_046,J12,4,754.000,754.000,0.000,1.0000,4,0,0,99.000,0.000,99.000,99:2|164:3
CFG_046,J13,4,754.000,754.000,0.000,1.0000,4,0,0,99.000,0.000,99.000,99:2|164:3
CFG_046,J14,4,754.000,754.000,0.000,1.0000,4,0,0,99.000,0.000,99.000,99:2|164:3
CFG_046,J15,4,754.000,754.000,0.000,1.0000,4,0,0,99.000,0.000,99.000,99:2|164:3
CFG_046,J16,4,754.000,754.000,0.000,1.0000,4,0,0,99.000,0.000,99.000,99:2|164:3
CFG_046,J17,4,754.000,754.000,0.000,1.0000,4,0,0,99.000,0.000,99.000,99:2|164:3
CFG_046,J18,4,754.000,754.000,0.000,1.0000,4,0,0,99.000,0.000,99.000,99:2|164:3
CFG_046,J19,4,754.000,684.000,70.000,0.9072,2,1,1,99.000,65.000,164.000,99:4|224:1
CFG_046,J20,4,754.000,684.000,70.000,0.9072,2,1,1,99.000,65.000,164.000,99:4|224:1
CFG_046,J21,4,754.000,684.000,70.000,0.9072,2,0,1,99.000,65.000,164.000,99:4|224:1
CFG_046,K00,4,754.000,754.000,0.000,1.0000,4,1,0,99.000,0.000,99.000,99:2|164:3
CFG_046,K01,4,754.000,754.000,0.000,1.0000,4,1,0,99.000,0.000,99.000,99:2|164:3
CFG_046,K02,4,754.000,754.000,0.000,1.0000,4,1,0,99.000,0.000,99.000,99:2|164:3
CFG_046,K03,4,754.000,754.000,0.000,1.0000,4,1,0,99.000,0.000,99.000,99:2|164:3
CFG_046,K04,4,754.000,754.000,0.000,1.0000,4,0,0,99.000,0.000,99.000,99:2|164:3
CFG_046,K05,4,754.000,754.000,0.000,1.0000,4,0,0,99.000,0.000,99.000,99:2|164:3
CFG_046,K06,4,754.000,754.000,0.000,1.0000,4,0,0,99.000,0.000,99.000,99:2|164:3
CFG_046,K07,4,754.000,754.000,0.000,1.0000,3,1,0,99.000,0.000,99.000,99:2|164:3
CFG_046,K08,4,754.000,754.000,0.000,1.0000,4,1,0,99.000,0.000,99.000,99:2|164:3
CFG_046,K09,4,754.000,754.000,0.000,1.0000,4,1,0,99.000,0.000,99.000,99:2|164:3
CFG_046,K10,4,754.000,754.000,0.000,1.0000,4,1,0,99.000,0.000,99.000,99:2|164:3
CFG_046,K11,4,754.000,754.000,0.000,1.0000,4,1,0,99.000,0.000,99.000,99:2|164:3
CFG_046,K12,4,754.000,754.000,0.000,1.0000,4,1,0,99.000,0.000,99.000,99:2|164:3
CFG_046,K13,4,754.000,754.000,0.000,1.0000,4,1,0,99.000,0.000,99.000,99:2|164:3
CFG_046,K14,4,754.000,754.000,0.000,1.0000,4,1,0,99.000,0.000,99.000,99:2|164:3
CFG_046,K15,4,754.000,754.000,0.000,1.0000,4,1,0,99.000,0.000,99.000,99:2|164:3
CFG_046,K16,4,754.000,754.000,0.000,1.0000,4,1,0,99.000,0.000,99.000,99:2|164:3
CFG_046,K17,4,754.000,754.000,0.000,1.0000,4,1,0,99.000,0.000,99.000,99:2|164:3
CFG_046,K18,4,754.000,754.000,0.000,1.0000,4,1,0,99.000,0.000,99.000,99:2|164:3
CFG_046,K19,4,754.000,749.000,5.000,0.9934,2,0,1,99.000,0.000,99.000,99:3|164:1|224:1
CFG_046,K20,4,754.000,684.000,70.000,0.9072,2,0,1,99.000,65.000,164.000,99:4|224:1
CFG_046,K21,4,754.000,749.000,5.000,0.9934,2,0,1,99.000,0.000,99.000,99:3|164:1|224:1
CFG_047,A00,4,754.000,754.000,0.000,1.0000,2,0,1,79.000,0.000,79.000,79:1|84:1|119:1|174:1|234:1
CFG_047,A01,4,754.000,754.000,0.000,1.0000,2,0,1,79.000,0.000,79.000,79:1|84:1|119:1|174:1|234:1
CFG_047,A02,4,754.000,754.000,0.000,1.0000,2,0,1,79.000,0.000,79.000,79:1|84:1|119:1|174:1|234:1
CFG_047,A03,4,754.000,754.000,0.000,1.0000,2,0,1,79.000,0.000,79.000,79:1|84:1|119:1|174:1|234:1
CFG_047,A04,4,754.000,754.000,0.000,1.0000,2,0,1,79.000,0.000,79.000,79:1|84:1|119:1|174:1|234:1
CFG_047,A05,4,754.000,754.000,0.000,1.0000,2,0,1,79.000,0.000,79.000,79:1|84:1|119:1|174:1|234:1
CFG_047,A06,4,754.000,754.000,0.000,1.0000,2,0,1,79.000,0.000,79.000,79:1|84:1|119:1|174:1|234:1
CFG_047,A07,4,754.000,754.000,0.000,1.0000,2,0,1,79.000,0.000,79.000,79:1|84:1|119:1|174:1|234:1
CFG_047,A08,4,754.000,754.000,0.000,1.0000,2,0,1,79.000,0.000,79.000,79:1|84:1|119:1|174:1|234:1
CFG_047,A09,4,754.000,754.000,0.000,1.0000,2,0,1,79.000,0.000,79.000,79:1|84:1|119:1|174:1|234:1
CFG_047,A10,4,754.000,754.000,0.000,1.0000,2,0,1,79.000,0.000,79.000,79:1|84:1|119:1|174:1|234:1
CFG_047,A11,4,754.000,754.000,0.000,1.0000,2,0,1,79.000,0.000,79.000,79:1|84:1|119:1|174:1|234:1
CFG_047,A12,4,754.000,754.000,0.000,1.0000,2,0,1,79.000,0.000,79.000,79:1|84:1|119:1|174:1|234:1
CFG_047,A13,4,754.000,754.000,0.000,1.0000,2,0,1,79.000,0.000,79.000,79:1|84:1|119:1|174:1|234:1
CFG_047,A14,4,754.000,754.000,0.000,1.0000,2,0,1,79.000,0.000,79.000,79:1|84:1|119:1|174:1|234:1
CFG_047,A15,4,754.000,754.000,0.000,1.0000,2,0,1,79.000,0.000,79.000,79:1|84:1|119:1|174:1|234:1
CFG_047,B00,5,754.000,754.000,0.000,1.0000,3,0,2,79.000,0.000,79.000,79:1|119:5
CFG_047,B01,5,754.000,754.000,0.000,1.0000,3,0,2,79.000,0.000,79.000,79:1|119:5
CFG_047,B02,5,754.000,754.000,0.000,1.0000,3,0,2,79.000,0.000,79.000,79:1|119:5
CFG_047,B03,5,754.000,754.000,0.000,1.0000,3,0,2,79.000,0.000,79.000,79:1|119:5
CFG_047,B04,5,754.000,754.000,0.000,1.0000,3,0,2,79.000,0.000,79.000,79:1|119:5
CFG_047,B05,5,754.000,754.000,0.000,1.0000,3,0,2,79.000,0.000,79.000,79:1|119:5
CFG_047,B06,5,754.000,754.000,0.000,1.0000,3,0,2,79.000,0.000,79.000,79:1|119:5
CFG_047,B07,5,754.000,754.000,0.000,1.0000,3,0,2,79.000,0.000,79.000,79:1|119:5
CFG_047,B08,5,754.000,754.000,0.000,1.0000,3,0,2,79.000,0.000,79.000,79:1|119:5
CFG_047,B09,5,754.000,754.000,0.000,1.0000,3,0,2,79.000,0.000,79.000,79:1|119:5
CFG_047,B10,5,754.000,754.000,0.000,1.0000,3,0,2,79.000,0.000,79.000,79:1|119:5
CFG_047,B11,5,754.000,754.000,0.000,1.0000,3,0,2,79.000,0.000,79.000,79:1|119:5
CFG_047,B12,5,754.000,754.000,0.000,1.0000,3,0,2,79.000,0.000,79.000,79:1|119:5
CFG_047,B13,5,754.000,754.000,0.000,1.0000,3,0,2,79.000,0.000,79.000,79:1|119:5
CFG_047,B14,5,754.000,754.000,0.000,1.0000,3,0,2,79.000,0.000,79.000,79:1|119:5
CFG_047,B15,5,754.000,754.000,0.000,1.0000,3,0,2,79.000,0.000,79.000,79:1|119:5
CFG_047,B16,5,754.000,754.000,0.000,1.0000,3,0,2,79.000,0.000,79.000,79:1|119:5
CFG_047,B17,5,754.000,754.000,0.000,1.0000,3,0,2,79.000,0.000,79.000,79:1|119:5
CFG_047,B18,5,754.000,754.000,0.000,1.0000,3,0,2,79.000,0.000,79.000,79:1|119:5
CFG_047,B19,5,754.000,749.000,5.000,0.9934,2,2,2,79.000,0.000,79.000,79:4|119:1|234:1
CFG_047,B20,5,754.000,749.000,5.000,0.9934,2,2,2,79.000,0.000,79.000,79:4|119:1|234:1
CFG_047,B21,5,754.000,749.000,5.000,0.9934,2,0,2,79.000,0.000,79.000,79:4|119:1|234:1
CFG_047,D00,5,754.000,754.000,0.000,1.0000,5,0,0,79.000,0.000,79.000,79:2|114:2|119:1|169:1
CFG_047,D01,5,754.000,754.000,0.000,1.0000,5,0,0,79.000,0.000,79.000,79:2|114:2|119:1|169:1
CFG_047,D02,5,754.000,754.000,0.000,1.0000,5,0,0,79.000,0.000,79.000,79:2|114:2|119:1|169:1
CFG_047,D03,5,754.000,754.000,0.000,1.0000,5,0,0,79.000,0.000,79.000,79:2|114:2|119:1|169:1
CFG_047,D04,5,754.000,754.000,0.000,1.0000,5,0,0,79.000,0.000,79.000,79:2|114:2|119:1|169:1
CFG_047,D05,5,754.000,754.000,0.000,1.0000,5,0,0,79.000,0.000,79.000,79:2|114:2|119:1|169:1
CFG_047,D06,5,754.000,754.000,0.000,1.0000,5,0,0,79.000,0.000,79.000,79:2|114:2|119:1|169:1
CFG_047,D07,5,754.000,754.000,0.000,1.0000,5,0,0,79.000,0.000,79.000,79:2|114:2|119:1|169:1
CFG_047,D08,5,754.000,754.000,0.000,1.0000,5,0,0,79.000,0.000,79.000,79:2|114:2|119:1|169:1
CFG_047,D09,5,754.000,754.000,0.000,1.0000,5,0,0,79.000,0.000,79.000,79:2|114:2|119:1|169:1
CFG_047,D10,5,754.000,754.000,0.000,1.0000,5,0,0,79.000,0.000,79.000,79:1|119:5
CFG_047,D11,3,754.000,754.000,0.000,1.0000,5,0,0,119.000,0.000,119.000,119:2|234:2
CFG_047,D12,3,754.000,754.000,0.000,1.0000,5,0,0,119.000,0.000,119.000,119:2|234:2
CFG_047,D13,3,754.000,754.000,0.000,1.0000,3,2,0,119.000,0.000,119.000,119:2|234:2
CFG_047,D14,3,754.000,754.000,0.000,1.0000,3,2,0,119.000,0.000,119.000,119:2|234:2
CFG_047,D15,3,754.000,754.000,0.000,1.0000,3,2,0,119.000,0.000,119.000,119:2|234:2
CFG_047,D16,3,754.000,754.000,0.000,1.0000,3,1,0,119.000,0.000,119.000,119:2|234:2
CFG_047,D17,3,754.000,754.000,0.000,1.0000,3,1,0,119.000,0.000,119.000,119:2|234:2
CFG_047,D18,3,754.000,754.000,0.000,1.0000,3,1,0,119.000,0.000,119.000,119:2|234:2
CFG_047,D19,4,754.000,699.000,55.000,0.9271,2,1,1,79.000,40.000,119.000,79:3|169:1|229:1
CFG_047,D20,4,754.000,699.000,55.000,0.9271,2,1,1,79.000,40.000,119.000,79:3|169:1|229:1
CFG_047,D21,4,754.000,699.000,55.000,0.9271,2,0,1,79.000,40.000,119.000,79:3|169:1|229:1
CFG_047,E00,5,754.000,754.000,0.000,1.0000,5,1,0,79.000,0.000,79.000,79:1|119:5
CFG_047,E01,5,754.000,754.000,0.000,1.0000,5,1,0,79.000,0.000,79.000,79:1|119:5
CFG_047,E02,5,754.000,754.000,0.000,1.0000,5,1,0,79.000,0.000,79.000,79:1|119:5
CFG_047,E03,5,754.000,754.000,0.000,1.0000,5,1,0,79.000,0.000,79.000,79:1|119:5
CFG_047,E04,5,754.000,754.000,0.000,1.0000,5,1,0,79.000,0.000,79.000,79:1|119:5
CFG_047,E05,5,754.000,754.000,0.000,1.0000,5,1,0,79.000,0.000,79.000,79:1|119:5
CFG_047,E06,5,754.000,754.000,0.000,1.0000,5,1,0,79.000,0.000,79.000,79:1|119:5
CFG_047,E07,5,754.000,754.000,0.000,1.0000,5,1,0,79.000,0.000,79.000,79:1|119:5
CFG_047,E08,5,754.000,754.000,0.000,1.0000,5,1,0,79.000,0.000,79.000,79:1|119:5
CFG_047,E09,5,754.000,754.000,0.000,1.0000,5,1,0,79.000,0.000,79.000,79:1|119:5
CFG_047,E10,5,754.000,754.000,0.000,1.0000,5,1,0,79.000,0.000,79.000,79:1|119:5
CFG_047,E11,5,754.000,754.000,0.000,1.0000,5,1,0,79.000,0.000,79.000,79:1|119:5
CFG_047,E12,5,754.000,754.000,0.000,1.0000,5,1,0,79.000,0.000,79.000,79:1|119:5
CFG_047,E13,5,754.000,754.000,0.000,1.0000,5,1,0,79.000,0.000,79.000,79:1|119:5
CFG_047,E14,5,754.000,754.000,0.000,1.0000,5,1,0,79.000,0.000,79.000,79:1|119:5
CFG_047,E15,5,754.000,754.000,0.000,1.0000,5,1,0,79.000,0.000,79.000,79:1|119:5
CFG_047,E16,5,754.000,754.000,0.000,1.0000,5,1,0,79.000,0.000,79.000,79:1|119:5
CFG_047,E17,5,754.000,754.000,0.000,1.0000,5,1,0,79.000,0.000,79.000,79:1|119:5
CFG_047,E18,5,754.000,754.000,0.000,1.0000,5,1,0,79.000,0.000,79.000,79:1|119:5
CFG_047,E19,5,754.000,744.000,10.000,0.9867,3,2,1,79.000,0.000,79.000,79:4|119:1|229:1
CFG_047,E20,5,754.000,744.000,10.000,0.9867,3,2,1,79.000,0.000,79.000,79:4|119:1|229:1
CFG_047,E21,5,754.000,744.000,10.000,0.9867,3,0,1,79.000,0.000,79.000,79:4|119:1|229:1
CFG_047,F00,5,754.000,754.000,0.000,1.0000,5,0,0,79.000,0.000,79.000,79:1|119:5
CFG_047,F01,5,754.000,754.000,0.000,1.0000,5,0,0,79.000,0.000,79.000,79:1|119:5
CFG_047,F02,5,754.000,754.000,0.000,1.0000,5,0,0,79.000,0.000,79.000,79:1|119:5
CFG_047,F03,5,754.000,754.000,0.000,1.0000,5,0,0,79.000,0.000,79.000,79:1|119:5
CFG_047,F04,5,754.000,754.000,0.000,1.0000,5,0,0,79.000,0.000,79.000,79:1|119:5
CFG_047,F05,5,754.000,754.000,0.000,1.0000,5,0,0,79.000,0.000,79.000,79:1|119:5
CFG_047,F06,5,754.000,754.000,0.000,1.0000,5,0,0,79.000,0.000,79.000,79:1|119:5
CFG_047,F07,5,754.000,754.000,0.000,1.0000,5,1,0,79.000,0.000,79.000,79:1|119:5
CFG_047,F08,5,754.000,754.000,0.000,1.0000,5,1,0,79.000,0.000,79.000,79:1|119:5
CFG_047,F09,5,754.000,754.000,0.000,1.0000,5,1,0,79.000,0.000,79.000,79:1|119:5
CFG_047,F10,5,754.000,754.000,0.000,1.0000,5,1,0,79.000,0.000,79.000,79:1|119:5
CFG_047,F11,5,754.000,754.000,0.000,1.0000,5,1,0,79.000,0.000,79.000,79:1|119:5
CFG_047,F12,5,754.000,754.000,0.000,1.0000,5,1,0,79.000,0.000,79.000,79:1|119:5
CFG_047,F13,5,754.000,754.000,0.000,1.0000,5,1,0,79.000,0.000,79.000,79:1|119:5
CFG_047,F14,5,754.000,754.000,0.000,1.0000,5,1,0,79.000,0.000,79.000,79:1|119:5
CFG_047,F15,5,754.000,754.000,0.000,1.0000,5,1,0,79.000,0.000,79.000,79:1|119:5
CFG_047,F16,5,754.000,754.000,0.000,1.0000,5,1,0,79.000,0.000,79.000,79:1|119:5
CFG_047,F17,5,754.000,754.000,0.000,1.0000,5,1,0,79.000,0.000,79.000,79:1|119:5
CFG_047,F18,5,754.000,754.000,0.000,1.0000,5,1,0,79.000,0.000,79.000,79:1|119:5
CFG_047,F19,5,754.000,704.000,50.000,0.9337,4,1,0,79.000,40.000,119.000,79:5|229:1
CFG_047,F20,5,754.000,704.000,50.000,0.9337,4,1,0,79.000,40.000,119.000,79:5|229:1
CFG_047,F21,5,754.000,704.000,50.000,0.9337,4,0,0,79.000,40.000,119.000,79:5|229:1
CFG_047,G00,5,754.000,754.000,0.000,1.0000,5,0,0,79.000,0.000,79.000,79:2|114:2|119:1|169:1
CFG_047,G01,5,754.000,754.000,0.000,1.0000,5,0,0,79.000,0.000,79.000,79:2|114:2|119:1|169:1
CFG_047,G02,5,754.000,754.000,0.000,1.0000,5,0,0,79.000,0.000,79.000,79:2|114:2|119:1|169:1
CFG_047,G03,5,754.000,754.000,0.000,1.0000,5,0,0,79.000,0.000,79.000,79:2|114:2|119:1|169:1
CFG_047,G04,5,754.000,754.000,0.000,1.0000,5,0,0,79.000,0.000,79.000,79:2|114:2|119:1|169:1
CFG_047,G05,5,754.000,754.000,0.000,1.0000,5,0,0,79.000,0.000,79.000,79:2|114:2|119:1|169:1
CFG_047,G06,5,754.000,754.000,0.000,1.0000,5,0,0,79.000,0.000,79.000,79:2|114:2|119:1|169:1
CFG_047,G07,5,754.000,754.000,0.000,1.0000,5,0,0,79.000,0.000,79.000,79:2|114:2|119:1|169:1
CFG_047,G08,5,754.000,754.000,0.000,1.0000,5,0,0,79.000,0.000,79.000,79:2|114:2|119:1|169:1
CFG_047,G09,5,754.000,754.000,0.000,1.0000,5,0,0,79.000,0.000,79.000,79:2|114:2|119:1|169:1
CFG_047,G10,5,754.000,754.000,0.000,1.0000,5,0,0,79.000,0.000,79.000,79:2|114:2|119:1|169:1
CFG_047,G11,5,754.000,754.000,0.000,1.0000,5,0,0,79.000,0.000,79.000,79:2|114:2|119:1|169:1
CFG_047,G12,5,754.000,754.000,0.000,1.0000,5,0,0,79.000,0.000,79.000,79:2|114:2|119:1|169:1
CFG_047,G13,5,754.000,754.000,0.000,1.0000,5,0,0,79.000,0.000,79.000,79:2|114:2|119:1|169:1
CFG_047,G14,5,754.000,754.000,0.000,1.0000,5,0,0,79.000,0.000,79.000,79:2|114:2|119:1|169:1
CFG_047,G15,5,754.000,754.000,0.000,1.0000,5,0,0,79.000,0.000,79.000,79:2|114:2|119:1|169:1
CFG_047,G16,5,754.000,754.000,0.000,1.0000,5,0,0,79.000,0.000,79.000,79:2|114:2|119:1|169:1
CFG_047,G17,5,754.000,754.000,0.000,1.0000,5,0,0,79.000,0.000,79.000,79:2|114:2|119:1|169:1
CFG_047,G18,5,754.000,754.000,0.000,1.0000,5,0,0,79.000,0.000,79.000,79:2|114:2|119:1|169:1
CFG_047,G19,4,754.000,699.000,55.000,0.9271,3,1,0,79.000,40.000,119.000,79:3|169:1|229:1
CFG_047,G20,4,754.000,699.000,55.000,0.9271,3,1,0,79.000,40.000,119.000,79:3|169:1|229:1
CFG_047,G21,4,754.000,699.000,55.000,0.9271,3,0,0,79.000,40.000,119.000,79:3|169:1|229:1
CFG_047,H00,5,754.000,754.000,0.000,1.0000,4,0,1,79.000,0.000,79.000,79:1|119:5
CFG_047,H01,5,754.000,754.000,0.000,1.0000,4,0,1,79.000,0.000,79.000,79:1|119:5
CFG_047,H02,5,754.000,754.000,0.000,1.0000,4,0,1,79.000,0.000,79.000,79:1|119:5
CFG_047,H03,5,754.000,754.000,0.000,1.0000,4,0,1,79.000,0.000,79.000,79:1|119:5
CFG_047,H04,5,754.000,754.000,0.000,1.0000,4,0,1,79.000,0.000,79.000,79:1|119:5
CFG_047,H05,5,754.000,754.000,0.000,1.0000,4,0,1,79.000,0.000,79.000,79:1|119:5
CFG_047,H06,5,754.000,754.000,0.000,1.0000,4,0,1,79.000,0.000,79.000,79:1|119:5
CFG_047,H07,5,754.000,754.000,0.000,1.0000,4,0,1,79.000,0.000,79.000,79:1|119:5
CFG_047,H08,5,754.000,754.000,0.000,1.0000,4,0,1,79.000,0.000,79.000,79:1|119:5
CFG_047,H09,5,754.000,754.000,0.000,1.0000,4,0,1,79.000,0.000,79.000,79:1|119:5
CFG_047,H10,5,754.000,754.000,0.000,1.0000,4,0,1,79.000,0.000,79.000,79:1|119:5
CFG_047,H11,5,754.000,754.000,0.000,1.0000,4,0,1,79.000,0.000,79.000,79:1|119:5
CFG_047,H12,5,754.000,754.000,0.000,1.0000,4,0,1,79.000,0.000,79.000,79:1|119:5
CFG_047,H13,5,754.000,754.000,0.000,1.0000,4,0,1,79.000,0.000,79.000,79:1|119:5
CFG_047,H14,5,754.000,754.000,0.000,1.0000,4,0,1,79.000,0.000,79.000,79:1|119:5
CFG_047,H15,5,754.000,754.000,0.000,1.0000,4,0,1,79.000,0.000,79.000,79:1|119:5
CFG_047,H16,5,754.000,754.000,0.000,1.0000,4,0,1,79.000,0.000,79.000,79:1|119:5
CFG_047,H17,5,754.000,754.000,0.000,1.0000,4,0,1,79.000,0.000,79.000,79:1|119:5
CFG_047,H18,5,754.000,754.000,0.000,1.0000,4,0,1,79.000,0.000,79.000,79:1|119:5
CFG_047,H19,5,754.000,744.000,10.000,0.9867,2,1,2,79.000,0.000,79.000,79:4|119:1|229:1
CFG_047,H20,5,754.000,744.000,10.000,0.9867,2,1,2,79.000,0.000,79.000,79:4|119:1|229:1
CFG_047,H21,5,754.000,744.000,10.000,0.9867,2,0,2,79.000,0.000,79.000,79:4|119:1|229:1
CFG_047,I00,5,754.000,754.000,0.000,1.0000,4,0,1,79.000,0.000,79.000,79:2|114:2|119:1|169:1
CFG_047,I01,5,754.000,754.000,0.000,1.0000,4,0,1,79.000,0.000,79.000,79:2|114:2|119:1|169:1
CFG_047,I02,5,754.000,754.000,0.000,1.0000,4,0,1,79.000,0.000,79.000,79:2|114:2|119:1|169:1
CFG_047,I03,5,754.000,754.000,0.000,1.0000,4,0,1,79.000,0.000,79.000,79:2|114:2|119:1|169:1
CFG_047,I04,5,754.000,754.000,0.000,1.0000,4,0,1,79.000,0.000,79.000,79:2|114:2|119:1|169:1
CFG_047,I05,5,754.000,754.000,0.000,1.0000,4,0,1,79.000,0.000,79.000,79:2|114:2|119:1|169:1
CFG_047,I06,5,754.000,754.000,0.000,1.0000,4,0,1,79.000,0.000,79.000,79:2|114:2|119:1|169:1
CFG_047,I07,5,754.000,754.000,0.000,1.0000,4,0,1,79.000,0.000,79.000,79:2|114:2|119:1|169:1
CFG_047,I08,5,754.000,754.000,0.000,1.0000,4,0,1,79.000,0.000,79.000,79:2|114:2|119:1|169:1
CFG_047,I09,5,754.000,754.000,0.000,1.0000,4,0,1,79.000,0.000,79.000,79:2|114:2|119:1|169:1
CFG_047,I10,5,754.000,754.000,0.000,1.0000,4,0,1,79.000,0.000,79.000,79:2|114:2|119:1|169:1
CFG_047,I11,5,754.000,754.000,0.000,1.0000,4,0,1,79.000,0.000,79.000,79:2|114:2|119:1|169:1
CFG_047,I12,5,754.000,754.000,0.000,1.0000,4,0,1,79.000,0.000,79.000,79:2|114:2|119:1|169:1
CFG_047,I13,5,754.000,754.000,0.000,1.0000,4,0,1,79.000,0.000,79.000,79:2|114:2|119:1|169:1
CFG_047,I14,5,754.000,754.000,0.000,1.0000,4,0,1,79.000,0.000,79.000,79:2|114:2|119:1|169:1
CFG_047,I15,5,754.000,754.000,0.000,1.0000,4,0,1,79.000,0.000,79.000,79:2|114:2|119:1|169:1
CFG_047,I16,5,754.000,754.000,0.000,1.0000,4,0,1,79.000,0.000,79.000,79:2|114:2|119:1|169:1
CFG_047,I17,5,754.000,754.000,0.000,1.0000,4,0,1,79.000,0.000,79.000,79:2|114:2|119:1|169:1
CFG_047,I18,5,754.000,754.000,0.000,1.0000,4,0,1,79.000,0.000,79.000,79:2|114:2|119:1|169:1
CFG_047,I19,4,754.000,699.000,55.000,0.9271,2,1,1,79.000,40.000,119.000,79:3|169:1|229:1
CFG_047,I20,4,754.000,699.000,55.000,0.9271,2,1,1,79.000,40.000,119.000,79:3|169:1|229:1
CFG_047,I21,4,754.000,699.000,55.000,0.9271,2,0,1,79.000,40.000,119.000,79:3|169:1|229:1
CFG_047,J00,5,754.000,754.000,0.000,1.0000,5,0,0,79.000,0.000,79.000,79:1|119:5
CFG_047,J01,5,754.000,754.000,0.000,1.0000,5,0,0,79.000,0.000,79.000,79:1|119:5
CFG_047,J02,5,754.000,754.000,0.000,1.0000,5,0,0,79.000,0.000,79.000,79:1|119:5
CFG_047,J03,5,754.000,754.000,0.000,1.0000,5,0,0,79.000,0.000,79.000,79:1|119:5
CFG_047,J04,5,754.000,754.000,0.000,1.0000,4,0,1,79.000,0.000,79.000,79:1|119:5
CFG_047,J05,5,754.000,754.000,0.000,1.0000,4,0,1,79.000,0.000,79.000,79:1|119:5
CFG_047,J06,5,754.000,754.000,0.000,1.0000,4,0,1,79.000,0.000,79.000,79:1|119:5
CFG_047,J07,5,754.000,754.000,0.000,1.0000,4,0,1,79.000,0.000,79.000,79:1|119:5
CFG_047,J08,5,754.000,754.000,0.000,1.0000,4,0,1,79.000,0.000,79.000,79:1|119:5
CFG_047,J09,5,754.000,754.000,0.000,1.0000,4,0,1,79.000,0.000,79.000,79:1|119:5
CFG_047,J10,5,754.000,754.000,0.000,1.0000,4,0,1,79.000,0.000,79.000,79:1|119:5
CFG_047,J11,5,754.000,754.000,0.000,1.0000,4,0,1,79.000,0.000,79.000,79:1|119:5
CFG_047,J12,5,754.000,754.000,0.000,1.0000,4,0,1,79.000,0.000,79.000,79:1|119:5
CFG_047,J13,5,754.000,754.000,0.000,1.0000,4,0,1,79.000,0.000,79.000,79:1|119:5
CFG_047,J14,5,754.000,754.000,0.000,1.0000,4,0,1,79.000,0.000,79.000,79:1|119:5
CFG_047,J15,5,754.000,754.000,0.000,1.0000,4,0,1,79.000,0.000,79.000,79:1|119:5
CFG_047,J16,5,754.000,754.000,0.000,1.0000,4,0,1,79.000,0.000,79.000,79:1|119:5
CFG_047,J17,5,754.000,754.000,0.000,1.0000,4,0,1,79.000,0.000,79.000,79:1|119:5
CFG_047,J18,5,754.000,754.000,0.000,1.0000,4,0,1,79.000,0.000,79.000,79:1|119:5
CFG_047,J19,5,754.000,739.000,15.000,0.9801,2,1,2,79.000,0.000,79.000,79:4|119:1|224:1
CFG_047,J20,5,754.000,739.000,15.000,0.9801,2,1,2,79.000,0.000,79.000,79:4|119:1|224:1
CFG_047,J21,5,754.000,739.000,15.000,0.9801,2,0,2,79.000,0.000,79.000,79:4|119:1|224:1
CFG_047,K00,5,754.000,754.000,0.000,1.0000,5,0,0,79.000,0.000,79.000,79:2|114:2|119:1|169:1
CFG_047,K01,5,754.000,754.000,0.000,1.0000,5,0,0,79.000,0.000,79.000,79:2|114:2|119:1|169:1
CFG_047,K02,5,754.000,754.000,0.000,1.0000,5,0,0,79.000,0.000,79.000,79:2|114:2|119:1|169:1
CFG_047,K03,5,754.000,754.000,0.000,1.0000,5,0,0,79.000,0.000,79.000,79:2|114:2|119:1|169:1
CFG_047,K04,5,754.000,754.000,0.000,1.0000,4,0,1,79.000,0.000,79.000,79:2|114:2|119:1|169:1
CFG_047,K05,5,754.000,754.000,0.000,1.0000,4,0,1,79.000,0.000,79.000,79:2|114:2|119:1|169:1
CFG_047,K06,5,754.000,754.000,0.000,1.0000,4,0,1,79.000,0.000,79.000,79:2|114:2|119:1|169:1
CFG_047,K07,5,754.000,754.000,0.000,1.0000,4,0,0,79.000,0.000,79.000,79:2|114:2|119:1|169:1
CFG_047,K08,5,754.000,754.000,0.000,1.0000,5,0,0,79.000,0.000,79.000,79:2|114:2|119:1|169:1
CFG_047,K09,5,754.000,754.000,0.000,1.0000,5,0,0,79.000,0.000,79.000,79:2|114:2|119:1|169:1
CFG_047,K10,5,754.000,754.000,0.000,1.0000,5,0,0,79.000,0.000,79.000,79:1|119:5
CFG_047,K11,5,754.000,754.000,0.000,1.0000,5,0,0,79.000,0.000,79.000,79:1|119:5
CFG_047,K12,5,754.000,754.000,0.000,1.0000,5,0,0,79.000,0.000,79.000,79:1|119:5
CFG_047,K13,5,754.000,754.000,0.000,1.0000,5,0,0,79.000,0.000,79.000,79:1|119:5
CFG_047,K14,5,754.000,754.000,0.000,1.0000,5,0,0,79.000,0.000,79.000,79:1|119:5
CFG_047,K15,5,754.000,754.000,0.000,1.0000,5,0,0,79.000,0.000,79.000,79:1|119:5
CFG_047,K16,5,754.000,754.000,0.000,1.0000,5,0,0,79.000,0.000,79.000,79:1|119:5
CFG_047,K17,5,754.000,754.000,0.000,1.0000,5,0,0,79.000,0.000,79.000,79:1|119:5
CFG_047,K18,5,754.000,754.000,0.000,1.0000,5,0,0,79.000,0.000,79.000,79:1|119:5
CFG_047,K19,4,754.000,694.000,60.000,0.9204,2,0,1,79.000,40.000,119.000,79:3|169:1|224:1
CFG_047,K20,5,754.000,739.000,15.000,0.9801,2,0,2,79.000,0.000,79.000,79:4|119:1|224:1
CFG_047,K21,5,754.000,739.000,15.000,0.9801,2,0,2,79.000,0.000,79.000,79:4|119:1|224:1
CFG_051,A00,4,754.000,754.000,0.000,1.0000,2,0,1,99.000,0.000,99.000,99:3|159:1|234:1
CFG_051,A01,4,754.000,754.000,0.000,1.0000,2,0,1,99.000,0.000,99.000,99:3|159:1|234:1
CFG_051,A02,4,754.000,754.000,0.000,1.0000,2,0,1,99.000,0.000,99.000,99:3|159:1|234:1
CFG_051,A03,4,754.000,754.000,0.000,1.0000,2,0,1,99.000,0.000,99.000,99:3|159:1|234:1
CFG_051,A04,4,754.000,754.000,0.000,1.0000,2,0,1,99.000,0.000,99.000,99:3|159:1|234:1
CFG_051,A05,4,754.000,754.000,0.000,1.0000,2,0,1,99.000,0.000,99.000,99:3|159:1|234:1
CFG_051,A06,4,754.000,754.000,0.000,1.0000,2,0,1,99.000,0.000,99.000,99:3|159:1|234:1
CFG_051,A07,4,754.000,754.000,0.000,1.0000,2,0,1,99.000,0.000,99.000,99:3|159:1|234:1
CFG_051,A08,4,754.000,754.000,0.000,1.0000,2,0,1,99.000,0.000,99.000,99:3|159:1|234:1
CFG_051,A09,4,754.000,754.000,0.000,1.0000,2,0,1,99.000,0.000,99.000,99:3|159:1|234:1
CFG_051,A10,4,754.000,754.000,0.000,1.0000,2,0,1,99.000,0.000,99.000,99:3|159:1|234:1
CFG_051,A11,4,754.000,754.000,0.000,1.0000,2,0,1,99.000,0.000,99.000,99:3|159:1|234:1
CFG_051,A12,4,754.000,754.000,0.000,1.0000,2,0,1,99.000,0.000,99.000,99:3|159:1|234:1
CFG_051,A13,4,754.000,754.000,0.000,1.0000,2,0,1,99.000,0.000,99.000,99:3|159:1|234:1
CFG_051,A14,4,754.000,754.000,0.000,1.0000,2,0,1,99.000,0.000,99.000,99:3|159:1|234:1
CFG_051,A15,4,754.000,754.000,0.000,1.0000,2,0,1,99.000,0.000,99.000,99:3|159:1|234:1
CFG_051,B00,4,754.000,754.000,0.000,1.0000,2,0,1,99.000,0.000,99.000,99:3|159:1|234:1
CFG_051,B01,4,754.000,754.000,0.000,1.0000,2,0,1,99.000,0.000,99.000,99:3|159:1|234:1
CFG_051,B02,4,754.000,754.000,0.000,1.0000,2,0,1,99.000,0.000,99.000,99:3|159:1|234:1
CFG_051,B03,4,754.000,754.000,0.000,1.0000,2,0,1,99.000,0.000,99.000,99:3|159:1|234:1
CFG_051,B04,4,754.000,754.000,0.000,1.0000,2,0,1,99.000,0.000,99.000,99:3|159:1|234:1
CFG_051,B05,4,754.000,754.000,0.000,1.0000,2,0,1,99.000,0.000,99.000,99:3|159:1|234:1
CFG_051,B06,4,754.000,754.000,0.000,1.0000,2,0,1,99.000,0.000,99.000,99:3|159:1|234:1
CFG_051,B07,4,754.000,754.000,0.000,1.0000,2,0,1,99.000,0.000,99.000,99:3|159:1|234:1
CFG_051,B08,4,754.000,754.000,0.000,1.0000,2,0,1,99.000,0.000,99.000,99:3|159:1|234:1
CFG_051,B09,4,754.000,754.000,0.000,1.0000,2,0,1,99.000,0.000,99.000,99:3|159:1|234:1
CFG_051,B10,4,754.000,754.000,0.000,1.0000,2,0,1,99.000,0.000,99.000,99:3|159:1|234:1
CFG_051,B11,4,754.000,754.000,0.000,1.0000,2,0,1,99.000,0.000,99.000,99:3|159:1|234:1
CFG_051,B12,4,754.000,754.000,0.000,1.0000,2,0,1,99.000,0.000,99.000,99:3|159:1|234:1
CFG_051,B13,4,754.000,754.000,0.000,1.0000,2,0,1,99.000,0.000,99.000,99:3|159:1|234:1
CFG_051,B14,4,754.000,754.000,0.000,1.0000,2,0,1,99.000,0.000,99.000,99:3|159:1|234:1
CFG_051,B15,4,754.000,754.000,0.000,1.0000,2,0,1,99.000,0.000,99.000,99:3|159:1|234:1
CFG_051,B16,4,754.000,754.000,0.000,1.0000,2,0,1,99.000,0.000,99.000,99:3|159:1|234:1
CFG_051,B17,4,754.000,754.000,0.000,1.0000,2,0,1,99.000,0.000,99.000,99:3|159:1|234:1
CFG_051,B18,4,754.000,754.000,0.000,1.0000,2,0,1,99.000,0.000,99.000,99:3|159:1|234:1
CFG_051,B19,4,754.000,754.000,0.000,1.0000,2,2,1,99.000,0.000,99.000,99:3|159:1|234:1
CFG_051,B20,4,754.000,754.000,0.000,1.0000,2,2,1,99.000,0.000,99.000,99:3|159:1|234:1
CFG_051,B21,4,754.000,754.000,0.000,1.0000,2,0,1,99.000,0.000,99.000,99:3|159:1|234:1
CFG_051,D00,4,754.000,754.000,0.000,1.0000,4,1,0,99.000,0.000,99.000,99:3|159:1|234:1
CFG_051,D01,4,754.000,754.000,0.000,1.0000,4,1,0,99.000,0.000,99.000,99:3|159:1|234:1
CFG_051,D02,4,754.000,754.000,0.000,1.0000,4,1,0,99.000,0.000,99.000,99:3|159:1|234:1
CFG_051,D03,4,754.000,754.000,0.000,1.0000,4,1,0,99.000,0.000,99.000,99:3|159:1|234:1
CFG_051,D04,4,754.000,754.000,0.000,1.0000,4,1,0,99.000,0.000,99.000,99:3|159:1|234:1
CFG_051,D05,4,754.000,754.000,0.000,1.0000,4,1,0,99.000,0.000,99.000,99:3|159:1|234:1
CFG_051,D06,4,754.000,754.000,0.000,1.0000,4,1,0,99.000,0.000,99.000,99:3|159:1|234:1
CFG_051,D07,4,754.000,754.000,0.000,1.0000,4,1,0,99.000,0.000,99.000,99:3|159:1|234:1
CFG_051,D08,4,754.000,754.000,0.000,1.0000,4,1,0,99.000,0.000,99.000,99:3|159:1|234:1
CFG_051,D09,4,754.000,754.000,0.000,1.0000,4,1,0,99.000,0.000,99.000,99:3|159:1|234:1
CFG_051,D10,4,754.000,754.000,0.000,1.0000,4,1,0,99.000,0.000,99.000,99:3|159:1|234:1
CFG_051,D11,4,754.000,754.000,0.000,1.0000,4,1,0,99.000,0.000,99.000,99:3|159:1|234:1
CFG_051,D12,4,754.000,754.000,0.000,1.0000,4,1,0,99.000,0.000,99.000,99:3|159:1|234:1
CFG_051,D13,4,754.000,754.000,0.000,1.0000,4,1,0,99.000,0.000,99.000,99:3|159:1|234:1
CFG_051,D14,4,754.000,754.000,0.000,1.0000,4,1,0,99.000,0.000,99.000,99:3|159:1|234:1
CFG_051,D15,4,754.000,754.000,0.000,1.0000,4,1,0,99.000,0.000,99.000,99:3|159:1|234:1
CFG_051,D16,4,754.000,754.000,0.000,1.0000,4,0,0,99.000,0.000,99.000,99:3|159:1|234:1
CFG_051,D17,4,754.000,754.000,0.000,1.0000,4,0,0,99.000,0.000,99.000,99:3|159:1|234:1
CFG_051,D18,4,754.000,754.000,0.000,1.0000,4,0,0,99.000,0.000,99.000,99:3|159:1|234:1
CFG_051,D19,4,754.000,689.000,65.000,0.9138,2,1,1,99.000,60.000,159.000,99:4|229:1
CFG_051,D20,4,754.000,689.000,65.000,0.9138,2,1,1,99.000,60.000,159.000,99:4|229:1
CFG_051,D21,4,754.000,689.000,65.000,0.9138,2,0,1,99.000,60.000,159.000,99:4|229:1
CFG_051,E00,4,754.000,754.000,0.000,1.0000,4,2,0,99.000,0.000,99.000,99:3|159:1|234:1
CFG_051,E01,4,754.000,754.000,0.000,1.0000,4,2,0,99.000,0.000,99.000,99:3|159:1|234:1
CFG_051,E02,4,754.000,754.000,0.000,1.0000,4,2,0,99.000,0.000,99.000,99:3|159:1|234:1
CFG_051,E03,4,754.000,754.000,0.000,1.0000,4,2,0,99.000,0.000,99.000,99:3|159:1|234:1
CFG_051,E04,4,754.000,754.000,0.000,1.0000,4,2,0,99.000,0.000,99.000,99:3|159:1|234:1
CFG_051,E05,4,754.000,754.000,0.000,1.0000,4,2,0,99.000,0.000,99.000,99:3|159:1|234:1
CFG_051,E06,4,754.000,754.000,0.000,1.0000,4,2,0,99.000,0.000,99.000,99:3|159:1|234:1
CFG_051,E07,4,754.000,754.000,0.000,1.0000,4,2,0,99.000,0.000,99.000,99:3|159:1|234:1
CFG_051,E08,4,754.000,754.000,0.000,1.0000,4,2,0,99.000,0.000,99.000,99:3|159:1|234:1
CFG_051,E09,4,754.000,754.000,0.000,1.0000,4,2,0,99.000,0.000,99.000,99:3|159:1|234:1
CFG_051,E10,4,754.000,754.000,0.000,1.0000,4,2,0,99.000,0.000,99.000,99:3|159:1|234:1
CFG_051,E11,4,754.000,754.000,0.000,1.0000,4,2,0,99.000,0.000,99.000,99:3|159:1|234:1
CFG_051,E12,4,754.000,754.000,0.000,1.0000,4,2,0,99.000,0.000,99.000,99:3|159:1|234:1
CFG_051,E13,4,754.000,754.000,0.000,1.0000,4,2,0,99.000,0.000,99.000,99:3|159:1|234:1
CFG_051,E14,4,754.000,754.000,0.000,1.0000,4,2,0,99.000,0.000,99.000,99:3|159:1|234:1
CFG_051,E15,4,754.000,754.000,0.000,1.0000,4,2,0,99.000,0.000,99.000,99:3|159:1|234:1
CFG_051,E16,4,754.000,754.000,0.000,1.0000,4,2,0,99.000,0.000,99.000,99:3|159:1|234:1
CFG_051,E17,4,754.000,754.000,0.000,1.0000,4,2,0,99.000,0.000,99.000,99:3|159:1|234:1
CFG_051,E18,4,754.000,754.000,0.000,1.0000,4,2,0,99.000,0.000,99.000,99:3|159:1|234:1
CFG_051,E19,4,754.000,749.000,5.000,0.9934,3,2,0,99.000,0.000,99.000,99:3|159:1|229:1
CFG_051,E20,4,754.000,749.000,5.000,0.9934,3,2,0,99.000,0.000,99.000,99:3|159:1|229:1
CFG_051,E21,4,754.000,749.000,5.000,0.9934,3,0,0,99.000,0.000,99.000,99:3|159:1|229:1
CFG_051,F00,4,754.000,754.000,0.000,1.0000,4,1,0,99.000,0.000,99.000,99:3|159:1|234:1
CFG_051,F01,4,754.000,754.000,0.000,1.0000,4,1,0,99.000,0.000,99.000,99:3|159:1|234:1
CFG_051,F02,4,754.000,754.000,0.000,1.0000,4,1,0,99.000,0.000,99.000,99:3|159:1|234:1
CFG_051,F03,4,754.000,754.000,0.000,1.0000,4,1,0,99.000,0.000,99.000,99:3|159:1|234:1
CFG_051,F04,4,754.000,754.000,0.000,1.0000,4,1,0,99.000,0.000,99.000,99:3|159:1|234:1
CFG_051,F05,4,754.000,754.000,0.000,1.0000,4,1,0,99.000,0.000,99.000,99:3|159:1|234:1
CFG_051,F06,4,754.000,754.000,0.000,1.0000,4,1,0,99.000,0.000,99.000,99:3|159:1|234:1
CFG_051,F07,4,754.000,754.000,0.000,1.0000,4,2,0,99.000,0.000,99.000,99:3|159:1|234:1
CFG_051,F08,4,754.000,754.000,0.000,1.0000,4,2,0,99.000,0.000,99.000,99:3|159:1|234:1
CFG_051,F09,4,754.000,754.000,0.000,1.0000,4,2,0,99.000,0.000,99.000,99:3|159:1|234:1
CFG_051,F10,4,754.000,754.000,0.000,1.0000,4,2,0,99.000,0.000,99.000,99:3|159:1|234:1
CFG_051,F11,4,754.000,754.000,0.000,1.0000,4,2,0,99.000,0.000,99.000,99:3|159:1|234:1
CFG_051,F12,4,754.000,754.000,0.000,1.0000,4,2,0,99.000,0.000,99.000,99:3|159:1|234:1
CFG_051,F13,4,754.000,754.000,0.000,1.0000,4,2,0,99.000,0.000,99.000,99:3|159:1|234:1
CFG_051,F14,4,754.000,754.000,0.000,1.0000,4,2,0,99.000,0.000,99.000,99:3|159:1|234:1
CFG_051,F15,4,754.000,754.000,0.000,1.0000,4,2,0,99.000,0.000,99.000,99:3|159:1|234:1
CFG_051,F16,4,754.000,754.000,0.000,1.0000,4,2,0,99.000,0.000,99.000,99:3|159:1|234:1
CFG_051,F17,4,754.000,754.000,0.000,1.0000,4,2,0,99.000,0.000,99.000,99:3|159:1|234:1
CFG_051,F18,4,754.000,754.000,0.000,1.0000,4,2,0,99.000,0.000,99.000,99:3|159:1|234:1
CFG_051,F19,4,754.000,689.000,65.000,0.9138,3,2,0,99.000,60.000,159.000,99:4|229:1
CFG_051,F20,4,754.000,689.000,65.000,0.9138,3,2,0,99.000,60.000,159.000,99:4|229:1
CFG_051,F21,4,754.000,689.000,65.000,0.9138,3,1,0,99.000,60.000,159.000,99:4|229:1
CFG_051,G00,4,754.000,754.000,0.000,1.0000,4,1,0,99.000,0.000,99.000,99:3|159:1|234:1
CFG_051,G01,4,754.000,754.000,0.000,1.0000,4,1,0,99.000,0.000,99.000,99:3|159:1|234:1
CFG_051,G02,4,754.000,754.000,0.000,1.0000,4,1,0,99.000,0.000,99.000,99:3|159:1|234:1
CFG_051,G03,4,754.000,754.000,0.000,1.0000,4,1,0,99.000,0.000,99.000,99:3|159:1|234:1
CFG_051,G04,4,754.000,754.000,0.000,1.0000,4,1,0,99.000,0.000,99.000,99:3|159:1|234:1
CFG_051,G05,4,754.000,754.000,0.000,1.0000,4,1,0,99.000,0.000,99.000,99:3|159:1|234:1
CFG_051,G06,4,754.000,754.000,0.000,1.0000,4,1,0,99.000,0.000,99.000,99:3|159:1|234:1
CFG_051,G07,4,754.000,754.000,0.000,1.0000,4,1,0,99.000,0.000,99.000,99:3|159:1|234:1
CFG_051,G08,4,754.000,754.000,0.000,1.0000,4,1,0,99.000,0.000,99.000,99:3|159:1|234:1
CFG_051,G09,4,754.000,754.000,0.000,1.0000,4,1,0,99.000,0.000,99.000,99:3|159:1|234:1
CFG_051,G10,4,754.000,754.000,0.000,1.0000,4,1,0,99.000,0.000,99.000,99:3|159:1|234:1
CFG_051,G11,4,754.000,754.000,0.000,1.0000,4,1,0,99.000,0.000,99.000,99:3|159:1|234:1
CFG_051,G12,4,754.000,754.000,0.000,1.0000,4,1,0,99.000,0.000,99.000,99:3|159:1|234:1
CFG_051,G13,4,754.000,754.000,0.000,1.0000,4,1,0,99.000,0.000,99.000,99:3|159:1|234:1
CFG_051,G14,4,754.000,754.000,0.000,1.0000,4,1,0,99.000,0.000,99.000,99:3|159:1|234:1
CFG_051,G15,4,754.000,754.000,0.000,1.0000,4,1,0,99.000,0.000,99.000,99:3|159:1|234:1
CFG_051,G16,4,754.000,754.000,0.000,1.0000,4,1,0,99.000,0.000,99.000,99:3|159:1|234:1
CFG_051,G17,4,754.000,754.000,0.000,1.0000,4,1,0,99.000,0.000,99.000,99:3|159:1|234:1
CFG_051,G18,4,754.000,754.000,0.000,1.0000,4,1,0,99.000,0.000,99.000,99:3|159:1|234:1
CFG_051,G19,4,754.000,749.000,5.000,0.9934,3,1,0,99.000,0.000,99.000,99:3|159:1|229:1
CFG_051,G20,4,754.000,749.000,5.000,0.9934,3,1,0,99.000,0.000,99.000,99:3|159:1|229:1
CFG_051,G21,4,754.000,749.000,5.000,0.9934,3,0,0,99.000,0.000,99.000,99:3|159:1|229:1
CFG_051,H00,4,754.000,754.000,0.000,1.0000,4,0,0,99.000,0.000,99.000,99:3|159:1|234:1
CFG_051,H01,4,754.000,754.000,0.000,1.0000,4,0,0,99.000,0.000,99.000,99:3|159:1|234:1
CFG_051,H02,4,754.000,754.000,0.000,1.0000,4,0,0,99.000,0.000,99.000,99:3|159:1|234:1
CFG_051,H03,4,754.000,754.000,0.000,1.0000,4,0,0,99.000,0.000,99.000,99:3|159:1|234:1
CFG_051,H04,4,754.000,754.000,0.000,1.0000,4,0,0,99.000,0.000,99.000,99:3|159:1|234:1
CFG_051,H05,4,754.000,754.000,0.000,1.0000,4,0,0,99.000,0.000,99.000,99:3|159:1|234:1
CFG_051,H06,4,754.000,754.000,0.000,1.0000,4,0,0,99.000,0.000,99.000,99:3|159:1|234:1
CFG_051,H07,4,754.000,754.000,0.000,1.0000,4,0,0,99.000,0.000,99.000,99:3|159:1|234:1
CFG_051,H08,4,754.000,754.000,0.000,1.0000,4,0,0,99.000,0.000,99.000,99:3|159:1|234:1
CFG_051,H09,4,754.000,754.000,0.000,1.0000,4,0,0,99.000,0.000,99.000,99:3|159:1|234:1
CFG_051,H10,4,754.000,754.000,0.000,1.0000,4,0,0,99.000,0.000,99.000,99:3|159:1|234:1
CFG_051,H11,4,754.000,754.000,0.000,1.0000,4,0,0,99.000,0.000,99.000,99:3|159:1|234:1
CFG_051,H12,4,754.000,754.000,0.000,1.0000,4,0,0,99.000,0.000,99.000,99:3|159:1|234:1
CFG_051,H13,4,754.000,754.000,0.000,1.0000,4,0,0,99.000,0.000,99.000,99:3|159:1|234:1
CFG_051,H14,4,754.000,754.000,0.000,1.0000,4,0,0,99.000,0.000,99.000,99:3|159:1|234:1
CFG_051,H15,4,754.000,754.000,0.000,1.0000,4,0,0,99.000,0.000,99.000,99:3|159:1|234:1
CFG_051,H16,4,754.000,754.000,0.000,1.0000,4,0,0,99.000,0.000,99.000,99:3|159:1|234:1
CFG_051,H17,4,754.000,754.000,0.000,1.0000,4,0,0,99.000,0.000,99.000,99:3|159:1|234:1
CFG_051,H18,4,754.000,754.000,0.000,1.0000,4,0,0,99.000,0.000,99.000,99:3|159:1|234:1
CFG_051,H19,4,754.000,689.000,65.000,0.9138,2,1,1,99.000,60.000,159.000,99:4|229:1
CFG_051,H20,4,754.000,689.000,65.000,0.9138,2,1,1,99.000,60.000,159.000,99:4|229:1
CFG_051,H21,4,754.000,689.000,65.000,0.9138,2,0,1,99.000,60.000,159.000,99:4|229:1
CFG_051,I00,4,754.000,754.000,0.000,1.0000,4,0,0,99.000,0.000,99.000,99:3|159:1|234:1
CFG_051,I01,4,754.000,754.000,0.000,1.0000,4,0,0,99.000,0.000,99.000,99:3|159:1|234:1
CFG_051,I02,4,754.000,754.000,0.000,1.0000,4,0,0,99.000,0.000,99.000,99:3|159:1|234:1
CFG_051,I03,4,754.000,754.000,0.000,1.0000,4,0,0,99.000,0.000,99.000,99:3|159:1|234:1
CFG_051,I04,4,754.000,754.000,0.000,1.0000,4,0,0,99.000,0.000,99.000,99:3|159:1|234:1
CFG_051,I05,4,754.000,754.000,0.000,1.0000,4,0,0,99.000,0.000,99.000,99:3|159:1|234:1
CFG_051,I06,4,754.000,754.000,0.000,1.0000,4,0,0,99.000,0.000,99.000,99:3|159:1|234:1
CFG_051,I07,4,754.000,754.000,0.000,1.0000,4,0,0,99.000,0.000,99.000,99:3|159:1|234:1
CFG_051,I08,4,754.000,754.000,0.000,1.0000,4,0,0,99.000,0.000,99.000,99:3|159:1|234:1
CFG_051,I09,4,754.000,754.000,0.000,1.0000,4,0,0,99.000,0.000,99.000,99:3|159:1|234:1
CFG_051,I10,4,754.000,754.000,0.000,1.0000,4,0,0,99.000,0.000,99.000,99:3|159:1|234:1
CFG_051,I11,4,754.000,754.000,0.000,1.0000,4,0,0,99.000,0.000,99.000,99:3|159:1|234:1
CFG_051,I12,4,754.000,754.000,0.000,1.0000,4,0,0,99.000,0.000,99.000,99:3|159:1|234:1
CFG_051,I13,4,754.000,754.000,0.000,1.0000,4,0,0,99.000,0.000,99.000,99:3|159:1|234:1
CFG_051,I14,4,754.000,754.000,0.000,1.0000,4,0,0,99.000,0.000,99.000,99:3|159:1|234:1
CFG_051,I15,4,754.000,754.000,0.000,1.0000,4,0,0,99.000,0.000,99.000,99:3|159:1|234:1
CFG_051,I16,4,754.000,754.000,0.000,1.0000,4,0,0,99.000,0.000,99.000,99:3|159:1|234:1
CFG_051,I17,4,754.000,754.000,0.000,1.0000,4,0,0,99.000,0.000,99.000,99:3|159:1|234:1
CFG_051,I18,4,754.000,754.000,0.000,1.0000,4,0,0,99.000,0.000,99.000,99:3|159:1|234:1
CFG_051,I19,4,754.000,749.000,5.000,0.9934,2,1,1,99.000,0.000,99.000,99:3|159:1|229:1
CFG_051,I20,4,754.000,749.000,5.000,0.9934,2,1,1,99.000,0.000,99.000,99:3|159:1|229:1
CFG_051,I21,4,754.000,749.000,5.000,0.9934,2,0,1,99.000,0.000,99.000,99:3|159:1|229:1
CFG_051,J00,4,754.000,754.000,0.000,1.0000,4,1,0,99.000,0.000,99.000,99:3|159:1|234:1
CFG_051,J01,4,754.000,754.000,0.000,1.0000,4,1,0,99.000,0.000,99.000,99:3|159:1|234:1
CFG_051,J02,4,754.000,754.000,0.000,1.0000,4,1,0,99.000,0.000,99.000,99:3|159:1|234:1
CFG_051,J03,4,754.000,754.000,0.000,1.0000,4,1,0,99.000,0.000,99.000,99:3|159:1|234:1
CFG_051,J04,4,754.000,754.000,0.000,1.0000,4,0,0,99.000,0.000,99.000,99:3|159:1|234:1
CFG_051,J05,4,754.000,754.000,0.000,1.0000,4,0,0,99.000,0.000,99.000,99:3|159:1|234:1
CFG_051,J06,4,754.000,754.000,0.000,1.0000,4,0,0,99.000,0.000,99.000,99:3|159:1|234:1
CFG_051,J07,4,754.000,754.000,0.000,1.0000,4,0,0,99.000,0.000,99.000,99:3|159:1|234:1
CFG_051,J08,4,754.000,754.000,0.000,1.0000,4,0,0,99.000,0.000,99.000,99:3|159:1|234:1
CFG_051,J09,4,754.000,754.000,0.000,1.0000,4,0,0,99.000,0.000,99.000,99:3|159:1|234:1
CFG_051,J10,4,754.000,754.000,0.000,1.0000,4,0,0,99.000,0.000,99.000,99:3|159:1|234:1
CFG_051,J11,4,754.000,754.000,0.000,1.0000,4,0,0,99.000,0.000,99.000,99:3|159:1|234:1
CFG_051,J12,4,754.000,754.000,0.000,1.0000,4,0,0,99.000,0.000,99.000,99:3|159:1|234:1
CFG_051,J13,4,754.000,754.000,0.000,1.0000,4,0,0,99.000,0.000,99.000,99:3|159:1|234:1
CFG_051,J14,4,754.000,754.000,0.000,1.0000,4,0,0,99.000,0.000,99.000,99:3|159:1|234:1
CFG_051,J15,4,754.000,754.000,0.000,1.0000,4,0,0,99.000,0.000,99.000,99:3|159:1|234:1
CFG_051,J16,4,754.000,754.000,0.000,1.0000,4,0,0,99.000,0.000,99.000,99:3|159:1|234:1
CFG_051,J17,4,754.000,754.000,0.000,1.0000,4,0,0,99.000,0.000,99.000,99:3|159:1|234:1
CFG_051,J18,4,754.000,754.000,0.000,1.0000,4,0,0,99.000,0.000,99.000,99:3|159:1|234:1
CFG_051,J19,4,754.000,684.000,70.000,0.9072,2,1,1,99.000,60.000,159.000,99:4|224:1
CFG_051,J20,4,754.000,684.000,70.000,0.9072,2,1,1,99.000,60.000,159.000,99:4|224:1
CFG_051,J21,4,754.000,684.000,70.000,0.9072,2,0,1,99.000,60.000,159.000,99:4|224:1
CFG_051,K00,4,754.000,754.000,0.000,1.0000,4,1,0,99.000,0.000,99.000,99:3|159:1|234:1
CFG_051,K01,4,754.000,754.000,0.000,1.0000,4,1,0,99.000,0.000,99.000,99:3|159:1|234:1
CFG_051,K02,4,754.000,754.000,0.000,1.0000,4,1,0,99.000,0.000,99.000,99:3|159:1|234:1
CFG_051,K03,4,754.000,754.000,0.000,1.0000,4,1,0,99.000,0.000,99.000,99:3|159:1|234:1
CFG_051,K04,4,754.000,754.000,0.000,1.0000,4,0,0,99.000,0.000,99.000,99:3|159:1|234:1
CFG_051,K05,4,754.000,754.000,0.000,1.0000,4,0,0,99.000,0.000,99.000,99:3|159:1|234:1
CFG_051,K06,4,754.000,754.000,0.000,1.0000,4,0,0,99.000,0.000,99.000,99:3|159:1|234:1
CFG_051,K07,4,754.000,754.000,0.000,1.0000,3,1,0,99.000,0.000,99.000,99:3|159:1|234:1
CFG_051,K08,4,754.000,754.000,0.000,1.0000,4,1,0,99.000,0.000,99.000,99:3|159:1|234:1
CFG_051,K09,4,754.000,754.000,0.000,1.0000,4,1,0,99.000,0.000,99.000,99:3|159:1|234:1
CFG_051,K10,4,754.000,754.000,0.000,1.0000,4,1,0,99.000,0.000,99.000,99:3|159:1|234:1
CFG_051,K11,4,754.000,754.000,0.000,1.0000,4,1,0,99.000,0.000,99.000,99:3|159:1|234:1
CFG_051,K12,4,754.000,754.000,0.000,1.0000,4,1,0,99.000,0.000,99.000,99:3|159:1|234:1
CFG_051,K13,4,754.000,754.000,0.000,1.0000,4,1,0,99.000,0.000,99.000,99:3|159:1|234:1
CFG_051,K14,4,754.000,754.000,0.000,1.0000,4,1,0,99.000,0.000,99.000,99:3|159:1|234:1
CFG_051,K15,4,754.000,754.000,0.000,1.0000,4,1,0,99.000,0.000,99.000,99:3|159:1|234:1
CFG_051,K16,4,754.000,754.000,0.000,1.0000,4,1,0,99.000,0.000,99.000,99:3|159:1|234:1
CFG_051,K17,4,754.000,754.000,0.000,1.0000,4,1,0,99.000,0.000,99.000,99:3|159:1|234:1
CFG_051,K18,4,754.000,754.000,0.000,1.0000,4,1,0,99.000,0.000,99.000,99:3|159:1|234:1
CFG_051,K19,4,754.000,744.000,10.000,0.9867,2,0,1,99.000,0.000,99.000,99:3|159:1|224:1
CFG_051,K20,4,754.000,684.000,70.000,0.9072,2,0,1,99.000,60.000,159.000,99:4|224:1
CFG_051,K21,4,754.000,744.000,10.000,0.9867,2,0,1,99.000,0.000,99.000,99:3|159:1|224:1
CFG_052,A00,5,754.000,734.000,20.000,0.9735,3,0,2,84.000,0.000,84.000,84:5|234:1
CFG_052,A01,5,754.000,684.000,70.000,0.9072,3,0,2,84.000,45.000,129.000,84:5|184:1
CFG_052,A02,6,754.000,729.000,25.000,0.9668,3,0,3,84.000,45.000,129.000,84:6|129:1
CFG_052,A03,5,754.000,729.000,25.000,0.9668,3,0,2,84.000,45.000,129.000,84:4|129:1|184:1
CFG_052,A04,6,754.000,729.000,25.000,0.9668,3,0,3,84.000,45.000,129.000,84:6|129:1
CFG_052,A05,5,754.000,729.000,25.000,0.9668,3,0,2,84.000,45.000,129.000,84:4|129:1|184:1
CFG_052,A06,6,754.000,729.000,25.000,0.9668,3,0,3,84.000,45.000,129.000,84:6|129:1
CFG_052,A07,5,754.000,729.000,25.000,0.9668,3,0,2,84.000,45.000,129.000,84:4|129:1|184:1
CFG_052,A08,6,754.000,729.000,25.000,0.9668,3,0,3,84.000,45.000,129.000,84:6|129:1
CFG_052,A09,5,754.000,729.000,25.000,0.9668,3,0,2,84.000,45.000,129.000,84:4|129:1|184:1
CFG_052,A10,5,754.000,734.000,20.000,0.9735,3,0,2,84.000,0.000,84.000,84:5|234:1
CFG_052,A11,5,754.000,729.000,25.000,0.9668,3,0,2,84.000,45.000,129.000,84:4|129:1|184:1
CFG_052,A12,6,754.000,729.000,25.000,0.9668,3,0,3,84.000,45.000,129.000,84:6|129:1
CFG_052,A13,5,754.000,729.000,25.000,0.9668,3,0,2,84.000,45.000,129.000,84:4|129:1|184:1
CFG_052,A14,6,754.000,729.000,25.000,0.9668,3,0,3,84.000,45.000,129.000,84:6|129:1
CFG_052,A15,5,754.000,729.000,25.000,0.9668,3,0,2,84.000,45.000,129.000,84:4|129:1|184:1
CFG_052,B00,6,754.000,729.000,25.000,0.9668,3,0,3,84.000,45.000,129.000,84:6|129:1
CFG_052,B01,5,754.000,729.000,25.000,0.9668,3,0,2,84.000,45.000,129.000,84:4|129:1|184:1
CFG_052,B02,6,754.000,729.000,25.000,0.9668,3,0,3,84.000,45.000,129.000,84:6|129:1
CFG_052,B03,5,754.000,729.000,25.000,0.9668,3,0,2,84.000,45.000,129.000,84:4|129:1|184:1
CFG_052,B04,5,754.000,734.000,20.000,0.9735,3,0,2,84.000,0.000,84.000,84:5|234:1
CFG_052,B05,5,754.000,729.000,25.000,0.9668,3,0,2,84.000,45.000,129.000,84:4|129:1|184:1
CFG_052,B06,6,754.000,729.000,25.000,0.9668,3,0,3,84.000,45.000,129.000,84:6|129:1
CFG_052,B07,5,754.000,729.000,25.000,0.9668,3,0,2,84.000,45.000,129.000,84:4|129:1|184:1
CFG_052,B08,6,754.000,729.000,25.000,0.9668,3,0,3,84.000,45.000,129.000,84:6|129:1
CFG_052,B09,5,754.000,729.000,25.000,0.9668,3,0,2,84.000,45.000,129.000,84:4|129:1|184:1
CFG_052,B10,6,754.000,729.000,25.000,0.9668,3,0,3,84.000,45.000,129.000,84:6|129:1
CFG_052,B11,5,754.000,729.000,25.000,0.9668,3,0,2,84.000,45.000,129.000,84:4|129:1|184:1
CFG_052,B12,5,754.000,729.000,25.000,0.9668,3,0,2,84.000,45.000,129.000,84:4|129:1|184:1
CFG_052,B13,6,754.000,729.000,25.000,0.9668,3,0,3,84.000,45.000,129.000,84:6|129:1
CFG_052,B14,5,754.000,734.000,20.000,0.9735,3,0,2,84.000,0.000,84.000,84:5|234:1
CFG_052,B15,5,754.000,729.000,25.000,0.9668,3,0,2,84.000,45.000,129.000,84:4|129:1|184:1
CFG_052,B16,6,754.000,729.000,25.000,0.9668,3,0,3,84.000,45.000,129.000,84:6|129:1
CFG_052,B17,5,754.000,729.000,25.000,0.9668,3,0,2,84.000,45.000,129.000,84:4|129:1|184:1
CFG_052,B18,6,754.000,729.000,25.000,0.9668,3,0,3,84.000,45.000,129.000,84:6|129:1
CFG_052,B19,4,754.000,679.000,75.000,0.9005,2,2,1,84.000,100.000,184.000,84:3|129:1|234:1
CFG_052,B20,4,754.000,679.000,75.000,0.9005,2,2,1,84.000,100.000,184.000,84:3|129:1|234:1
CFG_052,B21,4,754.000,679.000,75.000,0.9005,2,0,1,84.000,100.000,184.000,84:3|129:1|234:1
CFG_052,D00,6,754.000,729.000,25.000,0.9668,5,0,1,84.000,45.000,129.000,84:6|129:1
CFG_052,D01,5,754.000,729.000,25.000,0.9668,5,0,0,84.000,45.000,129.000,84:4|129:1|184:1
CFG_052,D02,6,754.000,729.000,25.000,0.9668,5,0,1,84.000,45.000,129.000,84:6|129:1
CFG_052,D03,5,754.000,734.000,20.000,0.9735,5,0,0,84.000,0.000,84.000,84:5|234:1
CFG_052,D04,5,754.000,729.000,25.000,0.9668,5,0,0,84.000,45.000,129.000,84:4|129:1|184:1
CFG_052,D05,5,754.000,729.000,25.000,0.9668,5,0,0,84.000,45.000,129.000,84:4|129:1|184:1
CFG_052,D06,6,754.000,729.000,25.000,0.9668,5,0,1,84.000,45.000,129.000,84:6|129:1
CFG_052,D07,5,754.000,729.000,25.000,0.9668,5,0,0,84.000,45.000,129.000,84:4|129:1|184:1
CFG_052,D08,6,754.000,729.000,25.000,0.9668,5,0,1,84.000,45.000,129.000,84:6|129:1
CFG_052,D09,5,754.000,729.000,25.000,0.9668,5,0,0,84.000,45.000,129.000,84:4|129:1|184:1
CFG_052,D10,6,754.000,729.000,25.000,0.9668,5,0,1,84.000,45.000,129.000,84:6|129:1
CFG_052,D11,5,754.000,734.000,20.000,0.9735,5,0,0,84.000,0.000,84.000,84:5|234:1
CFG_052,D12,5,754.000,729.000,25.000,0.9668,5,0,0,84.000,45.000,129.000,84:4|129:1|184:1
CFG_052,D13,5,754.000,729.000,25.000,0.9668,5,0,0,84.000,45.000,129.000,84:4|129:1|184:1
CFG_052,D14,6,754.000,729.000,25.000,0.9668,5,0,1,84.000,45.000,129.000,84:6|129:1
CFG_052,D15,5,754.000,729.000,25.000,0.9668,5,0,0,84.000,45.000,129.000,84:4|129:1|184:1
CFG_052,D16,6,754.000,729.000,25.000,0.9668,4,0,2,84.000,45.000,129.000,84:6|129:1
CFG_052,D17,5,754.000,729.000,25.000,0.9668,4,0,1,84.000,45.000,129.000,84:4|129:1|184:1
CFG_052,D18,6,754.000,729.000,25.000,0.9668,4,0,2,84.000,45.000,129.000,84:6|129:1
CFG_052,D19,5,754.000,729.000,25.000,0.9668,2,1,2,84.000,45.000,129.000,84:5|229:1
CFG_052,D20,5,754.000,729.000,25.000,0.9668,2,1,2,84.000,45.000,129.000,84:5|229:1
CFG_052,D21,5,754.000,729.000,25.000,0.9668,2,0,2,84.000,45.000,129.000,84:5|229:1
CFG_052,E00,5,754.000,729.000,25.000,0.9668,6,0,0,84.000,45.000,129.000,84:4|129:1|184:1
CFG_052,E01,5,754.000,734.000,20.000,0.9735,6,0,0,84.000,0.000,84.000,84:5|234:1
CFG_052,E02,5,754.000,729.000,25.000,0.9668,6,0,0,84.000,45.000,129.000,84:4|129:1|184:1
CFG_052,E03,6,754.000,729.000,25.000,0.9668,6,0,0,84.000,45.000,129.000,84:6|129:1
CFG_052,E04,5,754.000,729.000,25.000,0.9668,6,0,0,84.000,45.000,129.000,84:4|129:1|184:1
CFG_052,E05,6,754.000,729.000,25.000,0.9668,6,0,0,84.000,45.000,129.000,84:6|129:1
CFG_052,E06,5,754.000,729.000,25.000,0.9668,6,0,0,84.000,45.000,129.000,84:4|129:1|184:1
CFG_052,E07,6,754.000,729.000,25.000,0.9668,6,0,0,84.000,45.000,129.000,84:6|129:1
CFG_052,E08,5,754.000,729.000,25.000,0.9668,6,0,0,84.000,45.000,129.000,84:4|129:1|184:1
CFG_052,E09,6,754.000,729.000,25.000,0.9668,6,0,0,84.000,45.000,129.000,84:6|129:1
CFG_052,E10,5,754.000,729.000,25.000,0.9668,5,1,0,84.000,45.000,129.000,84:4|129:1|184:1
CFG_052,E11,5,754.000,734.000,20.000,0.9735,5,1,0,84.000,0.000,84.000,84:5|234:1
CFG_052,E12,5,754.000,729.000,25.000,0.9668,5,1,0,84.000,45.000,129.000,84:4|129:1|184:1
CFG_052,E13,6,754.000,729.000,25.000,0.9668,6,0,0,84.000,45.000,129.000,84:6|129:1
CFG_052,E14,5,754.000,729.000,25.000,0.9668,6,0,0,84.000,45.000,129.000,84:4|129:1|184:1
CFG_052,E15,6,754.000,729.000,25.000,0.9668,6,0,0,84.000,45.000,129.000,84:6|129:1
CFG_052,E16,5,754.000,729.000,25.000,0.9668,6,0,0,84.000,45.000,129.000,84:4|129:1|184:1
CFG_052,E17,6,754.000,729.000,25.000,0.9668,6,0,0,84.000,45.000,129.000,84:6|129:1
CFG_052,E18,5,754.000,729.000,25.000,0.9668,6,0,0,84.000,45.000,129.000,84:4|129:1|184:1
CFG_052,E19,4,754.000,729.000,25.000,0.9668,3,2,0,84.000,45.000,129.000,84:3|184:1|229:1
CFG_052,E20,4,754.000,729.000,25.000,0.9668,3,2,0,84.000,45.000,129.000,84:3|184:1|229:1
CFG_052,E21,4,754.000,729.000,25.000,0.9668,3,0,0,84.000,45.000,129.000,84:3|184:1|229:1
CFG_052,F00,5,754.000,734.000,20.000,0.9735,5,0,0,84.000,0.000,84.000,84:5|234:1
CFG_052,F01,5,754.000,729.000,25.000,0.9668,5,0,0,84.000,45.000,129.000,84:4|129:1|184:1
CFG_052,F02,6,754.000,729.000,25.000,0.9668,5,0,1,84.000,45.000,129.000,84:6|129:1
CFG_052,F03,5,754.000,729.000,25.000,0.9668,5,0,0,84.000,45.000,129.000,84:4|129:1|184:1
CFG_052,F04,6,754.000,729.000,25.000,0.9668,5,0,1,84.000,45.000,129.000,84:6|129:1
CFG_052,F05,5,754.000,729.000,25.000,0.9668,5,0,0,84.000,45.000,129.000,84:4|129:1|184:1
CFG_052,F06,6,754.000,729.000,25.000,0.9668,5,0,1,84.000,45.000,129.000,84:6|129:1
CFG_052,F07,5,754.000,729.000,25.000,0.9668,6,0,0,84.000,45.000,129.000,84:4|129:1|184:1
CFG_052,F08,5,754.000,729.000,25.000,0.9668,6,0,0,84.000,45.000,129.000,84:4|129:1|184:1
CFG_052,F09,6,754.000,729.000,25.000,0.9668,6,0,0,84.000,45.000,129.000,84:6|129:1
CFG_052,F10,5,754.000,734.000,20.000,0.9735,6,0,0,84.000,0.000,84.000,84:5|234:1
CFG_052,F11,5,754.000,729.000,25.000,0.9668,6,0,0,84.000,45.000,129.000,84:4|129:1|184:1
CFG_052,F12,6,754.000,729.000,25.000,0.9668,6,0,0,84.000,45.000,129.000,84:6|129:1
CFG_052,F13,5,754.000,729.000,25.000,0.9668,6,0,0,84.000,45.000,129.000,84:4|129:1|184:1
CFG_052,F14,6,754.000,729.000,25.000,0.9668,6,0,0,84.000,45.000,129.000,84:6|129:1
CFG_052,F15,5,754.000,729.000,25.000,0.9668,6,0,0,84.000,45.000,129.000,84:4|129:1|184:1
CFG_052,F16,5,754.000,729.000,25.000,0.9668,6,0,0,84.000,45.000,129.000,84:4|129:1|184:1
CFG_052,F17,6,754.000,729.000,25.000,0.9668,6,0,0,84.000,45.000,129.000,84:6|129:1
CFG_052,F18,5,754.000,729.000,25.000,0.9668,6,0,0,84.000,45.000,129.000,84:4|129:1|184:1
CFG_052,F19,4,754.000,674.000,80.000,0.8939,3,2,0,84.000,100.000,184.000,84:3|129:1|229:1
CFG_052,F20,4,754.000,674.000,80.000,0.8939,3,2,0,84.000,100.000,184.000,84:3|129:1|229:1
CFG_052,F21,4,754.000,674.000,80.000,0.8939,3,1,0,84.000,100.000,184.000,84:3|129:1|229:1
CFG_052,G00,5,754.000,734.000,20.000,0.9735,5,0,0,84.000,0.000,84.000,84:5|234:1
CFG_052,G01,6,754.000,729.000,25.000,0.9668,5,0,1,84.000,45.000,129.000,84:6|129:1
CFG_052,G02,5,754.000,729.000,25.000,0.9668,5,0,0,84.000,45.000,129.000,84:4|129:1|184:1
CFG_052,G03,5,754.000,729.000,25.000,0.9668,5,0,0,84.000,45.000,129.000,84:4|129:1|184:1
CFG_052,G04,6,754.000,729.000,25.000,0.9668,5,0,1,84.000,45.000,129.000,84:6|129:1
CFG_052,G05,5,754.000,729.000,25.000,0.9668,5,0,0,84.000,45.000,129.000,84:4|129:1|184:1
CFG_052,G06,6,754.000,729.000,25.000,0.9668,5,0,1,84.000,45.000,129.000,84:6|129:1
CFG_052,G07,5,754.000,729.000,25.000,0.9668,5,0,0,84.000,45.000,129.000,84:4|129:1|184:1
CFG_052,G08,6,754.000,729.000,25.000,0.9668,5,0,1,84.000,45.000,129.000,84:6|129:1
CFG_052,G09,5,754.000,729.000,25.000,0.9668,5,0,0,84.000,45.000,129.000,84:4|129:1|184:1
CFG_052,G10,5,754.000,734.000,20.000,0.9735,5,0,0,84.000,0.000,84.000,84:5|234:1
CFG_052,G11,5,754.000,729.000,25.000,0.9668,5,0,0,84.000,45.000,129.000,84:4|129:1|184:1
CFG_052,G12,6,754.000,729.000,25.000,0.9668,5,0,1,84.000,45.000,129.000,84:6|129:1
CFG_052,G13,5,754.000,729.000,25.000,0.9668,5,0,0,84.000,45.000,129.000,84:4|129:1|184:1
CFG_052,G14,6,754.000,729.000,25.000,0.9668,5,0,1,84.000,45.000,129.000,84:6|129:1
CFG_052,G15,5,754.000,729.000,25.000,0.9668,5,0,0,84.000,45.000,129.000,84:4|129:1|184:1
CFG_052,G16,6,754.000,729.000,25.000,0.9668,5,0,1,84.000,45.000,129.000,84:6|129:1
CFG_052,G17,5,754.000,729.000,25.000,0.9668,5,0,0,84.000,45.000,129.000,84:4|129:1|184:1
CFG_052,G18,6,754.000,729.000,25.000,0.9668,5,0,1,84.000,45.000,129.000,84:6|129:1
CFG_052,G19,4,754.000,729.000,25.000,0.9668,3,1,0,84.000,45.000,129.000,84:3|184:1|229:1
CFG_052,G20,4,754.000,729.000,25.000,0.9668,3,1,0,84.000,45.000,129.000,84:3|184:1|229:1
CFG_052,G21,4,754.000,729.000,25.000,0.9668,3,0,0,84.000,45.000,129.000,84:3|184:1|229:1
CFG_052,H00,5,754.000,729.000,25.000,0.9668,4,0,1,84.000,45.000,129.000,84:4|129:1|184:1
CFG_052,H01,6,754.000,729.000,25.000,0.9668,4,0,2,84.000,45.000,129.000,84:6|129:1
CFG_052,H02,5,754.000,729.000,25.000,0.9668,4,0,1,84.000,45.000,129.000,84:4|129:1|184:1
CFG_052,H03,6,754.000,729.000,25.000,0.9668,4,0,2,84.000,45.000,129.000,84:6|129:1
CFG_052,H04,5,754.000,729.000,25.000,0.9668,4,0,1,84.000,45.000,129.000,84:4|129:1|184:1
CFG_052,H05,6,754.000,729.000,25.000,0.9668,4,0,2,84.000,45.000,129.000,84:6|129:1
CFG_052,H06,5,754.000,729.000,25.000,0.9668,4,0,1,84.000,45.000,129.000,84:4|129:1|184:1
CFG_052,H07,5,754.000,734.000,20.000,0.9735,4,0,1,84.000,0.000,84.000,84:5|234:1
CFG_052,H08,5,754.000,729.000,25.000,0.9668,4,0,1,84.000,45.000,129.000,84:4|129:1|184:1
CFG_052,H09,6,754.000,729.000,25.000,0.9668,4,0,2,84.000,45.000,129.000,84:6|129:1
CFG_052,H10,5,754.000,729.000,25.000,0.9668,4,0,1,84.000,45.000,129.000,84:4|129:1|184:1
CFG_052,H11,6,754.000,729.000,25.000,0.9668,4,0,2,84.000,45.000,129.000,84:6|129:1
CFG_052,H12,5,754.000,729.000,25.000,0.9668,4,0,1,84.000,45.000,129.000,84:4|129:1|184:1
CFG_052,H13,6,754.000,729.000,25.000,0.9668,4,0,2,84.000,45.000,129.000,84:6|129:1
CFG_052,H14,5,754.000,729.000,25.000,0.9668,4,0,1,84.000,45.000,129.000,84:4|129:1|184:1
CFG_052,H15,6,754.000,729.000,25.000,0.9668,4,0,2,84.000,45.000,129.000,84:6|129:1
CFG_052,H16,5,754.000,729.000,25.000,0.9668,4,0,1,84.000,45.000,129.000,84:4|129:1|184:1
CFG_052,H17,5,754.000,729.000,25.000,0.9668,4,0,1,84.000,45.000,129.000,84:4|129:1|184:1
CFG_052,H18,5,754.000,734.000,20.000,0.9735,4,0,1,84.000,0.000,84.000,84:5|234:1
CFG_052,H19,4,754.000,674.000,80.000,0.8939,2,1,1,84.000,100.000,184.000,84:3|129:1|229:1
CFG_052,H20,4,754.000,674.000,80.000,0.8939,2,1,1,84.000,100.000,184.000,84:3|129:1|229:1
CFG_052,H21,4,754.000,674.000,80.000,0.8939,2,0,1,84.000,100.000,184.000,84:3|129:1|229:1
CFG_052,I00,6,754.000,729.000,25.000,0.9668,4,0,2,84.000,45.000,129.000,84:6|129:1
CFG_052,I01,5,754.000,729.000,25.000,0.9668,4,0,1,84.000,45.000,129.000,84:4|129:1|184:1
CFG_052,I02,6,754.000,729.000,25.000,0.9668,4,0,2,84.000,45.000,129.000,84:6|129:1
CFG_052,I03,5,754.000,729.000,25.000,0.9668,4,0,1,84.000,45.000,129.000,84:4|129:1|184:1
CFG_052,I04,5,754.000,729.000,25.000,0.9668,4,0,1,84.000,45.000,129.000,84:4|129:1|184:1
CFG_052,I05,6,754.000,729.000,25.000,0.9668,4,0,2,84.000,45.000,129.000,84:6|129:1
CFG_052,I06,5,754.000,729.000,25.000,0.9668,4,0,1,84.000,45.000,129.000,84:4|129:1|184:1
CFG_052,I07,5,754.000,734.000,20.000,0.9735,4,0,1,84.000,0.000,84.000,84:5|234:1
CFG_052,I08,6,754.000,729.000,25.000,0.9668,4,0,2,84.000,45.000,129.000,84:6|129:1
CFG_052,I09,5,754.000,729.000,25.000,0.9668,4,0,1,84.000,45.000,129.000,84:4|129:1|184:1
CFG_052,I10,6,754.000,729.000,25.000,0.9668,4,0,2,84.000,45.000,129.000,84:6|129:1
CFG_052,I11,5,754.000,729.000,25.000,0.9668,4,0,1,84.000,45.000,129.000,84:4|129:1|184:1
CFG_052,I12,5,754.000,729.000,25.000,0.9668,4,0,1,84.000,45.000,129.000,84:4|129:1|184:1
CFG_052,I13,6,754.000,729.000,25.000,0.9668,4,0,2,84.000,45.000,129.000,84:6|129:1
CFG_052,I14,5,754.000,729.000,25.000,0.9668,4,0,1,84.000,45.000,129.000,84:4|129:1|184:1
CFG_052,I15,6,754.000,729.000,25.000,0.9668,4,0,2,84.000,45.000,129.000,84:6|129:1
CFG_052,I16,5,754.000,729.000,25.000,0.9668,4,0,1,84.000,45.000,129.000,84:4|129:1|184:1
CFG_052,I17,5,754.000,734.000,20.000,0.9735,4,0,1,84.000,0.000,84.000,84:5|234:1
CFG_052,I18,6,754.000,729.000,25.000,0.9668,4,0,2,84.000,45.000,129.000,84:6|129:1
CFG_052,I19,5,754.000,729.000,25.000,0.9668,2,1,2,84.000,45.000,129.000,84:5|229:1
CFG_052,I20,5,754.000,729.000,25.000,0.9668,2,1,2,84.000,45.000,129.000,84:5|229:1
CFG_052,I21,5,754.000,729.000,25.000,0.9668,2,0,2,84.000,45.000,129.000,84:5|229:1
CFG_052,J00,6,754.000,729.000,25.000,0.9668,5,0,1,84.000,45.000,129.000,84:6|129:1
CFG_052,J01,5,754.000,729.000,25.000,0.9668,5,0,0,84.000,45.000,129.000,84:4|129:1|184:1
CFG_052,J02,6,754.000,729.000,25.000,0.9668,5,0,1,84.000,45.000,129.000,84:6|129:1
CFG_052,J03,5,754.000,729.000,25.000,0.9668,5,0,0,84.000,45.000,129.000,84:4|129:1|184:1
CFG_052,J04,6,754.000,729.000,25.000,0.9668,4,0,2,84.000,45.000,129.000,84:6|129:1
CFG_052,J05,5,754.000,729.000,25.000,0.9668,4,0,1,84.000,45.000,129.000,84:4|129:1|184:1
CFG_052,J06,5,754.000,734.000,20.000,0.9735,4,0,1,84.000,0.000,84.000,84:5|234:1
CFG_052,J07,5,754.000,729.000,25.000,0.9668,4,0,1,84.000,45.000,129.000,84:4|129:1|184:1
CFG_052,J08,6,754.000,729.000,25.000,0.9668,4,0,2,84.000,45.000,129.000,84:6|129:1
CFG_052,J09,5,754.000,729.000,25.000,0.9668,4,0,1,84.000,45.000,129.000,84:4|129:1|184:1
CFG_052,J10,6,754.000,729.000,25.000,0.9668,4,0,2,84.000,45.000,129.000,84:6|129:1
CFG_052,J11,5,754.000,729.000,25.000,0.9668,4,0,1,84.000,45.000,129.000,84:4|129:1|184:1
CFG_052,J12,6,754.000,729.000,25.000,0.9668,4,0,2,84.000,45.000,129.000,84:6|129:1
CFG_052,J13,5,754.000,729.000,25.000,0.9668,4,0,1,84.000,45.000,129.000,84:4|129:1|184:1
CFG_052,J14,6,754.000,729.000,25.000,0.9668,4,0,2,84.000,45.000,129.000,84:6|129:1
CFG_052,J15,5,754.000,729.000,25.000,0.9668,4,0,1,84.000,45.000,129.000,84:4|129:1|184:1
CFG_052,J16,5,754.000,684.000,70.000,0.9072,4,0,1,84.000,45.000,129.000,84:5|184:1
CFG_052,J17,5,754.000,674.000,80.000,0.8939,4,0,1,84.000,100.000,184.000,84:4|129:2
CFG_052,J18,5,754.000,734.000,20.000,0.9735,4,0,1,84.000,0.000,84.000,84:5|234:1
CFG_052,J19,4,754.000,669.000,85.000,0.8873,2,1,1,84.000,100.000,184.000,84:3|129:1|224:1
CFG_052,J20,4,754.000,669.000,85.000,0.8873,2,1,1,84.000,100.000,184.000,84:3|129:1|224:1
CFG_052,J21,4,754.000,669.000,85.000,0.8873,2,0,1,84.000,100.000,184.000,84:3|129:1|224:1
CFG_052,K00,5,754.000,729.000,25.000,0.9668,5,0,0,84.000,45.000,129.000,84:4|129:1|184:1
CFG_052,K01,6,754.000,729.000,25.000,0.9668,5,0,1,84.000,45.000,129.000,84:6|129:1
CFG_052,K02,5,754.000,729.000,25.000,0.9668,5,0,0,84.000,45.000,129.000,84:4|129:1|184:1
CFG_052,K03,6,754.000,729.000,25.000,0.9668,5,0,1,84.000,45.000,129.000,84:6|129:1
CFG_052,K04,5,754.000,729.000,25.000,0.9668,4,0,1,84.000,45.000,129.000,84:4|129:1|184:1
CFG_052,K05,5,754.000,674.000,80.000,0.8939,4,0,1,84.000,100.000,184.000,84:4|129:2
CFG_052,K06,5,754.000,734.000,20.000,0.9735,4,0,1,84.000,0.000,84.000,84:5|234:1
CFG_052,K07,5,754.000,684.000,70.000,0.9072,4,0,0,84.000,45.000,129.000,84:5|184:1
CFG_052,K08,5,754.000,729.000,25.000,0.9668,5,0,0,84.000,45.000,129.000,84:4|129:1|184:1
CFG_052,K09,6,754.000,729.000,25.000,0.9668,5,0,1,84.000,45.000,129.000,84:6|129:1
CFG_052,K10,5,754.000,729.000,25.000,0.9668,5,0,0,84.000,45.000,129.000,84:4|129:1|184:1
CFG_052,K11,6,754.000,729.000,25.000,0.9668,5,0,1,84.000,45.000,129.000,84:6|129:1
CFG_052,K12,5,754.000,729.000,25.000,0.9668,5,0,0,84.000,45.000,129.000,84:4|129:1|184:1
CFG_052,K13,6,754.000,729.000,25.000,0.9668,5,0,1,84.000,45.000,129.000,84:6|129:1
CFG_052,K14,5,754.000,729.000,25.000,0.9668,5,0,0,84.000,45.000,129.000,84:4|129:1|184:1
CFG_052,K15,6,754.000,729.000,25.000,0.9668,5,0,1,84.000,45.000,129.000,84:6|129:1
CFG_052,K16,5,754.000,729.000,25.000,0.9668,5,0,0,84.000,45.000,129.000,84:4|129:1|184:1
CFG_052,K17,5,754.000,734.000,20.000,0.9735,5,0,0,84.000,0.000,84.000,84:5|234:1
CFG_052,K18,5,754.000,729.000,25.000,0.9668,5,0,0,84.000,45.000,129.000,84:4|129:1|184:1
CFG_052,K19,4,754.000,724.000,30.000,0.9602,2,0,1,84.000,45.000,129.000,84:3|184:1|224:1
CFG_052,K20,4,754.000,669.000,85.000,0.8873,2,0,1,84.000,100.000,184.000,84:3|129:1|224:1
CFG_052,K21,4,754.000,669.000,85.000,0.8873,2,0,1,84.000,100.000,184.000,84:3|129:1|224:1
CFG_056,A00,4,754.000,754.000,0.000,1.0000,2,0,1,89.000,0.000,89.000,89:2|139:2|234:1
CFG_056,A01,4,754.000,754.000,0.000,1.0000,2,0,1,89.000,0.000,89.000,89:2|139:2|234:1
CFG_056,A02,4,754.000,754.000,0.000,1.0000,2,0,1,89.000,0.000,89.000,89:2|139:2|234:1
CFG_056,A03,4,754.000,754.000,0.000,1.0000,2,0,1,89.000,0.000,89.000,89:2|139:2|234:1
CFG_056,A04,4,754.000,754.000,0.000,1.0000,2,0,1,89.000,0.000,89.000,89:2|139:2|234:1
CFG_056,A05,4,754.000,754.000,0.000,1.0000,2,0,1,89.000,0.000,89.000,89:2|139:2|234:1
CFG_056,A06,4,754.000,754.000,0.000,1.0000,2,0,1,89.000,0.000,89.000,89:2|139:2|234:1
CFG_056,A07,4,754.000,754.000,0.000,1.0000,2,0,1,89.000,0.000,89.000,89:2|139:2|234:1
CFG_056,A08,4,754.000,754.000,0.000,1.0000,2,0,1,89.000,0.000,89.000,89:2|139:2|234:1
CFG_056,A09,4,754.000,754.000,0.000,1.0000,2,0,1,89.000,0.000,89.000,89:2|139:2|234:1
CFG_056,A10,4,754.000,754.000,0.000,1.0000,2,0,1,89.000,0.000,89.000,89:2|139:2|234:1
CFG_056,A11,4,754.000,754.000,0.000,1.0000,2,0,1,89.000,0.000,89.000,89:2|139:2|234:1
CFG_056,A12,4,754.000,754.000,0.000,1.0000,2,0,1,89.000,0.000,89.000,89:2|139:2|234:1
CFG_056,A13,4,754.000,754.000,0.000,1.0000,2,0,1,89.000,0.000,89.000,89:2|139:2|234:1
CFG_056,A14,4,754.000,754.000,0.000,1.0000,2,0,1,89.000,0.000,89.000,89:2|139:2|234:1
CFG_056,A15,4,754.000,754.000,0.000,1.0000,2,0,1,89.000,0.000,89.000,89:2|139:2|234:1
CFG_056,B00,4,754.000,754.000,0.000,1.0000,2,0,1,89.000,0.000,89.000,89:2|139:2|234:1
CFG_056,B01,4,754.000,754.000,0.000,1.0000,2,0,1,89.000,0.000,89.000,89:2|139:2|234:1
CFG_056,B02,4,754.000,754.000,0.000,1.0000,2,0,1,89.000,0.000,89.000,89:2|139:2|234:1
CFG_056,B03,4,754.000,754.000,0.000,1.0000,2,0,1,89.000,0.000,89.000,89:2|139:2|234:1
CFG_056,B04,4,754.000,754.000,0.000,1.0000,2,0,1,89.000,0.000,89.000,89:2|139:2|234:1
CFG_056,B05,4,754.000,754.000,0.000,1.0000,2,0,1,89.000,0.000,89.000,89:2|139:2|234:1
CFG_056,B06,4,754.000,754.000,0.000,1.0000,2,0,1,89.000,0.000,89.000,89:2|139:2|234:1
CFG_056,B07,4,754.000,754.000,0.000,1.0000,2,0,1,89.000,0.000,89.000,89:2|139:2|234:1
CFG_056,B08,4,754.000,754.000,0.000,1.0000,2,0,1,89.000,0.000,89.000,89:2|139:2|234:1
CFG_056,B09,4,754.000,754.000,0.000,1.0000,2,0,1,89.000,0.000,89.000,89:2|139:2|234:1
CFG_056,B10,4,754.000,754.000,0.000,1.0000,2,0,1,89.000,0.000,89.000,89:2|139:2|234:1
CFG_056,B11,4,754.000,754.000,0.000,1.0000,2,0,1,89.000,0.000,89.000,89:2|139:2|234:1
CFG_056,B12,4,754.000,754.000,0.000,1.0000,2,0,1,89.000,0.000,89.000,89:2|139:2|234:1
CFG_056,B13,4,754.000,754.000,0.000,1.0000,2,0,1,89.000,0.000,89.000,89:2|139:2|234:1
CFG_056,B14,4,754.000,754.000,0.000,1.0000,2,0,1,89.000,0.000,89.000,89:2|139:2|234:1
CFG_056,B15,4,754.000,754.000,0.000,1.0000,2,0,1,89.000,0.000,89.000,89:2|139:2|234:1
CFG_056,B16,4,754.000,754.000,0.000,1.0000,2,0,1,89.000,0.000,89.000,89:2|139:2|234:1
CFG_056,B17,4,754.000,754.000,0.000,1.0000,2,0,1,89.000,0.000,89.000,89:2|139:2|234:1
CFG_056,B18,4,754.000,754.000,0.000,1.0000,2,0,1,89.000,0.000,89.000,89:2|139:2|234:1
CFG_056,B19,4,754.000,654.000,100.000,0.8674,2,2,1,89.000,145.000,234.000,89:4|234:1
CFG_056,B20,4,754.000,654.000,100.000,0.8674,2,2,1,89.000,145.000,234.000,89:4|234:1
CFG_056,B21,4,754.000,654.000,100.000,0.8674,2,0,1,89.000,145.000,234.000,89:4|234:1
CFG_056,D00,4,754.000,754.000,0.000,1.0000,4,1,0,89.000,0.000,89.000,89:2|139:2|234:1
CFG_056,D01,4,754.000,754.000,0.000,1.0000,4,1,0,89.000,0.000,89.000,89:2|139:2|234:1
CFG_056,D02,4,754.000,754.000,0.000,1.0000,4,1,0,89.000,0.000,89.000,89:2|139:2|234:1
CFG_056,D03,4,754.000,754.000,0.000,1.0000,4,1,0,89.000,0.000,89.000,89:2|139:2|234:1
CFG_056,D04,4,754.000,754.000,0.000,1.0000,4,1,0,89.000,0.000,89.000,89:2|139:2|234:1
CFG_056,D05,4,754.000,754.000,0.000,1.0000,4,1,0,89.000,0.000,89.000,89:2|139:2|234:1
CFG_056,D06,4,754.000,754.000,0.000,1.0000,4,1,0,89.000,0.000,89.000,89:2|139:2|234:1
CFG_056,D07,4,754.000,754.000,0.000,1.0000,4,1,0,89.000,0.000,89.000,89:2|139:2|234:1
CFG_056,D08,4,754.000,754.000,0.000,1.0000,4,1,0,89.000,0.000,89.000,89:2|139:2|234:1
CFG_056,D09,4,754.000,754.000,0.000,1.0000,4,1,0,89.000,0.000,89.000,89:2|139:2|234:1
CFG_056,D10,4,754.000,754.000,0.000,1.0000,4,1,0,89.000,0.000,89.000,89:2|139:2|234:1
CFG_056,D11,4,754.000,754.000,0.000,1.0000,4,1,0,89.000,0.000,89.000,89:2|139:2|234:1
CFG_056,D12,4,754.000,754.000,0.000,1.0000,4,1,0,89.000,0.000,89.000,89:2|139:2|234:1
CFG_056,D13,4,754.000,754.000,0.000,1.0000,4,1,0,89.000,0.000,89.000,89:2|139:2|234:1
CFG_056,D14,4,754.000,754.000,0.000,1.0000,4,1,0,89.000,0.000,89.000,89:2|139:2|234:1
CFG_056,D15,4,754.000,754.000,0.000,1.0000,4,1,0,89.000,0.000,89.000,89:2|139:2|234:1
CFG_056,D16,4,754.000,754.000,0.000,1.0000,4,0,0,89.000,0.000,89.000,89:2|139:2|234:1
CFG_056,D17,4,754.000,754.000,0.000,1.0000,4,0,0,89.000,0.000,89.000,89:2|139:2|234:1
CFG_056,D18,4,754.000,754.000,0.000,1.0000,4,0,0,89.000,0.000,89.000,89:2|139:2|234:1
CFG_056,D19,4,754.000,699.000,55.000,0.9271,2,1,1,89.000,50.000,139.000,89:3|139:1|229:1
CFG_056,D20,4,754.000,699.000,55.000,0.9271,2,1,1,89.000,50.000,139.000,89:3|139:1|229:1
CFG_056,D21,4,754.000,699.000,55.000,0.9271,2,0,1,89.000,50.000,139.000,89:3|139:1|229:1
CFG_056,E00,4,754.000,754.000,0.000,1.0000,4,2,0,89.000,0.000,89.000,89:2|139:2|234:1
CFG_056,E01,4,754.000,754.000,0.000,1.0000,4,2,0,89.000,0.000,89.000,89:2|139:2|234:1
CFG_056,E02,4,754.000,754.000,0.000,1.0000,4,2,0,89.000,0.000,89.000,89:2|139:2|234:1
CFG_056,E03,4,754.000,754.000,0.000,1.0000,4,2,0,89.000,0.000,89.000,89:2|139:2|234:1
CFG_056,E04,4,754.000,754.000,0.000,1.0000,4,2,0,89.000,0.000,89.000,89:2|139:2|234:1
CFG_056,E05,4,754.000,754.000,0.000,1.0000,4,2,0,89.000,0.000,89.000,89:2|139:2|234:1
CFG_056,E06,4,754.000,754.000,0.000,1.0000,4,2,0,89.000,0.000,89.000,89:2|139:2|234:1
CFG_056,E07,4,754.000,754.000,0.000,1.0000,4,2,0,89.000,0.000,89.000,89:2|139:2|234:1
CFG_056,E08,4,754.000,754.000,0.000,1.0000,4,2,0,89.000,0.000,89.000,89:2|139:2|234:1
CFG_056,E09,4,754.000,754.000,0.000,1.0000,4,2,0,89.000,0.000,89.000,89:2|139:2|234:1
CFG_056,E10,4,754.000,754.000,0.000,1.0000,4,2,0,89.000,0.000,89.000,89:2|139:2|234:1
CFG_056,E11,4,754.000,754.000,0.000,1.0000,4,2,0,89.000,0.000,89.000,89:2|139:2|234:1
CFG_056,E12,4,754.000,754.000,0.000,1.0000,4,2,0,89.000,0.000,89.000,89:2|139:2|234:1
CFG_056,E13,4,754.000,754.000,0.000,1.0000,4,2,0,89.000,0.000,89.000,89:2|139:2|234:1
CFG_056,E14,4,754.000,754.000,0.000,1.0000,4,2,0,89.000,0.000,89.000,89:2|139:2|234:1
CFG_056,E15,4,754.000,754.000,0.000,1.0000,4,2,0,89.000,0.000,89.000,89:2|139:2|234:1
CFG_056,E16,4,754.000,754.000,0.000,1.0000,4,2,0,89.000,0.000,89.000,89:2|139:2|234:1
CFG_056,E17,4,754.000,754.000,0.000,1.0000,4,2,0,89.000,0.000,89.000,89:2|139:2|234:1
CFG_056,E18,4,754.000,754.000,0.000,1.0000,4,2,0,89.000,0.000,89.000,89:2|139:2|234:1
CFG_056,E19,5,754.000,754.000,0.000,1.0000,3,2,1,89.000,0.000,89.000,89:5|229:1
CFG_056,E20,5,754.000,754.000,0.000,1.0000,3,2,1,89.000,0.000,89.000,89:5|229:1
CFG_056,E21,5,754.000,754.000,0.000,1.0000,3,0,1,89.000,0.000,89.000,89:5|229:1
CFG_056,F00,4,754.000,754.000,0.000,1.0000,4,1,0,89.000,0.000,89.000,89:2|139:2|234:1
CFG_056,F01,4,754.000,754.000,0.000,1.0000,4,1,0,89.000,0.000,89.000,89:2|139:2|234:1
CFG_056,F02,4,754.000,754.000,0.000,1.0000,4,1,0,89.000,0.000,89.000,89:2|139:2|234:1
CFG_056,F03,4,754.000,754.000,0.000,1.0000,4,1,0,89.000,0.000,89.000,89:2|139:2|234:1
CFG_056,F04,4,754.000,754.000,0.000,1.0000,4,1,0,89.000,0.000,89.000,89:2|139:2|234:1
CFG_056,F05,4,754.000,754.000,0.000,1.0000,4,1,0,89.000,0.000,89.000,89:2|139:2|234:1
CFG_056,F06,4,754.000,754.000,0.000,1.0000,4,1,0,89.000,0.000,89.000,89:2|139:2|234:1
CFG_056,F07,4,754.000,754.000,0.000,1.0000,4,2,0,89.000,0.000,89.000,89:2|139:2|234:1
CFG_056,F08,4,754.000,754.000,0.000,1.0000,4,2,0,89.000,0.000,89.000,89:2|139:2|234:1
CFG_056,F09,4,754.000,754.000,0.000,1.0000,4,2,0,89.000,0.000,89.000,89:2|139:2|234:1
CFG_056,F10,4,754.000,754.000,0.000,1.0000,4,2,0,89.000,0.000,89.000,89:2|139:2|234:1
CFG_056,F11,4,754.000,754.000,0.000,1.0000,4,2,0,89.000,0.000,89.000,89:2|139:2|234:1
CFG_056,F12,4,754.000,754.000,0.000,1.0000,4,2,0,89.000,0.000,89.000,89:2|139:2|234:1
CFG_056,F13,4,754.000,754.000,0.000,1.0000,4,2,0,89.000,0.000,89.000,89:2|139:2|234:1
CFG_056,F14,4,754.000,754.000,0.000,1.0000,4,2,0,89.000,0.000,89.000,89:2|139:2|234:1
CFG_056,F15,4,754.000,754.000,0.000,1.0000,4,2,0,89.000,0.000,89.000,89:2|139:2|234:1
CFG_056,F16,4,754.000,754.000,0.000,1.0000,4,2,0,89.000,0.000,89.000,89:2|139:2|234:1
CFG_056,F17,4,754.000,754.000,0.000,1.0000,4,2,0,89.000,0.000,89.000,89:2|139:2|234:1
CFG_056,F18,4,754.000,754.000,0.000,1.0000,4,2,0,89.000,0.000,89.000,89:2|139:2|234:1
CFG_056,F19,4,754.000,699.000,55.000,0.9271,3,2,0,89.000,50.000,139.000,89:3|139:1|229:1
CFG_056,F20,4,754.000,699.000,55.000,0.9271,3,2,0,89.000,50.000,139.000,89:3|139:1|229:1
CFG_056,F21,4,754.000,699.000,55.000,0.9271,3,1,0,89.000,50.000,139.000,89:3|139:1|229:1
CFG_056,G00,4,754.000,754.000,0.000,1.0000,4,1,0,89.000,0.000,89.000,89:2|139:2|234:1
CFG_056,G01,4,754.000,754.000,0.000,1.0000,4,1,0,89.000,0.000,89.000,89:2|139:2|234:1
CFG_056,G02,4,754.000,754.000,0.000,1.0000,4,1,0,89.000,0.000,89.000,89:2|139:2|234:1
CFG_056,G03,4,754.000,754.000,0.000,1.0000,4,1,0,89.000,0.000,89.000,89:2|139:2|234:1
CFG_056,G04,4,754.000,754.000,0.000,1.0000,4,1,0,89.000,0.000,89.000,89:2|139:2|234:1
CFG_056,G05,4,754.000,754.000,0.000,1.0000,4,1,0,89.000,0.000,89.000,89:2|139:2|234:1
CFG_056,G06,4,754.000,754.000,0.000,1.0000,4,1,0,89.000,0.000,89.000,89:2|139:2|234:1
CFG_056,G07,4,754.000,754.000,0.000,1.0000,4,1,0,89.000,0.000,89.000,89:2|139:2|234:1
CFG_056,G08,4,754.000,754.000,0.000,1.0000,4,1,0,89.000,0.000,89.000,89:2|139:2|234:1
CFG_056,G09,4,754.000,754.000,0.000,1.0000,4,1,0,89.000,0.000,89.000,89:2|139:2|234:1
CFG_056,G10,4,754.000,754.000,0.000,1.0000,4,1,0,89.000,0.000,89.000,89:2|139:2|234:1
CFG_056,G11,4,754.000,754.000,0.000,1.0000,4,1,0,89.000,0.000,89.000,89:2|139:2|234:1
CFG_056,G12,4,754.000,754.000,0.000,1.0000,4,1,0,89.000,0.000,89.000,89:2|139:2|234:1
CFG_056,G13,4,754.000,754.000,0.000,1.0000,4,1,0,89.000,0.000,89.000,89:2|139:2|234:1
CFG_056,G14,4,754.000,754.000,0.000,1.0000,4,1,0,89.000,0.000,89.000,89:2|139:2|234:1
CFG_056,G15,4,754.000,754.000,0.000,1.0000,4,1,0,89.000,0.000,89.000,89:2|139:2|234:1
CFG_056,G16,4,754.000,754.000,0.000,1.0000,4,1,0,89.000,0.000,89.000,89:2|139:2|234:1
CFG_056,G17,4,754.000,754.000,0.000,1.0000,4,1,0,89.000,0.000,89.000,89:2|139:2|234:1
CFG_056,G18,4,754.000,754.000,0.000,1.0000,4,1,0,89.000,0.000,89.000,89:2|139:2|234:1
CFG_056,G19,5,754.000,754.000,0.000,1.0000,3,1,1,89.000,0.000,89.000,89:5|229:1
CFG_056,G20,5,754.000,754.000,0.000,1.0000,3,1,1,89.000,0.000,89.000,89:5|229:1
CFG_056,G21,5,754.000,754.000,0.000,1.0000,3,0,1,89.000,0.000,89.000,89:5|229:1
CFG_056,H00,4,754.000,754.000,0.000,1.0000,4,0,0,89.000,0.000,89.000,89:2|139:2|234:1
CFG_056,H01,4,754.000,754.000,0.000,1.0000,4,0,0,89.000,0.000,89.000,89:2|139:2|234:1
CFG_056,H02,4,754.000,754.000,0.000,1.0000,4,0,0,89.000,0.000,89.000,89:2|139:2|234:1
CFG_056,H03,4,754.000,754.000,0.000,1.0000,4,0,0,89.000,0.000,89.000,89:2|139:2|234:1
CFG_056,H04,4,754.000,754.000,0.000,1.0000,4,0,0,89.000,0.000,89.000,89:2|139:2|234:1
CFG_056,H05,4,754.000,754.000,0.000,1.0000,4,0,0,89.000,0.000,89.000,89:2|139:2|234:1
CFG_056,H06,4,754.000,754.000,0.000,1.0000,4,0,0,89.000,0.000,89.000,89:2|139:2|234:1
CFG_056,H07,4,754.000,754.000,0.000,1.0000,4,0,0,89.000,0.000,89.000,89:2|139:2|234:1
CFG_056,H08,4,754.000,754.000,0.000,1.0000,4,0,0,89.000,0.000,89.000,89:2|139:2|234:1
CFG_056,H09,4,754.000,754.000,0.000,1.0000,4,0,0,89.000,0.000,89.000,89:2|139:2|234:1
CFG_056,H10,4,754.000,754.000,0.000,1.0000,4,0,0,89.000,0.000,89.000,89:2|139:2|234:1
CFG_056,H11,4,754.000,754.000,0.000,1.0000,4,0,0,89.000,0.000,89.000,89:2|139:2|234:1
CFG_056,H12,4,754.000,754.000,0.000,1.0000,4,0,0,89.000,0.000,89.000,89:2|139:2|234:1
CFG_056,H13,4,754.000,754.000,0.000,1.0000,4,0,0,89.000,0.000,89.000,89:2|139:2|234:1
CFG_056,H14,4,754.000,754.000,0.000,1.0000,4,0,0,89.000,0.000,89.000,89:2|139:2|234:1
CFG_056,H15,4,754.000,754.000,0.000,1.0000,4,0,0,89.000,0.000,89.000,89:2|139:2|234:1
CFG_056,H16,4,754.000,754.000,0.000,1.0000,4,0,0,89.000,0.000,89.000,89:2|139:2|234:1
CFG_056,H17,4,754.000,754.000,0.000,1.0000,4,0,0,89.000,0.000,89.000,89:2|139:2|234:1
CFG_056,H18,4,754.000,754.000,0.000,1.0000,4,0,0,89.000,0.000,89.000,89:2|139:2|234:1
CFG_056,H19,4,754.000,699.000,55.000,0.9271,2,1,1,89.000,50.000,139.000,89:3|139:1|229:1
CFG_056,H20,4,754.000,699.000,55.000,0.9271,2,1,1,89.000,50.000,139.000,89:3|139:1|229:1
CFG_056,H21,4,754.000,699.000,55.000,0.9271,2,0,1,89.000,50.000,139.000,89:3|139:1|229:1
CFG_056,I00,4,754.000,754.000,0.000,1.0000,4,0,0,89.000,0.000,89.000,89:2|139:2|234:1
CFG_056,I01,4,754.000,754.000,0.000,1.0000,4,0,0,89.000,0.000,89.000,89:2|139:2|234:1
CFG_056,I02,4,754.000,754.000,0.000,1.0000,4,0,0,89.000,0.000,89.000,89:2|139:2|234:1
CFG_056,I03,4,754.000,754.000,0.000,1.0000,4,0,0,89.000,0.000,89.000,89:2|139:2|234:1
CFG_056,I04,4,754.000,754.000,0.000,1.0000,4,0,0,89.000,0.000,89.000,89:2|139:2|234:1
CFG_056,I05,4,754.000,754.000,0.000,1.0000,4,0,0,89.000,0.000,89.000,89:2|139:2|234:1
CFG_056,I06,4,754.000,754.000,0.000,1.0000,4,0,0,89.000,0.000,89.000,89:2|139:2|234:1
CFG_056,I07,4,754.000,754.000,0.000,1.0000,4,0,0,89.000,0.000,89.000,89:2|139:2|234:1
CFG_056,I08,4,754.000,754.000,0.000,1.0000,4,0,0,89.000,0.000,89.000,89:2|139:2|234:1
CFG_056,I09,4,754.000,754.000,0.000,1.0000,4,0,0,89.000,0.000,89.000,89:2|139:2|234:1
CFG_056,I10,4,754.000,754.000,0.000,1.0000,4,0,0,89.000,0.000,89.000,89:2|139:2|234:1
CFG_056,I11,4,754.000,754.000,0.000,1.0000,4,0,0,89.000,0.000,89.000,89:2|139:2|234:1
CFG_056,I12,4,754.000,754.000,0.000,1.0000,4,0,0,89.000,0.000,89.000,89:2|139:2|234:1
CFG_056,I13,4,754.000,754.000,0.000,1.0000,4,0,0,89.000,0.000,89.000,89:2|139:2|234:1
CFG_056,I14,4,754.000,754.000,0.000,1.0000,4,0,0,89.000,0.000,89.000,89:2|139:2|234:1
CFG_056,I15,4,754.000,754.000,0.000,1.0000,4,0,0,89.000,0.000,89.000,89:2|139:2|234:1
CFG_056,I16,4,754.000,754.000,0.000,1.0000,4,0,0,89.000,0.000,89.000,89:2|139:2|234:1
CFG_056,I17,4,754.000,754.000,0.000,1.0000,4,0,0,89.000,0.000,89.000,89:2|139:2|234:1
CFG_056,I18,4,754.000,754.000,0.000,1.0000,4,0,0,89.000,0.000,89.000,89:2|139:2|234:1
CFG_056,I19,5,754.000,754.000,0.000,1.0000,2,1,2,89.000,0.000,89.000,89:5|229:1
CFG_056,I20,5,754.000,754.000,0.000,1.0000,2,1,2,89.000,0.000,89.000,89:5|229:1
CFG_056,I21,5,754.000,754.000,0.000,1.0000,2,0,2,89.000,0.000,89.000,89:5|229:1
CFG_056,J00,4,754.000,754.000,0.000,1.0000,4,1,0,89.000,0.000,89.000,89:2|139:2|234:1
CFG_056,J01,4,754.000,754.000,0.000,1.0000,4,1,0,89.000,0.000,89.000,89:2|139:2|234:1
CFG_056,J02,4,754.000,754.000,0.000,1.0000,4,1,0,89.000,0.000,89.000,89:2|139:2|234:1
CFG_056,J03,4,754.000,754.000,0.000,1.0000,4,1,0,89.000,0.000,89.000,89:2|139:2|234:1
CFG_056,J04,4,754.000,754.000,0.000,1.0000,4,0,0,89.000,0.000,89.000,89:2|139:2|234:1
CFG_056,J05,4,754.000,754.000,0.000,1.0000,4,0,0,89.000,0.000,89.000,89:2|139:2|234:1
CFG_056,J06,4,754.000,754.000,0.000,1.0000,4,0,0,89.000,0.000,89.000,89:2|139:2|234:1
CFG_056,J07,4,754.000,754.000,0.000,1.0000,4,0,0,89.000,0.000,89.000,89:2|139:2|234:1
CFG_056,J08,4,754.000,754.000,0.000,1.0000,4,0,0,89.000,0.000,89.000,89:2|139:2|234:1
CFG_056,J09,4,754.000,754.000,0.000,1.0000,4,0,0,89.000,0.000,89.000,89:2|139:2|234:1
CFG_056,J10,4,754.000,754.000,0.000,1.0000,4,0,0,89.000,0.000,89.000,89:2|139:2|234:1
CFG_056,J11,4,754.000,754.000,0.000,1.0000,4,0,0,89.000,0.000,89.000,89:2|139:2|234:1
CFG_056,J12,4,754.000,754.000,0.000,1.0000,4,0,0,89.000,0.000,89.000,89:2|139:2|234:1
CFG_056,J13,4,754.000,754.000,0.000,1.0000,4,0,0,89.000,0.000,89.000,89:2|139:2|234:1
CFG_056,J14,4,754.000,754.000,0.000,1.0000,4,0,0,89.000,0.000,89.000,89:2|139:2|234:1
CFG_056,J15,4,754.000,754.000,0.000,1.0000,4,0,0,89.000,0.000,89.000,89:2|139:2|234:1
CFG_056,J16,4,754.000,754.000,0.000,1.0000,4,0,0,89.000,0.000,89.000,89:2|139:2|234:1
CFG_056,J17,4,754.000,754.000,0.000,1.0000,4,0,0,89.000,0.000,89.000,89:2|139:2|234:1
CFG_056,J18,4,754.000,754.000,0.000,1.0000,4,0,0,89.000,0.000,89.000,89:2|139:2|234:1
CFG_056,J19,4,754.000,694.000,60.000,0.9204,2,1,1,89.000,50.000,139.000,89:3|139:1|224:1
CFG_056,J20,4,754.000,694.000,60.000,0.9204,2,1,1,89.000,50.000,139.000,89:3|139:1|224:1
CFG_056,J21,4,754.000,694.000,60.000,0.9204,2,0,1,89.000,50.000,139.000,89:3|139:1|224:1
CFG_056,K00,4,754.000,754.000,0.000,1.0000,4,1,0,89.000,0.000,89.000,89:2|139:2|234:1
CFG_056,K01,4,754.000,754.000,0.000,1.0000,4,1,0,89.000,0.000,89.000,89:2|139:2|234:1
CFG_056,K02,4,754.000,754.000,0.000,1.0000,4,1,0,89.000,0.000,89.000,89:2|139:2|234:1
CFG_056,K03,4,754.000,754.000,0.000,1.0000,4,1,0,89.000,0.000,89.000,89:2|139:2|234:1
CFG_056,K04,4,754.000,754.000,0.000,1.0000,4,0,0,89.000,0.000,89.000,89:2|139:2|234:1
CFG_056,K05,4,754.000,754.000,0.000,1.0000,4,0,0,89.000,0.000,89.000,89:2|139:2|234:1
CFG_056,K06,4,754.000,754.000,0.000,1.0000,4,0,0,89.000,0.000,89.000,89:2|139:2|234:1
CFG_056,K07,4,754.000,754.000,0.000,1.0000,3,1,0,89.000,0.000,89.000,89:2|139:2|234:1
CFG_056,K08,4,754.000,754.000,0.000,1.0000,4,1,0,89.000,0.000,89.000,89:2|139:2|234:1
CFG_056,K09,4,754.000,754.000,0.000,1.0000,4,1,0,89.000,0.000,89.000,89:2|139:2|234:1
CFG_056,K10,4,754.000,754.000,0.000,1.0000,4,1,0,89.000,0.000,89.000,89:2|139:2|234:1
CFG_056,K11,4,754.000,754.000,0.000,1.0000,4,1,0,89.000,0.000,89.000,89:2|139:2|234:1
CFG_056,K12,4,754.000,754.000,0.000,1.0000,4,1,0,89.000,0.000,89.000,89:2|139:2|234:1
CFG_056,K13,4,754.000,754.000,0.000,1.0000,4,1,0,89.000,0.000,89.000,89:2|139:2|234:1
CFG_056,K14,4,754.000,754.000,0.000,1.0000,4,1,0,89.000,0.000,89.000,89:2|139:2|234:1
CFG_056,K15,4,754.000,754.000,0.000,1.0000,4,1,0,89.000,0.000,89.000,89:2|139:2|234:1
CFG_056,K16,4,754.000,754.000,0.000,1.0000,4,1,0,89.000,0.000,89.000,89:2|139:2|234:1
CFG_056,K17,4,754.000,754.000,0.000,1.0000,4,1,0,89.000,0.000,89.000,89:2|139:2|234:1
CFG_056,K18,4,754.000,754.000,0.000,1.0000,4,1,0,89.000,0.000,89.000,89:2|139:2|234:1
CFG_056,K19,5,754.000,749.000,5.000,0.9934,2,0,2,89.000,0.000,89.000,89:5|224:1
CFG_056,K20,4,754.000,694.000,60.000,0.9204,2,0,1,89.000,50.000,139.000,89:3|139:1|224:1
CFG_056,K21,5,754.000,749.000,5.000,0.9934,2,0,2,89.000,0.000,89.000,89:5|224:1
CFG_057,A00,5,754.000,754.000,0.000,1.0000,3,0,2,89.000,0.000,89.000,89:2|124:4
CFG_057,A01,5,754.000,754.000,0.000,1.0000,3,0,2,89.000,0.000,89.000,89:2|124:4
CFG_057,A02,5,754.000,754.000,0.000,1.0000,3,0,2,89.000,0.000,89.000,89:2|124:4
CFG_057,A03,5,754.000,754.000,0.000,1.0000,3,0,2,89.000,0.000,89.000,89:2|124:4
CFG_057,A04,5,754.000,754.000,0.000,1.0000,3,0,2,89.000,0.000,89.000,89:2|124:4
CFG_057,A05,5,754.000,754.000,0.000,1.0000,3,0,2,89.000,0.000,89.000,89:2|124:4
CFG_057,A06,5,754.000,754.000,0.000,1.0000,3,0,2,89.000,0.000,89.000,89:2|124:4
CFG_057,A07,5,754.000,754.000,0.000,1.0000,3,0,2,89.000,0.000,89.000,89:2|124:4
CFG_057,A08,5,754.000,754.000,0.000,1.0000,3,0,2,89.000,0.000,89.000,89:2|124:4
CFG_057,A09,5,754.000,754.000,0.000,1.0000,3,0,2,89.000,0.000,89.000,89:2|124:4
CFG_057,A10,5,754.000,754.000,0.000,1.0000,3,0,2,89.000,0.000,89.000,89:2|124:4
CFG_057,A11,5,754.000,754.000,0.000,1.0000,3,0,2,89.000,0.000,89.000,89:2|124:4
CFG_057,A12,5,754.000,754.000,0.000,1.0000,3,0,2,89.000,0.000,89.000,89:2|124:4
CFG_057,A13,5,754.000,754.000,0.000,1.0000,3,0,2,89.000,0.000,89.000,89:2|124:4
CFG_057,A14,5,754.000,754.000,0.000,1.0000,3,0,2,89.000,0.000,89.000,89:2|124:4
CFG_057,A15,5,754.000,754.000,0.000,1.0000,3,0,2,89.000,0.000,89.000,89:2|124:4
CFG_057,B00,5,754.000,754.000,0.000,1.0000,3,0,2,89.000,0.000,89.000,89:2|124:4
CFG_057,B01,5,754.000,754.000,0.000,1.0000,3,0,2,89.000,0.000,89.000,89:2|124:4
CFG_057,B02,5,754.000,754.000,0.000,1.0000,3,0,2,89.000,0.000,89.000,89:2|124:4
CFG_057,B03,5,754.000,754.000,0.000,1.0000,3,0,2,89.000,0.000,89.000,89:2|124:4
CFG_057,B04,5,754.000,754.000,0.000,1.0000,3,0,2,89.000,0.000,89.000,89:2|124:4
CFG_057,B05,5,754.000,754.000,0.000,1.0000,3,0,2,89.000,0.000,89.000,89:2|124:4
CFG_057,B06,5,754.000,754.000,0.000,1.0000,3,0,2,89.000,0.000,89.000,89:2|124:4
CFG_057,B07,5,754.000,754.000,0.000,1.0000,3,0,2,89.000,0.000,89.000,89:2|124:4
CFG_057,B08,5,754.000,754.000,0.000,1.0000,3,0,2,89.000,0.000,89.000,89:2|124:4
CFG_057,B09,5,754.000,754.000,0.000,1.0000,3,0,2,89.000,0.000,89.000,89:2|124:4
CFG_057,B10,5,754.000,754.000,0.000,1.0000,3,0,2,89.000,0.000,89.000,89:2|124:4
CFG_057,B11,5,754.000,754.000,0.000,1.0000,3,0,2,89.000,0.000,89.000,89:2|124:4
CFG_057,B12,5,754.000,754.000,0.000,1.0000,3,0,2,89.000,0.000,89.000,89:2|124:4
CFG_057,B13,5,754.000,754.000,0.000,1.0000,3,0,2,89.000,0.000,89.000,89:2|124:4
CFG_057,B14,5,754.000,754.000,0.000,1.0000,3,0,2,89.000,0.000,89.000,89:2|124:4
CFG_057,B15,5,754.000,754.000,0.000,1.0000,3,0,2,89.000,0.000,89.000,89:2|124:4
CFG_057,B16,5,754.000,754.000,0.000,1.0000,3,0,2,89.000,0.000,89.000,89:2|124:4
CFG_057,B17,5,754.000,754.000,0.000,1.0000,3,0,2,89.000,0.000,89.000,89:2|124:4
CFG_057,B18,5,754.000,754.000,0.000,1.0000,3,0,2,89.000,0.000,89.000,89:2|124:4
CFG_057,B19,4,754.000,654.000,100.000,0.8674,2,2,1,89.000,80.000,169.000,89:4|234:1
CFG_057,B20,4,754.000,654.000,100.000,0.8674,2,2,1,89.000,80.000,169.000,89:4|234:1
CFG_057,B21,4,754.000,654.000,100.000,0.8674,2,0,1,89.000,80.000,169.000,89:4|234:1
CFG_057,D00,5,754.000,754.000,0.000,1.0000,5,0,0,89.000,0.000,89.000,89:2|124:4
CFG_057,D01,5,754.000,754.000,0.000,1.0000,5,0,0,89.000,0.000,89.000,89:2|124:4
CFG_057,D02,5,754.000,754.000,0.000,1.0000,5,0,0,89.000,0.000,89.000,89:2|124:4
CFG_057,D03,5,754.000,754.000,0.000,1.0000,5,0,0,89.000,0.000,89.000,89:2|124:4
CFG_057,D04,5,754.000,754.000,0.000,1.0000,5,0,0,89.000,0.000,89.000,89:2|124:4
CFG_057,D05,5,754.000,754.000,0.000,1.0000,5,0,0,89.000,0.000,89.000,89:2|124:4
CFG_057,D06,5,754.000,754.000,0.000,1.0000,5,0,0,89.000,0.000,89.000,89:2|124:4
CFG_057,D07,5,754.000,754.000,0.000,1.0000,5,0,0,89.000,0.000,89.000,89:2|124:4
CFG_057,D08,5,754.000,754.000,0.000,1.0000,5,0,0,89.000,0.000,89.000,89:2|124:4
CFG_057,D09,5,754.000,754.000,0.000,1.0000,5,0,0,89.000,0.000,89.000,89:2|124:4
CFG_057,D10,5,754.000,754.000,0.000,1.0000,5,0,0,89.000,0.000,89.000,89:2|124:4
CFG_057,D11,5,754.000,754.000,0.000,1.0000,5,0,0,89.000,0.000,89.000,89:2|124:4
CFG_057,D12,5,754.000,754.000,0.000,1.0000,5,0,0,89.000,0.000,89.000,89:2|124:4
CFG_057,D13,5,754.000,754.000,0.000,1.0000,5,0,0,89.000,0.000,89.000,89:2|124:4
CFG_057,D14,5,754.000,754.000,0.000,1.0000,5,0,0,89.000,0.000,89.000,89:2|124:4
CFG_057,D15,5,754.000,754.000,0.000,1.0000,5,0,0,89.000,0.000,89.000,89:2|124:4
CFG_057,D16,5,754.000,754.000,0.000,1.0000,4,0,1,89.000,0.000,89.000,89:2|124:4
CFG_057,D17,5,754.000,754.000,0.000,1.0000,4,0,1,89.000,0.000,89.000,89:2|124:4
CFG_057,D18,5,754.000,754.000,0.000,1.0000,4,0,1,89.000,0.000,89.000,89:2|124:4
CFG_057,D19,4,754.000,729.000,25.000,0.9668,2,1,1,89.000,35.000,124.000,89:3|169:1|229:1
CFG_057,D20,4,754.000,729.000,25.000,0.9668,2,1,1,89.000,35.000,124.000,89:3|169:1|229:1
CFG_057,D21,4,754.000,729.000,25.000,0.9668,2,0,1,89.000,35.000,124.000,89:3|169:1|229:1
CFG_057,E00,5,754.000,754.000,0.000,1.0000,5,1,0,89.000,0.000,89.000,89:2|124:4
CFG_057,E01,5,754.000,754.000,0.000,1.0000,5,1,0,89.000,0.000,89.000,89:2|124:4
CFG_057,E02,5,754.000,754.000,0.000,1.0000,5,1,0,89.000,0.000,89.000,89:2|124:4
CFG_057,E03,5,754.000,754.000,0.000,1.0000,5,1,0,89.000,0.000,89.000,89:2|124:4
CFG_057,E04,5,754.000,754.000,0.000,1.0000,5,1,0,89.000,0.000,89.000,89:2|124:4
CFG_057,E05,5,754.000,754.000,0.000,1.0000,5,1,0,89.000,0.000,89.000,89:2|124:4
CFG_057,E06,5,754.000,754.000,0.000,1.0000,5,1,0,89.000,0.000,89.000,89:2|124:4
CFG_057,E07,5,754.000,754.000,0.000,1.0000,5,1,0,89.000,0.000,89.000,89:2|124:4
CFG_057,E08,5,754.000,754.000,0.000,1.0000,5,1,0,89.000,0.000,89.000,89:2|124:4
CFG_057,E09,5,754.000,754.000,0.000,1.0000,5,1,0,89.000,0.000,89.000,89:2|124:4
CFG_057,E10,5,754.000,754.000,0.000,1.0000,5,1,0,89.000,0.000,89.000,89:2|124:4
CFG_057,E11,5,754.000,754.000,0.000,1.0000,5,1,0,89.000,0.000,89.000,89:2|124:4
CFG_057,E12,5,754.000,754.000,0.000,1.0000,5,1,0,89.000,0.000,89.000,89:2|124:4
CFG_057,E13,5,754.000,754.000,0.000,1.0000,5,1,0,89.000,0.000,89.000,89:2|124:4
CFG_057,E14,5,754.000,754.000,0.000,1.0000,5,1,0,89.000,0.000,89.000,89:2|124:4
CFG_057,E15,5,754.000,754.000,0.000,1.0000,5,1,0,89.000,0.000,89.000,89:2|124:4
CFG_057,E16,5,754.000,754.000,0.000,1.0000,5,1,0,89.000,0.000,89.000,89:2|124:4
CFG_057,E17,5,754.000,754.000,0.000,1.0000,5,1,0,89.000,0.000,89.000,89:2|124:4
CFG_057,E18,5,754.000,754.000,0.000,1.0000,5,1,0,89.000,0.000,89.000,89:2|124:4
CFG_057,E19,4,754.000,684.000,70.000,0.9072,3,2,0,89.000,80.000,169.000,89:3|124:1|229:1
CFG_057,E20,4,754.000,684.000,70.000,0.9072,3,2,0,89.000,80.000,169.000,89:3|124:1|229:1
CFG_057,E21,4,754.000,684.000,70.000,0.9072,3,0,0,89.000,80.000,169.000,89:3|124:1|229:1
CFG_057,F00,5,754.000,754.000,0.000,1.0000,5,0,0,89.000,0.000,89.000,89:2|124:4
CFG_057,F01,5,754.000,754.000,0.000,1.0000,5,0,0,89.000,0.000,89.000,89:2|124:4
CFG_057,F02,5,754.000,754.000,0.000,1.0000,5,0,0,89.000,0.000,89.000,89:2|124:4
CFG_057,F03,5,754.000,754.000,0.000,1.0000,5,0,0,89.000,0.000,89.000,89:2|124:4
CFG_057,F04,5,754.000,754.000,0.000,1.0000,5,0,0,89.000,0.000,89.000,89:2|124:4
CFG_057,F05,5,754.000,754.000,0.000,1.0000,5,0,0,89.000,0.000,89.000,89:2|124:4
CFG_057,F06,5,754.000,754.000,0.000,1.0000,5,0,0,89.000,0.000,89.000,89:2|124:4
CFG_057,F07,5,754.000,754.000,0.000,1.0000,5,1,0,89.000,0.000,89.000,89:2|124:4
CFG_057,F08,5,754.000,754.000,0.000,1.0000,5,1,0,89.000,0.000,89.000,89:2|124:4
CFG_057,F09,5,754.000,754.000,0.000,1.0000,5,1,0,89.000,0.000,89.000,89:2|124:4
CFG_057,F10,5,754.000,754.000,0.000,1.0000,5,1,0,89.000,0.000,89.000,89:2|124:4
CFG_057,F11,5,754.000,754.000,0.000,1.0000,5,1,0,89.000,0.000,89.000,89:2|124:4
CFG_057,F12,5,754.000,754.000,0.000,1.0000,5,1,0,89.000,0.000,89.000,89:2|124:4
CFG_057,F13,5,754.000,754.000,0.000,1.0000,5,1,0,89.000,0.000,89.000,89:2|124:4
CFG_057,F14,5,754.000,754.000,0.000,1.0000,5,1,0,89.000,0.000,89.000,89:2|124:4
CFG_057,F15,5,754.000,754.000,0.000,1.0000,5,1,0,89.000,0.000,89.000,89:2|124:4
CFG_057,F16,5,754.000,754.000,0.000,1.0000,5,1,0,89.000,0.000,89.000,89:2|124:4
CFG_057,F17,5,754.000,754.000,0.000,1.0000,5,1,0,89.000,0.000,89.000,89:2|124:4
CFG_057,F18,5,754.000,754.000,0.000,1.0000,5,1,0,89.000,0.000,89.000,89:2|124:4
CFG_057,F19,5,754.000,754.000,0.000,1.0000,4,1,0,89.000,0.000,89.000,89:5|229:1
CFG_057,F20,5,754.000,754.000,0.000,1.0000,4,1,0,89.000,0.000,89.000,89:5|229:1
CFG_057,F21,5,754.000,754.000,0.000,1.0000,4,0,0,89.000,0.000,89.000,89:5|229:1
CFG_057,G00,5,754.000,754.000,0.000,1.0000,5,0,0,89.000,0.000,89.000,89:2|124:4
CFG_057,G01,5,754.000,754.000,0.000,1.0000,5,0,0,89.000,0.000,89.000,89:2|124:4
CFG_057,G02,5,754.000,754.000,0.000,1.0000,5,0,0,89.000,0.000,89.000,89:2|124:4
CFG_057,G03,5,754.000,754.000,0.000,1.0000,5,0,0,89.000,0.000,89.000,89:2|124:4
CFG_057,G04,5,754.000,754.000,0.000,1.0000,5,0,0,89.000,0.000,89.000,89:2|124:4
CFG_057,G05,5,754.000,754.000,0.000,1.0000,5,0,0,89.000,0.000,89.000,89:2|124:4
CFG_057,G06,5,754.000,754.000,0.000,1.0000,5,0,0,89.000,0.000,89.000,89:2|124:4
CFG_057,G07,5,754.000,754.000,0.000,1.0000,5,0,0,89.000,0.000,89.000,89:2|124:4
CFG_057,G08,5,754.000,754.000,0.000,1.0000,5,0,0,89.000,0.000,89.000,89:2|124:4
CFG_057,G09,5,754.000,754.000,0.000,1.0000,5,0,0,89.000,0.000,89.000,89:2|124:4
CFG_057,G10,5,754.000,754.000,0.000,1.0000,5,0,0,89.000,0.000,89.000,89:2|124:4
CFG_057,G11,5,754.000,754.000,0.000,1.0000,5,0,0,89.000,0.000,89.000,89:2|124:4
CFG_057,G12,5,754.000,754.000,0.000,1.0000,5,0,0,89.000,0.000,89.000,89:2|124:4
CFG_057,G13,5,754.000,754.000,0.000,1.0000,5,0,0,89.000,0.000,89.000,89:2|124:4
CFG_057,G14,5,754.000,754.000,0.000,1.0000,5,0,0,89.000,0.000,89.000,89:2|124:4
CFG_057,G15,5,754.000,754.000,0.000,1.0000,5,0,0,89.000,0.000,89.000,89:2|124:4
CFG_057,G16,5,754.000,754.000,0.000,1.0000,5,0,0,89.000,0.000,89.000,89:2|124:4
CFG_057,G17,5,754.000,754.000,0.000,1.0000,5,0,0,89.000,0.000,89.000,89:2|124:4
CFG_057,G18,5,754.000,754.000,0.000,1.0000,5,0,0,89.000,0.000,89.000,89:2|124:4
CFG_057,G19,4,754.000,729.000,25.000,0.9668,3,1,0,89.000,35.000,124.000,89:3|169:1|229:1
CFG_057,G20,4,754.000,729.000,25.000,0.9668,3,1,0,89.000,35.000,124.000,89:3|169:1|229:1
CFG_057,G21,4,754.000,729.000,25.000,0.9668,3,0,0,89.000,35.000,124.000,89:3|169:1|229:1
CFG_057,H00,5,754.000,754.000,0.000,1.0000,4,0,1,89.000,0.000,89.000,89:2|124:4
CFG_057,H01,5,754.000,754.000,0.000,1.0000,4,0,1,89.000,0.000,89.000,89:2|124:4
CFG_057,H02,5,754.000,754.000,0.000,1.0000,4,0,1,89.000,0.000,89.000,89:2|124:4
CFG_057,H03,5,754.000,754.000,0.000,1.0000,4,0,1,89.000,0.000,89.000,89:2|124:4
CFG_057,H04,5,754.000,754.000,0.000,1.0000,4,0,1,89.000,0.000,89.000,89:2|124:4
CFG_057,H05,5,754.000,754.000,0.000,1.0000,4,0,1,89.000,0.000,89.000,89:2|124:4
CFG_057,H06,5,754.000,754.000,0.000,1.0000,4,0,1,89.000,0.000,89.000,89:2|124:4
CFG_057,H07,5,754.000,754.000,0.000,1.0000,4,0,1,89.000,0.000,89.000,89:2|124:4
CFG_057,H08,5,754.000,754.000,0.000,1.0000,4,0,1,89.000,0.000,89.000,89:2|124:4
CFG_057,H09,5,754.000,754.000,0.000,1.0000,4,0,1,89.000,0.000,89.000,89:2|124:4
CFG_057,H10,5,754.000,754.000,0.000,1.0000,4,0,1,89.000,0.000,89.000,89:2|124:4
CFG_057,H11,5,754.000,754.000,0.000,1.0000,4,0,1,89.000,0.000,89.000,89:2|124:4
CFG_057,H12,5,754.000,754.000,0.000,1.0000,4,0,1,89.000,0.000,89.000,89:2|124:4
CFG_057,H13,5,754.000,754.000,0.000,1.0000,4,0,1,89.000,0.000,89.000,89:2|124:4
CFG_057,H14,5,754.000,754.000,0.000,1.0000,4,0,1,89.000,0.000,89.000,89:2|124:4
CFG_057,H15,5,754.000,754.000,0.000,1.0000,4,0,1,89.000,0.000,89.000,89:2|124:4
CFG_057,H16,5,754.000,754.000,0.000,1.0000,4,0,1,89.000,0.000,89.000,89:2|124:4
CFG_057,H17,5,754.000,754.000,0.000,1.0000,4,0,1,89.000,0.000,89.000,89:2|124:4
CFG_057,H18,5,754.000,754.000,0.000,1.0000,4,0,1,89.000,0.000,89.000,89:2|124:4
CFG_057,H19,4,754.000,729.000,25.000,0.9668,2,1,1,89.000,35.000,124.000,89:3|169:1|229:1
CFG_057,H20,4,754.000,729.000,25.000,0.9668,2,1,1,89.000,35.000,124.000,89:3|169:1|229:1
CFG_057,H21,4,754.000,729.000,25.000,0.9668,2,0,1,89.000,35.000,124.000,89:3|169:1|229:1
CFG_057,I00,5,754.000,754.000,0.000,1.0000,4,0,1,89.000,0.000,89.000,89:2|124:4
CFG_057,I01,5,754.000,754.000,0.000,1.0000,4,0,1,89.000,0.000,89.000,89:2|124:4
CFG_057,I02,5,754.000,754.000,0.000,1.0000,4,0,1,89.000,0.000,89.000,89:2|124:4
CFG_057,I03,5,754.000,754.000,0.000,1.0000,4,0,1,89.000,0.000,89.000,89:2|124:4
CFG_057,I04,5,754.000,754.000,0.000,1.0000,4,0,1,89.000,0.000,89.000,89:2|124:4
CFG_057,I05,5,754.000,754.000,0.000,1.0000,4,0,1,89.000,0.000,89.000,89:2|124:4
CFG_057,I06,5,754.000,754.000,0.000,1.0000,4,0,1,89.000,0.000,89.000,89:2|124:4
CFG_057,I07,5,754.000,754.000,0.000,1.0000,4,0,1,89.000,0.000,89.000,89:2|124:4
CFG_057,I08,5,754.000,754.000,0.000,1.0000,4,0,1,89.000,0.000,89.000,89:2|124:4
CFG_057,I09,5,754.000,754.000,0.000,1.0000,4,0,1,89.000,0.000,89.000,89:2|124:4
CFG_057,I10,5,754.000,754.000,0.000,1.0000,4,0,1,89.000,0.000,89.000,89:2|124:4
CFG_057,I11,5,754.000,754.000,0.000,1.0000,4,0,1,89.000,0.000,89.000,89:2|124:4
CFG_057,I12,5,754.000,754.000,0.000,1.0000,4,0,1,89.000,0.000,89.000,89:2|124:4
CFG_057,I13,5,754.000,754.000,0.000,1.0000,4,0,1,89.000,0.000,89.000,89:2|124:4
CFG_057,I14,5,754.000,754.000,0.000,1.0000,4,0,1,89.000,0.000,89.000,89:2|124:4
CFG_057,I15,5,754.000,754.000,0.000,1.0000,4,0,1,89.000,0.000,89.000,89:2|124:4
CFG_057,I16,5,754.000,754.000,0.000,1.0000,4,0,1,89.000,0.000,89.000,89:2|124:4
CFG_057,I17,5,754.000,754.000,0.000,1.0000,4,0,1,89.000,0.000,89.000,89:2|124:4
CFG_057,I18,5,754.000,754.000,0.000,1.0000,4,0,1,89.000,0.000,89.000,89:2|124:4
CFG_057,I19,4,754.000,684.000,70.000,0.9072,2,1,1,89.000,80.000,169.000,89:3|124:1|229:1
CFG_057,I20,4,754.000,684.000,70.000,0.9072,2,1,1,89.000,80.000,169.000,89:3|124:1|229:1
CFG_057,I21,4,754.000,684.000,70.000,0.9072,2,0,1,89.000,80.000,169.000,89:3|124:1|229:1
CFG_057,J00,5,754.000,754.000,0.000,1.0000,5,0,0,89.000,0.000,89.000,89:2|124:4
CFG_057,J01,5,754.000,754.000,0.000,1.0000,5,0,0,89.000,0.000,89.000,89:2|124:4
CFG_057,J02,5,754.000,754.000,0.000,1.0000,5,0,0,89.000,0.000,89.000,89:2|124:4
CFG_057,J03,5,754.000,754.000,0.000,1.0000,5,0,0,89.000,0.000,89.000,89:2|124:4
CFG_057,J04,5,754.000,754.000,0.000,1.0000,4,0,1,89.000,0.000,89.000,89:2|124:4
CFG_057,J05,5,754.000,754.000,0.000,1.0000,4,0,1,89.000,0.000,89.000,89:2|124:4
CFG_057,J06,5,754.000,754.000,0.000,1.0000,4,0,1,89.000,0.000,89.000,89:2|124:4
CFG_057,J07,5,754.000,754.000,0.000,1.0000,4,0,1,89.000,0.000,89.000,89:2|124:4
CFG_057,J08,5,754.000,754.000,0.000,1.0000,4,0,1,89.000,0.000,89.000,89:2|124:4
CFG_057,J09,5,754.000,754.000,0.000,1.0000,4,0,1,89.000,0.000,89.000,89:2|124:4
CFG_057,J10,5,754.000,754.000,0.000,1.0000,4,0,1,89.000,0.000,89.000,89:2|124:4
CFG_057,J11,5,754.000,754.000,0.000,1.0000,4,0,1,89.000,0.000,89.000,89:2|124:4
CFG_057,J12,5,754.000,754.000,0.000,1.0000,4,0,1,89.000,0.000,89.000,89:2|124:4
CFG_057,J13,5,754.000,754.000,0.000,1.0000,4,0,1,89.000,0.000,89.000,89:2|124:4
CFG_057,J14,5,754.000,754.000,0.000,1.0000,4,0,1,89.000,0.000,89.000,89:2|124:4
CFG_057,J15,5,754.000,754.000,0.000,1.0000,4,0,1,89.000,0.000,89.000,89:2|124:4
CFG_057,J16,5,754.000,754.000,0.000,1.0000,4,0,1,89.000,0.000,89.000,89:2|124:4
CFG_057,J17,5,754.000,754.000,0.000,1.0000,4,0,1,89.000,0.000,89.000,89:2|124:4
CFG_057,J18,5,754.000,754.000,0.000,1.0000,4,0,1,89.000,0.000,89.000,89:2|124:4
CFG_057,J19,5,754.000,749.000,5.000,0.9934,2,1,2,89.000,0.000,89.000,89:5|224:1
CFG_057,J20,5,754.000,749.000,5.000,0.9934,2,1,2,89.000,0.000,89.000,89:5|224:1
CFG_057,J21,5,754.000,749.000,5.000,0.9934,2,0,2,89.000,0.000,89.000,89:5|224:1
CFG_057,K00,5,754.000,754.000,0.000,1.0000,5,0,0,89.000,0.000,89.000,89:2|124:4
CFG_057,K01,5,754.000,754.000,0.000,1.0000,5,0,0,89.000,0.000,89.000,89:2|124:4
CFG_057,K02,5,754.000,754.000,0.000,1.0000,5,0,0,89.000,0.000,89.000,89:2|124:4
CFG_057,K03,5,754.000,754.000,0.000,1.0000,5,0,0,89.000,0.000,89.000,89:2|124:4
CFG_057,K04,5,754.000,754.000,0.000,1.0000,4,0,1,89.000,0.000,89.000,89:2|124:4
CFG_057,K05,5,754.000,754.000,0.000,1.0000,4,0,1,89.000,0.000,89.000,89:2|124:4
CFG_057,K06,5,754.000,754.000,0.000,1.0000,4,0,1,89.000,0.000,89.000,89:2|124:4
CFG_057,K07,5,754.000,754.000,0.000,1.0000,4,0,0,89.000,0.000,89.000,89:2|124:4
CFG_057,K08,5,754.000,754.000,0.000,1.0000,5,0,0,89.000,0.000,89.000,89:2|124:4
CFG_057,K09,5,754.000,754.000,0.000,1.0000,5,0,0,89.000,0.000,89.000,89:2|124:4
CFG_057,K10,5,754.000,754.000,0.000,1.0000,5,0,0,89.000,0.000,89.000,89:2|124:4
CFG_057,K11,5,754.000,754.000,0.000,1.0000,5,0,0,89.000,0.000,89.000,89:2|124:4
CFG_057,K12,5,754.000,754.000,0.000,1.0000,5,0,0,89.000,0.000,89.000,89:2|124:4
CFG_057,K13,5,754.000,754.000,0.000,1.0000,5,0,0,89.000,0.000,89.000,89:2|124:4
CFG_057,K14,5,754.000,754.000,0.000,1.0000,5,0,0,89.000,0.000,89.000,89:2|124:4
CFG_057,K15,5,754.000,754.000,0.000,1.0000,5,0,0,89.000,0.000,89.000,89:2|124:4
CFG_057,K16,5,754.000,754.000,0.000,1.0000,5,0,0,89.000,0.000,89.000,89:2|124:4
CFG_057,K17,5,754.000,754.000,0.000,1.0000,5,0,0,89.000,0.000,89.000,89:2|124:4
CFG_057,K18,5,754.000,754.000,0.000,1.0000,5,0,0,89.000,0.000,89.000,89:2|124:4
CFG_057,K19,4,754.000,724.000,30.000,0.9602,2,0,1,89.000,35.000,124.000,89:3|169:1|224:1
CFG_057,K20,4,754.000,724.000,30.000,0.9602,2,0,1,89.000,35.000,124.000,89:3|169:1|224:1
CFG_057,K21,5,754.000,749.000,5.000,0.9934,2,0,2,89.000,0.000,89.000,89:5|224:1
CFG_058,A00,5,754.000,754.000,0.000,1.0000,3,0,2,69.000,0.000,69.000,69:2|134:4
CFG_058,A01,5,754.000,754.000,0.000,1.0000,3,0,2,69.000,0.000,69.000,69:2|134:4
CFG_058,A02,5,754.000,754.000,0.000,1.0000,3,0,2,69.000,0.000,69.000,69:2|134:4
CFG_058,A03,5,754.000,754.000,0.000,1.0000,3,0,2,69.000,0.000,69.000,69:2|134:4
CFG_058,A04,5,754.000,754.000,0.000,1.0000,3,0,2,69.000,0.000,69.000,69:2|134:4
CFG_058,A05,5,754.000,754.000,0.000,1.0000,3,0,2,69.000,0.000,69.000,69:2|134:4
CFG_058,A06,5,754.000,754.000,0.000,1.0000,3,0,2,69.000,0.000,69.000,69:2|134:4
CFG_058,A07,5,754.000,754.000,0.000,1.0000,3,0,2,69.000,0.000,69.000,69:2|134:4
CFG_058,A08,5,754.000,754.000,0.000,1.0000,3,0,2,69.000,0.000,69.000,69:2|134:4
CFG_058,A09,5,754.000,754.000,0.000,1.0000,3,0,2,69.000,0.000,69.000,69:2|134:4
CFG_058,A10,5,754.000,754.000,0.000,1.0000,3,0,2,69.000,0.000,69.000,69:2|134:4
CFG_058,A11,5,754.000,754.000,0.000,1.0000,3,0,2,69.000,0.000,69.000,69:2|134:4
CFG_058,A12,5,754.000,754.000,0.000,1.0000,3,0,2,69.000,0.000,69.000,69:2|134:4
CFG_058,A13,5,754.000,754.000,0.000,1.0000,3,0,2,69.000,0.000,69.000,69:2|134:4
CFG_058,A14,5,754.000,754.000,0.000,1.0000,3,0,2,69.000,0.000,69.000,69:2|134:4
CFG_058,A15,5,754.000,754.000,0.000,1.0000,3,0,2,69.000,0.000,69.000,69:2|134:4
CFG_058,B00,5,754.000,754.000,0.000,1.0000,3,0,2,69.000,0.000,69.000,69:2|134:4
CFG_058,B01,5,754.000,754.000,0.000,1.0000,3,0,2,69.000,0.000,69.000,69:2|134:4
CFG_058,B02,5,754.000,754.000,0.000,1.0000,3,0,2,69.000,0.000,69.000,69:2|134:4
CFG_058,B03,5,754.000,754.000,0.000,1.0000,3,0,2,69.000,0.000,69.000,69:2|134:4
CFG_058,B04,5,754.000,754.000,0.000,1.0000,3,0,2,69.000,0.000,69.000,69:2|134:4
CFG_058,B05,5,754.000,754.000,0.000,1.0000,3,0,2,69.000,0.000,69.000,69:2|134:4
CFG_058,B06,5,754.000,754.000,0.000,1.0000,3,0,2,69.000,0.000,69.000,69:2|134:4
CFG_058,B07,5,754.000,754.000,0.000,1.0000,3,0,2,69.000,0.000,69.000,69:2|134:4
CFG_058,B08,5,754.000,754.000,0.000,1.0000,3,0,2,69.000,0.000,69.000,69:2|134:4
CFG_058,B09,5,754.000,754.000,0.000,1.0000,3,0,2,69.000,0.000,69.000,69:2|134:4
CFG_058,B10,5,754.000,754.000,0.000,1.0000,3,0,2,69.000,0.000,69.000,69:2|134:4
CFG_058,B11,5,754.000,754.000,0.000,1.0000,3,0,2,69.000,0.000,69.000,69:2|134:4
CFG_058,B12,5,754.000,754.000,0.000,1.0000,3,0,2,69.000,0.000,69.000,69:2|134:4
CFG_058,B13,5,754.000,754.000,0.000,1.0000,3,0,2,69.000,0.000,69.000,69:2|134:4
CFG_058,B14,5,754.000,754.000,0.000,1.0000,3,0,2,69.000,0.000,69.000,69:2|134:4
CFG_058,B15,5,754.000,754.000,0.000,1.0000,3,0,2,69.000,0.000,69.000,69:2|134:4
CFG_058,B16,5,754.000,754.000,0.000,1.0000,3,0,2,69.000,0.000,69.000,69:2|134:4
CFG_058,B17,5,754.000,754.000,0.000,1.0000,3,0,2,69.000,0.000,69.000,69:2|134:4
CFG_058,B18,5,754.000,754.000,0.000,1.0000,3,0,2,69.000,0.000,69.000,69:2|134:4
CFG_058,B19,5,754.000,724.000,30.000,0.9602,2,2,2,69.000,20.000,89.000,69:4|134:1|234:1
CFG_058,B20,5,754.000,724.000,30.000,0.9602,2,2,2,69.000,20.000,89.000,69:4|134:1|234:1
CFG_058,B21,5,754.000,724.000,30.000,0.9602,2,0,2,69.000,20.000,89.000,69:4|134:1|234:1
CFG_058,D00,5,754.000,754.000,0.000,1.0000,5,0,0,69.000,0.000,69.000,69:2|134:4
CFG_058,D01,5,754.000,754.000,0.000,1.0000,5,0,0,69.000,0.000,69.000,69:2|134:4
CFG_058,D02,5,754.000,754.000,0.000,1.0000,5,0,0,69.000,0.000,69.000,69:2|134:4
CFG_058,D03,5,754.000,754.000,0.000,1.0000,5,0,0,69.000,0.000,69.000,69:2|134:4
CFG_058,D04,5,754.000,754.000,0.000,1.0000,5,0,0,69.000,0.000,69.000,69:2|134:4
CFG_058,D05,5,754.000,754.000,0.000,1.0000,5,0,0,69.000,0.000,69.000,69:2|134:4
CFG_058,D06,5,754.000,754.000,0.000,1.0000,5,0,0,69.000,0.000,69.000,69:2|134:4
CFG_058,D07,5,754.000,754.000,0.000,1.0000,5,0,0,69.000,0.000,69.000,69:2|134:4
CFG_058,D08,5,754.000,754.000,0.000,1.0000,5,0,0,69.000,0.000,69.000,69:2|134:4
CFG_058,D09,5,754.000,754.000,0.000,1.0000,5,0,0,69.000,0.000,69.000,69:2|134:4
CFG_058,D10,5,754.000,754.000,0.000,1.0000,5,0,0,69.000,0.000,69.000,69:2|134:4
CFG_058,D11,5,754.000,754.000,0.000,1.0000,5,0,0,69.000,0.000,69.000,69:2|134:4
CFG_058,D12,5,754.000,754.000,0.000,1.0000,5,0,0,69.000,0.000,69.000,69:2|134:4
CFG_058,D13,5,754.000,754.000,0.000,1.0000,5,0,0,69.000,0.000,69.000,69:2|134:4
CFG_058,D14,5,754.000,754.000,0.000,1.0000,5,0,0,69.000,0.000,69.000,69:2|134:4
CFG_058,D15,5,754.000,754.000,0.000,1.0000,5,0,0,69.000,0.000,69.000,69:2|134:4
CFG_058,D16,5,754.000,754.000,0.000,1.0000,4,0,1,69.000,0.000,69.000,69:2|134:4
CFG_058,D17,5,754.000,754.000,0.000,1.0000,4,0,1,69.000,0.000,69.000,69:2|134:4
CFG_058,D18,5,754.000,754.000,0.000,1.0000,4,0,1,69.000,0.000,69.000,69:2|134:4
CFG_058,D19,4,754.000,674.000,80.000,0.8939,2,1,1,69.000,65.000,134.000,69:3|174:1|229:1
CFG_058,D20,4,754.000,674.000,80.000,0.8939,2,1,1,69.000,65.000,134.000,69:3|174:1|229:1
CFG_058,D21,4,754.000,674.000,80.000,0.8939,2,0,1,69.000,65.000,134.000,69:3|174:1|229:1
CFG_058,E00,5,754.000,754.000,0.000,1.0000,5,1,0,69.000,0.000,69.000,69:2|134:4
CFG_058,E01,5,754.000,754.000,0.000,1.0000,5,1,0,69.000,0.000,69.000,69:2|134:4
CFG_058,E02,5,754.000,754.000,0.000,1.0000,5,1,0,69.000,0.000,69.000,69:2|134:4
CFG_058,E03,5,754.000,754.000,0.000,1.0000,5,1,0,69.000,0.000,69.000,69:2|134:4
CFG_058,E04,5,754.000,754.000,0.000,1.0000,5,1,0,69.000,0.000,69.000,69:2|134:4
CFG_058,E05,5,754.000,754.000,0.000,1.0000,5,1,0,69.000,0.000,69.000,69:2|134:4
CFG_058,E06,5,754.000,754.000,0.000,1.0000,5,1,0,69.000,0.000,69.000,69:2|134:4
CFG_058,E07,5,754.000,754.000,0.000,1.0000,5,1,0,69.000,0.000,69.000,69:2|134:4
CFG_058,E08,5,754.000,754.000,0.000,1.0000,5,1,0,69.000,0.000,69.000,69:2|134:4
CFG_058,E09,5,754.000,754.000,0.000,1.0000,5,1,0,69.000,0.000,69.000,69:2|134:4
CFG_058,E10,5,754.000,754.000,0.000,1.0000,5,1,0,69.000,0.000,69.000,69:2|134:4
CFG_058,E11,5,754.000,754.000,0.000,1.0000,5,1,0,69.000,0.000,69.000,69:2|134:4
CFG_058,E12,5,754.000,754.000,0.000,1.0000,5,1,0,69.000,0.000,69.000,69:2|134:4
CFG_058,E13,5,754.000,754.000,0.000,1.0000,5,1,0,69.000,0.000,69.000,69:2|134:4
CFG_058,E14,5,754.000,754.000,0.000,1.0000,5,1,0,69.000,0.000,69.000,69:2|134:4
CFG_058,E15,5,754.000,754.000,0.000,1.0000,5,1,0,69.000,0.000,69.000,69:2|134:4
CFG_058,E16,5,754.000,754.000,0.000,1.0000,5,1,0,69.000,0.000,69.000,69:2|134:4
CFG_058,E17,5,754.000,754.000,0.000,1.0000,5,1,0,69.000,0.000,69.000,69:2|134:4
CFG_058,E18,5,754.000,754.000,0.000,1.0000,5,1,0,69.000,0.000,69.000,69:2|134:4
CFG_058,E19,5,754.000,719.000,35.000,0.9536,3,2,1,69.000,20.000,89.000,69:4|134:1|229:1
CFG_058,E20,5,754.000,719.000,35.000,0.9536,3,2,1,69.000,20.000,89.000,69:4|134:1|229:1
CFG_058,E21,5,754.000,719.000,35.000,0.9536,3,0,1,69.000,20.000,89.000,69:4|134:1|229:1
CFG_058,F00,5,754.000,754.000,0.000,1.0000,5,0,0,69.000,0.000,69.000,69:2|134:4
CFG_058,F01,5,754.000,754.000,0.000,1.0000,5,0,0,69.000,0.000,69.000,69:2|134:4
CFG_058,F02,5,754.000,754.000,0.000,1.0000,5,0,0,69.000,0.000,69.000,69:2|134:4
CFG_058,F03,5,754.000,754.000,0.000,1.0000,5,0,0,69.000,0.000,69.000,69:2|134:4
CFG_058,F04,5,754.000,754.000,0.000,1.0000,5,0,0,69.000,0.000,69.000,69:2|134:4
CFG_058,F05,5,754.000,754.000,0.000,1.0000,5,0,0,69.000,0.000,69.000,69:2|134:4
CFG_058,F06,5,754.000,754.000,0.000,1.0000,5,0,0,69.000,0.000,69.000,69:2|134:4
CFG_058,F07,5,754.000,754.000,0.000,1.0000,5,1,0,69.000,0.000,69.000,69:2|134:4
CFG_058,F08,5,754.000,754.000,0.000,1.0000,5,1,0,69.000,0.000,69.000,69:2|134:4
CFG_058,F09,5,754.000,754.000,0.000,1.0000,5,1,0,69.000,0.000,69.000,69:2|134:4
CFG_058,F10,5,754.000,754.000,0.000,1.0000,5,1,0,69.000,0.000,69.000,69:2|134:4
CFG_058,F11,5,754.000,754.000,0.000,1.0000,5,1,0,69.000,0.000,69.000,69:2|134:4
CFG_058,F12,5,754.000,754.000,0.000,1.0000,5,1,0,69.000,0.000,69.000,69:2|134:4
CFG_058,F13,5,754.000,754.000,0.000,1.0000,5,1,0,69.000,0.000,69.000,69:2|134:4
CFG_058,F14,5,754.000,754.000,0.000,1.0000,5,1,0,69.000,0.000,69.000,69:2|134:4
CFG_058,F15,5,754.000,754.000,0.000,1.0000,5,1,0,69.000,0.000,69.000,69:2|134:4
CFG_058,F16,5,754.000,754.000,0.000,1.0000,5,1,0,69.000,0.000,69.000,69:2|134:4
CFG_058,F17,5,754.000,754.000,0.000,1.0000,5,1,0,69.000,0.000,69.000,69:2|134:4
CFG_058,F18,5,754.000,754.000,0.000,1.0000,5,1,0,69.000,0.000,69.000,69:2|134:4
CFG_058,F19,4,754.000,674.000,80.000,0.8939,3,2,0,69.000,65.000,134.000,69:3|174:1|229:1
CFG_058,F20,4,754.000,674.000,80.000,0.8939,3,2,0,69.000,65.000,134.000,69:3|174:1|229:1
CFG_058,F21,4,754.000,674.000,80.000,0.8939,3,1,0,69.000,65.000,134.000,69:3|174:1|229:1
CFG_058,G00,5,754.000,754.000,0.000,1.0000,5,0,0,69.000,0.000,69.000,69:2|134:4
CFG_058,G01,5,754.000,754.000,0.000,1.0000,5,0,0,69.000,0.000,69.000,69:2|134:4
CFG_058,G02,5,754.000,754.000,0.000,1.0000,5,0,0,69.000,0.000,69.000,69:2|134:4
CFG_058,G03,5,754.000,754.000,0.000,1.0000,5,0,0,69.000,0.000,69.000,69:2|134:4
CFG_058,G04,5,754.000,754.000,0.000,1.0000,5,0,0,69.000,0.000,69.000,69:2|134:4
CFG_058,G05,5,754.000,754.000,0.000,1.0000,5,0,0,69.000,0.000,69.000,69:2|134:4
CFG_058,G06,5,754.000,754.000,0.000,1.0000,5,0,0,69.000,0.000,69.000,69:2|134:4
CFG_058,G07,5,754.000,754.000,0.000,1.0000,5,0,0,69.000,0.000,69.000,69:2|134:4
CFG_058,G08,5,754.000,754.000,0.000,1.0000,5,0,0,69.000,0.000,69.000,69:2|134:4
CFG_058,G09,5,754.000,754.000,0.000,1.0000,5,0,0,69.000,0.000,69.000,69:2|134:4
CFG_058,G10,5,754.000,754.000,0.000,1.0000,5,0,0,69.000,0.000,69.000,69:2|134:4
CFG_058,G11,5,754.000,754.000,0.000,1.0000,5,0,0,69.000,0.000,69.000,69:2|134:4
CFG_058,G12,5,754.000,754.000,0.000,1.0000,5,0,0,69.000,0.000,69.000,69:2|134:4
CFG_058,G13,5,754.000,754.000,0.000,1.0000,5,0,0,69.000,0.000,69.000,69:2|134:4
CFG_058,G14,5,754.000,754.000,0.000,1.0000,5,0,0,69.000,0.000,69.000,69:2|134:4
CFG_058,G15,5,754.000,754.000,0.000,1.0000,5,0,0,69.000,0.000,69.000,69:2|134:4
CFG_058,G16,5,754.000,754.000,0.000,1.0000,5,0,0,69.000,0.000,69.000,69:2|134:4
CFG_058,G17,5,754.000,754.000,0.000,1.0000,5,0,0,69.000,0.000,69.000,69:2|134:4
CFG_058,G18,5,754.000,754.000,0.000,1.0000,5,0,0,69.000,0.000,69.000,69:2|134:4
CFG_058,G19,5,754.000,719.000,35.000,0.9536,3,1,1,69.000,20.000,89.000,69:4|134:1|229:1
CFG_058,G20,5,754.000,719.000,35.000,0.9536,3,1,1,69.000,20.000,89.000,69:4|134:1|229:1
CFG_058,G21,5,754.000,719.000,35.000,0.9536,3,0,1,69.000,20.000,89.000,69:4|134:1|229:1
CFG_058,H00,5,754.000,754.000,0.000,1.0000,4,0,1,69.000,0.000,69.000,69:2|134:4
CFG_058,H01,5,754.000,754.000,0.000,1.0000,4,0,1,69.000,0.000,69.000,69:2|134:4
CFG_058,H02,5,754.000,754.000,0.000,1.0000,4,0,1,69.000,0.000,69.000,69:2|134:4
CFG_058,H03,5,754.000,754.000,0.000,1.0000,4,0,1,69.000,0.000,69.000,69:2|134:4
CFG_058,H04,5,754.000,754.000,0.000,1.0000,4,0,1,69.000,0.000,69.000,69:2|134:4
CFG_058,H05,5,754.000,754.000,0.000,1.0000,4,0,1,69.000,0.000,69.000,69:2|134:4
CFG_058,H06,5,754.000,754.000,0.000,1.0000,4,0,1,69.000,0.000,69.000,69:2|134:4
CFG_058,H07,5,754.000,754.000,0.000,1.0000,4,0,1,69.000,0.000,69.000,69:2|134:4
CFG_058,H08,5,754.000,754.000,0.000,1.0000,4,0,1,69.000,0.000,69.000,69:2|134:4
CFG_058,H09,5,754.000,754.000,0.000,1.0000,4,0,1,69.000,0.000,69.000,69:2|134:4
CFG_058,H10,5,754.000,754.000,0.000,1.0000,4,0,1,69.000,0.000,69.000,69:2|134:4
CFG_058,H11,5,754.000,754.000,0.000,1.0000,4,0,1,69.000,0.000,69.000,69:2|134:4
CFG_058,H12,5,754.000,754.000,0.000,1.0000,4,0,1,69.000,0.000,69.000,69:2|134:4
CFG_058,H13,5,754.000,754.000,0.000,1.0000,4,0,1,69.000,0.000,69.000,69:2|134:4
CFG_058,H14,5,754.000,754.000,0.000,1.0000,4,0,1,69.000,0.000,69.000,69:2|134:4
CFG_058,H15,5,754.000,754.000,0.000,1.0000,4,0,1,69.000,0.000,69.000,69:2|134:4
CFG_058,H16,5,754.000,754.000,0.000,1.0000,4,0,1,69.000,0.000,69.000,69:2|134:4
CFG_058,H17,5,754.000,754.000,0.000,1.0000,4,0,1,69.000,0.000,69.000,69:2|134:4
CFG_058,H18,5,754.000,754.000,0.000,1.0000,4,0,1,69.000,0.000,69.000,69:2|134:4
CFG_058,H19,5,754.000,739.000,15.000,0.9801,2,1,2,69.000,20.000,89.000,69:3|89:1|134:1|229:1
CFG_058,H20,5,754.000,739.000,15.000,0.9801,2,1,2,69.000,20.000,89.000,69:3|89:1|134:1|229:1
CFG_058,H21,5,754.000,739.000,15.000,0.9801,2,0,2,69.000,20.000,89.000,69:3|89:1|134:1|229:1
CFG_058,I00,5,754.000,754.000,0.000,1.0000,4,0,1,69.000,0.000,69.000,69:2|134:4
CFG_058,I01,5,754.000,754.000,0.000,1.0000,4,0,1,69.000,0.000,69.000,69:2|134:4
CFG_058,I02,5,754.000,754.000,0.000,1.0000,4,0,1,69.000,0.000,69.000,69:2|134:4
CFG_058,I03,5,754.000,754.000,0.000,1.0000,4,0,1,69.000,0.000,69.000,69:2|134:4
CFG_058,I04,5,754.000,754.000,0.000,1.0000,4,0,1,69.000,0.000,69.000,69:2|134:4
CFG_058,I05,5,754.000,754.000,0.000,1.0000,4,0,1,69.000,0.000,69.000,69:2|134:4
CFG_058,I06,5,754.000,754.000,0.000,1.0000,4,0,1,69.000,0.000,69.000,69:2|134:4
CFG_058,I07,5,754.000,754.000,0.000,1.0000,4,0,1,69.000,0.000,69.000,69:2|134:4
CFG_058,I08,5,754.000,754.000,0.000,1.0000,4,0,1,69.000,0.000,69.000,69:2|134:4
CFG_058,I09,5,754.000,754.000,0.000,1.0000,4,0,1,69.000,0.000,69.000,69:2|134:4
CFG_058,I10,5,754.000,754.000,0.000,1.0000,4,0,1,69.000,0.000,69.000,69:2|134:4
CFG_058,I11,5,754.000,754.000,0.000,1.0000,4,0,1,69.000,0.000,69.000,69:2|134:4
CFG_058,I12,5,754.000,754.000,0.000,1.0000,4,0,1,69.000,0.000,69.000,69:2|134:4
CFG_058,I13,5,754.000,754.000,0.000,1.0000,4,0,1,69.000,0.000,69.000,69:2|134:4
CFG_058,I14,5,754.000,754.000,0.000,1.0000,4,0,1,69.000,0.000,69.000,69:2|134:4
CFG_058,I15,5,754.000,754.000,0.000,1.0000,4,0,1,69.000,0.000,69.000,69:2|134:4
CFG_058,I16,5,754.000,754.000,0.000,1.0000,4,0,1,69.000,0.000,69.000,69:2|134:4
CFG_058,I17,5,754.000,754.000,0.000,1.0000,4,0,1,69.000,0.000,69.000,69:2|134:4
CFG_058,I18,5,754.000,754.000,0.000,1.0000,4,0,1,69.000,0.000,69.000,69:2|134:4
CFG_058,I19,4,754.000,729.000,25.000,0.9668,3,1,1,69.000,20.000,89.000,69:3|229:2
CFG_058,I20,4,754.000,729.000,25.000,0.9668,3,1,1,69.000,20.000,89.000,69:3|229:2
CFG_058,I21,4,754.000,734.000,20.000,0.9735,3,0,1,69.000,20.000,89.000,69:3|229:1|234:1
CFG_058,J00,5,754.000,754.000,0.000,1.0000,5,0,0,69.000,0.000,69.000,69:2|134:4
CFG_058,J01,5,754.000,754.000,0.000,1.0000,5,0,0,69.000,0.000,69.000,69:2|134:4
CFG_058,J02,5,754.000,754.000,0.000,1.0000,5,0,0,69.000,0.000,69.000,69:2|134:4
CFG_058,J03,5,754.000,754.000,0.000,1.0000,5,0,0,69.000,0.000,69.000,69:2|134:4
CFG_058,J04,5,754.000,754.000,0.000,1.0000,3,0,1,69.000,0.000,69.000,69:2|134:4
CFG_058,J05,5,754.000,754.000,0.000,1.0000,3,0,1,69.000,0.000,69.000,69:2|134:4
CFG_058,J06,5,754.000,754.000,0.000,1.0000,3,0,1,69.000,0.000,69.000,69:2|134:4
CFG_058,J07,5,754.000,754.000,0.000,1.0000,3,0,1,69.000,0.000,69.000,69:2|134:4
CFG_058,J08,5,754.000,754.000,0.000,1.0000,3,0,1,69.000,0.000,69.000,69:2|134:4
CFG_058,J09,5,754.000,754.000,0.000,1.0000,3,0,1,69.000,0.000,69.000,69:2|134:4
CFG_058,J10,5,754.000,754.000,0.000,1.0000,3,0,1,69.000,0.000,69.000,69:2|134:4
CFG_058,J11,5,754.000,754.000,0.000,1.0000,3,0,1,69.000,0.000,69.000,69:2|134:4
CFG_058,J12,5,754.000,754.000,0.000,1.0000,3,0,1,69.000,0.000,69.000,69:2|134:4
CFG_058,J13,5,754.000,754.000,0.000,1.0000,3,0,1,69.000,0.000,69.000,69:2|134:4
CFG_058,J14,5,754.000,754.000,0.000,1.0000,3,0,1,69.000,0.000,69.000,69:2|134:4
CFG_058,J15,5,754.000,754.000,0.000,1.0000,3,0,1,69.000,0.000,69.000,69:2|134:4
CFG_058,J16,5,754.000,754.000,0.000,1.0000,3,0,1,69.000,0.000,69.000,69:2|134:4
CFG_058,J17,5,754.000,754.000,0.000,1.0000,3,0,1,69.000,0.000,69.000,69:2|134:4
CFG_058,J18,5,754.000,754.000,0.000,1.0000,3,0,1,69.000,0.000,69.000,69:2|134:4
CFG_058,J19,5,754.000,754.000,0.000,1.0000,2,1,2,69.000,0.000,69.000,69:4|174:1|224:1
CFG_058,J20,5,754.000,754.000,0.000,1.0000,2,1,2,69.000,0.000,69.000,69:4|174:1|224:1
CFG_058,J21,5,754.000,754.000,0.000,1.0000,2,0,2,69.000,0.000,69.000,69:4|174:1|224:1
CFG_058,K00,5,754.000,754.000,0.000,1.0000,5,0,0,69.000,0.000,69.000,69:2|134:4
CFG_058,K01,5,754.000,754.000,0.000,1.0000,5,0,0,69.000,0.000,69.000,69:2|134:4
CFG_058,K02,5,754.000,754.000,0.000,1.0000,5,0,0,69.000,0.000,69.000,69:2|134:4
CFG_058,K03,5,754.000,754.000,0.000,1.0000,5,0,0,69.000,0.000,69.000,69:2|134:4
CFG_058,K04,5,754.000,754.000,0.000,1.0000,3,0,1,69.000,0.000,69.000,69:2|134:4
CFG_058,K05,5,754.000,754.000,0.000,1.0000,3,0,1,69.000,0.000,69.000,69:2|134:4
CFG_058,K06,5,754.000,754.000,0.000,1.0000,3,0,1,69.000,0.000,69.000,69:2|134:4
CFG_058,K07,5,754.000,754.000,0.000,1.0000,4,0,0,69.000,0.000,69.000,69:2|134:4
CFG_058,K08,5,754.000,754.000,0.000,1.0000,5,0,0,69.000,0.000,69.000,69:2|134:4
CFG_058,K09,5,754.000,754.000,0.000,1.0000,5,0,0,69.000,0.000,69.000,69:2|134:4
CFG_058,K10,5,754.000,754.000,0.000,1.0000,5,0,0,69.000,0.000,69.000,69:2|134:4
CFG_058,K11,5,754.000,754.000,0.000,1.0000,5,0,0,69.000,0.000,69.000,69:2|134:4
CFG_058,K12,5,754.000,754.000,0.000,1.0000,5,0,0,69.000,0.000,69.000,69:2|134:4
CFG_058,K13,5,754.000,754.000,0.000,1.0000,5,0,0,69.000,0.000,69.000,69:2|134:4
CFG_058,K14,5,754.000,754.000,0.000,1.0000,5,0,0,69.000,0.000,69.000,69:2|134:4
CFG_058,K15,5,754.000,754.000,0.000,1.0000,5,0,0,69.000,0.000,69.000,69:2|134:4
CFG_058,K16,5,754.000,754.000,0.000,1.0000,5,0,0,69.000,0.000,69.000,69:2|134:4
CFG_058,K17,5,754.000,754.000,0.000,1.0000,5,0,0,69.000,0.000,69.000,69:2|134:4
CFG_058,K18,5,754.000,754.000,0.000,1.0000,5,0,0,69.000,0.000,69.000,69:2|134:4
CFG_058,K19,5,754.000,714.000,40.000,0.9469,2,0,2,69.000,20.000,89.000,69:4|134:1|224:1
CFG_058,K20,5,754.000,754.000,0.000,1.0000,2,0,2,69.000,0.000,69.000,69:4|174:1|224:1
CFG_058,K21,5,754.000,714.000,40.000,0.9469,2,0,2,69.000,20.000,89.000,69:4|134:1|224:1
CFG_061,A00,4,754.000,694.000,60.000,0.9204,1,0,1,54.000,35.000,89.000,54:3|234:2
CFG_061,A01,4,754.000,694.000,60.000,0.9204,1,0,1,54.000,35.000,89.000,54:3|234:2
CFG_061,A02,4,754.000,694.000,60.000,0.9204,1,0,1,54.000,35.000,89.000,54:3|234:2
CFG_061,A03,4,754.000,694.000,60.000,0.9204,1,0,1,54.000,35.000,89.000,54:3|234:2
CFG_061,A04,4,754.000,694.000,60.000,0.9204,1,0,1,54.000,35.000,89.000,54:3|234:2
CFG_061,A05,4,754.000,694.000,60.000,0.9204,1,0,1,54.000,35.000,89.000,54:3|234:2
CFG_061,A06,4,754.000,694.000,60.000,0.9204,1,0,1,54.000,35.000,89.000,54:3|234:2
CFG_061,A07,4,754.000,694.000,60.000,0.9204,1,0,1,54.000,35.000,89.000,54:3|234:2
CFG_061,A08,4,754.000,694.000,60.000,0.9204,1,0,1,54.000,35.000,89.000,54:3|234:2
CFG_061,A09,4,754.000,694.000,60.000,0.9204,1,0,1,54.000,35.000,89.000,54:3|234:2
CFG_061,A10,4,754.000,694.000,60.000,0.9204,1,0,1,54.000,35.000,89.000,54:3|234:2
CFG_061,A11,4,754.000,694.000,60.000,0.9204,1,0,1,54.000,35.000,89.000,54:3|234:2
CFG_061,A12,4,754.000,694.000,60.000,0.9204,1,0,1,54.000,35.000,89.000,54:3|234:2
CFG_061,A13,4,754.000,694.000,60.000,0.9204,1,0,1,54.000,35.000,89.000,54:3|234:2
CFG_061,A14,4,754.000,694.000,60.000,0.9204,1,0,1,54.000,35.000,89.000,54:3|234:2
CFG_061,A15,4,754.000,694.000,60.000,0.9204,1,0,1,54.000,35.000,89.000,54:3|234:2
CFG_061,B00,6,754.000,689.000,65.000,0.9138,3,0,3,54.000,35.000,89.000,54:5|89:1|234:1
CFG_061,B01,9,754.000,754.000,0.000,1.0000,3,0,6,54.000,0.000,54.000,54:8|89:2
CFG_061,B02,6,754.000,724.000,30.000,0.9602,3,0,3,54.000,35.000,89.000,54:4|89:2|234:1
CFG_061,B03,6,754.000,689.000,65.000,0.9138,3,0,3,54.000,35.000,89.000,54:5|89:1|234:1
CFG_061,B04,9,754.000,754.000,0.000,1.0000,3,0,6,54.000,0.000,54.000,54:8|89:2
CFG_061,B05,6,754.000,689.000,65.000,0.9138,3,0,3,54.000,35.000,89.000,54:5|89:1|234:1
CFG_061,B06,6,754.000,689.000,65.000,0.9138,3,0,3,54.000,35.000,89.000,54:5|89:1|234:1
CFG_061,B07,9,754.000,754.000,0.000,1.0000,3,0,6,54.000,0.000,54.000,54:8|89:2
CFG_061,B08,6,754.000,724.000,30.000,0.9602,3,0,3,54.000,35.000,89.000,54:4|89:2|234:1
CFG_061,B09,6,754.000,689.000,65.000,0.9138,3,0,3,54.000,35.000,89.000,54:5|89:1|234:1
CFG_061,B10,9,754.000,754.000,0.000,1.0000,3,0,6,54.000,0.000,54.000,54:8|89:2
CFG_061,B11,6,754.000,689.000,65.000,0.9138,3,0,3,54.000,35.000,89.000,54:5|89:1|234:1
CFG_061,B12,6,754.000,689.000,65.000,0.9138,3,0,3,54.000,35.000,89.000,54:5|89:1|234:1
CFG_061,B13,9,754.000,754.000,0.000,1.0000,3,0,6,54.000,0.000,54.000,54:8|89:2
CFG_061,B14,6,754.000,724.000,30.000,0.9602,3,0,3,54.000,35.000,89.000,54:4|89:2|234:1
CFG_061,B15,6,754.000,689.000,65.000,0.9138,3,0,3,54.000,35.000,89.000,54:5|89:1|234:1
CFG_061,B16,9,754.000,754.000,0.000,1.0000,3,0,6,54.000,0.000,54.000,54:8|89:2
CFG_061,B17,6,754.000,689.000,65.000,0.9138,3,0,3,54.000,35.000,89.000,54:5|89:1|234:1
CFG_061,B18,6,754.000,689.000,65.000,0.9138,3,0,3,54.000,35.000,89.000,54:5|89:1|234:1
CFG_061,B19,6,754.000,689.000,65.000,0.9138,2,2,3,54.000,35.000,89.000,54:5|89:1|234:1
CFG_061,B20,6,754.000,689.000,65.000,0.9138,2,2,3,54.000,35.000,89.000,54:5|89:1|234:1
CFG_061,B21,6,754.000,689.000,65.000,0.9138,2,0,3,54.000,35.000,89.000,54:5|89:1|234:1
CFG_061,D00,7,754.000,724.000,30.000,0.9602,5,0,2,54.000,35.000,89.000,54:7|234:1
CFG_061,D01,6,754.000,724.000,30.000,0.9602,5,0,1,54.000,35.000,89.000,54:4|89:2|234:1
CFG_061,D02,9,754.000,754.000,0.000,1.0000,5,0,4,54.000,0.000,54.000,54:8|89:2
CFG_061,D03,6,754.000,689.000,65.000,0.9138,5,0,1,54.000,35.000,89.000,54:5|89:1|234:1
CFG_061,D04,8,754.000,719.000,35.000,0.9536,5,0,3,54.000,35.000,89.000,54:6|89:3
CFG_061,D05,6,754.000,689.000,65.000,0.9138,5,0,1,54.000,35.000,89.000,54:5|89:1|234:1
CFG_061,D06,7,754.000,724.000,30.000,0.9602,5,0,2,54.000,35.000,89.000,54:7|234:1
CFG_061,D07,6,754.000,724.000,30.000,0.9602,5,0,1,54.000,35.000,89.000,54:4|89:2|234:1
CFG_061,D08,9,754.000,754.000,0.000,1.0000,5,0,4,54.000,0.000,54.000,54:8|89:2
CFG_061,D09,6,754.000,689.000,65.000,0.9138,5,0,1,54.000,35.000,89.000,54:5|89:1|234:1
CFG_061,D10,8,754.000,719.000,35.000,0.9536,5,0,3,54.000,35.000,89.000,54:6|89:3
CFG_061,D11,6,754.000,689.000,65.000,0.9138,5,0,1,54.000,35.000,89.000,54:5|89:1|234:1
CFG_061,D12,7,754.000,724.000,30.000,0.9602,5,0,2,54.000,35.000,89.000,54:7|234:1
CFG_061,D13,6,754.000,724.000,30.000,0.9602,5,0,1,54.000,35.000,89.000,54:4|89:2|234:1
CFG_061,D14,9,754.000,754.000,0.000,1.0000,5,0,4,54.000,0.000,54.000,54:8|89:2
CFG_061,D15,6,754.000,689.000,65.000,0.9138,5,0,1,54.000,35.000,89.000,54:5|89:1|234:1
CFG_061,D16,6,754.000,689.000,65.000,0.9138,4,0,2,54.000,35.000,89.000,54:5|89:1|234:1
CFG_061,D17,8,754.000,719.000,35.000,0.9536,4,0,4,54.000,35.000,89.000,54:6|89:3
CFG_061,D18,7,754.000,724.000,30.000,0.9602,4,0,3,54.000,35.000,89.000,54:7|234:1
CFG_061,D19,5,754.000,754.000,0.000,1.0000,3,1,2,54.000,0.000,54.000,54:4|229:2
CFG_061,D20,5,754.000,754.000,0.000,1.0000,3,1,2,54.000,0.000,54.000,54:4|229:2
CFG_061,D21,4,754.000,689.000,65.000,0.9138,3,0,1,54.000,35.000,89.000,54:3|229:1|234:1
CFG_061,E00,6,754.000,689.000,65.000,0.9138,6,0,0,54.000,35.000,89.000,54:5|89:1|234:1
CFG_061,E01,6,754.000,689.000,65.000,0.9138,6,0,0,54.000,35.000,89.000,54:5|89:1|234:1
CFG_061,E02,8,754.000,719.000,35.000,0.9536,6,0,2,54.000,35.000,89.000,54:6|89:3
CFG_061,E03,7,754.000,724.000,30.000,0.9602,6,0,1,54.000,35.000,89.000,54:7|234:1
CFG_061,E04,6,754.000,724.000,30.000,0.9602,6,0,1,54.000,35.000,89.000,54:4|89:2|234:1
CFG_061,E05,9,754.000,754.000,0.000,1.0000,6,0,3,54.000,0.000,54.000,54:8|89:2
CFG_061,E06,6,754.000,689.000,65.000,0.9138,6,0,1,54.000,35.000,89.000,54:5|89:1|234:1
CFG_061,E07,6,754.000,689.000,65.000,0.9138,6,0,0,54.000,35.000,89.000,54:5|89:1|234:1
CFG_061,E08,8,754.000,719.000,35.000,0.9536,6,0,2,54.000,35.000,89.000,54:6|89:3
CFG_061,E09,7,754.000,724.000,30.000,0.9602,6,0,1,54.000,35.000,89.000,54:7|234:1
CFG_061,E10,6,754.000,724.000,30.000,0.9602,6,0,1,54.000,35.000,89.000,54:4|89:2|234:1
CFG_061,E11,9,754.000,754.000,0.000,1.0000,6,0,3,54.000,0.000,54.000,54:8|89:2
CFG_061,E12,6,754.000,689.000,65.000,0.9138,6,0,1,54.000,35.000,89.000,54:5|89:1|234:1
CFG_061,E13,6,754.000,689.000,65.000,0.9138,6,0,1,54.000,35.000,89.000,54:5|89:1|234:1
CFG_061,E14,9,754.000,754.000,0.000,1.0000,6,0,3,54.000,0.000,54.000,54:8|89:2
CFG_061,E15,6,754.000,724.000,30.000,0.9602,6,0,1,54.000,35.000,89.000,54:4|89:2|234:1
CFG_061,E16,6,754.000,689.000,65.000,0.9138,6,0,1,54.000,35.000,89.000,54:5|89:1|234:1
CFG_061,E17,9,754.000,754.000,0.000,1.0000,6,0,3,54.000,0.000,54.000,54:8|89:2
CFG_061,E18,6,754.000,689.000,65.000,0.9138,6,0,1,54.000,35.000,89.000,54:5|89:1|234:1
CFG_061,E19,6,754.000,719.000,35.000,0.9536,3,2,2,54.000,35.000,89.000,54:4|89:2|229:1
CFG_061,E20,6,754.000,719.000,35.000,0.9536,3,2,2,54.000,35.000,89.000,54:4|89:2|229:1
CFG_061,E21,6,754.000,719.000,35.000,0.9536,3,0,2,54.000,35.000,89.000,54:4|89:2|229:1
CFG_061,F00,7,754.000,754.000,0.000,1.0000,5,0,2,54.000,0.000,54.000,54:2|89:6
CFG_061,F01,7,754.000,754.000,0.000,1.0000,5,0,2,54.000,0.000,54.000,54:2|89:6
CFG_061,F02,7,754.000,754.000,0.000,1.0000,5,0,2,54.000,0.000,54.000,54:2|89:6
CFG_061,F03,7,754.000,754.000,0.000,1.0000,5,0,2,54.000,0.000,54.000,54:2|89:6
CFG_061,F04,7,754.000,754.000,0.000,1.0000,5,0,2,54.000,0.000,54.000,54:2|89:6
CFG_061,F05,7,754.000,754.000,0.000,1.0000,5,0,2,54.000,0.000,54.000,54:2|89:6
CFG_061,F06,7,754.000,754.000,0.000,1.0000,5,0,2,54.000,0.000,54.000,54:2|89:6
CFG_061,F07,7,754.000,754.000,0.000,1.0000,6,0,1,54.000,0.000,54.000,54:2|89:6
CFG_061,F08,7,754.000,754.000,0.000,1.0000,6,0,1,54.000,0.000,54.000,54:2|89:6
CFG_061,F09,7,754.000,754.000,0.000,1.0000,6,0,1,54.000,0.000,54.000,54:2|89:6
CFG_061,F10,7,754.000,754.000,0.000,1.0000,6,0,1,54.000,0.000,54.000,54:2|89:6
CFG_061,F11,7,754.000,754.000,0.000,1.0000,6,0,1,54.000,0.000,54.000,54:2|89:6
CFG_061,F12,7,754.000,754.000,0.000,1.0000,6,0,1,54.000,0.000,54.000,54:2|89:6
CFG_061,F13,7,754.000,754.000,0.000,1.0000,6,0,1,54.000,0.000,54.000,54:2|89:6
CFG_061,F14,7,754.000,754.000,0.000,1.0000,6,0,1,54.000,0.000,54.000,54:2|89:6
CFG_061,F15,7,754.000,754.000,0.000,1.0000,6,0,1,54.000,0.000,54.000,54:2|89:6
CFG_061,F16,7,754.000,754.000,0.000,1.0000,6,0,1,54.000,0.000,54.000,54:2|89:6
CFG_061,F17,7,754.000,754.000,0.000,1.0000,6,0,1,54.000,0.000,54.000,54:2|89:6
CFG_061,F18,7,754.000,754.000,0.000,1.0000,6,0,1,54.000,0.000,54.000,54:2|89:6
CFG_061,F19,7,754.000,754.000,0.000,1.0000,4,1,2,54.000,0.000,54.000,54:6|89:1|229:1
CFG_061,F20,7,754.000,754.000,0.000,1.0000,4,1,2,54.000,0.000,54.000,54:6|89:1|229:1
CFG_061,F21,7,754.000,754.000,0.000,1.0000,4,0,2,54.000,0.000,54.000,54:6|89:1|229:1
CFG_061,G00,6,754.000,689.000,65.000,0.9138,5,0,1,54.000,35.000,89.000,54:5|89:1|234:1
CFG_061,G01,6,754.000,689.000,65.000,0.9138,5,0,1,54.000,35.000,89.000,54:5|89:1|234:1
CFG_061,G02,9,754.000,754.000,0.000,1.0000,5,0,4,54.000,0.000,54.000,54:8|89:2
CFG_061,G03,6,754.000,724.000,30.000,0.9602,5,0,1,54.000,35.000,89.000,54:4|89:2|234:1
CFG_061,G04,6,754.000,689.000,65.000,0.9138,5,0,1,54.000,35.000,89.000,54:5|89:1|234:1
CFG_061,G05,9,754.000,754.000,0.000,1.0000,5,0,4,54.000,0.000,54.000,54:8|89:2
CFG_061,G06,6,754.000,689.000,65.000,0.9138,5,0,1,54.000,35.000,89.000,54:5|89:1|234:1
CFG_061,G07,6,754.000,689.000,65.000,0.9138,5,0,1,54.000,35.000,89.000,54:5|89:1|234:1
CFG_061,G08,9,754.000,754.000,0.000,1.0000,5,0,4,54.000,0.000,54.000,54:8|89:2
CFG_061,G09,6,754.000,724.000,30.000,0.9602,5,0,1,54.000,35.000,89.000,54:4|89:2|234:1
CFG_061,G10,6,754.000,689.000,65.000,0.9138,5,0,1,54.000,35.000,89.000,54:5|89:1|234:1
CFG_061,G11,9,754.000,754.000,0.000,1.0000,5,0,4,54.000,0.000,54.000,54:8|89:2
CFG_061,G12,6,754.000,689.000,65.000,0.9138,5,0,1,54.000,35.000,89.000,54:5|89:1|234:1
CFG_061,G13,6,754.000,689.000,65.000,0.9138,5,0,1,54.000,35.000,89.000,54:5|89:1|234:1
CFG_061,G14,9,754.000,754.000,0.000,1.0000,5,0,4,54.000,0.000,54.000,54:8|89:2
CFG_061,G15,6,754.000,724.000,30.000,0.9602,5,0,1,54.000,35.000,89.000,54:4|89:2|234:1
CFG_061,G16,6,754.000,689.000,65.000,0.9138,5,0,1,54.000,35.000,89.000,54:5|89:1|234:1
CFG_061,G17,9,754.000,754.000,0.000,1.0000,5,0,4,54.000,0.000,54.000,54:8|89:2
CFG_061,G18,6,754.000,689.000,65.000,0.9138,5,0,1,54.000,35.000,89.000,54:5|89:1|234:1
CFG_061,G19,5,754.000,754.000,0.000,1.0000,4,1,1,54.000,0.000,54.000,54:4|229:2
CFG_061,G20,5,754.000,754.000,0.000,1.0000,4,1,1,54.000,0.000,54.000,54:4|229:2
CFG_061,G21,4,754.000,689.000,65.000,0.9138,4,0,0,54.000,35.000,89.000,54:3|229:1|234:1
CFG_061,H00,6,754.000,724.000,30.000,0.9602,4,0,2,54.000,35.000,89.000,54:4|89:2|234:1
CFG_061,H01,6,754.000,689.000,65.000,0.9138,4,0,2,54.000,35.000,89.000,54:5|89:1|234:1
CFG_061,H02,9,754.000,754.000,0.000,1.0000,4,0,5,54.000,0.000,54.000,54:8|89:2
CFG_061,H03,6,754.000,689.000,65.000,0.9138,4,0,2,54.000,35.000,89.000,54:5|89:1|234:1
CFG_061,H04,6,754.000,689.000,65.000,0.9138,4,0,2,54.000,35.000,89.000,54:5|89:1|234:1
CFG_061,H05,9,754.000,754.000,0.000,1.0000,4,0,5,54.000,0.000,54.000,54:8|89:2
CFG_061,H06,6,754.000,724.000,30.000,0.9602,4,0,2,54.000,35.000,89.000,54:4|89:2|234:1
CFG_061,H07,6,754.000,689.000,65.000,0.9138,4,0,2,54.000,35.000,89.000,54:5|89:1|234:1
CFG_061,H08,9,754.000,754.000,0.000,1.0000,4,0,5,54.000,0.000,54.000,54:8|89:2
CFG_061,H09,6,754.000,689.000,65.000,0.9138,4,0,2,54.000,35.000,89.000,54:5|89:1|234:1
CFG_061,H10,6,754.000,689.000,65.000,0.9138,4,0,2,54.000,35.000,89.000,54:5|89:1|234:1
CFG_061,H11,9,754.000,754.000,0.000,1.0000,4,0,5,54.000,0.000,54.000,54:8|89:2
CFG_061,H12,6,754.000,724.000,30.000,0.9602,4,0,2,54.000,35.000,89.000,54:4|89:2|234:1
CFG_061,H13,6,754.000,689.000,65.000,0.9138,4,0,2,54.000,35.000,89.000,54:5|89:1|234:1
CFG_061,H14,9,754.000,754.000,0.000,1.0000,4,0,5,54.000,0.000,54.000,54:8|89:2
CFG_061,H15,6,754.000,689.000,65.000,0.9138,4,0,2,54.000,35.000,89.000,54:5|89:1|234:1
CFG_061,H16,6,754.000,689.000,65.000,0.9138,4,0,2,54.000,35.000,89.000,54:5|89:1|234:1
CFG_061,H17,9,754.000,754.000,0.000,1.0000,4,0,5,54.000,0.000,54.000,54:8|89:2
CFG_061,H18,6,754.000,724.000,30.000,0.9602,4,0,2,54.000,35.000,89.000,54:4|89:2|234:1
CFG_061,H19,6,754.000,719.000,35.000,0.9536,2,1,3,54.000,35.000,89.000,54:4|89:2|229:1
CFG_061,H20,6,754.000,719.000,35.000,0.9536,2,1,3,54.000,35.000,89.000,54:4|89:2|229:1
CFG_061,H21,6,754.000,719.000,35.000,0.9536,2,0,3,54.000,35.000,89.000,54:4|89:2|229:1
CFG_061,I00,6,754.000,689.000,65.000,0.9138,4,0,2,54.000,35.000,89.000,54:5|89:1|234:1
CFG_061,I01,6,754.000,689.000,65.000,0.9138,4,0,2,54.000,35.000,89.000,54:5|89:1|234:1
CFG_061,I02,6,754.000,689.000,65.000,0.9138,4,0,2,54.000,35.000,89.000,54:5|89:1|234:1
CFG_061,I03,9,754.000,754.000,0.000,1.0000,4,0,5,54.000,0.000,54.000,54:8|89:2
CFG_061,I04,6,754.000,724.000,30.000,0.9602,4,0,2,54.000,35.000,89.000,54:4|89:2|234:1
CFG_061,I05,9,754.000,754.000,0.000,1.0000,4,0,5,54.000,0.000,54.000,54:8|89:2
CFG_061,I06,6,754.000,689.000,65.000,0.9138,4,0,2,54.000,35.000,89.000,54:5|89:1|234:1
CFG_061,I07,6,754.000,689.000,65.000,0.9138,4,0,2,54.000,35.000,89.000,54:5|89:1|234:1
CFG_061,I08,6,754.000,689.000,65.000,0.9138,4,0,2,54.000,35.000,89.000,54:5|89:1|234:1
CFG_061,I09,9,754.000,754.000,0.000,1.0000,4,0,5,54.000,0.000,54.000,54:8|89:2
CFG_061,I10,6,754.000,724.000,30.000,0.9602,4,0,2,54.000,35.000,89.000,54:4|89:2|234:1
CFG_061,I11,9,754.000,754.000,0.000,1.0000,4,0,5,54.000,0.000,54.000,54:8|89:2
CFG_061,I12,6,754.000,689.000,65.000,0.9138,4,0,2,54.000,35.000,89.000,54:5|89:1|234:1
CFG_061,I13,6,754.000,689.000,65.000,0.9138,4,0,2,54.000,35.000,89.000,54:5|89:1|234:1
CFG_061,I14,6,754.000,689.000,65.000,0.9138,4,0,2,54.000,35.000,89.000,54:5|89:1|234:1
CFG_061,I15,9,754.000,754.000,0.000,1.0000,4,0,5,54.000,0.000,54.000,54:8|89:2
CFG_061,I16,6,754.000,724.000,30.000,0.9602,4,0,2,54.000,35.000,89.000,54:4|89:2|234:1
CFG_061,I17,9,754.000,754.000,0.000,1.0000,4,0,5,54.000,0.000,54.000,54:8|89:2
CFG_061,I18,6,754.000,689.000,65.000,0.9138,4,0,2,54.000,35.000,89.000,54:5|89:1|234:1
CFG_061,I19,5,754.000,754.000,0.000,1.0000,3,1,2,54.000,0.000,54.000,54:4|229:2
CFG_061,I20,5,754.000,754.000,0.000,1.0000,3,1,2,54.000,0.000,54.000,54:4|229:2
CFG_061,I21,4,754.000,689.000,65.000,0.9138,3,0,1,54.000,35.000,89.000,54:3|229:1|234:1
CFG_061,J00,7,754.000,754.000,0.000,1.0000,5,0,2,54.000,0.000,54.000,54:2|89:6
CFG_061,J01,7,754.000,754.000,0.000,1.0000,5,0,2,54.000,0.000,54.000,54:2|89:6
CFG_061,J02,7,754.000,754.000,0.000,1.0000,5,0,2,54.000,0.000,54.000,54:2|89:6
CFG_061,J03,7,754.000,754.000,0.000,1.0000,5,0,2,54.000,0.000,54.000,54:2|89:6
CFG_061,J04,7,754.000,754.000,0.000,1.0000,4,0,3,54.000,0.000,54.000,54:2|89:6
CFG_061,J05,7,754.000,754.000,0.000,1.0000,4,0,3,54.000,0.000,54.000,54:2|89:6
CFG_061,J06,7,754.000,754.000,0.000,1.0000,4,0,3,54.000,0.000,54.000,54:2|89:6
CFG_061,J07,7,754.000,754.000,0.000,1.0000,4,0,3,54.000,0.000,54.000,54:2|89:6
CFG_061,J08,7,754.000,754.000,0.000,1.0000,4,0,3,54.000,0.000,54.000,54:2|89:6
CFG_061,J09,7,754.000,754.000,0.000,1.0000,4,0,3,54.000,0.000,54.000,54:2|89:6
CFG_061,J10,7,754.000,754.000,0.000,1.0000,4,0,3,54.000,0.000,54.000,54:2|89:6
CFG_061,J11,7,754.000,754.000,0.000,1.0000,4,0,3,54.000,0.000,54.000,54:2|89:6
CFG_061,J12,7,754.000,754.000,0.000,1.0000,4,0,3,54.000,0.000,54.000,54:2|89:6
CFG_061,J13,7,754.000,754.000,0.000,1.0000,4,0,3,54.000,0.000,54.000,54:2|89:6
CFG_061,J14,7,754.000,754.000,0.000,1.0000,4,0,3,54.000,0.000,54.000,54:2|89:6
CFG_061,J15,7,754.000,754.000,0.000,1.0000,4,0,3,54.000,0.000,54.000,54:2|89:6
CFG_061,J16,7,754.000,754.000,0.000,1.0000,4,0,3,54.000,0.000,54.000,54:2|89:6
CFG_061,J17,7,754.000,754.000,0.000,1.0000,4,0,3,54.000,0.000,54.000,54:2|89:6
CFG_061,J18,7,754.000,754.000,0.000,1.0000,4,0,3,54.000,0.000,54.000,54:2|89:6
CFG_061,J19,7,754.000,749.000,5.000,0.9934,2,1,4,54.000,0.000,54.000,54:6|89:1|224:1
CFG_061,J20,7,754.000,749.000,5.000,0.9934,2,1,4,54.000,0.000,54.000,54:6|89:1|224:1
CFG_061,J21,7,754.000,749.000,5.000,0.9934,2,0,4,54.000,0.000,54.000,54:6|89:1|224:1
CFG_061,K00,6,754.000,689.000,65.000,0.9138,5,0,1,54.000,35.000,89.000,54:5|89:1|234:1
CFG_061,K01,6,754.000,689.000,65.000,0.9138,5,0,1,54.000,35.000,89.000,54:5|89:1|234:1
CFG_061,K02,6,754.000,689.000,65.000,0.9138,5,0,1,54.000,35.000,89.000,54:5|89:1|234:1
CFG_061,K03,9,754.000,754.000,0.000,1.0000,5,0,4,54.000,0.000,54.000,54:8|89:2
CFG_061,K04,6,754.000,724.000,30.000,0.9602,4,0,2,54.000,35.000,89.000,54:4|89:2|234:1
CFG_061,K05,9,754.000,754.000,0.000,1.0000,4,0,5,54.000,0.000,54.000,54:8|89:2
CFG_061,K06,6,754.000,689.000,65.000,0.9138,4,0,2,54.000,35.000,89.000,54:5|89:1|234:1
CFG_061,K07,6,754.000,689.000,65.000,0.9138,4,0,1,54.000,35.000,89.000,54:5|89:1|234:1
CFG_061,K08,6,754.000,689.000,65.000,0.9138,5,0,1,54.000,35.000,89.000,54:5|89:1|234:1
CFG_061,K09,9,754.000,754.000,0.000,1.0000,5,0,4,54.000,0.000,54.000,54:8|89:2
CFG_061,K10,6,754.000,689.000,65.000,0.9138,5,0,1,54.000,35.000,89.000,54:5|89:1|234:1
CFG_061,K11,8,754.000,719.000,35.000,0.9536,5,0,3,54.000,35.000,89.000,54:6|89:3
CFG_061,K12,6,754.000,689.000,65.000,0.9138,5,0,1,54.000,35.000,89.000,54:5|89:1|234:1
CFG_061,K13,6,754.000,689.000,65.000,0.9138,5,0,1,54.000,35.000,89.000,54:5|89:1|234:1
CFG_061,K14,9,754.000,754.000,0.000,1.0000,5,0,4,54.000,0.000,54.000,54:8|89:2
CFG_061,K15,6,754.000,689.000,65.000,0.9138,5,0,1,54.000,35.000,89.000,54:5|89:1|234:1
CFG_061,K16,6,754.000,689.000,65.000,0.9138,5,0,1,54.000,35.000,89.000,54:5|89:1|234:1
CFG_061,K17,9,754.000,754.000,0.000,1.0000,5,0,4,54.000,0.000,54.000,54:8|89:2
CFG_061,K18,6,754.000,724.000,30.000,0.9602,5,0,1,54.000,35.000,89.000,54:4|89:2|234:1
CFG_061,K19,6,754.000,714.000,40.000,0.9469,3,0,3,54.000,35.000,89.000,54:4|89:2|224:1
CFG_061,K20,5,754.000,754.000,0.000,1.0000,3,0,2,54.000,0.000,54.000,54:4|224:1|234:1
CFG_061,K21,6,754.000,714.000,40.000,0.9469,3,0,3,54.000,35.000,89.000,54:4|89:2|224:1
CFG_066,A00,4,754.000,754.000,0.000,1.0000,1,0,1,59.000,0.000,59.000,59:2|104:1|234:2
CFG_066,A01,4,754.000,754.000,0.000,1.0000,1,0,1,59.000,0.000,59.000,59:2|104:1|234:2
CFG_066,A02,4,754.000,754.000,0.000,1.0000,1,0,1,59.000,0.000,59.000,59:2|104:1|234:2
CFG_066,A03,4,754.000,754.000,0.000,1.0000,1,0,1,59.000,0.000,59.000,59:2|104:1|234:2
CFG_066,A04,4,754.000,754.000,0.000,1.0000,1,0,1,59.000,0.000,59.000,59:2|104:1|234:2
CFG_066,A05,4,754.000,754.000,0.000,1.0000,1,0,1,59.000,0.000,59.000,59:2|104:1|234:2
CFG_066,A06,4,754.000,754.000,0.000,1.0000,1,0,1,59.000,0.000,59.000,59:2|104:1|234:2
CFG_066,A07,4,754.000,754.000,0.000,1.0000,1,0,1,59.000,0.000,59.000,59:2|104:1|234:2
CFG_066,A08,4,754.000,754.000,0.000,1.0000,1,0,1,59.000,0.000,59.000,59:2|104:1|234:2
CFG_066,A09,4,754.000,754.000,0.000,1.0000,1,0,1,59.000,0.000,59.000,59:2|104:1|234:2
CFG_066,A10,4,754.000,754.000,0.000,1.0000,1,0,1,59.000,0.000,59.000,59:2|104:1|234:2
CFG_066,A11,4,754.000,754.000,0.000,1.0000,1,0,1,59.000,0.000,59.000,59:2|104:1|234:2
CFG_066,A12,4,754.000,754.000,0.000,1.0000,1,0,1,59.000,0.000,59.000,59:2|104:1|234:2
CFG_066,A13,4,754.000,754.000,0.000,1.0000,1,0,1,59.000,0.000,59.000,59:2|104:1|234:2
CFG_066,A14,4,754.000,754.000,0.000,1.0000,1,0,1,59.000,0.000,59.000,59:2|104:1|234:2
CFG_066,A15,4,754.000,754.000,0.000,1.0000,1,0,1,59.000,0.000,59.000,59:2|104:1|234:2
CFG_066,B00,4,754.000,754.000,0.000,1.0000,1,0,1,59.000,0.000,59.000,59:2|104:1|234:2
CFG_066,B01,4,754.000,754.000,0.000,1.0000,1,0,1,59.000,0.000,59.000,59:2|104:1|234:2
CFG_066,B02,4,754.000,754.000,0.000,1.0000,1,0,1,59.000,0.000,59.000,59:2|104:1|234:2
CFG_066,B03,4,754.000,754.000,0.000,1.0000,1,0,1,59.000,0.000,59.000,59:2|104:1|234:2
CFG_066,B04,4,754.000,754.000,0.000,1.0000,1,0,1,59.000,0.000,59.000,59:2|104:1|234:2
CFG_066,B05,4,754.000,754.000,0.000,1.0000,1,0,1,59.000,0.000,59.000,59:2|104:1|234:2
CFG_066,B06,4,754.000,754.000,0.000,1.0000,1,0,1,59.000,0.000,59.000,59:2|104:1|234:2
CFG_066,B07,4,754.000,754.000,0.000,1.0000,1,0,1,59.000,0.000,59.000,59:2|104:1|234:2
CFG_066,B08,4,754.000,754.000,0.000,1.0000,1,0,1,59.000,0.000,59.000,59:2|104:1|234:2
CFG_066,B09,4,754.000,754.000,0.000,1.0000,1,0,1,59.000,0.000,59.000,59:2|104:1|234:2
CFG_066,B10,4,754.000,754.000,0.000,1.0000,1,0,1,59.000,0.000,59.000,59:2|104:1|234:2
CFG_066,B11,4,754.000,754.000,0.000,1.0000,1,0,1,59.000,0.000,59.000,59:2|104:1|234:2
CFG_066,B12,4,754.000,754.000,0.000,1.0000,1,0,1,59.000,0.000,59.000,59:2|104:1|234:2
CFG_066,B13,4,754.000,754.000,0.000,1.0000,1,0,1,59.000,0.000,59.000,59:2|104:1|234:2
CFG_066,B14,4,754.000,754.000,0.000,1.0000,1,0,1,59.000,0.000,59.000,59:2|104:1|234:2
CFG_066,B15,4,754.000,754.000,0.000,1.0000,1,0,1,59.000,0.000,59.000,59:2|104:1|234:2
CFG_066,B16,4,754.000,754.000,0.000,1.0000,1,0,1,59.000,0.000,59.000,59:2|104:1|234:2
CFG_066,B17,4,754.000,754.000,0.000,1.0000,1,0,1,59.000,0.000,59.000,59:2|104:1|234:2
CFG_066,B18,4,754.000,754.000,0.000,1.0000,1,0,1,59.000,0.000,59.000,59:2|104:1|234:2
CFG_066,B19,6,754.000,729.000,25.000,0.9668,2,2,3,59.000,45.000,104.000,59:5|104:1|234:1
CFG_066,B20,6,754.000,729.000,25.000,0.9668,2,2,3,59.000,45.000,104.000,59:5|104:1|234:1
CFG_066,B21,6,754.000,729.000,25.000,0.9668,2,0,3,59.000,45.000,104.000,59:5|104:1|234:1
CFG_066,D00,4,754.000,754.000,0.000,1.0000,4,1,0,59.000,0.000,59.000,59:2|104:1|234:2
CFG_066,D01,4,754.000,754.000,0.000,1.0000,4,1,0,59.000,0.000,59.000,59:2|104:1|234:2
CFG_066,D02,4,754.000,754.000,0.000,1.0000,4,1,0,59.000,0.000,59.000,59:2|104:1|234:2
CFG_066,D03,4,754.000,754.000,0.000,1.0000,4,1,0,59.000,0.000,59.000,59:2|104:1|234:2
CFG_066,D04,4,754.000,754.000,0.000,1.0000,4,1,0,59.000,0.000,59.000,59:2|104:1|234:2
CFG_066,D05,4,754.000,754.000,0.000,1.0000,4,1,0,59.000,0.000,59.000,59:2|104:1|234:2
CFG_066,D06,4,754.000,754.000,0.000,1.0000,4,1,0,59.000,0.000,59.000,59:2|104:1|234:2
CFG_066,D07,4,754.000,754.000,0.000,1.0000,4,1,0,59.000,0.000,59.000,59:2|104:1|234:2
CFG_066,D08,4,754.000,754.000,0.000,1.0000,4,1,0,59.000,0.000,59.000,59:2|104:1|234:2
CFG_066,D09,4,754.000,754.000,0.000,1.0000,4,1,0,59.000,0.000,59.000,59:2|104:1|234:2
CFG_066,D10,4,754.000,754.000,0.000,1.0000,4,1,0,59.000,0.000,59.000,59:2|104:1|234:2
CFG_066,D11,4,754.000,754.000,0.000,1.0000,4,1,0,59.000,0.000,59.000,59:2|104:1|234:2
CFG_066,D12,4,754.000,754.000,0.000,1.0000,4,1,0,59.000,0.000,59.000,59:2|104:1|234:2
CFG_066,D13,4,754.000,754.000,0.000,1.0000,4,1,0,59.000,0.000,59.000,59:2|104:1|234:2
CFG_066,D14,4,754.000,754.000,0.000,1.0000,4,1,0,59.000,0.000,59.000,59:2|104:1|234:2
CFG_066,D15,4,754.000,754.000,0.000,1.0000,4,1,0,59.000,0.000,59.000,59:2|104:1|234:2
CFG_066,D16,4,754.000,754.000,0.000,1.0000,4,0,0,59.000,0.000,59.000,59:2|104:1|234:2
CFG_066,D17,4,754.000,754.000,0.000,1.0000,4,0,0,59.000,0.000,59.000,59:2|104:1|234:2
CFG_066,D18,4,754.000,754.000,0.000,1.0000,4,0,0,59.000,0.000,59.000,59:2|104:1|234:2
CFG_066,D19,4,754.000,699.000,55.000,0.9271,3,1,1,59.000,45.000,104.000,59:3|229:2
CFG_066,D20,4,754.000,699.000,55.000,0.9271,3,1,1,59.000,45.000,104.000,59:3|229:2
CFG_066,D21,4,754.000,704.000,50.000,0.9337,3,0,1,59.000,45.000,104.000,59:3|229:1|234:1
CFG_066,E00,4,754.000,754.000,0.000,1.0000,4,2,0,59.000,0.000,59.000,59:2|104:1|234:2
CFG_066,E01,4,754.000,754.000,0.000,1.0000,4,2,0,59.000,0.000,59.000,59:2|104:1|234:2
CFG_066,E02,4,754.000,754.000,0.000,1.0000,4,2,0,59.000,0.000,59.000,59:2|104:1|234:2
CFG_066,E03,4,754.000,754.000,0.000,1.0000,4,2,0,59.000,0.000,59.000,59:2|104:1|234:2
CFG_066,E04,4,754.000,754.000,0.000,1.0000,4,2,0,59.000,0.000,59.000,59:2|104:1|234:2
CFG_066,E05,4,754.000,754.000,0.000,1.0000,4,2,0,59.000,0.000,59.000,59:2|104:1|234:2
CFG_066,E06,4,754.000,754.000,0.000,1.0000,4,2,0,59.000,0.000,59.000,59:2|104:1|234:2
CFG_066,E07,4,754.000,754.000,0.000,1.0000,4,2,0,59.000,0.000,59.000,59:2|104:1|234:2
CFG_066,E08,4,754.000,754.000,0.000,1.0000,4,2,0,59.000,0.000,59.000,59:2|104:1|234:2
CFG_066,E09,4,754.000,754.000,0.000,1.0000,4,2,0,59.000,0.000,59.000,59:2|104:1|234:2
CFG_066,E10,4,754.000,754.000,0.000,1.0000,4,2,0,59.000,0.000,59.000,59:2|104:1|234:2
CFG_066,E11,4,754.000,754.000,0.000,1.0000,4,2,0,59.000,0.000,59.000,59:2|104:1|234:2
CFG_066,E12,4,754.000,754.000,0.000,1.0000,4,2,0,59.000,0.000,59.000,59:2|104:1|234:2
CFG_066,E13,4,754.000,754.000,0.000,1.0000,4,2,0,59.000,0.000,59.000,59:2|104:1|234:2
CFG_066,E14,4,754.000,754.000,0.000,1.0000,4,2,0,59.000,0.000,59.000,59:2|104:1|234:2
CFG_066,E15,4,754.000,754.000,0.000,1.0000,4,2,0,59.000,0.000,59.000,59:2|104:1|234:2
CFG_066,E16,4,754.000,754.000,0.000,1.0000,4,2,0,59.000,0.000,59.000,59:2|104:1|234:2
CFG_066,E17,4,754.000,754.000,0.000,1.0000,4,2,0,59.000,0.000,59.000,59:2|104:1|234:2
CFG_066,E18,4,754.000,754.000,0.000,1.0000,4,2,0,59.000,0.000,59.000,59:2|104:1|234:2
CFG_066,E19,6,754.000,724.000,30.000,0.9602,3,2,2,59.000,45.000,104.000,59:5|104:1|229:1
CFG_066,E20,6,754.000,724.000,30.000,0.9602,3,2,2,59.000,45.000,104.000,59:5|104:1|229:1
CFG_066,E21,6,754.000,724.000,30.000,0.9602,3,0,2,59.000,45.000,104.000,59:5|104:1|229:1
CFG_066,F00,4,754.000,754.000,0.000,1.0000,4,1,0,59.000,0.000,59.000,59:2|104:1|234:2
CFG_066,F01,4,754.000,754.000,0.000,1.0000,4,1,0,59.000,0.000,59.000,59:2|104:1|234:2
CFG_066,F02,4,754.000,754.000,0.000,1.0000,4,1,0,59.000,0.000,59.000,59:2|104:1|234:2
CFG_066,F03,4,754.000,754.000,0.000,1.0000,4,1,0,59.000,0.000,59.000,59:2|104:1|234:2
CFG_066,F04,4,754.000,754.000,0.000,1.0000,4,1,0,59.000,0.000,59.000,59:2|104:1|234:2
CFG_066,F05,4,754.000,754.000,0.000,1.0000,4,1,0,59.000,0.000,59.000,59:2|104:1|234:2
CFG_066,F06,4,754.000,754.000,0.000,1.0000,4,1,0,59.000,0.000,59.000,59:2|104:1|234:2
CFG_066,F07,4,754.000,754.000,0.000,1.0000,4,2,0,59.000,0.000,59.000,59:2|104:1|234:2
CFG_066,F08,4,754.000,754.000,0.000,1.0000,4,2,0,59.000,0.000,59.000,59:2|104:1|234:2
CFG_066,F09,4,754.000,754.000,0.000,1.0000,4,2,0,59.000,0.000,59.000,59:2|104:1|234:2
CFG_066,F10,4,754.000,754.000,0.000,1.0000,4,2,0,59.000,0.000,59.000,59:2|104:1|234:2
CFG_066,F11,4,754.000,754.000,0.000,1.0000,4,2,0,59.000,0.000,59.000,59:2|104:1|234:2
CFG_066,F12,4,754.000,754.000,0.000,1.0000,4,2,0,59.000,0.000,59.000,59:2|104:1|234:2
CFG_066,F13,4,754.000,754.000,0.000,1.0000,4,2,0,59.000,0.000,59.000,59:2|104:1|234:2
CFG_066,F14,4,754.000,754.000,0.000,1.0000,4,2,0,59.000,0.000,59.000,59:2|104:1|234:2
CFG_066,F15,4,754.000,754.000,0.000,1.0000,4,2,0,59.000,0.000,59.000,59:2|104:1|234:2
CFG_066,F16,4,754.000,754.000,0.000,1.0000,4,2,0,59.000,0.000,59.000,59:2|104:1|234:2
CFG_066,F17,4,754.000,754.000,0.000,1.0000,4,2,0,59.000,0.000,59.000,59:2|104:1|234:2
CFG_066,F18,4,754.000,754.000,0.000,1.0000,4,2,0,59.000,0.000,59.000,59:2|104:1|234:2
CFG_066,F19,4,754.000,699.000,55.000,0.9271,4,2,0,59.000,45.000,104.000,59:3|229:2
CFG_066,F20,4,754.000,699.000,55.000,0.9271,4,2,0,59.000,45.000,104.000,59:3|229:2
CFG_066,F21,4,754.000,704.000,50.000,0.9337,4,1,0,59.000,45.000,104.000,59:3|229:1|234:1
CFG_066,G00,4,754.000,754.000,0.000,1.0000,4,1,0,59.000,0.000,59.000,59:2|104:1|234:2
CFG_066,G01,4,754.000,754.000,0.000,1.0000,4,1,0,59.000,0.000,59.000,59:2|104:1|234:2
CFG_066,G02,4,754.000,754.000,0.000,1.0000,4,1,0,59.000,0.000,59.000,59:2|104:1|234:2
CFG_066,G03,4,754.000,754.000,0.000,1.0000,4,1,0,59.000,0.000,59.000,59:2|104:1|234:2
CFG_066,G04,4,754.000,754.000,0.000,1.0000,4,1,0,59.000,0.000,59.000,59:2|104:1|234:2
CFG_066,G05,4,754.000,754.000,0.000,1.0000,4,1,0,59.000,0.000,59.000,59:2|104:1|234:2
CFG_066,G06,4,754.000,754.000,0.000,1.0000,4,1,0,59.000,0.000,59.000,59:2|104:1|234:2
CFG_066,G07,4,754.000,754.000,0.000,1.0000,4,1,0,59.000,0.000,59.000,59:2|104:1|234:2
CFG_066,G08,4,754.000,754.000,0.000,1.0000,4,1,0,59.000,0.000,59.000,59:2|104:1|234:2
CFG_066,G09,4,754.000,754.000,0.000,1.0000,4,1,0,59.000,0.000,59.000,59:2|104:1|234:2
CFG_066,G10,4,754.000,754.000,0.000,1.0000,4,1,0,59.000,0.000,59.000,59:2|104:1|234:2
CFG_066,G11,4,754.000,754.000,0.000,1.0000,4,1,0,59.000,0.000,59.000,59:2|104:1|234:2
CFG_066,G12,4,754.000,754.000,0.000,1.0000,4,1,0,59.000,0.000,59.000,59:2|104:1|234:2
CFG_066,G13,4,754.000,754.000,0.000,1.0000,4,1,0,59.000,0.000,59.000,59:2|104:1|234:2
CFG_066,G14,4,754.000,754.000,0.000,1.0000,4,1,0,59.000,0.000,59.000,59:2|104:1|234:2
CFG_066,G15,4,754.000,754.000,0.000,1.0000,4,1,0,59.000,0.000,59.000,59:2|104:1|234:2
CFG_066,G16,4,754.000,754.000,0.000,1.0000,4,1,0,59.000,0.000,59.000,59:2|104:1|234:2
CFG_066,G17,4,754.000,754.000,0.000,1.0000,4,1,0,59.000,0.000,59.000,59:2|104:1|234:2
CFG_066,G18,4,754.000,754.000,0.000,1.0000,4,1,0,59.000,0.000,59.000,59:2|104:1|234:2
CFG_066,G19,6,754.000,724.000,30.000,0.9602,3,1,2,59.000,45.000,104.000,59:5|104:1|229:1
CFG_066,G20,6,754.000,724.000,30.000,0.9602,3,1,2,59.000,45.000,104.000,59:5|104:1|229:1
CFG_066,G21,6,754.000,724.000,30.000,0.9602,3,0,2,59.000,45.000,104.000,59:5|104:1|229:1
CFG_066,H00,4,754.000,754.000,0.000,1.0000,4,0,0,59.000,0.000,59.000,59:2|104:1|234:2
CFG_066,H01,4,754.000,754.000,0.000,1.0000,4,0,0,59.000,0.000,59.000,59:2|104:1|234:2
CFG_066,H02,4,754.000,754.000,0.000,1.0000,4,0,0,59.000,0.000,59.000,59:2|104:1|234:2
CFG_066,H03,4,754.000,754.000,0.000,1.0000,4,0,0,59.000,0.000,59.000,59:2|104:1|234:2
CFG_066,H04,4,754.000,754.000,0.000,1.0000,4,0,0,59.000,0.000,59.000,59:2|104:1|234:2
CFG_066,H05,4,754.000,754.000,0.000,1.0000,4,0,0,59.000,0.000,59.000,59:2|104:1|234:2
CFG_066,H06,4,754.000,754.000,0.000,1.0000,4,0,0,59.000,0.000,59.000,59:2|104:1|234:2
CFG_066,H07,4,754.000,754.000,0.000,1.0000,4,0,0,59.000,0.000,59.000,59:2|104:1|234:2
CFG_066,H08,4,754.000,754.000,0.000,1.0000,4,0,0,59.000,0.000,59.000,59:2|104:1|234:2
CFG_066,H09,4,754.000,754.000,0.000,1.0000,4,0,0,59.000,0.000,59.000,59:2|104:1|234:2
CFG_066,H10,4,754.000,754.000,0.000,1.0000,4,0,0,59.000,0.000,59.000,59:2|104:1|234:2
CFG_066,H11,4,754.000,754.000,0.000,1.0000,4,0,0,59.000,0.000,59.000,59:2|104:1|234:2
CFG_066,H12,4,754.000,754.000,0.000,1.0000,4,0,0,59.000,0.000,59.000,59:2|104:1|234:2
CFG_066,H13,4,754.000,754.000,0.000,1.0000,4,0,0,59.000,0.000,59.000,59:2|104:1|234:2
CFG_066,H14,4,754.000,754.000,0.000,1.0000,4,0,0,59.000,0.000,59.000,59:2|104:1|234:2
CFG_066,H15,4,754.000,754.000,0.000,1.0000,4,0,0,59.000,0.000,59.000,59:2|104:1|234:2
CFG_066,H16,4,754.000,754.000,0.000,1.0000,4,0,0,59.000,0.000,59.000,59:2|104:1|234:2
CFG_066,H17,4,754.000,754.000,0.000,1.0000,4,0,0,59.000,0.000,59.000,59:2|104:1|234:2
CFG_066,H18,4,754.000,754.000,0.000,1.0000,4,0,0,59.000,0.000,59.000,59:2|104:1|234:2
CFG_066,H19,4,754.000,699.000,55.000,0.9271,3,1,1,59.000,45.000,104.000,59:3|229:2
CFG_066,H20,4,754.000,699.000,55.000,0.9271,3,1,1,59.000,45.000,104.000,59:3|229:2
CFG_066,H21,4,754.000,704.000,50.000,0.9337,3,0,1,59.000,45.000,104.000,59:3|229:1|234:1
CFG_066,I00,4,754.000,754.000,0.000,1.0000,4,0,0,59.000,0.000,59.000,59:2|104:1|234:2
CFG_066,I01,4,754.000,754.000,0.000,1.0000,4,0,0,59.000,0.000,59.000,59:2|104:1|234:2
CFG_066,I02,4,754.000,754.000,0.000,1.0000,4,0,0,59.000,0.000,59.000,59:2|104:1|234:2
CFG_066,I03,4,754.000,754.000,0.000,1.0000,4,0,0,59.000,0.000,59.000,59:2|104:1|234:2
CFG_066,I04,4,754.000,754.000,0.000,1.0000,4,0,0,59.000,0.000,59.000,59:2|104:1|234:2
CFG_066,I05,4,754.000,754.000,0.000,1.0000,4,0,0,59.000,0.000,59.000,59:2|104:1|234:2
CFG_066,I06,4,754.000,754.000,0.000,1.0000,4,0,0,59.000,0.000,59.000,59:2|104:1|234:2
CFG_066,I07,4,754.000,754.000,0.000,1.0000,4,0,0,59.000,0.000,59.000,59:2|104:1|234:2
CFG_066,I08,4,754.000,754.000,0.000,1.0000,4,0,0,59.000,0.000,59.000,59:2|104:1|234:2
CFG_066,I09,4,754.000,754.000,0.000,1.0000,4,0,0,59.000,0.000,59.000,59:2|104:1|234:2
CFG_066,I10,4,754.000,754.000,0.000,1.0000,4,0,0,59.000,0.000,59.000,59:2|104:1|234:2
CFG_066,I11,4,754.000,754.000,0.000,1.0000,4,0,0,59.000,0.000,59.000,59:2|104:1|234:2
CFG_066,I12,4,754.000,754.000,0.000,1.0000,4,0,0,59.000,0.000,59.000,59:2|104:1|234:2
CFG_066,I13,4,754.000,754.000,0.000,1.0000,4,0,0,59.000,0.000,59.000,59:2|104:1|234:2
CFG_066,I14,4,754.000,754.000,0.000,1.0000,4,0,0,59.000,0.000,59.000,59:2|104:1|234:2
CFG_066,I15,4,754.000,754.000,0.000,1.0000,4,0,0,59.000,0.000,59.000,59:2|104:1|234:2
CFG_066,I16,4,754.000,754.000,0.000,1.0000,4,0,0,59.000,0.000,59.000,59:2|104:1|234:2
CFG_066,I17,4,754.000,754.000,0.000,1.0000,4,0,0,59.000,0.000,59.000,59:2|104:1|234:2
CFG_066,I18,4,754.000,754.000,0.000,1.0000,4,0,0,59.000,0.000,59.000,59:2|104:1|234:2
CFG_066,I19,6,754.000,724.000,30.000,0.9602,2,1,3,59.000,45.000,104.000,59:5|104:1|229:1
CFG_066,I20,6,754.000,724.000,30.000,0.9602,2,1,3,59.000,45.000,104.000,59:5|104:1|229:1
CFG_066,I21,6,754.000,724.000,30.000,0.9602,2,0,3,59.000,45.000,104.000,59:5|104:1|229:1
CFG_066,J00,4,754.000,754.000,0.000,1.0000,4,1,0,59.000,0.000,59.000,59:2|104:1|234:2
CFG_066,J01,4,754.000,754.000,0.000,1.0000,4,1,0,59.000,0.000,59.000,59:2|104:1|234:2
CFG_066,J02,4,754.000,754.000,0.000,1.0000,4,1,0,59.000,0.000,59.000,59:2|104:1|234:2
CFG_066,J03,4,754.000,754.000,0.000,1.0000,4,1,0,59.000,0.000,59.000,59:2|104:1|234:2
CFG_066,J04,4,754.000,754.000,0.000,1.0000,4,0,0,59.000,0.000,59.000,59:2|104:1|234:2
CFG_066,J05,4,754.000,754.000,0.000,1.0000,4,0,0,59.000,0.000,59.000,59:2|104:1|234:2
CFG_066,J06,4,754.000,754.000,0.000,1.0000,4,0,0,59.000,0.000,59.000,59:2|104:1|234:2
CFG_066,J07,4,754.000,754.000,0.000,1.0000,4,0,0,59.000,0.000,59.000,59:2|104:1|234:2
CFG_066,J08,4,754.000,754.000,0.000,1.0000,4,0,0,59.000,0.000,59.000,59:2|104:1|234:2
CFG_066,J09,4,754.000,754.000,0.000,1.0000,4,0,0,59.000,0.000,59.000,59:2|104:1|234:2
CFG_066,J10,4,754.000,754.000,0.000,1.0000,4,0,0,59.000,0.000,59.000,59:2|104:1|234:2
CFG_066,J11,4,754.000,754.000,0.000,1.0000,4,0,0,59.000,0.000,59.000,59:2|104:1|234:2
CFG_066,J12,4,754.000,754.000,0.000,1.0000,4,0,0,59.000,0.000,59.000,59:2|104:1|234:2
CFG_066,J13,4,754.000,754.000,0.000,1.0000,4,0,0,59.000,0.000,59.000,59:2|104:1|234:2
CFG_066,J14,4,754.000,754.000,0.000,1.0000,4,0,0,59.000,0.000,59.000,59:2|104:1|234:2
CFG_066,J15,4,754.000,754.000,0.000,1.0000,4,0,0,59.000,0.000,59.000,59:2|104:1|234:2
CFG_066,J16,4,754.000,754.000,0.000,1.0000,4,0,0,59.000,0.000,59.000,59:2|104:1|234:2
CFG_066,J17,4,754.000,754.000,0.000,1.0000,4,0,0,59.000,0.000,59.000,59:2|104:1|234:2
CFG_066,J18,4,754.000,754.000,0.000,1.0000,4,0,0,59.000,0.000,59.000,59:2|104:1|234:2
CFG_066,J19,4,754.000,689.000,65.000,0.9138,3,1,1,59.000,45.000,104.000,59:3|224:2
CFG_066,J20,4,754.000,689.000,65.000,0.9138,3,1,1,59.000,45.000,104.000,59:3|224:2
CFG_066,J21,4,754.000,699.000,55.000,0.9271,3,0,1,59.000,45.000,104.000,59:3|224:1|234:1
CFG_066,K00,4,754.000,754.000,0.000,1.0000,4,1,0,59.000,0.000,59.000,59:2|104:1|234:2
CFG_066,K01,4,754.000,754.000,0.000,1.0000,4,1,0,59.000,0.000,59.000,59:2|104:1|234:2
CFG_066,K02,4,754.000,754.000,0.000,1.0000,4,1,0,59.000,0.000,59.000,59:2|104:1|234:2
CFG_066,K03,4,754.000,754.000,0.000,1.0000,4,1,0,59.000,0.000,59.000,59:2|104:1|234:2
CFG_066,K04,4,754.000,754.000,0.000,1.0000,4,0,0,59.000,0.000,59.000,59:2|104:1|234:2
CFG_066,K05,4,754.000,754.000,0.000,1.0000,4,0,0,59.000,0.000,59.000,59:2|104:1|234:2
CFG_066,K06,4,754.000,754.000,0.000,1.0000,4,0,0,59.000,0.000,59.000,59:2|104:1|234:2
CFG_066,K07,4,754.000,754.000,0.000,1.0000,3,1,0,59.000,0.000,59.000,59:2|104:1|234:2
CFG_066,K08,4,754.000,754.000,0.000,1.0000,4,1,0,59.000,0.000,59.000,59:2|104:1|234:2
CFG_066,K09,4,754.000,754.000,0.000,1.0000,4,1,0,59.000,0.000,59.000,59:2|104:1|234:2
CFG_066,K10,4,754.000,754.000,0.000,1.0000,4,1,0,59.000,0.000,59.000,59:2|104:1|234:2
CFG_066,K11,4,754.000,754.000,0.000,1.0000,4,1,0,59.000,0.000,59.000,59:2|104:1|234:2
CFG_066,K12,4,754.000,754.000,0.000,1.0000,4,1,0,59.000,0.000,59.000,59:2|104:1|234:2
CFG_066,K13,4,754.000,754.000,0.000,1.0000,4,1,0,59.000,0.000,59.000,59:2|104:1|234:2
CFG_066,K14,4,754.000,754.000,0.000,1.0000,4,1,0,59.000,0.000,59.000,59:2|104:1|234:2
CFG_066,K15,4,754.000,754.000,0.000,1.0000,4,1,0,59.000,0.000,59.000,59:2|104:1|234:2
CFG_066,K16,4,754.000,754.000,0.000,1.0000,4,1,0,59.000,0.000,59.000,59:2|104:1|234:2
CFG_066,K17,4,754.000,754.000,0.000,1.0000,4,1,0,59.000,0.000,59.000,59:2|104:1|234:2
CFG_066,K18,4,754.000,754.000,0.000,1.0000,4,1,0,59.000,0.000,59.000,59:2|104:1|234:2
CFG_066,K19,6,754.000,719.000,35.000,0.9536,3,0,3,59.000,45.000,104.000,59:5|104:1|224:1
CFG_066,K20,6,754.000,719.000,35.000,0.9536,3,0,3,59.000,45.000,104.000,59:5|104:1|224:1
CFG_066,K21,4,754.000,699.000,55.000,0.9271,3,0,1,59.000,45.000,104.000,59:3|224:1|234:1
CFG_071,A00,3,754.000,754.000,0.000,1.0000,1,0,0,119.000,0.000,119.000,119:2|234:2
CFG_071,A01,3,754.000,754.000,0.000,1.0000,1,0,0,119.000,0.000,119.000,119:2|234:2
CFG_071,A02,3,754.000,754.000,0.000,1.0000,1,0,0,119.000,0.000,119.000,119:2|234:2
CFG_071,A03,3,754.000,754.000,0.000,1.0000,1,0,0,119.000,0.000,119.000,119:2|234:2
CFG_071,A04,3,754.000,754.000,0.000,1.0000,1,0,0,119.000,0.000,119.000,119:2|234:2
CFG_071,A05,3,754.000,754.000,0.000,1.0000,1,0,0,119.000,0.000,119.000,119:2|234:2
CFG_071,A06,3,754.000,754.000,0.000,1.0000,1,0,0,119.000,0.000,119.000,119:2|234:2
CFG_071,A07,3,754.000,754.000,0.000,1.0000,1,0,0,119.000,0.000,119.000,119:2|234:2
CFG_071,A08,3,754.000,754.000,0.000,1.0000,1,0,0,119.000,0.000,119.000,119:2|234:2
CFG_071,A09,3,754.000,754.000,0.000,1.0000,1,0,0,119.000,0.000,119.000,119:2|234:2
CFG_071,A10,3,754.000,754.000,0.000,1.0000,1,0,0,119.000,0.000,119.000,119:2|234:2
CFG_071,A11,3,754.000,754.000,0.000,1.0000,1,0,0,119.000,0.000,119.000,119:2|234:2
CFG_071,A12,3,754.000,754.000,0.000,1.0000,1,0,0,119.000,0.000,119.000,119:2|234:2
CFG_071,A13,3,754.000,754.000,0.000,1.0000,1,0,0,119.000,0.000,119.000,119:2|234:2
CFG_071,A14,3,754.000,754.000,0.000,1.0000,1,0,0,119.000,0.000,119.000,119:2|234:2
CFG_071,A15,3,754.000,754.000,0.000,1.0000,1,0,0,119.000,0.000,119.000,119:2|234:2
CFG_071,B00,4,754.000,754.000,0.000,1.0000,2,0,1,114.000,0.000,114.000,114:4|234:1
CFG_071,B01,4,754.000,754.000,0.000,1.0000,2,0,1,114.000,0.000,114.000,114:4|234:1
CFG_071,B02,4,754.000,754.000,0.000,1.0000,2,0,1,114.000,0.000,114.000,114:4|234:1
CFG_071,B03,4,754.000,754.000,0.000,1.0000,2,0,1,114.000,0.000,114.000,114:4|234:1
CFG_071,B04,4,754.000,754.000,0.000,1.0000,2,0,1,114.000,0.000,114.000,114:4|234:1
CFG_071,B05,4,754.000,754.000,0.000,1.0000,2,0,1,114.000,0.000,114.000,114:4|234:1
CFG_071,B06,4,754.000,754.000,0.000,1.0000,2,0,1,114.000,0.000,114.000,114:4|234:1
CFG_071,B07,4,754.000,754.000,0.000,1.0000,2,0,1,114.000,0.000,114.000,114:4|234:1
CFG_071,B08,4,754.000,754.000,0.000,1.0000,2,0,1,114.000,0.000,114.000,114:4|234:1
CFG_071,B09,4,754.000,754.000,0.000,1.0000,2,0,1,114.000,0.000,114.000,114:4|234:1
CFG_071,B10,4,754.000,754.000,0.000,1.0000,2,0,1,114.000,0.000,114.000,114:4|234:1
CFG_071,B11,4,754.000,754.000,0.000,1.0000,2,0,1,114.000,0.000,114.000,114:4|234:1
CFG_071,B12,4,754.000,754.000,0.000,1.0000,2,0,1,114.000,0.000,114.000,114:4|234:1
CFG_071,B13,4,754.000,754.000,0.000,1.0000,2,0,1,114.000,0.000,114.000,114:4|234:1
CFG_071,B14,4,754.000,754.000,0.000,1.0000,2,0,1,114.000,0.000,114.000,114:4|234:1
CFG_071,B15,4,754.000,754.000,0.000,1.0000,2,0,1,114.000,0.000,114.000,114:4|234:1
CFG_071,B16,4,754.000,754.000,0.000,1.0000,2,0,1,114.000,0.000,114.000,114:4|234:1
CFG_071,B17,4,754.000,754.000,0.000,1.0000,2,0,1,114.000,0.000,114.000,114:4|234:1
CFG_071,B18,4,754.000,754.000,0.000,1.0000,2,0,1,114.000,0.000,114.000,114:4|234:1
CFG_071,B19,5,754.000,704.000,50.000,0.9337,2,2,2,69.000,45.000,114.000,69:4|114:1|234:1
CFG_071,B20,5,754.000,704.000,50.000,0.9337,2,2,2,69.000,45.000,114.000,69:4|114:1|234:1
CFG_071,B21,5,754.000,704.000,50.000,0.9337,2,0,2,69.000,45.000,114.000,69:4|114:1|234:1
CFG_071,D00,4,754.000,754.000,0.000,1.0000,4,1,0,114.000,0.000,114.000,114:4|234:1
CFG_071,D01,4,754.000,754.000,0.000,1.0000,4,1,0,114.000,0.000,114.000,114:4|234:1
CFG_071,D02,4,754.000,754.000,0.000,1.0000,4,1,0,114.000,0.000,114.000,114:4|234:1
CFG_071,D03,4,754.000,754.000,0.000,1.0000,4,1,0,114.000,0.000,114.000,114:4|234:1
CFG_071,D04,4,754.000,754.000,0.000,1.0000,4,1,0,114.000,0.000,114.000,114:4|234:1
CFG_071,D05,4,754.000,754.000,0.000,1.0000,4,1,0,114.000,0.000,114.000,114:4|234:1
CFG_071,D06,4,754.000,754.000,0.000,1.0000,4,1,0,114.000,0.000,114.000,114:4|234:1
CFG_071,D07,4,754.000,754.000,0.000,1.0000,4,1,0,114.000,0.000,114.000,114:4|234:1
CFG_071,D08,4,754.000,754.000,0.000,1.0000,4,1,0,114.000,0.000,114.000,114:4|234:1
CFG_071,D09,4,754.000,754.000,0.000,1.0000,4,1,0,114.000,0.000,114.000,114:4|234:1
CFG_071,D10,4,754.000,754.000,0.000,1.0000,4,1,0,114.000,0.000,114.000,114:4|234:1
CFG_071,D11,4,754.000,754.000,0.000,1.0000,4,1,0,114.000,0.000,114.000,114:4|234:1
CFG_071,D12,4,754.000,754.000,0.000,1.0000,4,1,0,114.000,0.000,114.000,114:4|234:1
CFG_071,D13,4,754.000,754.000,0.000,1.0000,4,1,0,114.000,0.000,114.000,114:4|234:1
CFG_071,D14,4,754.000,754.000,0.000,1.0000,4,1,0,114.000,0.000,114.000,114:4|234:1
CFG_071,D15,4,754.000,754.000,0.000,1.0000,4,1,0,114.000,0.000,114.000,114:4|234:1
CFG_071,D16,4,754.000,754.000,0.000,1.0000,4,0,0,114.000,0.000,114.000,114:4|234:1
CFG_071,D17,4,754.000,754.000,0.000,1.0000,4,0,0,114.000,0.000,114.000,114:4|234:1
CFG_071,D18,4,754.000,754.000,0.000,1.0000,4,0,0,114.000,0.000,114.000,114:4|234:1
CFG_071,D19,4,754.000,729.000,25.000,0.9668,3,1,1,69.000,45.000,114.000,69:3|229:2
CFG_071,D20,4,754.000,729.000,25.000,0.9668,3,1,1,69.000,45.000,114.000,69:3|229:2
CFG_071,D21,4,754.000,734.000,20.000,0.9735,3,0,1,69.000,0.000,69.000,69:3|229:1|234:1
CFG_071,E00,4,754.000,754.000,0.000,1.0000,4,2,0,114.000,0.000,114.000,114:4|234:1
CFG_071,E01,4,754.000,754.000,0.000,1.0000,4,2,0,114.000,0.000,114.000,114:4|234:1
CFG_071,E02,4,754.000,754.000,0.000,1.0000,4,2,0,114.000,0.000,114.000,114:4|234:1
CFG_071,E03,4,754.000,754.000,0.000,1.0000,4,2,0,114.000,0.000,114.000,114:4|234:1
CFG_071,E04,4,754.000,754.000,0.000,1.0000,4,2,0,114.000,0.000,114.000,114:4|234:1
CFG_071,E05,4,754.000,754.000,0.000,1.0000,4,2,0,114.000,0.000,114.000,114:4|234:1
CFG_071,E06,4,754.000,754.000,0.000,1.0000,4,2,0,114.000,0.000,114.000,114:4|234:1
CFG_071,E07,4,754.000,754.000,0.000,1.0000,4,2,0,114.000,0.000,114.000,114:4|234:1
CFG_071,E08,4,754.000,754.000,0.000,1.0000,4,2,0,114.000,0.000,114.000,114:4|234:1
CFG_071,E09,4,754.000,754.000,0.000,1.0000,4,2,0,114.000,0.000,114.000,114:4|234:1
CFG_071,E10,4,754.000,754.000,0.000,1.0000,4,2,0,114.000,0.000,114.000,114:4|234:1
CFG_071,E11,4,754.000,754.000,0.000,1.0000,4,2,0,114.000,0.000,114.000,114:4|234:1
CFG_071,E12,4,754.000,754.000,0.000,1.0000,4,2,0,114.000,0.000,114.000,114:4|234:1
CFG_071,E13,4,754.000,754.000,0.000,1.0000,4,2,0,114.000,0.000,114.000,114:4|234:1
CFG_071,E14,4,754.000,754.000,0.000,1.0000,4,2,0,114.000,0.000,114.000,114:4|234:1
CFG_071,E15,4,754.000,754.000,0.000,1.0000,4,2,0,114.000,0.000,114.000,114:4|234:1
CFG_071,E16,4,754.000,754.000,0.000,1.0000,4,2,0,114.000,0.000,114.000,114:4|234:1
CFG_071,E17,4,754.000,754.000,0.000,1.0000,4,2,0,114.000,0.000,114.000,114:4|234:1
CFG_071,E18,4,754.000,754.000,0.000,1.0000,4,2,0,114.000,0.000,114.000,114:4|234:1
CFG_071,E19,5,754.000,699.000,55.000,0.9271,3,2,1,69.000,45.000,114.000,69:4|114:1|229:1
CFG_071,E20,5,754.000,699.000,55.000,0.9271,3,2,1,69.000,45.000,114.000,69:4|114:1|229:1
CFG_071,E21,5,754.000,699.000,55.000,0.9271,3,0,1,69.000,45.000,114.000,69:4|114:1|229:1
CFG_071,F00,4,754.000,754.000,0.000,1.0000,4,1,0,114.000,0.000,114.000,114:4|234:1
CFG_071,F01,4,754.000,754.000,0.000,1.0000,4,1,0,114.000,0.000,114.000,114:4|234:1
CFG_071,F02,4,754.000,754.000,0.000,1.0000,4,1,0,114.000,0.000,114.000,114:4|234:1
CFG_071,F03,4,754.000,754.000,0.000,1.0000,4,1,0,114.000,0.000,114.000,114:4|234:1
CFG_071,F04,4,754.000,754.000,0.000,1.0000,4,1,0,114.000,0.000,114.000,114:4|234:1
CFG_071,F05,4,754.000,754.000,0.000,1.0000,4,1,0,114.000,0.000,114.000,114:4|234:1
CFG_071,F06,4,754.000,754.000,0.000,1.0000,4,1,0,114.000,0.000,114.000,114:4|234:1
CFG_071,F07,4,754.000,754.000,0.000,1.0000,4,2,0,114.000,0.000,114.000,114:4|234:1
CFG_071,F08,4,754.000,754.000,0.000,1.0000,4,2,0,114.000,0.000,114.000,114:4|234:1
CFG_071,F09,4,754.000,754.000,0.000,1.0000,4,2,0,114.000,0.000,114.000,114:4|234:1
CFG_071,F10,4,754.000,754.000,0.000,1.0000,4,2,0,114.000,0.000,114.000,114:4|234:1
CFG_071,F11,4,754.000,754.000,0.000,1.0000,4,2,0,114.000,0.000,114.000,114:4|234:1
CFG_071,F12,4,754.000,754.000,0.000,1.0000,4,2,0,114.000,0.000,114.000,114:4|234:1
CFG_071,F13,4,754.000,754.000,0.000,1.0000,4,2,0,114.000,0.000,114.000,114:4|234:1
CFG_071,F14,4,754.000,754.000,0.000,1.0000,4,2,0,114.000,0.000,114.000,114:4|234:1
CFG_071,F15,4,754.000,754.000,0.000,1.0000,4,2,0,114.000,0.000,114.000,114:4|234:1
CFG_071,F16,4,754.000,754.000,0.000,1.0000,4,2,0,114.000,0.000,114.000,114:4|234:1
CFG_071,F17,4,754.000,754.000,0.000,1.0000,4,2,0,114.000,0.000,114.000,114:4|234:1
CFG_071,F18,4,754.000,754.000,0.000,1.0000,4,2,0,114.000,0.000,114.000,114:4|234:1
CFG_071,F19,4,754.000,729.000,25.000,0.9668,4,2,0,69.000,45.000,114.000,69:3|229:2
CFG_071,F20,4,754.000,729.000,25.000,0.9668,4,2,0,69.000,45.000,114.000,69:3|229:2
CFG_071,F21,4,754.000,734.000,20.000,0.9735,4,1,0,69.000,0.000,69.000,69:3|229:1|234:1
CFG_071,G00,4,754.000,754.000,0.000,1.0000,4,1,0,114.000,0.000,114.000,114:4|234:1
CFG_071,G01,4,754.000,754.000,0.000,1.0000,4,1,0,114.000,0.000,114.000,114:4|234:1
CFG_071,G02,4,754.000,754.000,0.000,1.0000,4,1,0,114.000,0.000,114.000,114:4|234:1
CFG_071,G03,4,754.000,754.000,0.000,1.0000,4,1,0,114.000,0.000,114.000,114:4|234:1
CFG_071,G04,4,754.000,754.000,0.000,1.0000,4,1,0,114.000,0.000,114.000,114:4|234:1
CFG_071,G05,4,754.000,754.000,0.000,1.0000,4,1,0,114.000,0.000,114.000,114:4|234:1
CFG_071,G06,4,754.000,754.000,0.000,1.0000,4,1,0,114.000,0.000,114.000,114:4|234:1
CFG_071,G07,4,754.000,754.000,0.000,1.0000,4,1,0,114.000,0.000,114.000,114:4|234:1
CFG_071,G08,4,754.000,754.000,0.000,1.0000,4,1,0,114.000,0.000,114.000,114:4|234:1
CFG_071,G09,4,754.000,754.000,0.000,1.0000,4,1,0,114.000,0.000,114.000,114:4|234:1
CFG_071,G10,4,754.000,754.000,0.000,1.0000,4,1,0,114.000,0.000,114.000,114:4|234:1
CFG_071,G11,4,754.000,754.000,0.000,1.0000,4,1,0,114.000,0.000,114.000,114:4|234:1
CFG_071,G12,4,754.000,754.000,0.000,1.0000,4,1,0,114.000,0.000,114.000,114:4|234:1
CFG_071,G13,4,754.000,754.000,0.000,1.0000,4,1,0,114.000,0.000,114.000,114:4|234:1
CFG_071,G14,4,754.000,754.000,0.000,1.0000,4,1,0,114.000,0.000,114.000,114:4|234:1
CFG_071,G15,4,754.000,754.000,0.000,1.0000,4,1,0,114.000,0.000,114.000,114:4|234:1
CFG_071,G16,4,754.000,754.000,0.000,1.0000,4,1,0,114.000,0.000,114.000,114:4|234:1
CFG_071,G17,4,754.000,754.000,0.000,1.0000,4,1,0,114.000,0.000,114.000,114:4|234:1
CFG_071,G18,4,754.000,754.000,0.000,1.0000,4,1,0,114.000,0.000,114.000,114:4|234:1
CFG_071,G19,6,754.000,739.000,15.000,0.9801,3,1,2,69.000,0.000,69.000,69:6|229:1
CFG_071,G20,6,754.000,739.000,15.000,0.9801,3,1,2,69.000,0.000,69.000,69:6|229:1
CFG_071,G21,6,754.000,739.000,15.000,0.9801,3,0,2,69.000,0.000,69.000,69:6|229:1
CFG_071,H00,4,754.000,754.000,0.000,1.0000,4,0,0,114.000,0.000,114.000,114:4|234:1
CFG_071,H01,4,754.000,754.000,0.000,1.0000,4,0,0,114.000,0.000,114.000,114:4|234:1
CFG_071,H02,4,754.000,754.000,0.000,1.0000,4,0,0,114.000,0.000,114.000,114:4|234:1
CFG_071,H03,4,754.000,754.000,0.000,1.0000,4,0,0,114.000,0.000,114.000,114:4|234:1
CFG_071,H04,4,754.000,754.000,0.000,1.0000,4,0,0,114.000,0.000,114.000,114:4|234:1
CFG_071,H05,4,754.000,754.000,0.000,1.0000,4,0,0,114.000,0.000,114.000,114:4|234:1
CFG_071,H06,4,754.000,754.000,0.000,1.0000,4,0,0,114.000,0.000,114.000,114:4|234:1
CFG_071,H07,4,754.000,754.000,0.000,1.0000,4,0,0,114.000,0.000,114.000,114:4|234:1
CFG_071,H08,4,754.000,754.000,0.000,1.0000,4,0,0,114.000,0.000,114.000,114:4|234:1
CFG_071,H09,4,754.000,754.000,0.000,1.0000,4,0,0,114.000,0.000,114.000,114:4|234:1
CFG_071,H10,4,754.000,754.000,0.000,1.0000,4,0,0,114.000,0.000,114.000,114:4|234:1
CFG_071,H11,4,754.000,754.000,0.000,1.0000,4,0,0,114.000,0.000,114.000,114:4|234:1
CFG_071,H12,4,754.000,754.000,0.000,1.0000,4,0,0,114.000,0.000,114.000,114:4|234:1
CFG_071,H13,4,754.000,754.000,0.000,1.0000,4,0,0,114.000,0.000,114.000,114:4|234:1
CFG_071,H14,4,754.000,754.000,0.000,1.0000,4,0,0,114.000,0.000,114.000,114:4|234:1
CFG_071,H15,4,754.000,754.000,0.000,1.0000,4,0,0,114.000,0.000,114.000,114:4|234:1
CFG_071,H16,4,754.000,754.000,0.000,1.0000,4,0,0,114.000,0.000,114.000,114:4|234:1
CFG_071,H17,4,754.000,754.000,0.000,1.0000,4,0,0,114.000,0.000,114.000,114:4|234:1
CFG_071,H18,4,754.000,754.000,0.000,1.0000,4,0,0,114.000,0.000,114.000,114:4|234:1
CFG_071,H19,4,754.000,729.000,25.000,0.9668,3,1,1,69.000,45.000,114.000,69:3|229:2
CFG_071,H20,4,754.000,729.000,25.000,0.9668,3,1,1,69.000,45.000,114.000,69:3|229:2
CFG_071,H21,4,754.000,734.000,20.000,0.9735,3,0,1,69.000,0.000,69.000,69:3|229:1|234:1
CFG_071,I00,4,754.000,754.000,0.000,1.0000,4,0,0,114.000,0.000,114.000,114:4|234:1
CFG_071,I01,4,754.000,754.000,0.000,1.0000,4,0,0,114.000,0.000,114.000,114:4|234:1
CFG_071,I02,4,754.000,754.000,0.000,1.0000,4,0,0,114.000,0.000,114.000,114:4|234:1
CFG_071,I03,4,754.000,754.000,0.000,1.0000,4,0,0,114.000,0.000,114.000,114:4|234:1
CFG_071,I04,4,754.000,754.000,0.000,1.0000,4,0,0,114.000,0.000,114.000,114:4|234:1
CFG_071,I05,4,754.000,754.000,0.000,1.0000,4,0,0,114.000,0.000,114.000,114:4|234:1
CFG_071,I06,4,754.000,754.000,0.000,1.0000,4,0,0,114.000,0.000,114.000,114:4|234:1
CFG_071,I07,4,754.000,754.000,0.000,1.0000,4,0,0,114.000,0.000,114.000,114:4|234:1
CFG_071,I08,4,754.000,754.000,0.000,1.0000,4,0,0,114.000,0.000,114.000,114:4|234:1
CFG_071,I09,4,754.000,754.000,0.000,1.0000,4,0,0,114.000,0.000,114.000,114:4|234:1
CFG_071,I10,4,754.000,754.000,0.000,1.0000,4,0,0,114.000,0.000,114.000,114:4|234:1
CFG_071,I11,4,754.000,754.000,0.000,1.0000,4,0,0,114.000,0.000,114.000,114:4|234:1
CFG_071,I12,4,754.000,754.000,0.000,1.0000,4,0,0,114.000,0.000,114.000,114:4|234:1
CFG_071,I13,4,754.000,754.000,0.000,1.0000,4,0,0,114.000,0.000,114.000,114:4|234:1
CFG_071,I14,4,754.000,754.000,0.000,1.0000,4,0,0,114.000,0.000,114.000,114:4|234:1
CFG_071,I15,4,754.000,754.000,0.000,1.0000,4,0,0,114.000,0.000,114.000,114:4|234:1
CFG_071,I16,4,754.000,754.000,0.000,1.0000,4,0,0,114.000,0.000,114.000,114:4|234:1
CFG_071,I17,4,754.000,754.000,0.000,1.0000,4,0,0,114.000,0.000,114.000,114:4|234:1
CFG_071,I18,4,754.000,754.000,0.000,1.0000,4,0,0,114.000,0.000,114.000,114:4|234:1
CFG_071,I19,5,754.000,744.000,10.000,0.9867,2,1,2,69.000,0.000,69.000,69:3|114:2|229:1
CFG_071,I20,5,754.000,744.000,10.000,0.9867,2,1,2,69.000,0.000,69.000,69:3|114:2|229:1
CFG_071,I21,5,754.000,744.000,10.000,0.9867,2,0,2,69.000,0.000,69.000,69:3|114:2|229:1
CFG_071,J00,4,754.000,754.000,0.000,1.0000,4,1,0,114.000,0.000,114.000,114:4|234:1
CFG_071,J01,4,754.000,754.000,0.000,1.0000,4,1,0,114.000,0.000,114.000,114:4|234:1
CFG_071,J02,4,754.000,754.000,0.000,1.0000,4,1,0,114.000,0.000,114.000,114:4|234:1
CFG_071,J03,4,754.000,754.000,0.000,1.0000,4,1,0,114.000,0.000,114.000,114:4|234:1
CFG_071,J04,4,754.000,754.000,0.000,1.0000,4,0,0,114.000,0.000,114.000,114:4|234:1
CFG_071,J05,4,754.000,754.000,0.000,1.0000,4,0,0,114.000,0.000,114.000,114:4|234:1
CFG_071,J06,4,754.000,754.000,0.000,1.0000,4,0,0,114.000,0.000,114.000,114:4|234:1
CFG_071,J07,4,754.000,754.000,0.000,1.0000,4,0,0,114.000,0.000,114.000,114:4|234:1
CFG_071,J08,4,754.000,754.000,0.000,1.0000,4,0,0,114.000,0.000,114.000,114:4|234:1
CFG_071,J09,4,754.000,754.000,0.000,1.0000,4,0,0,114.000,0.000,114.000,114:4|234:1
CFG_071,J10,4,754.000,754.000,0.000,1.0000,4,0,0,114.000,0.000,114.000,114:4|234:1
CFG_071,J11,4,754.000,754.000,0.000,1.0000,4,0,0,114.000,0.000,114.000,114:4|234:1
CFG_071,J12,4,754.000,754.000,0.000,1.0000,4,0,0,114.000,0.000,114.000,114:4|234:1
CFG_071,J13,4,754.000,754.000,0.000,1.0000,4,0,0,114.000,0.000,114.000,114:4|234:1
CFG_071,J14,4,754.000,754.000,0.000,1.0000,4,0,0,114.000,0.000,114.000,114:4|234:1
CFG_071,J15,4,754.000,754.000,0.000,1.0000,4,0,0,114.000,0.000,114.000,114:4|234:1
CFG_071,J16,4,754.000,754.000,0.000,1.0000,4,0,0,114.000,0.000,114.000,114:4|234:1
CFG_071,J17,4,754.000,754.000,0.000,1.0000,4,0,0,114.000,0.000,114.000,114:4|234:1
CFG_071,J18,4,754.000,754.000,0.000,1.0000,4,0,0,114.000,0.000,114.000,114:4|234:1
CFG_071,J19,4,754.000,719.000,35.000,0.9536,3,1,1,69.000,45.000,114.000,69:3|224:2
CFG_071,J20,4,754.000,719.000,35.000,0.9536,3,1,1,69.000,45.000,114.000,69:3|224:2
CFG_071,J21,4,754.000,729.000,25.000,0.9668,3,0,1,69.000,45.000,114.000,69:3|224:1|234:1
CFG_071,K00,4,754.000,754.000,0.000,1.0000,4,1,0,114.000,0.000,114.000,114:4|234:1
CFG_071,K01,4,754.000,754.000,0.000,1.0000,4,1,0,114.000,0.000,114.000,114:4|234:1
CFG_071,K02,4,754.000,754.000,0.000,1.0000,4,1,0,114.000,0.000,114.000,114:4|234:1
CFG_071,K03,4,754.000,754.000,0.000,1.0000,4,1,0,114.000,0.000,114.000,114:4|234:1
CFG_071,K04,4,754.000,754.000,0.000,1.0000,4,0,0,114.000,0.000,114.000,114:4|234:1
CFG_071,K05,4,754.000,754.000,0.000,1.0000,4,0,0,114.000,0.000,114.000,114:4|234:1
CFG_071,K06,4,754.000,754.000,0.000,1.0000,4,0,0,114.000,0.000,114.000,114:4|234:1
CFG_071,K07,4,754.000,754.000,0.000,1.0000,3,1,0,114.000,0.000,114.000,114:4|234:1
CFG_071,K08,4,754.000,754.000,0.000,1.0000,4,1,0,114.000,0.000,114.000,114:4|234:1
CFG_071,K09,4,754.000,754.000,0.000,1.0000,4,1,0,114.000,0.000,114.000,114:4|234:1
CFG_071,K10,4,754.000,754.000,0.000,1.0000,4,1,0,114.000,0.000,114.000,114:4|234:1
CFG_071,K11,4,754.000,754.000,0.000,1.0000,4,1,0,114.000,0.000,114.000,114:4|234:1
CFG_071,K12,4,754.000,754.000,0.000,1.0000,4,1,0,114.000,0.000,114.000,114:4|234:1
CFG_071,K13,4,754.000,754.000,0.000,1.0000,4,1,0,114.000,0.000,114.000,114:4|234:1
CFG_071,K14,4,754.000,754.000,0.000,1.0000,4,1,0,114.000,0.000,114.000,114:4|234:1
CFG_071,K15,4,754.000,754.000,0.000,1.0000,4,1,0,114.000,0.000,114.000,114:4|234:1
CFG_071,K16,4,754.000,754.000,0.000,1.0000,4,1,0,114.000,0.000,114.000,114:4|234:1
CFG_071,K17,4,754.000,754.000,0.000,1.0000,4,1,0,114.000,0.000,114.000,114:4|234:1
CFG_071,K18,4,754.000,754.000,0.000,1.0000,4,1,0,114.000,0.000,114.000,114:4|234:1
CFG_071,K19,6,754.000,734.000,20.000,0.9735,3,0,3,69.000,0.000,69.000,69:6|224:1
CFG_071,K20,4,754.000,729.000,25.000,0.9668,3,0,1,69.000,45.000,114.000,69:3|224:1|234:1
CFG_071,K21,5,754.000,739.000,15.000,0.9801,3,0,2,69.000,0.000,69.000,69:3|114:2|224:1
CFG_072,A00,5,754.000,754.000,0.000,1.0000,2,0,2,64.000,0.000,64.000,64:3|124:2|234:1
CFG_072,A01,5,754.000,754.000,0.000,1.0000,2,0,2,64.000,0.000,64.000,64:3|124:2|234:1
CFG_072,A02,5,754.000,754.000,0.000,1.0000,2,0,2,64.000,0.000,64.000,64:3|124:2|234:1
CFG_072,A03,5,754.000,754.000,0.000,1.0000,2,0,2,64.000,0.000,64.000,64:3|124:2|234:1
CFG_072,A04,5,754.000,754.000,0.000,1.0000,3,0,2,89.000,0.000,89.000,89:2|124:4
CFG_072,A05,5,754.000,754.000,0.000,1.0000,3,0,2,89.000,0.000,89.000,89:2|124:4
CFG_072,A06,5,754.000,754.000,0.000,1.0000,3,0,2,89.000,0.000,89.000,89:2|124:4
CFG_072,A07,5,754.000,754.000,0.000,1.0000,3,0,2,89.000,0.000,89.000,89:2|124:4
CFG_072,A08,5,754.000,754.000,0.000,1.0000,3,0,2,89.000,0.000,89.000,89:2|124:4
CFG_072,A09,5,754.000,754.000,0.000,1.0000,3,0,2,89.000,0.000,89.000,89:2|124:4
CFG_072,A10,5,754.000,754.000,0.000,1.0000,3,0,2,89.000,0.000,89.000,89:2|124:4
CFG_072,A11,5,754.000,754.000,0.000,1.0000,3,0,2,89.000,0.000,89.000,89:2|124:4
CFG_072,A12,5,754.000,754.000,0.000,1.0000,3,0,2,89.000,0.000,89.000,89:2|124:4
CFG_072,A13,5,754.000,754.000,0.000,1.0000,3,0,2,89.000,0.000,89.000,89:2|124:4
CFG_072,A14,5,754.000,754.000,0.000,1.0000,3,0,2,89.000,0.000,89.000,89:2|124:4
CFG_072,A15,5,754.000,754.000,0.000,1.0000,3,0,2,89.000,0.000,89.000,89:2|124:4
CFG_072,B00,5,754.000,754.000,0.000,1.0000,2,0,2,64.000,0.000,64.000,64:3|124:2|234:1
CFG_072,B01,5,754.000,754.000,0.000,1.0000,2,0,2,64.000,0.000,64.000,64:3|124:2|234:1
CFG_072,B02,5,754.000,754.000,0.000,1.0000,2,0,2,64.000,0.000,64.000,64:3|124:2|234:1
CFG_072,B03,5,754.000,754.000,0.000,1.0000,2,0,2,64.000,0.000,64.000,64:3|124:2|234:1
CFG_072,B04,5,754.000,754.000,0.000,1.0000,3,0,2,89.000,0.000,89.000,89:2|124:4
CFG_072,B05,5,754.000,754.000,0.000,1.0000,3,0,2,89.000,0.000,89.000,89:2|124:4
CFG_072,B06,5,754.000,754.000,0.000,1.0000,3,0,2,89.000,0.000,89.000,89:2|124:4
CFG_072,B07,5,754.000,754.000,0.000,1.0000,3,0,2,89.000,0.000,89.000,89:2|124:4
CFG_072,B08,5,754.000,754.000,0.000,1.0000,3,0,2,89.000,0.000,89.000,89:2|124:4
CFG_072,B09,5,754.000,754.000,0.000,1.0000,3,0,2,89.000,0.000,89.000,89:2|124:4
CFG_072,B10,5,754.000,754.000,0.000,1.0000,3,0,2,89.000,0.000,89.000,89:2|124:4
CFG_072,B11,5,754.000,754.000,0.000,1.0000,3,0,2,89.000,0.000,89.000,89:2|124:4
CFG_072,B12,5,754.000,754.000,0.000,1.0000,3,0,2,89.000,0.000,89.000,89:2|124:4
CFG_072,B13,5,754.000,754.000,0.000,1.0000,3,0,2,89.000,0.000,89.000,89:2|124:4
CFG_072,B14,5,754.000,754.000,0.000,1.0000,3,0,2,89.000,0.000,89.000,89:2|124:4
CFG_072,B15,5,754.000,754.000,0.000,1.0000,3,0,2,89.000,0.000,89.000,89:2|124:4
CFG_072,B16,5,754.000,754.000,0.000,1.0000,3,0,2,89.000,0.000,89.000,89:2|124:4
CFG_072,B17,5,754.000,754.000,0.000,1.0000,3,0,2,89.000,0.000,89.000,89:2|124:4
CFG_072,B18,5,754.000,754.000,0.000,1.0000,3,0,2,89.000,0.000,89.000,89:2|124:4
CFG_072,B19,5,754.000,694.000,60.000,0.9204,2,2,2,64.000,60.000,124.000,64:4|124:1|234:1
CFG_072,B20,5,754.000,694.000,60.000,0.9204,2,2,2,64.000,60.000,124.000,64:4|124:1|234:1
CFG_072,B21,5,754.000,694.000,60.000,0.9204,2,0,2,64.000,60.000,124.000,64:4|124:1|234:1
CFG_072,D00,5,754.000,754.000,0.000,1.0000,5,0,0,69.000,0.000,69.000,69:2|89:2|124:1|234:1
CFG_072,D01,5,754.000,754.000,0.000,1.0000,5,0,0,69.000,0.000,69.000,69:2|89:2|124:1|234:1
CFG_072,D02,5,754.000,754.000,0.000,1.0000,5,0,0,69.000,0.000,69.000,69:2|89:2|124:1|234:1
CFG_072,D03,5,754.000,754.000,0.000,1.0000,5,0,0,69.000,0.000,69.000,69:2|89:2|124:1|234:1
CFG_072,D04,5,754.000,754.000,0.000,1.0000,5,0,0,89.000,0.000,89.000,89:2|124:4
CFG_072,D05,5,754.000,754.000,0.000,1.0000,5,0,0,89.000,0.000,89.000,89:2|124:4
CFG_072,D06,5,754.000,754.000,0.000,1.0000,5,0,0,89.000,0.000,89.000,89:2|124:4
CFG_072,D07,5,754.000,754.000,0.000,1.0000,5,0,0,89.000,0.000,89.000,89:2|124:4
CFG_072,D08,5,754.000,754.000,0.000,1.0000,5,0,0,89.000,0.000,89.000,89:2|124:4
CFG_072,D09,5,754.000,754.000,0.000,1.0000,5,0,0,89.000,0.000,89.000,89:2|124:4
CFG_072,D10,5,754.000,754.000,0.000,1.0000,5,0,0,89.000,0.000,89.000,89:2|124:4
CFG_072,D11,5,754.000,754.000,0.000,1.0000,5,0,0,89.000,0.000,89.000,89:2|124:4
CFG_072,D12,5,754.000,754.000,0.000,1.0000,5,0,0,89.000,0.000,89.000,89:2|124:4
CFG_072,D13,5,754.000,754.000,0.000,1.0000,5,0,0,89.000,0.000,89.000,89:2|124:4
CFG_072,D14,5,754.000,754.000,0.000,1.0000,5,0,0,89.000,0.000,89.000,89:2|124:4
CFG_072,D15,5,754.000,754.000,0.000,1.0000,5,0,0,89.000,0.000,89.000,89:2|124:4
CFG_072,D16,5,754.000,754.000,0.000,1.0000,4,0,1,89.000,0.000,89.000,89:2|124:4
CFG_072,D17,5,754.000,754.000,0.000,1.0000,4,0,1,89.000,0.000,89.000,89:2|124:4
CFG_072,D18,5,754.000,754.000,0.000,1.0000,4,0,1,64.000,0.000,64.000,64:3|124:2|234:1
CFG_072,D19,4,754.000,714.000,40.000,0.9469,3,1,1,64.000,25.000,89.000,64:3|229:2
CFG_072,D20,4,754.000,714.000,40.000,0.9469,3,1,1,64.000,25.000,89.000,64:3|229:2
CFG_072,D21,4,754.000,719.000,35.000,0.9536,3,0,1,64.000,25.000,89.000,64:3|229:1|234:1
CFG_072,E00,6,754.000,754.000,0.000,1.0000,6,0,0,89.000,0.000,89.000,89:6|124:1
CFG_072,E01,6,754.000,754.000,0.000,1.0000,6,0,0,89.000,0.000,89.000,89:6|124:1
CFG_072,E02,6,754.000,754.000,0.000,1.0000,6,0,0,89.000,0.000,89.000,89:6|124:1
CFG_072,E03,6,754.000,754.000,0.000,1.0000,6,0,0,89.000,0.000,89.000,89:6|124:1
CFG_072,E04,6,754.000,754.000,0.000,1.0000,6,0,0,89.000,0.000,89.000,89:6|124:1
CFG_072,E05,6,754.000,754.000,0.000,1.0000,6,0,0,89.000,0.000,89.000,89:6|124:1
CFG_072,E06,6,754.000,754.000,0.000,1.0000,6,0,0,89.000,0.000,89.000,89:6|124:1
CFG_072,E07,6,754.000,754.000,0.000,1.0000,6,0,0,89.000,0.000,89.000,89:6|124:1
CFG_072,E08,6,754.000,754.000,0.000,1.0000,6,0,0,89.000,0.000,89.000,89:6|124:1
CFG_072,E09,6,754.000,754.000,0.000,1.0000,6,0,0,89.000,0.000,89.000,89:6|124:1
CFG_072,E10,6,754.000,754.000,0.000,1.0000,6,0,0,89.000,0.000,89.000,89:6|124:1
CFG_072,E11,6,754.000,754.000,0.000,1.0000,6,0,0,89.000,0.000,89.000,89:6|124:1
CFG_072,E12,6,754.000,754.000,0.000,1.0000,6,0,0,89.000,0.000,89.000,89:6|124:1
CFG_072,E13,6,754.000,754.000,0.000,1.0000,6,0,0,89.000,0.000,89.000,89:6|124:1
CFG_072,E14,6,754.000,754.000,0.000,1.0000,6,0,0,89.000,0.000,89.000,89:6|124:1
CFG_072,E15,6,754.000,754.000,0.000,1.0000,6,0,0,89.000,0.000,89.000,89:6|124:1
CFG_072,E16,6,754.000,754.000,0.000,1.0000,6,0,0,89.000,0.000,89.000,89:6|124:1
CFG_072,E17,6,754.000,754.000,0.000,1.0000,6,0,0,89.000,0.000,89.000,89:6|124:1
CFG_072,E18,6,754.000,754.000,0.000,1.0000,6,0,0,89.000,0.000,89.000,89:6|124:1
CFG_072,E19,6,754.000,734.000,20.000,0.9735,3,2,2,64.000,25.000,89.000,64:5|89:1|229:1
CFG_072,E20,6,754.000,734.000,20.000,0.9735,3,2,2,64.000,25.000,89.000,64:5|89:1|229:1
CFG_072,E21,6,754.000,734.000,20.000,0.9735,3,0,2,64.000,25.000,89.000,64:5|89:1|229:1
CFG_072,F00,5,754.000,754.000,0.000,1.0000,5,0,0,89.000,0.000,89.000,89:2|124:4
CFG_072,F01,5,754.000,754.000,0.000,1.0000,5,0,0,89.000,0.000,89.000,89:2|124:4
CFG_072,F02,5,754.000,754.000,0.000,1.0000,5,0,0,89.000,0.000,89.000,89:2|124:4
CFG_072,F03,5,754.000,754.000,0.000,1.0000,5,0,0,89.000,0.000,89.000,89:2|124:4
CFG_072,F04,5,754.000,754.000,0.000,1.0000,5,0,0,64.000,0.000,64.000,64:3|124:2|234:1
CFG_072,F05,5,754.000,754.000,0.000,1.0000,5,0,0,64.000,0.000,64.000,64:3|124:2|234:1
CFG_072,F06,5,754.000,754.000,0.000,1.0000,5,0,0,64.000,0.000,64.000,64:3|124:2|234:1
CFG_072,F07,5,754.000,754.000,0.000,1.0000,5,1,0,64.000,0.000,64.000,64:3|124:2|234:1
CFG_072,F08,5,754.000,754.000,0.000,1.0000,5,1,0,64.000,0.000,64.000,64:3|124:2|234:1
CFG_072,F09,5,754.000,754.000,0.000,1.0000,5,1,0,64.000,0.000,64.000,64:3|124:2|234:1
CFG_072,F10,5,754.000,754.000,0.000,1.0000,5,1,0,64.000,0.000,64.000,64:3|124:2|234:1
CFG_072,F11,5,754.000,754.000,0.000,1.0000,5,1,0,64.000,0.000,64.000,64:3|124:2|234:1
CFG_072,F12,5,754.000,754.000,0.000,1.0000,5,1,0,64.000,0.000,64.000,64:3|124:2|234:1
CFG_072,F13,5,754.000,754.000,0.000,1.0000,5,1,0,64.000,0.000,64.000,64:3|124:2|234:1
CFG_072,F14,5,754.000,754.000,0.000,1.0000,5,1,0,64.000,0.000,64.000,64:3|124:2|234:1
CFG_072,F15,5,754.000,754.000,0.000,1.0000,5,1,0,64.000,0.000,64.000,64:3|124:2|234:1
CFG_072,F16,5,754.000,754.000,0.000,1.0000,5,1,0,64.000,0.000,64.000,64:3|124:2|234:1
CFG_072,F17,5,754.000,754.000,0.000,1.0000,5,1,0,64.000,0.000,64.000,64:3|124:2|234:1
CFG_072,F18,5,754.000,754.000,0.000,1.0000,5,1,0,64.000,0.000,64.000,64:3|124:2|234:1
CFG_072,F19,5,754.000,749.000,5.000,0.9934,4,1,0,64.000,0.000,64.000,64:3|124:2|229:1
CFG_072,F20,5,754.000,749.000,5.000,0.9934,4,1,0,64.000,0.000,64.000,64:3|124:2|229:1
CFG_072,F21,5,754.000,749.000,5.000,0.9934,4,0,0,64.000,0.000,64.000,64:3|124:2|229:1
CFG_072,G00,5,754.000,754.000,0.000,1.0000,5,0,0,89.000,0.000,89.000,89:2|124:4
CFG_072,G01,5,754.000,754.000,0.000,1.0000,5,0,0,89.000,0.000,89.000,89:2|124:4
CFG_072,G02,5,754.000,754.000,0.000,1.0000,5,0,0,89.000,0.000,89.000,89:2|124:4
CFG_072,G03,5,754.000,754.000,0.000,1.0000,5,0,0,89.000,0.000,89.000,89:2|124:4
CFG_072,G04,5,754.000,754.000,0.000,1.0000,5,0,0,64.000,0.000,64.000,64:3|124:2|234:1
CFG_072,G05,5,754.000,754.000,0.000,1.0000,5,0,0,64.000,0.000,64.000,64:3|124:2|234:1
CFG_072,G06,5,754.000,754.000,0.000,1.0000,5,0,0,64.000,0.000,64.000,64:3|124:2|234:1
CFG_072,G07,5,754.000,754.000,0.000,1.0000,5,0,0,64.000,0.000,64.000,64:3|124:2|234:1
CFG_072,G08,5,754.000,754.000,0.000,1.0000,5,0,0,64.000,0.000,64.000,64:3|124:2|234:1
CFG_072,G09,5,754.000,754.000,0.000,1.0000,5,0,0,64.000,0.000,64.000,64:3|124:2|234:1
CFG_072,G10,5,754.000,754.000,0.000,1.0000,5,0,0,64.000,0.000,64.000,64:3|124:2|234:1
CFG_072,G11,5,754.000,754.000,0.000,1.0000,5,0,0,64.000,0.000,64.000,64:3|124:2|234:1
CFG_072,G12,5,754.000,754.000,0.000,1.0000,5,0,0,64.000,0.000,64.000,64:3|124:2|234:1
CFG_072,G13,5,754.000,754.000,0.000,1.0000,5,0,0,64.000,0.000,64.000,64:3|124:2|234:1
CFG_072,G14,5,754.000,754.000,0.000,1.0000,5,0,0,64.000,0.000,64.000,64:3|124:2|234:1
CFG_072,G15,5,754.000,754.000,0.000,1.0000,5,0,0,64.000,0.000,64.000,64:3|124:2|234:1
CFG_072,G16,5,754.000,754.000,0.000,1.0000,5,0,0,64.000,0.000,64.000,64:3|124:2|234:1
CFG_072,G17,5,754.000,754.000,0.000,1.0000,5,0,0,64.000,0.000,64.000,64:3|124:2|234:1
CFG_072,G18,5,754.000,754.000,0.000,1.0000,5,0,0,64.000,0.000,64.000,64:3|124:2|234:1
CFG_072,G19,4,754.000,714.000,40.000,0.9469,4,1,0,64.000,25.000,89.000,64:3|229:2
CFG_072,G20,4,754.000,714.000,40.000,0.9469,4,1,0,64.000,25.000,89.000,64:3|229:2
CFG_072,G21,4,754.000,719.000,35.000,0.9536,4,0,0,64.000,25.000,89.000,64:3|229:1|234:1
CFG_072,H00,6,754.000,754.000,0.000,1.0000,3,0,2,89.000,0.000,89.000,89:6|124:1
CFG_072,H01,6,754.000,754.000,0.000,1.0000,3,0,2,89.000,0.000,89.000,89:6|124:1
CFG_072,H02,6,754.000,754.000,0.000,1.0000,3,0,2,89.000,0.000,89.000,89:6|124:1
CFG_072,H03,6,754.000,754.000,0.000,1.0000,3,0,2,89.000,0.000,89.000,89:6|124:1
CFG_072,H04,6,754.000,754.000,0.000,1.0000,3,0,2,89.000,0.000,89.000,89:6|124:1
CFG_072,H05,6,754.000,754.000,0.000,1.0000,3,0,2,89.000,0.000,89.000,89:6|124:1
CFG_072,H06,6,754.000,754.000,0.000,1.0000,3,0,2,89.000,0.000,89.000,89:6|124:1
CFG_072,H07,6,754.000,754.000,0.000,1.0000,3,0,2,89.000,0.000,89.000,89:6|124:1
CFG_072,H08,6,754.000,754.000,0.000,1.0000,3,0,2,89.000,0.000,89.000,89:6|124:1
CFG_072,H09,6,754.000,754.000,0.000,1.0000,3,0,2,89.000,0.000,89.000,89:6|124:1
CFG_072,H10,6,754.000,754.000,0.000,1.0000,3,0,2,89.000,0.000,89.000,89:6|124:1
CFG_072,H11,6,754.000,754.000,0.000,1.0000,3,0,2,89.000,0.000,89.000,89:6|124:1
CFG_072,H12,6,754.000,754.000,0.000,1.0000,3,0,2,89.000,0.000,89.000,89:6|124:1
CFG_072,H13,6,754.000,754.000,0.000,1.0000,3,0,2,89.000,0.000,89.000,89:6|124:1
CFG_072,H14,6,754.000,754.000,0.000,1.0000,3,0,2,89.000,0.000,89.000,89:6|124:1
CFG_072,H15,6,754.000,754.000,0.000,1.0000,3,0,2,89.000,0.000,89.000,89:6|124:1
CFG_072,H16,6,754.000,754.000,0.000,1.0000,3,0,2,89.000,0.000,89.000,89:6|124:1
CFG_072,H17,6,754.000,754.000,0.000,1.0000,3,0,2,89.000,0.000,89.000,89:6|124:1
CFG_072,H18,6,754.000,754.000,0.000,1.0000,3,0,2,89.000,0.000,89.000,89:6|124:1
CFG_072,H19,6,754.000,734.000,20.000,0.9735,2,1,3,64.000,25.000,89.000,64:5|89:1|229:1
CFG_072,H20,6,754.000,734.000,20.000,0.9735,2,1,3,64.000,25.000,89.000,64:5|89:1|229:1
CFG_072,H21,6,754.000,734.000,20.000,0.9735,2,0,3,64.000,25.000,89.000,64:5|89:1|229:1
CFG_072,I00,5,754.000,754.000,0.000,1.0000,4,0,1,64.000,0.000,64.000,64:3|124:2|234:1
CFG_072,I01,5,754.000,754.000,0.000,1.0000,4,0,1,64.000,0.000,64.000,64:3|124:2|234:1
CFG_072,I02,5,754.000,754.000,0.000,1.0000,4,0,1,64.000,0.000,64.000,64:3|124:2|234:1
CFG_072,I03,5,754.000,754.000,0.000,1.0000,4,0,1,64.000,0.000,64.000,64:3|124:2|234:1
CFG_072,I04,5,754.000,754.000,0.000,1.0000,4,0,1,64.000,0.000,64.000,64:3|124:2|234:1
CFG_072,I05,5,754.000,754.000,0.000,1.0000,4,0,1,64.000,0.000,64.000,64:3|124:2|234:1
CFG_072,I06,5,754.000,754.000,0.000,1.0000,4,0,1,64.000,0.000,64.000,64:3|124:2|234:1
CFG_072,I07,5,754.000,754.000,0.000,1.0000,4,0,1,64.000,0.000,64.000,64:3|124:2|234:1
CFG_072,I08,5,754.000,754.000,0.000,1.0000,4,0,1,64.000,0.000,64.000,64:3|124:2|234:1
CFG_072,I09,5,754.000,754.000,0.000,1.0000,4,0,1,64.000,0.000,64.000,64:3|124:2|234:1
CFG_072,I10,5,754.000,754.000,0.000,1.0000,4,0,1,64.000,0.000,64.000,64:3|124:2|234:1
CFG_072,I11,5,754.000,754.000,0.000,1.0000,4,0,1,64.000,0.000,64.000,64:3|124:2|234:1
CFG_072,I12,5,754.000,754.000,0.000,1.0000,4,0,1,64.000,0.000,64.000,64:3|124:2|234:1
CFG_072,I13,5,754.000,754.000,0.000,1.0000,4,0,1,64.000,0.000,64.000,64:3|124:2|234:1
CFG_072,I14,5,754.000,754.000,0.000,1.0000,4,0,1,64.000,0.000,64.000,64:3|124:2|234:1
CFG_072,I15,5,754.000,754.000,0.000,1.0000,4,0,1,64.000,0.000,64.000,64:3|124:2|234:1
CFG_072,I16,5,754.000,754.000,0.000,1.0000,4,0,1,64.000,0.000,64.000,64:3|124:2|234:1
CFG_072,I17,5,754.000,754.000,0.000,1.0000,4,0,1,64.000,0.000,64.000,64:3|124:2|234:1
CFG_072,I18,5,754.000,754.000,0.000,1.0000,4,0,1,64.000,0.000,64.000,64:3|124:2|234:1
CFG_072,I19,5,754.000,749.000,5.000,0.9934,2,1,2,64.000,0.000,64.000,64:3|124:2|229:1
CFG_072,I20,5,754.000,749.000,5.000,0.9934,2,1,2,64.000,0.000,64.000,64:3|124:2|229:1
CFG_072,I21,5,754.000,749.000,5.000,0.9934,2,0,2,64.000,0.000,64.000,64:3|124:2|229:1
CFG_072,J00,5,754.000,754.000,0.000,1.0000,5,0,0,64.000,0.000,64.000,64:3|124:2|234:1
CFG_072,J01,5,754.000,754.000,0.000,1.0000,5,0,0,64.000,0.000,64.000,64:3|124:2|234:1
CFG_072,J02,5,754.000,754.000,0.000,1.0000,5,0,0,89.000,0.000,89.000,89:2|124:4
CFG_072,J03,5,754.000,754.000,0.000,1.0000,5,0,0,89.000,0.000,89.000,89:2|124:4
CFG_072,J04,5,754.000,754.000,0.000,1.0000,4,0,1,89.000,0.000,89.000,89:2|124:4
CFG_072,J05,5,754.000,754.000,0.000,1.0000,4,0,1,89.000,0.000,89.000,89:2|124:4
CFG_072,J06,5,754.000,754.000,0.000,1.0000,4,0,1,89.000,0.000,89.000,89:2|124:4
CFG_072,J07,5,754.000,754.000,0.000,1.0000,4,0,1,89.000,0.000,89.000,89:2|124:4
CFG_072,J08,5,754.000,754.000,0.000,1.0000,4,0,1,89.000,0.000,89.000,89:2|124:4
CFG_072,J09,5,754.000,754.000,0.000,1.0000,4,0,1,89.000,0.000,89.000,89:2|124:4
CFG_072,J10,5,754.000,754.000,0.000,1.0000,4,0,1,89.000,0.000,89.000,89:2|124:4
CFG_072,J11,5,754.000,754.000,0.000,1.0000,4,0,1,89.000,0.000,89.000,89:2|124:4
CFG_072,J12,5,754.000,754.000,0.000,1.0000,4,0,1,89.000,0.000,89.000,89:2|124:4
CFG_072,J13,5,754.000,754.000,0.000,1.0000,4,0,1,89.000,0.000,89.000,89:2|124:4
CFG_072,J14,5,754.000,754.000,0.000,1.0000,4,0,1,89.000,0.000,89.000,89:2|124:4
CFG_072,J15,5,754.000,754.000,0.000,1.0000,4,0,1,89.000,0.000,89.000,89:2|124:4
CFG_072,J16,5,754.000,754.000,0.000,1.0000,4,0,1,89.000,0.000,89.000,89:2|124:4
CFG_072,J17,5,754.000,754.000,0.000,1.0000,4,0,1,89.000,0.000,89.000,89:2|124:4
CFG_072,J18,5,754.000,754.000,0.000,1.0000,4,0,1,89.000,0.000,89.000,89:2|124:4
CFG_072,J19,4,754.000,704.000,50.000,0.9337,3,1,1,64.000,60.000,124.000,64:3|224:2
CFG_072,J20,4,754.000,704.000,50.000,0.9337,3,1,1,64.000,60.000,124.000,64:3|224:2
CFG_072,J21,4,754.000,714.000,40.000,0.9469,3,0,1,64.000,25.000,89.000,64:3|224:1|234:1
CFG_072,K00,5,754.000,754.000,0.000,1.0000,5,0,0,89.000,0.000,89.000,89:2|124:4
CFG_072,K01,5,754.000,754.000,0.000,1.0000,5,0,0,89.000,0.000,89.000,89:2|124:4
CFG_072,K02,5,754.000,754.000,0.000,1.0000,5,0,0,89.000,0.000,89.000,89:2|124:4
CFG_072,K03,5,754.000,754.000,0.000,1.0000,5,0,0,89.000,0.000,89.000,89:2|124:4
CFG_072,K04,5,754.000,754.000,0.000,1.0000,4,0,1,89.000,0.000,89.000,89:2|124:4
CFG_072,K05,5,754.000,754.000,0.000,1.0000,4,0,1,89.000,0.000,89.000,89:2|124:4
CFG_072,K06,5,754.000,754.000,0.000,1.0000,4,0,1,89.000,0.000,89.000,89:2|124:4
CFG_072,K07,5,754.000,754.000,0.000,1.0000,4,0,0,89.000,0.000,89.000,89:2|124:4
CFG_072,K08,5,754.000,754.000,0.000,1.0000,5,0,0,89.000,0.000,89.000,89:2|124:4
CFG_072,K09,5,754.000,754.000,0.000,1.0000,5,0,0,89.000,0.000,89.000,89:2|124:4
CFG_072,K10,5,754.000,754.000,0.000,1.0000,5,0,0,89.000,0.000,89.000,89:2|124:4
CFG_072,K11,5,754.000,754.000,0.000,1.0000,5,0,0,89.000,0.000,89.000,89:2|124:4
CFG_072,K12,5,754.000,754.000,0.000,1.0000,5,0,0,89.000,0.000,89.000,89:2|124:4
CFG_072,K13,5,754.000,754.000,0.000,1.0000,5,0,0,89.000,0.000,89.000,89:2|124:4
CFG_072,K14,5,754.000,754.000,0.000,1.0000,5,0,0,89.000,0.000,89.000,89:2|124:4
CFG_072,K15,5,754.000,754.000,0.000,1.0000,5,0,0,89.000,0.000,89.000,89:2|124:4
CFG_072,K16,5,754.000,754.000,0.000,1.0000,5,0,0,89.000,0.000,89.000,89:2|124:4
CFG_072,K17,5,754.000,754.000,0.000,1.0000,5,0,0,89.000,0.000,89.000,89:2|124:4
CFG_072,K18,5,754.000,754.000,0.000,1.0000,5,0,0,89.000,0.000,89.000,89:2|124:4
CFG_072,K19,6,754.000,729.000,25.000,0.9668,3,0,3,64.000,25.000,89.000,64:5|89:1|224:1
CFG_072,K20,5,754.000,684.000,70.000,0.9072,3,0,2,64.000,60.000,124.000,64:4|124:1|224:1
CFG_072,K21,4,754.000,714.000,40.000,0.9469,3,0,1,64.000,25.000,89.000,64:3|224:1|234:1
CFG_076,A00,5,754.000,754.000,0.000,1.0000,3,0,2,79.000,0.000,79.000,79:2|129:4
CFG_076,A01,5,754.000,754.000,0.000,1.0000,3,0,2,79.000,0.000,79.000,79:2|129:4
CFG_076,A02,5,754.000,754.000,0.000,1.0000,3,0,2,79.000,0.000,79.000,79:2|129:4
CFG_076,A03,5,754.000,754.000,0.000,1.0000,3,0,2,79.000,0.000,79.000,79:2|129:4
CFG_076,A04,5,754.000,754.000,0.000,1.0000,3,0,2,79.000,0.000,79.000,79:2|129:4
CFG_076,A05,5,754.000,754.000,0.000,1.0000,3,0,2,79.000,0.000,79.000,79:2|129:4
CFG_076,A06,5,754.000,754.000,0.000,1.0000,3,0,2,79.000,0.000,79.000,79:2|129:4
CFG_076,A07,5,754.000,754.000,0.000,1.0000,3,0,2,79.000,0.000,79.000,79:2|129:4
CFG_076,A08,5,754.000,754.000,0.000,1.0000,3,0,2,79.000,0.000,79.000,79:2|129:4
CFG_076,A09,5,754.000,754.000,0.000,1.0000,3,0,2,79.000,0.000,79.000,79:2|129:4
CFG_076,A10,5,754.000,754.000,0.000,1.0000,3,0,2,79.000,0.000,79.000,79:2|129:4
CFG_076,A11,5,754.000,754.000,0.000,1.0000,3,0,2,79.000,0.000,79.000,79:2|129:4
CFG_076,A12,5,754.000,754.000,0.000,1.0000,3,0,2,79.000,0.000,79.000,79:2|129:4
CFG_076,A13,5,754.000,754.000,0.000,1.0000,3,0,2,79.000,0.000,79.000,79:2|129:4
CFG_076,A14,5,754.000,754.000,0.000,1.0000,3,0,2,79.000,0.000,79.000,79:2|129:4
CFG_076,A15,5,754.000,754.000,0.000,1.0000,3,0,2,79.000,0.000,79.000,79:2|129:4
CFG_076,B00,5,754.000,754.000,0.000,1.0000,3,0,2,79.000,0.000,79.000,79:2|129:4
CFG_076,B01,5,754.000,754.000,0.000,1.0000,3,0,2,79.000,0.000,79.000,79:2|129:4
CFG_076,B02,5,754.000,754.000,0.000,1.0000,3,0,2,79.000,0.000,79.000,79:2|129:4
CFG_076,B03,5,754.000,754.000,0.000,1.0000,3,0,2,79.000,0.000,79.000,79:2|129:4
CFG_076,B04,5,754.000,754.000,0.000,1.0000,3,0,2,79.000,0.000,79.000,79:2|129:4
CFG_076,B05,5,754.000,754.000,0.000,1.0000,3,0,2,79.000,0.000,79.000,79:2|129:4
CFG_076,B06,5,754.000,754.000,0.000,1.0000,3,0,2,79.000,0.000,79.000,79:2|129:4
CFG_076,B07,5,754.000,754.000,0.000,1.0000,3,0,2,79.000,0.000,79.000,79:2|129:4
CFG_076,B08,5,754.000,754.000,0.000,1.0000,3,0,2,79.000,0.000,79.000,79:2|129:4
CFG_076,B09,5,754.000,754.000,0.000,1.0000,3,0,2,79.000,0.000,79.000,79:2|129:4
CFG_076,B10,5,754.000,754.000,0.000,1.0000,3,0,2,79.000,0.000,79.000,79:2|129:4
CFG_076,B11,5,754.000,754.000,0.000,1.0000,3,0,2,79.000,0.000,79.000,79:2|129:4
CFG_076,B12,5,754.000,754.000,0.000,1.0000,3,0,2,79.000,0.000,79.000,79:2|129:4
CFG_076,B13,5,754.000,754.000,0.000,1.0000,3,0,2,79.000,0.000,79.000,79:2|129:4
CFG_076,B14,5,754.000,754.000,0.000,1.0000,3,0,2,79.000,0.000,79.000,79:2|129:4
CFG_076,B15,5,754.000,754.000,0.000,1.0000,3,0,2,79.000,0.000,79.000,79:2|129:4
CFG_076,B16,5,754.000,754.000,0.000,1.0000,3,0,2,79.000,0.000,79.000,79:2|129:4
CFG_076,B17,5,754.000,754.000,0.000,1.0000,3,0,2,79.000,0.000,79.000,79:2|129:4
CFG_076,B18,5,754.000,754.000,0.000,1.0000,3,0,2,79.000,0.000,79.000,79:2|129:4
CFG_076,B19,5,754.000,709.000,45.000,0.9403,2,2,2,79.000,50.000,129.000,79:5|234:1
CFG_076,B20,5,754.000,709.000,45.000,0.9403,2,2,2,79.000,50.000,129.000,79:5|234:1
CFG_076,B21,5,754.000,709.000,45.000,0.9403,2,0,2,79.000,50.000,129.000,79:5|234:1
CFG_076,D00,5,754.000,754.000,0.000,1.0000,5,0,0,79.000,0.000,79.000,79:2|129:4
CFG_076,D01,5,754.000,754.000,0.000,1.0000,5,0,0,79.000,0.000,79.000,79:2|129:4
CFG_076,D02,5,754.000,754.000,0.000,1.0000,5,0,0,79.000,0.000,79.000,79:2|129:4
CFG_076,D03,5,754.000,754.000,0.000,1.0000,5,0,0,79.000,0.000,79.000,79:2|129:4
CFG_076,D04,5,754.000,754.000,0.000,1.0000,5,0,0,79.000,0.000,79.000,79:2|129:4
CFG_076,D05,5,754.000,754.000,0.000,1.0000,5,0,0,79.000,0.000,79.000,79:2|129:4
CFG_076,D06,5,754.000,754.000,0.000,1.0000,5,0,0,79.000,0.000,79.000,79:2|129:4
CFG_076,D07,5,754.000,754.000,0.000,1.0000,5,0,0,79.000,0.000,79.000,79:2|129:4
CFG_076,D08,5,754.000,754.000,0.000,1.0000,5,0,0,79.000,0.000,79.000,79:2|129:4
CFG_076,D09,5,754.000,754.000,0.000,1.0000,5,0,0,79.000,0.000,79.000,79:2|129:4
CFG_076,D10,5,754.000,754.000,0.000,1.0000,5,0,0,79.000,0.000,79.000,79:2|129:4
CFG_076,D11,5,754.000,754.000,0.000,1.0000,5,0,0,79.000,0.000,79.000,79:2|129:4
CFG_076,D12,5,754.000,754.000,0.000,1.0000,5,0,0,79.000,0.000,79.000,79:2|129:4
CFG_076,D13,5,754.000,754.000,0.000,1.0000,5,0,0,79.000,0.000,79.000,79:2|129:4
CFG_076,D14,5,754.000,754.000,0.000,1.0000,5,0,0,79.000,0.000,79.000,79:2|129:4
CFG_076,D15,5,754.000,754.000,0.000,1.0000,5,0,0,79.000,0.000,79.000,79:2|129:4
CFG_076,D16,5,754.000,754.000,0.000,1.0000,3,0,1,79.000,0.000,79.000,79:2|129:4
CFG_076,D17,5,754.000,754.000,0.000,1.0000,3,0,1,79.000,0.000,79.000,79:2|129:4
CFG_076,D18,5,754.000,754.000,0.000,1.0000,3,0,1,79.000,0.000,79.000,79:2|129:4
CFG_076,D19,5,754.000,754.000,0.000,1.0000,2,1,2,79.000,0.000,79.000,79:4|129:1|229:1
CFG_076,D20,5,754.000,754.000,0.000,1.0000,2,1,2,79.000,0.000,79.000,79:4|129:1|229:1
CFG_076,D21,5,754.000,754.000,0.000,1.0000,2,0,2,79.000,0.000,79.000,79:4|129:1|229:1
CFG_076,E00,5,754.000,754.000,0.000,1.0000,5,1,0,79.000,0.000,79.000,79:2|129:4
CFG_076,E01,5,754.000,754.000,0.000,1.0000,5,1,0,79.000,0.000,79.000,79:2|129:4
CFG_076,E02,5,754.000,754.000,0.000,1.0000,5,1,0,79.000,0.000,79.000,79:2|129:4
CFG_076,E03,5,754.000,754.000,0.000,1.0000,5,1,0,79.000,0.000,79.000,79:2|129:4
CFG_076,E04,5,754.000,754.000,0.000,1.0000,5,1,0,79.000,0.000,79.000,79:2|129:4
CFG_076,E05,5,754.000,754.000,0.000,1.0000,5,1,0,79.000,0.000,79.000,79:2|129:4
CFG_076,E06,5,754.000,754.000,0.000,1.0000,5,1,0,79.000,0.000,79.000,79:2|129:4
CFG_076,E07,5,754.000,754.000,0.000,1.0000,5,1,0,79.000,0.000,79.000,79:2|129:4
CFG_076,E08,5,754.000,754.000,0.000,1.0000,5,1,0,79.000,0.000,79.000,79:2|129:4
CFG_076,E09,5,754.000,754.000,0.000,1.0000,5,1,0,79.000,0.000,79.000,79:2|129:4
CFG_076,E10,5,754.000,754.000,0.000,1.0000,5,1,0,79.000,0.000,79.000,79:2|129:4
CFG_076,E11,5,754.000,754.000,0.000,1.0000,5,1,0,79.000,0.000,79.000,79:2|129:4
CFG_076,E12,5,754.000,754.000,0.000,1.0000,5,1,0,79.000,0.000,79.000,79:2|129:4
CFG_076,E13,5,754.000,754.000,0.000,1.0000,5,1,0,79.000,0.000,79.000,79:2|129:4
CFG_076,E14,5,754.000,754.000,0.000,1.0000,5,1,0,79.000,0.000,79.000,79:2|129:4
CFG_076,E15,5,754.000,754.000,0.000,1.0000,5,1,0,79.000,0.000,79.000,79:2|129:4
CFG_076,E16,5,754.000,754.000,0.000,1.0000,5,1,0,79.000,0.000,79.000,79:2|129:4
CFG_076,E17,5,754.000,754.000,0.000,1.0000,5,1,0,79.000,0.000,79.000,79:2|129:4
CFG_076,E18,5,754.000,754.000,0.000,1.0000,5,1,0,79.000,0.000,79.000,79:2|129:4
CFG_076,E19,5,754.000,754.000,0.000,1.0000,3,2,1,79.000,0.000,79.000,79:4|129:1|229:1
CFG_076,E20,5,754.000,754.000,0.000,1.0000,3,2,1,79.000,0.000,79.000,79:4|129:1|229:1
CFG_076,E21,5,754.000,754.000,0.000,1.0000,3,0,1,79.000,0.000,79.000,79:4|129:1|229:1
CFG_076,F00,5,754.000,754.000,0.000,1.0000,5,0,0,79.000,0.000,79.000,79:2|129:4
CFG_076,F01,5,754.000,754.000,0.000,1.0000,5,0,0,79.000,0.000,79.000,79:2|129:4
CFG_076,F02,5,754.000,754.000,0.000,1.0000,5,0,0,79.000,0.000,79.000,79:2|129:4
CFG_076,F03,5,754.000,754.000,0.000,1.0000,5,0,0,79.000,0.000,79.000,79:2|129:4
CFG_076,F04,5,754.000,754.000,0.000,1.0000,5,0,0,79.000,0.000,79.000,79:2|129:4
CFG_076,F05,5,754.000,754.000,0.000,1.0000,5,0,0,79.000,0.000,79.000,79:2|129:4
CFG_076,F06,5,754.000,754.000,0.000,1.0000,5,0,0,79.000,0.000,79.000,79:2|129:4
CFG_076,F07,5,754.000,754.000,0.000,1.0000,5,1,0,79.000,0.000,79.000,79:2|129:4
CFG_076,F08,5,754.000,754.000,0.000,1.0000,5,1,0,79.000,0.000,79.000,79:2|129:4
CFG_076,F09,5,754.000,754.000,0.000,1.0000,5,1,0,79.000,0.000,79.000,79:2|129:4
CFG_076,F10,5,754.000,754.000,0.000,1.0000,5,1,0,79.000,0.000,79.000,79:2|129:4
CFG_076,F11,5,754.000,754.000,0.000,1.0000,5,1,0,79.000,0.000,79.000,79:2|129:4
CFG_076,F12,5,754.000,754.000,0.000,1.0000,5,1,0,79.000,0.000,79.000,79:2|129:4
CFG_076,F13,5,754.000,754.000,0.000,1.0000,5,1,0,79.000,0.000,79.000,79:2|129:4
CFG_076,F14,5,754.000,754.000,0.000,1.0000,5,1,0,79.000,0.000,79.000,79:2|129:4
CFG_076,F15,5,754.000,754.000,0.000,1.0000,5,1,0,79.000,0.000,79.000,79:2|129:4
CFG_076,F16,5,754.000,754.000,0.000,1.0000,5,1,0,79.000,0.000,79.000,79:2|129:4
CFG_076,F17,5,754.000,754.000,0.000,1.0000,5,1,0,79.000,0.000,79.000,79:2|129:4
CFG_076,F18,5,754.000,754.000,0.000,1.0000,5,1,0,79.000,0.000,79.000,79:2|129:4
CFG_076,F19,5,754.000,754.000,0.000,1.0000,4,1,0,79.000,0.000,79.000,79:4|129:1|229:1
CFG_076,F20,5,754.000,754.000,0.000,1.0000,4,1,0,79.000,0.000,79.000,79:4|129:1|229:1
CFG_076,F21,5,754.000,754.000,0.000,1.0000,4,0,0,79.000,0.000,79.000,79:4|129:1|229:1
CFG_076,G00,5,754.000,754.000,0.000,1.0000,5,0,0,79.000,0.000,79.000,79:2|129:4
CFG_076,G01,5,754.000,754.000,0.000,1.0000,5,0,0,79.000,0.000,79.000,79:2|129:4
CFG_076,G02,5,754.000,754.000,0.000,1.0000,5,0,0,79.000,0.000,79.000,79:2|129:4
CFG_076,G03,5,754.000,754.000,0.000,1.0000,5,0,0,79.000,0.000,79.000,79:2|129:4
CFG_076,G04,5,754.000,754.000,0.000,1.0000,5,0,0,79.000,0.000,79.000,79:2|129:4
CFG_076,G05,5,754.000,754.000,0.000,1.0000,5,0,0,79.000,0.000,79.000,79:2|129:4
CFG_076,G06,5,754.000,754.000,0.000,1.0000,5,0,0,79.000,0.000,79.000,79:2|129:4
CFG_076,G07,5,754.000,754.000,0.000,1.0000,5,0,0,79.000,0.000,79.000,79:2|129:4
CFG_076,G08,5,754.000,754.000,0.000,1.0000,5,0,0,79.000,0.000,79.000,79:2|129:4
CFG_076,G09,5,754.000,754.000,0.000,1.0000,5,0,0,79.000,0.000,79.000,79:2|129:4
CFG_076,G10,5,754.000,754.000,0.000,1.0000,5,0,0,79.000,0.000,79.000,79:2|129:4
CFG_076,G11,5,754.000,754.000,0.000,1.0000,5,0,0,79.000,0.000,79.000,79:2|129:4
CFG_076,G12,5,754.000,754.000,0.000,1.0000,5,0,0,79.000,0.000,79.000,79:2|129:4
CFG_076,G13,5,754.000,754.000,0.000,1.0000,5,0,0,79.000,0.000,79.000,79:2|129:4
CFG_076,G14,5,754.000,754.000,0.000,1.0000,5,0,0,79.000,0.000,79.000,79:2|129:4
CFG_076,G15,5,754.000,754.000,0.000,1.0000,5,0,0,79.000,0.000,79.000,79:2|129:4
CFG_076,G16,5,754.000,754.000,0.000,1.0000,5,0,0,79.000,0.000,79.000,79:2|129:4
CFG_076,G17,5,754.000,754.000,0.000,1.0000,5,0,0,79.000,0.000,79.000,79:2|129:4
CFG_076,G18,5,754.000,754.000,0.000,1.0000,5,0,0,79.000,0.000,79.000,79:2|129:4
CFG_076,G19,5,754.000,754.000,0.000,1.0000,3,1,1,79.000,0.000,79.000,79:4|129:1|229:1
CFG_076,G20,5,754.000,754.000,0.000,1.0000,3,1,1,79.000,0.000,79.000,79:4|129:1|229:1
CFG_076,G21,5,754.000,754.000,0.000,1.0000,3,0,1,79.000,0.000,79.000,79:4|129:1|229:1
CFG_076,H00,5,754.000,754.000,0.000,1.0000,4,0,1,79.000,0.000,79.000,79:2|129:4
CFG_076,H01,5,754.000,754.000,0.000,1.0000,4,0,1,79.000,0.000,79.000,79:2|129:4
CFG_076,H02,5,754.000,754.000,0.000,1.0000,4,0,1,79.000,0.000,79.000,79:2|129:4
CFG_076,H03,5,754.000,754.000,0.000,1.0000,4,0,1,79.000,0.000,79.000,79:2|129:4
CFG_076,H04,5,754.000,754.000,0.000,1.0000,4,0,1,79.000,0.000,79.000,79:2|129:4
CFG_076,H05,5,754.000,754.000,0.000,1.0000,4,0,1,79.000,0.000,79.000,79:2|129:4
CFG_076,H06,5,754.000,754.000,0.000,1.0000,4,0,1,79.000,0.000,79.000,79:2|129:4
CFG_076,H07,5,754.000,754.000,0.000,1.0000,4,0,1,79.000,0.000,79.000,79:2|129:4
CFG_076,H08,5,754.000,754.000,0.000,1.0000,4,0,1,79.000,0.000,79.000,79:2|129:4
CFG_076,H09,5,754.000,754.000,0.000,1.0000,4,0,1,79.000,0.000,79.000,79:2|129:4
CFG_076,H10,5,754.000,754.000,0.000,1.0000,4,0,1,79.000,0.000,79.000,79:2|129:4
CFG_076,H11,5,754.000,754.000,0.000,1.0000,4,0,1,79.000,0.000,79.000,79:2|129:4
CFG_076,H12,5,754.000,754.000,0.000,1.0000,4,0,1,79.000,0.000,79.000,79:2|129:4
CFG_076,H13,5,754.000,754.000,0.000,1.0000,4,0,1,79.000,0.000,79.000,79:2|129:4
CFG_076,H14,5,754.000,754.000,0.000,1.0000,4,0,1,79.000,0.000,79.000,79:2|129:4
CFG_076,H15,5,754.000,754.000,0.000,1.0000,4,0,1,79.000,0.000,79.000,79:2|129:4
CFG_076,H16,5,754.000,754.000,0.000,1.0000,4,0,1,79.000,0.000,79.000,79:2|129:4
CFG_076,H17,5,754.000,754.000,0.000,1.0000,4,0,1,79.000,0.000,79.000,79:2|129:4
CFG_076,H18,5,754.000,754.000,0.000,1.0000,4,0,1,79.000,0.000,79.000,79:2|129:4
CFG_076,H19,5,754.000,754.000,0.000,1.0000,2,1,2,79.000,0.000,79.000,79:4|129:1|229:1
CFG_076,H20,5,754.000,754.000,0.000,1.0000,2,1,2,79.000,0.000,79.000,79:4|129:1|229:1
CFG_076,H21,5,754.000,754.000,0.000,1.0000,2,0,2,79.000,0.000,79.000,79:4|129:1|229:1
CFG_076,I00,5,754.000,754.000,0.000,1.0000,4,0,1,79.000,0.000,79.000,79:2|129:4
CFG_076,I01,5,754.000,754.000,0.000,1.0000,4,0,1,79.000,0.000,79.000,79:2|129:4
CFG_076,I02,5,754.000,754.000,0.000,1.0000,4,0,1,79.000,0.000,79.000,79:2|129:4
CFG_076,I03,5,754.000,754.000,0.000,1.0000,4,0,1,79.000,0.000,79.000,79:2|129:4
CFG_076,I04,5,754.000,754.000,0.000,1.0000,4,0,1,79.000,0.000,79.000,79:2|129:4
CFG_076,I05,5,754.000,754.000,0.000,1.0000,4,0,1,79.000,0.000,79.000,79:2|129:4
CFG_076,I06,5,754.000,754.000,0.000,1.0000,4,0,1,79.000,0.000,79.000,79:2|129:4
CFG_076,I07,5,754.000,754.000,0.000,1.0000,4,0,1,79.000,0.000,79.000,79:2|129:4
CFG_076,I08,5,754.000,754.000,0.000,1.0000,4,0,1,79.000,0.000,79.000,79:2|129:4
CFG_076,I09,5,754.000,754.000,0.000,1.0000,4,0,1,79.000,0.000,79.000,79:2|129:4
CFG_076,I10,5,754.000,754.000,0.000,1.0000,4,0,1,79.000,0.000,79.000,79:2|129:4
CFG_076,I11,5,754.000,754.000,0.000,1.0000,4,0,1,79.000,0.000,79.000,79:2|129:4
CFG_076,I12,5,754.000,754.000,0.000,1.0000,4,0,1,79.000,0.000,79.000,79:2|129:4
CFG_076,I13,5,754.000,754.000,0.000,1.0000,4,0,1,79.000,0.000,79.000,79:2|129:4
CFG_076,I14,5,754.000,754.000,0.000,1.0000,4,0,1,79.000,0.000,79.000,79:2|129:4
CFG_076,I15,5,754.000,754.000,0.000,1.0000,4,0,1,79.000,0.000,79.000,79:2|129:4
CFG_076,I16,5,754.000,754.000,0.000,1.0000,4,0,1,79.000,0.000,79.000,79:2|129:4
CFG_076,I17,5,754.000,754.000,0.000,1.0000,4,0,1,79.000,0.000,79.000,79:2|129:4
CFG_076,I18,5,754.000,754.000,0.000,1.0000,4,0,1,79.000,0.000,79.000,79:2|129:4
CFG_076,I19,5,754.000,754.000,0.000,1.0000,2,1,2,79.000,0.000,79.000,79:4|129:1|229:1
CFG_076,I20,5,754.000,754.000,0.000,1.0000,2,1,2,79.000,0.000,79.000,79:4|129:1|229:1
CFG_076,I21,5,754.000,754.000,0.000,1.0000,2,0,2,79.000,0.000,79.000,79:4|129:1|229:1
CFG_076,J00,5,754.000,754.000,0.000,1.0000,5,0,0,79.000,0.000,79.000,79:2|129:4
CFG_076,J01,5,754.000,754.000,0.000,1.0000,5,0,0,79.000,0.000,79.000,79:2|129:4
CFG_076,J02,5,754.000,754.000,0.000,1.0000,5,0,0,79.000,0.000,79.000,79:2|129:4
CFG_076,J03,5,754.000,754.000,0.000,1.0000,5,0,0,79.000,0.000,79.000,79:2|129:4
CFG_076,J04,5,754.000,754.000,0.000,1.0000,3,0,1,79.000,0.000,79.000,79:2|129:4
CFG_076,J05,5,754.000,754.000,0.000,1.0000,3,0,1,79.000,0.000,79.000,79:2|129:4
CFG_076,J06,5,754.000,754.000,0.000,1.0000,3,0,1,79.000,0.000,79.000,79:2|129:4
CFG_076,J07,5,754.000,754.000,0.000,1.0000,3,0,1,79.000,0.000,79.000,79:2|129:4
CFG_076,J08,5,754.000,754.000,0.000,1.0000,3,0,1,79.000,0.000,79.000,79:2|129:4
CFG_076,J09,5,754.000,754.000,0.000,1.0000,3,0,1,79.000,0.000,79.000,79:2|129:4
CFG_076,J10,5,754.000,754.000,0.000,1.0000,3,0,1,79.000,0.000,79.000,79:2|129:4
CFG_076,J11,5,754.000,754.000,0.000,1.0000,3,0,1,79.000,0.000,79.000,79:2|129:4
CFG_076,J12,5,754.000,754.000,0.000,1.0000,3,0,1,79.000,0.000,79.000,79:2|129:4
CFG_076,J13,5,754.000,754.000,0.000,1.0000,3,0,1,79.000,0.000,79.000,79:2|129:4
CFG_076,J14,5,754.000,754.000,0.000,1.0000,3,0,1,79.000,0.000,79.000,79:2|129:4
CFG_076,J15,5,754.000,754.000,0.000,1.0000,3,0,1,79.000,0.000,79.000,79:2|129:4
CFG_076,J16,5,754.000,754.000,0.000,1.0000,3,0,1,79.000,0.000,79.000,79:2|129:4
CFG_076,J17,5,754.000,754.000,0.000,1.0000,3,0,1,79.000,0.000,79.000,79:2|129:4
CFG_076,J18,5,754.000,754.000,0.000,1.0000,3,0,1,79.000,0.000,79.000,79:2|129:4
CFG_076,J19,5,754.000,749.000,5.000,0.9934,2,1,2,79.000,0.000,79.000,79:4|129:1|224:1
CFG_076,J20,5,754.000,749.000,5.000,0.9934,2,1,2,79.000,0.000,79.000,79:4|129:1|224:1
CFG_076,J21,5,754.000,749.000,5.000,0.9934,2,0,2,79.000,0.000,79.000,79:4|129:1|224:1
CFG_076,K00,5,754.000,754.000,0.000,1.0000,5,0,0,79.000,0.000,79.000,79:2|129:4
CFG_076,K01,5,754.000,754.000,0.000,1.0000,5,0,0,79.000,0.000,79.000,79:2|129:4
CFG_076,K02,5,754.000,754.000,0.000,1.0000,5,0,0,79.000,0.000,79.000,79:2|129:4
CFG_076,K03,5,754.000,754.000,0.000,1.0000,5,0,0,79.000,0.000,79.000,79:2|129:4
CFG_076,K04,5,754.000,754.000,0.000,1.0000,3,0,1,79.000,0.000,79.000,79:2|129:4
CFG_076,K05,5,754.000,754.000,0.000,1.0000,3,0,1,79.000,0.000,79.000,79:2|129:4
CFG_076,K06,5,754.000,754.000,0.000,1.0000,3,0,1,79.000,0.000,79.000,79:2|129:4
CFG_076,K07,5,754.000,754.000,0.000,1.0000,4,0,0,79.000,0.000,79.000,79:2|129:4
CFG_076,K08,5,754.000,754.000,0.000,1.0000,5,0,0,79.000,0.000,79.000,79:2|129:4
CFG_076,K09,5,754.000,754.000,0.000,1.0000,5,0,0,79.000,0.000,79.000,79:2|129:4
CFG_076,K10,5,754.000,754.000,0.000,1.0000,5,0,0,79.000,0.000,79.000,79:2|129:4
CFG_076,K11,5,754.000,754.000,0.000,1.0000,5,0,0,79.000,0.000,79.000,79:2|129:4
CFG_076,K12,5,754.000,754.000,0.000,1.0000,5,0,0,79.000,0.000,79.000,79:2|129:4
CFG_076,K13,5,754.000,754.000,0.000,1.0000,5,0,0,79.000,0.000,79.000,79:2|129:4
CFG_076,K14,5,754.000,754.000,0.000,1.0000,5,0,0,79.000,0.000,79.000,79:2|129:4
CFG_076,K15,5,754.000,754.000,0.000,1.0000,5,0,0,79.000,0.000,79.000,79:2|129:4
CFG_076,K16,5,754.000,754.000,0.000,1.0000,5,0,0,79.000,0.000,79.000,79:2|129:4
CFG_076,K17,5,754.000,754.000,0.000,1.0000,5,0,0,79.000,0.000,79.000,79:2|129:4
CFG_076,K18,5,754.000,754.000,0.000,1.0000,5,0,0,79.000,0.000,79.000,79:2|129:4
CFG_076,K19,2,754.000,619.000,135.000,0.8210,2,1,0,129.000,105.000,234.000,129:1|224:1|234:1
CFG_076,K20,2,754.000,619.000,135.000,0.8210,2,1,0,129.000,105.000,234.000,129:1|224:1|234:1
CFG_076,K21,2,754.000,619.000,135.000,0.8210,2,1,0,129.000,105.000,234.000,129:1|224:1|234:1
CFG_077,A00,4,754.000,754.000,0.000,1.0000,2,0,1,74.000,0.000,74.000,74:1|104:1|139:2|234:1
CFG_077,A01,4,754.000,754.000,0.000,1.0000,2,0,1,74.000,0.000,74.000,74:1|104:1|139:2|234:1
CFG_077,A02,4,754.000,754.000,0.000,1.0000,2,0,1,74.000,0.000,74.000,74:1|104:1|139:2|234:1
CFG_077,A03,4,754.000,754.000,0.000,1.0000,2,0,1,74.000,0.000,74.000,74:1|104:1|139:2|234:1
CFG_077,A04,4,754.000,754.000,0.000,1.0000,2,0,1,74.000,0.000,74.000,74:1|104:1|139:2|234:1
CFG_077,A05,4,754.000,754.000,0.000,1.0000,2,0,1,74.000,0.000,74.000,74:1|104:1|139:2|234:1
CFG_077,A06,4,754.000,754.000,0.000,1.0000,2,0,1,74.000,0.000,74.000,74:1|104:1|139:2|234:1
CFG_077,A07,4,754.000,754.000,0.000,1.0000,2,0,1,74.000,0.000,74.000,74:1|104:1|139:2|234:1
CFG_077,A08,4,754.000,754.000,0.000,1.0000,2,0,1,74.000,0.000,74.000,74:1|104:1|139:2|234:1
CFG_077,A09,4,754.000,754.000,0.000,1.0000,2,0,1,74.000,0.000,74.000,74:1|104:1|139:2|234:1
CFG_077,A10,4,754.000,754.000,0.000,1.0000,2,0,1,74.000,0.000,74.000,74:1|104:1|139:2|234:1
CFG_077,A11,4,754.000,754.000,0.000,1.0000,2,0,1,74.000,0.000,74.000,74:1|104:1|139:2|234:1
CFG_077,A12,4,754.000,754.000,0.000,1.0000,2,0,1,74.000,0.000,74.000,74:1|104:1|139:2|234:1
CFG_077,A13,4,754.000,754.000,0.000,1.0000,2,0,1,74.000,0.000,74.000,74:1|104:1|139:2|234:1
CFG_077,A14,4,754.000,754.000,0.000,1.0000,2,0,1,74.000,0.000,74.000,74:1|104:1|139:2|234:1
CFG_077,A15,4,754.000,754.000,0.000,1.0000,2,0,1,74.000,0.000,74.000,74:1|104:1|139:2|234:1
CFG_077,B00,5,754.000,754.000,0.000,1.0000,3,0,2,99.000,0.000,99.000,99:4|139:2
CFG_077,B01,5,754.000,754.000,0.000,1.0000,3,0,2,99.000,0.000,99.000,99:4|139:2
CFG_077,B02,5,754.000,754.000,0.000,1.0000,3,0,2,99.000,0.000,99.000,99:4|139:2
CFG_077,B03,5,754.000,754.000,0.000,1.0000,3,0,2,99.000,0.000,99.000,99:4|139:2
CFG_077,B04,5,754.000,754.000,0.000,1.0000,3,0,2,99.000,0.000,99.000,99:4|139:2
CFG_077,B05,5,754.000,754.000,0.000,1.0000,3,0,2,99.000,0.000,99.000,99:4|139:2
CFG_077,B06,5,754.000,754.000,0.000,1.0000,3,0,2,99.000,0.000,99.000,99:4|139:2
CFG_077,B07,5,754.000,754.000,0.000,1.0000,3,0,2,99.000,0.000,99.000,99:4|139:2
CFG_077,B08,5,754.000,754.000,0.000,1.0000,3,0,2,99.000,0.000,99.000,99:4|139:2
CFG_077,B09,5,754.000,754.000,0.000,1.0000,3,0,2,99.000,0.000,99.000,99:4|139:2
CFG_077,B10,5,754.000,754.000,0.000,1.0000,3,0,2,99.000,0.000,99.000,99:4|139:2
CFG_077,B11,5,754.000,754.000,0.000,1.0000,3,0,2,99.000,0.000,99.000,99:4|139:2
CFG_077,B12,5,754.000,754.000,0.000,1.0000,3,0,2,99.000,0.000,99.000,99:4|139:2
CFG_077,B13,5,754.000,754.000,0.000,1.0000,3,0,2,99.000,0.000,99.000,99:4|139:2
CFG_077,B14,5,754.000,754.000,0.000,1.0000,3,0,2,99.000,0.000,99.000,99:4|139:2
CFG_077,B15,5,754.000,754.000,0.000,1.0000,3,0,2,99.000,0.000,99.000,99:4|139:2
CFG_077,B16,5,754.000,754.000,0.000,1.0000,3,0,2,99.000,0.000,99.000,99:4|139:2
CFG_077,B17,5,754.000,754.000,0.000,1.0000,3,0,2,99.000,0.000,99.000,99:4|139:2
CFG_077,B18,5,754.000,754.000,0.000,1.0000,3,0,2,99.000,0.000,99.000,99:4|139:2
CFG_077,B19,5,754.000,689.000,65.000,0.9138,2,2,2,69.000,70.000,139.000,69:4|99:1|234:1
CFG_077,B20,5,754.000,689.000,65.000,0.9138,2,2,2,69.000,70.000,139.000,69:4|99:1|234:1
CFG_077,B21,5,754.000,689.000,65.000,0.9138,2,0,2,69.000,70.000,139.000,69:4|99:1|234:1
CFG_077,D00,5,754.000,754.000,0.000,1.0000,5,0,0,99.000,0.000,99.000,99:4|139:2
CFG_077,D01,5,754.000,754.000,0.000,1.0000,5,0,0,99.000,0.000,99.000,99:4|139:2
CFG_077,D02,5,754.000,754.000,0.000,1.0000,5,0,0,99.000,0.000,99.000,99:4|139:2
CFG_077,D03,5,754.000,754.000,0.000,1.0000,5,0,0,99.000,0.000,99.000,99:4|139:2
CFG_077,D04,5,754.000,754.000,0.000,1.0000,5,0,0,99.000,0.000,99.000,99:4|139:2
CFG_077,D05,5,754.000,754.000,0.000,1.0000,5,0,0,99.000,0.000,99.000,99:4|139:2
CFG_077,D06,5,754.000,754.000,0.000,1.0000,5,0,0,99.000,0.000,99.000,99:4|139:2
CFG_077,D07,5,754.000,754.000,0.000,1.0000,5,0,0,99.000,0.000,99.000,99:4|139:2
CFG_077,D08,5,754.000,754.000,0.000,1.0000,5,0,0,99.000,0.000,99.000,99:4|139:2
CFG_077,D09,5,754.000,754.000,0.000,1.0000,5,0,0,99.000,0.000,99.000,99:4|139:2
CFG_077,D10,5,754.000,754.000,0.000,1.0000,5,0,0,99.000,0.000,99.000,99:4|139:2
CFG_077,D11,5,754.000,754.000,0.000,1.0000,5,0,0,99.000,0.000,99.000,99:4|139:2
CFG_077,D12,5,754.000,754.000,0.000,1.0000,5,0,0,99.000,0.000,99.000,99:4|139:2
CFG_077,D13,5,754.000,754.000,0.000,1.0000,5,0,0,99.000,0.000,99.000,99:4|139:2
CFG_077,D14,5,754.000,754.000,0.000,1.0000,5,0,0,99.000,0.000,99.000,99:4|139:2
CFG_077,D15,5,754.000,754.000,0.000,1.0000,5,0,0,99.000,0.000,99.000,99:4|139:2
CFG_077,D16,5,754.000,754.000,0.000,1.0000,4,0,1,99.000,0.000,99.000,99:4|139:2
CFG_077,D17,5,754.000,754.000,0.000,1.0000,4,0,1,99.000,0.000,99.000,99:4|139:2
CFG_077,D18,5,754.000,754.000,0.000,1.0000,4,0,1,99.000,0.000,99.000,99:4|139:2
CFG_077,D19,5,754.000,724.000,30.000,0.9602,2,1,2,69.000,30.000,99.000,69:4|139:1|229:1
CFG_077,D20,5,754.000,724.000,30.000,0.9602,2,1,2,69.000,30.000,99.000,69:4|139:1|229:1
CFG_077,D21,5,754.000,724.000,30.000,0.9602,2,0,2,69.000,30.000,99.000,69:4|139:1|229:1
CFG_077,E00,3,754.000,754.000,0.000,1.0000,3,3,0,99.000,0.000,99.000,99:1|139:1|234:2
CFG_077,E01,3,754.000,754.000,0.000,1.0000,3,3,0,99.000,0.000,99.000,99:1|139:1|234:2
CFG_077,E02,3,754.000,754.000,0.000,1.0000,3,3,0,99.000,0.000,99.000,99:1|139:1|234:2
CFG_077,E03,3,754.000,754.000,0.000,1.0000,3,3,0,99.000,0.000,99.000,99:1|139:1|234:2
CFG_077,E04,3,754.000,754.000,0.000,1.0000,3,3,0,99.000,0.000,99.000,99:1|139:1|234:2
CFG_077,E05,3,754.000,754.000,0.000,1.0000,3,3,0,99.000,0.000,99.000,99:1|139:1|234:2
CFG_077,E06,3,754.000,754.000,0.000,1.0000,3,3,0,99.000,0.000,99.000,99:1|139:1|234:2
CFG_077,E07,3,754.000,754.000,0.000,1.0000,3,3,0,99.000,0.000,99.000,99:1|139:1|234:2
CFG_077,E08,3,754.000,754.000,0.000,1.0000,3,3,0,99.000,0.000,99.000,99:1|139:1|234:2
CFG_077,E09,3,754.000,754.000,0.000,1.0000,3,3,0,99.000,0.000,99.000,99:1|139:1|234:2
CFG_077,E10,3,754.000,754.000,0.000,1.0000,3,3,0,99.000,0.000,99.000,99:1|139:1|234:2
CFG_077,E11,3,754.000,754.000,0.000,1.0000,3,3,0,99.000,0.000,99.000,99:1|139:1|234:2
CFG_077,E12,3,754.000,754.000,0.000,1.0000,3,3,0,99.000,0.000,99.000,99:1|139:1|234:2
CFG_077,E13,3,754.000,754.000,0.000,1.0000,3,3,0,99.000,0.000,99.000,99:1|139:1|234:2
CFG_077,E14,3,754.000,754.000,0.000,1.0000,3,3,0,99.000,0.000,99.000,99:1|139:1|234:2
CFG_077,E15,3,754.000,754.000,0.000,1.0000,3,3,0,99.000,0.000,99.000,99:1|139:1|234:2
CFG_077,E16,3,754.000,754.000,0.000,1.0000,3,3,0,99.000,0.000,99.000,99:1|139:1|234:2
CFG_077,E17,3,754.000,754.000,0.000,1.0000,3,3,0,99.000,0.000,99.000,99:1|139:1|234:2
CFG_077,E18,3,754.000,754.000,0.000,1.0000,3,3,0,99.000,0.000,99.000,99:1|139:1|234:2
CFG_077,E19,4,754.000,729.000,25.000,0.9668,4,2,0,69.000,30.000,99.000,69:3|229:2
CFG_077,E20,4,754.000,729.000,25.000,0.9668,4,2,0,69.000,30.000,99.000,69:3|229:2
CFG_077,E21,4,754.000,734.000,20.000,0.9735,4,0,0,69.000,30.000,99.000,69:3|229:1|234:1
CFG_077,F00,5,754.000,754.000,0.000,1.0000,5,0,0,99.000,0.000,99.000,99:4|139:2
CFG_077,F01,5,754.000,754.000,0.000,1.0000,5,0,0,99.000,0.000,99.000,99:4|139:2
CFG_077,F02,5,754.000,754.000,0.000,1.0000,5,0,0,99.000,0.000,99.000,99:4|139:2
CFG_077,F03,5,754.000,754.000,0.000,1.0000,5,0,0,99.000,0.000,99.000,99:4|139:2
CFG_077,F04,5,754.000,754.000,0.000,1.0000,5,0,0,99.000,0.000,99.000,99:4|139:2
CFG_077,F05,5,754.000,754.000,0.000,1.0000,5,0,0,99.000,0.000,99.000,99:4|139:2
CFG_077,F06,5,754.000,754.000,0.000,1.0000,5,0,0,99.000,0.000,99.000,99:4|139:2
CFG_077,F07,5,754.000,754.000,0.000,1.0000,5,1,0,99.000,0.000,99.000,99:4|139:2
CFG_077,F08,5,754.000,754.000,0.000,1.0000,5,1,0,99.000,0.000,99.000,99:4|139:2
CFG_077,F09,5,754.000,754.000,0.000,1.0000,5,1,0,99.000,0.000,99.000,99:4|139:2
CFG_077,F10,5,754.000,754.000,0.000,1.0000,5,1,0,99.000,0.000,99.000,99:4|139:2
CFG_077,F11,5,754.000,754.000,0.000,1.0000,5,1,0,99.000,0.000,99.000,99:4|139:2
CFG_077,F12,5,754.000,754.000,0.000,1.0000,5,1,0,99.000,0.000,99.000,99:4|139:2
CFG_077,F13,5,754.000,754.000,0.000,1.0000,5,1,0,99.000,0.000,99.000,99:4|139:2
CFG_077,F14,5,754.000,754.000,0.000,1.0000,5,1,0,99.000,0.000,99.000,99:4|139:2
CFG_077,F15,5,754.000,754.000,0.000,1.0000,5,1,0,99.000,0.000,99.000,99:4|139:2
CFG_077,F16,5,754.000,754.000,0.000,1.0000,5,1,0,99.000,0.000,99.000,99:4|139:2
CFG_077,F17,5,754.000,754.000,0.000,1.0000,5,1,0,99.000,0.000,99.000,99:4|139:2
CFG_077,F18,5,754.000,754.000,0.000,1.0000,5,1,0,99.000,0.000,99.000,99:4|139:2
CFG_077,F19,5,754.000,754.000,0.000,1.0000,4,1,0,69.000,0.000,69.000,69:3|99:1|139:1|229:1
CFG_077,F20,5,754.000,754.000,0.000,1.0000,4,1,0,69.000,0.000,69.000,69:3|99:1|139:1|229:1
CFG_077,F21,5,754.000,754.000,0.000,1.0000,4,0,0,69.000,0.000,69.000,69:3|99:1|139:1|229:1
CFG_077,G00,3,754.000,754.000,0.000,1.0000,3,2,0,99.000,0.000,99.000,99:1|139:1|234:2
CFG_077,G01,3,754.000,754.000,0.000,1.0000,3,2,0,99.000,0.000,99.000,99:1|139:1|234:2
CFG_077,G02,3,754.000,754.000,0.000,1.0000,3,2,0,99.000,0.000,99.000,99:1|139:1|234:2
CFG_077,G03,3,754.000,754.000,0.000,1.0000,3,2,0,99.000,0.000,99.000,99:1|139:1|234:2
CFG_077,G04,3,754.000,754.000,0.000,1.0000,3,2,0,99.000,0.000,99.000,99:1|139:1|234:2
CFG_077,G05,3,754.000,754.000,0.000,1.0000,3,2,0,99.000,0.000,99.000,99:1|139:1|234:2
CFG_077,G06,3,754.000,754.000,0.000,1.0000,3,2,0,99.000,0.000,99.000,99:1|139:1|234:2
CFG_077,G07,3,754.000,754.000,0.000,1.0000,3,2,0,99.000,0.000,99.000,99:1|139:1|234:2
CFG_077,G08,3,754.000,754.000,0.000,1.0000,3,2,0,99.000,0.000,99.000,99:1|139:1|234:2
CFG_077,G09,3,754.000,754.000,0.000,1.0000,3,2,0,99.000,0.000,99.000,99:1|139:1|234:2
CFG_077,G10,3,754.000,754.000,0.000,1.0000,3,2,0,99.000,0.000,99.000,99:1|139:1|234:2
CFG_077,G11,3,754.000,754.000,0.000,1.0000,3,2,0,99.000,0.000,99.000,99:1|139:1|234:2
CFG_077,G12,3,754.000,754.000,0.000,1.0000,3,2,0,99.000,0.000,99.000,99:1|139:1|234:2
CFG_077,G13,3,754.000,754.000,0.000,1.0000,5,0,0,99.000,0.000,99.000,99:1|139:1|234:2
CFG_077,G14,3,754.000,754.000,0.000,1.0000,5,0,0,99.000,0.000,99.000,99:1|139:1|234:2
CFG_077,G15,5,754.000,754.000,0.000,1.0000,5,0,0,99.000,0.000,99.000,99:4|139:2
CFG_077,G16,5,754.000,754.000,0.000,1.0000,5,0,0,99.000,0.000,99.000,99:4|139:2
CFG_077,G17,5,754.000,754.000,0.000,1.0000,5,0,0,99.000,0.000,99.000,99:4|139:2
CFG_077,G18,5,754.000,754.000,0.000,1.0000,5,0,0,99.000,0.000,99.000,99:4|139:2
CFG_077,G19,6,754.000,739.000,15.000,0.9801,3,1,2,69.000,0.000,69.000,69:6|229:1
CFG_077,G20,6,754.000,739.000,15.000,0.9801,3,1,2,69.000,0.000,69.000,69:6|229:1
CFG_077,G21,6,754.000,739.000,15.000,0.9801,3,0,2,69.000,0.000,69.000,69:6|229:1
CFG_077,H00,5,754.000,754.000,0.000,1.0000,4,0,1,99.000,0.000,99.000,99:4|139:2
CFG_077,H01,5,754.000,754.000,0.000,1.0000,4,0,1,99.000,0.000,99.000,99:4|139:2
CFG_077,H02,5,754.000,754.000,0.000,1.0000,4,0,1,99.000,0.000,99.000,99:4|139:2
CFG_077,H03,5,754.000,754.000,0.000,1.0000,4,0,1,99.000,0.000,99.000,99:4|139:2
CFG_077,H04,5,754.000,754.000,0.000,1.0000,4,0,1,99.000,0.000,99.000,99:4|139:2
CFG_077,H05,5,754.000,754.000,0.000,1.0000,4,0,1,99.000,0.000,99.000,99:4|139:2
CFG_077,H06,5,754.000,754.000,0.000,1.0000,4,0,1,99.000,0.000,99.000,99:4|139:2
CFG_077,H07,5,754.000,754.000,0.000,1.0000,4,0,1,99.000,0.000,99.000,99:4|139:2
CFG_077,H08,5,754.000,754.000,0.000,1.0000,4,0,1,99.000,0.000,99.000,99:4|139:2
CFG_077,H09,5,754.000,754.000,0.000,1.0000,4,0,1,99.000,0.000,99.000,99:4|139:2
CFG_077,H10,5,754.000,754.000,0.000,1.0000,4,0,1,99.000,0.000,99.000,99:4|139:2
CFG_077,H11,5,754.000,754.000,0.000,1.0000,4,0,1,99.000,0.000,99.000,99:4|139:2
CFG_077,H12,5,754.000,754.000,0.000,1.0000,4,0,1,99.000,0.000,99.000,99:4|139:2
CFG_077,H13,5,754.000,754.000,0.000,1.0000,4,0,1,99.000,0.000,99.000,99:4|139:2
CFG_077,H14,5,754.000,754.000,0.000,1.0000,4,0,1,99.000,0.000,99.000,99:4|139:2
CFG_077,H15,5,754.000,754.000,0.000,1.0000,4,0,1,99.000,0.000,99.000,99:4|139:2
CFG_077,H16,5,754.000,754.000,0.000,1.0000,4,0,1,99.000,0.000,99.000,99:4|139:2
CFG_077,H17,5,754.000,754.000,0.000,1.0000,4,0,1,99.000,0.000,99.000,99:4|139:2
CFG_077,H18,5,754.000,754.000,0.000,1.0000,4,0,1,99.000,0.000,99.000,99:4|139:2
CFG_077,H19,4,754.000,729.000,25.000,0.9668,3,1,1,69.000,30.000,99.000,69:3|229:2
CFG_077,H20,4,754.000,729.000,25.000,0.9668,3,1,1,69.000,30.000,99.000,69:3|229:2
CFG_077,H21,4,754.000,734.000,20.000,0.9735,3,0,1,69.000,30.000,99.000,69:3|229:1|234:1
CFG_077,I00,5,754.000,754.000,0.000,1.0000,4,0,1,99.000,0.000,99.000,99:4|139:2
CFG_077,I01,5,754.000,754.000,0.000,1.0000,4,0,1,99.000,0.000,99.000,99:4|139:2
CFG_077,I02,5,754.000,754.000,0.000,1.0000,4,0,1,99.000,0.000,99.000,99:4|139:2
CFG_077,I03,5,754.000,754.000,0.000,1.0000,4,0,1,99.000,0.000,99.000,99:4|139:2
CFG_077,I04,5,754.000,754.000,0.000,1.0000,4,0,1,99.000,0.000,99.000,99:4|139:2
CFG_077,I05,5,754.000,754.000,0.000,1.0000,4,0,1,99.000,0.000,99.000,99:4|139:2
CFG_077,I06,5,754.000,754.000,0.000,1.0000,4,0,1,99.000,0.000,99.000,99:4|139:2
CFG_077,I07,5,754.000,754.000,0.000,1.0000,4,0,1,99.000,0.000,99.000,99:4|139:2
CFG_077,I08,5,754.000,754.000,0.000,1.0000,4,0,1,99.000,0.000,99.000,99:4|139:2
CFG_077,I09,5,754.000,754.000,0.000,1.0000,4,0,1,99.000,0.000,99.000,99:4|139:2
CFG_077,I10,5,754.000,754.000,0.000,1.0000,4,0,1,99.000,0.000,99.000,99:4|139:2
CFG_077,I11,5,754.000,754.000,0.000,1.0000,4,0,1,99.000,0.000,99.000,99:4|139:2
CFG_077,I12,5,754.000,754.000,0.000,1.0000,4,0,1,99.000,0.000,99.000,99:4|139:2
CFG_077,I13,5,754.000,754.000,0.000,1.0000,4,0,1,99.000,0.000,99.000,99:4|139:2
CFG_077,I14,5,754.000,754.000,0.000,1.0000,4,0,1,99.000,0.000,99.000,99:4|139:2
CFG_077,I15,5,754.000,754.000,0.000,1.0000,4,0,1,99.000,0.000,99.000,99:4|139:2
CFG_077,I16,5,754.000,754.000,0.000,1.0000,4,0,1,99.000,0.000,99.000,99:4|139:2
CFG_077,I17,5,754.000,754.000,0.000,1.0000,4,0,1,99.000,0.000,99.000,99:4|139:2
CFG_077,I18,5,754.000,754.000,0.000,1.0000,4,0,1,99.000,0.000,99.000,99:4|139:2
CFG_077,I19,5,754.000,754.000,0.000,1.0000,2,1,2,69.000,0.000,69.000,69:3|99:1|139:1|229:1
CFG_077,I20,5,754.000,754.000,0.000,1.0000,2,1,2,69.000,0.000,69.000,69:3|99:1|139:1|229:1
CFG_077,I21,5,754.000,754.000,0.000,1.0000,2,0,2,69.000,0.000,69.000,69:3|99:1|139:1|229:1
CFG_077,J00,5,754.000,754.000,0.000,1.0000,5,0,0,99.000,0.000,99.000,99:4|139:2
CFG_077,J01,5,754.000,754.000,0.000,1.0000,5,0,0,99.000,0.000,99.000,99:4|139:2
CFG_077,J02,5,754.000,754.000,0.000,1.0000,5,0,0,99.000,0.000,99.000,99:4|139:2
CFG_077,J03,5,754.000,754.000,0.000,1.0000,5,0,0,99.000,0.000,99.000,99:4|139:2
CFG_077,J04,5,754.000,754.000,0.000,1.0000,4,0,1,99.000,0.000,99.000,99:4|139:2
CFG_077,J05,5,754.000,754.000,0.000,1.0000,4,0,1,99.000,0.000,99.000,99:4|139:2
CFG_077,J06,5,754.000,754.000,0.000,1.0000,4,0,1,99.000,0.000,99.000,99:4|139:2
CFG_077,J07,5,754.000,754.000,0.000,1.0000,4,0,1,99.000,0.000,99.000,99:4|139:2
CFG_077,J08,5,754.000,754.000,0.000,1.0000,4,0,1,99.000,0.000,99.000,99:4|139:2
CFG_077,J09,5,754.000,754.000,0.000,1.0000,4,0,1,99.000,0.000,99.000,99:4|139:2
CFG_077,J10,5,754.000,754.000,0.000,1.0000,4,0,1,99.000,0.000,99.000,99:4|139:2
CFG_077,J11,5,754.000,754.000,0.000,1.0000,4,0,1,99.000,0.000,99.000,99:4|139:2
CFG_077,J12,5,754.000,754.000,0.000,1.0000,4,0,1,99.000,0.000,99.000,99:4|139:2
CFG_077,J13,5,754.000,754.000,0.000,1.0000,4,0,1,99.000,0.000,99.000,99:4|139:2
CFG_077,J14,5,754.000,754.000,0.000,1.0000,4,0,1,99.000,0.000,99.000,99:4|139:2
CFG_077,J15,5,754.000,754.000,0.000,1.0000,4,0,1,99.000,0.000,99.000,99:4|139:2
CFG_077,J16,5,754.000,754.000,0.000,1.0000,4,0,1,99.000,0.000,99.000,99:4|139:2
CFG_077,J17,5,754.000,754.000,0.000,1.0000,4,0,1,99.000,0.000,99.000,99:4|139:2
CFG_077,J18,5,754.000,754.000,0.000,1.0000,4,0,1,99.000,0.000,99.000,99:4|139:2
CFG_077,J19,4,754.000,719.000,35.000,0.9536,3,1,1,69.000,30.000,99.000,69:3|224:2
CFG_077,J20,4,754.000,719.000,35.000,0.9536,3,1,1,69.000,30.000,99.000,69:3|224:2
CFG_077,J21,4,754.000,729.000,25.000,0.9668,3,0,1,69.000,30.000,99.000,69:3|224:1|234:1
CFG_077,K00,5,754.000,754.000,0.000,1.0000,5,0,0,99.000,0.000,99.000,99:4|139:2
CFG_077,K01,5,754.000,754.000,0.000,1.0000,5,0,0,99.000,0.000,99.000,99:4|139:2
CFG_077,K02,5,754.000,754.000,0.000,1.0000,5,0,0,99.000,0.000,99.000,99:4|139:2
CFG_077,K03,5,754.000,754.000,0.000,1.0000,5,0,0,99.000,0.000,99.000,99:4|139:2
CFG_077,K04,5,754.000,754.000,0.000,1.0000,4,0,1,99.000,0.000,99.000,99:4|139:2
CFG_077,K05,5,754.000,754.000,0.000,1.0000,4,0,1,99.000,0.000,99.000,99:4|139:2
CFG_077,K06,5,754.000,754.000,0.000,1.0000,4,0,1,99.000,0.000,99.000,99:4|139:2
CFG_077,K07,5,754.000,754.000,0.000,1.0000,4,0,0,99.000,0.000,99.000,99:4|139:2
CFG_077,K08,5,754.000,754.000,0.000,1.0000,5,0,0,99.000,0.000,99.000,99:4|139:2
CFG_077,K09,5,754.000,754.000,0.000,1.0000,5,0,0,99.000,0.000,99.000,99:4|139:2
CFG_077,K10,5,754.000,754.000,0.000,1.0000,5,0,0,99.000,0.000,99.000,99:4|139:2
CFG_077,K11,5,754.000,754.000,0.000,1.0000,5,0,0,99.000,0.000,99.000,99:4|139:2
CFG_077,K12,5,754.000,754.000,0.000,1.0000,5,0,0,99.000,0.000,99.000,99:4|139:2
CFG_077,K13,5,754.000,754.000,0.000,1.0000,5,0,0,99.000,0.000,99.000,99:4|139:2
CFG_077,K14,5,754.000,754.000,0.000,1.0000,5,0,0,99.000,0.000,99.000,99:4|139:2
CFG_077,K15,5,754.000,754.000,0.000,1.0000,5,0,0,99.000,0.000,99.000,99:4|139:2
CFG_077,K16,5,754.000,754.000,0.000,1.0000,5,0,0,99.000,0.000,99.000,99:4|139:2
CFG_077,K17,5,754.000,754.000,0.000,1.0000,5,0,0,99.000,0.000,99.000,99:4|139:2
CFG_077,K18,5,754.000,754.000,0.000,1.0000,5,0,0,99.000,0.000,99.000,99:4|139:2
CFG_077,K19,5,754.000,679.000,75.000,0.9005,3,0,2,69.000,70.000,139.000,69:4|99:1|224:1
CFG_077,K20,5,754.000,719.000,35.000,0.9536,3,0,2,69.000,30.000,99.000,69:4|139:1|224:1
CFG_077,K21,4,754.000,729.000,25.000,0.9668,3,0,1,69.000,30.000,99.000,69:3|224:1|234:1
CFG_081,A00,4,754.000,754.000,0.000,1.0000,2,0,1,84.000,0.000,84.000,84:2|144:2|234:1
CFG_081,A01,4,754.000,754.000,0.000,1.0000,2,0,1,84.000,0.000,84.000,84:2|144:2|234:1
CFG_081,A02,4,754.000,754.000,0.000,1.0000,2,0,1,84.000,0.000,84.000,84:2|144:2|234:1
CFG_081,A03,4,754.000,754.000,0.000,1.0000,2,0,1,84.000,0.000,84.000,84:2|144:2|234:1
CFG_081,A04,4,754.000,754.000,0.000,1.0000,2,0,1,84.000,0.000,84.000,84:2|144:2|234:1
CFG_081,A05,4,754.000,754.000,0.000,1.0000,2,0,1,84.000,0.000,84.000,84:2|144:2|234:1
CFG_081,A06,4,754.000,754.000,0.000,1.0000,2,0,1,84.000,0.000,84.000,84:2|144:2|234:1
CFG_081,A07,4,754.000,754.000,0.000,1.0000,2,0,1,84.000,0.000,84.000,84:2|144:2|234:1
CFG_081,A08,4,754.000,754.000,0.000,1.0000,2,0,1,84.000,0.000,84.000,84:2|144:2|234:1
CFG_081,A09,4,754.000,754.000,0.000,1.0000,2,0,1,84.000,0.000,84.000,84:2|144:2|234:1
CFG_081,A10,4,754.000,754.000,0.000,1.0000,2,0,1,84.000,0.000,84.000,84:2|144:2|234:1
CFG_081,A11,4,754.000,754.000,0.000,1.0000,2,0,1,84.000,0.000,84.000,84:2|144:2|234:1
CFG_081,A12,4,754.000,754.000,0.000,1.0000,2,0,1,84.000,0.000,84.000,84:2|144:2|234:1
CFG_081,A13,4,754.000,754.000,0.000,1.0000,2,0,1,84.000,0.000,84.000,84:2|144:2|234:1
CFG_081,A14,4,754.000,754.000,0.000,1.0000,2,0,1,84.000,0.000,84.000,84:2|144:2|234:1
CFG_081,A15,4,754.000,754.000,0.000,1.0000,2,0,1,84.000,0.000,84.000,84:2|144:2|234:1
CFG_081,B00,4,754.000,754.000,0.000,1.0000,2,0,1,84.000,0.000,84.000,84:2|144:2|234:1
CFG_081,B01,4,754.000,754.000,0.000,1.0000,2,0,1,84.000,0.000,84.000,84:2|144:2|234:1
CFG_081,B02,4,754.000,754.000,0.000,1.0000,2,0,1,84.000,0.000,84.000,84:2|144:2|234:1
CFG_081,B03,4,754.000,754.000,0.000,1.0000,2,0,1,84.000,0.000,84.000,84:2|144:2|234:1
CFG_081,B04,4,754.000,754.000,0.000,1.0000,2,0,1,84.000,0.000,84.000,84:2|144:2|234:1
CFG_081,B05,4,754.000,754.000,0.000,1.0000,2,0,1,84.000,0.000,84.000,84:2|144:2|234:1
CFG_081,B06,4,754.000,754.000,0.000,1.0000,2,0,1,84.000,0.000,84.000,84:2|144:2|234:1
CFG_081,B07,4,754.000,754.000,0.000,1.0000,2,0,1,84.000,0.000,84.000,84:2|144:2|234:1
CFG_081,B08,4,754.000,754.000,0.000,1.0000,2,0,1,84.000,0.000,84.000,84:2|144:2|234:1
CFG_081,B09,4,754.000,754.000,0.000,1.0000,2,0,1,84.000,0.000,84.000,84:2|144:2|234:1
CFG_081,B10,4,754.000,754.000,0.000,1.0000,2,0,1,84.000,0.000,84.000,84:2|144:2|234:1
CFG_081,B11,4,754.000,754.000,0.000,1.0000,2,0,1,84.000,0.000,84.000,84:2|144:2|234:1
CFG_081,B12,4,754.000,754.000,0.000,1.0000,2,0,1,84.000,0.000,84.000,84:2|144:2|234:1
CFG_081,B13,4,754.000,754.000,0.000,1.0000,2,0,1,84.000,0.000,84.000,84:2|144:2|234:1
CFG_081,B14,4,754.000,754.000,0.000,1.0000,2,0,1,84.000,0.000,84.000,84:2|144:2|234:1
CFG_081,B15,4,754.000,754.000,0.000,1.0000,2,0,1,84.000,0.000,84.000,84:2|144:2|234:1
CFG_081,B16,4,754.000,754.000,0.000,1.0000,2,0,1,84.000,0.000,84.000,84:2|144:2|234:1
CFG_081,B17,4,754.000,754.000,0.000,1.0000,2,0,1,84.000,0.000,84.000,84:2|144:2|234:1
CFG_081,B18,4,754.000,754.000,0.000,1.0000,2,0,1,84.000,0.000,84.000,84:2|144:2|234:1
CFG_081,B19,5,754.000,734.000,20.000,0.9735,2,2,2,84.000,0.000,84.000,84:5|234:1
CFG_081,B20,5,754.000,734.000,20.000,0.9735,2,2,2,84.000,0.000,84.000,84:5|234:1
CFG_081,B21,5,754.000,734.000,20.000,0.9735,2,0,2,84.000,0.000,84.000,84:5|234:1
CFG_081,D00,4,754.000,754.000,0.000,1.0000,4,1,0,84.000,0.000,84.000,84:2|144:2|234:1
CFG_081,D01,4,754.000,754.000,0.000,1.0000,4,1,0,84.000,0.000,84.000,84:2|144:2|234:1
CFG_081,D02,4,754.000,754.000,0.000,1.0000,4,1,0,84.000,0.000,84.000,84:2|144:2|234:1
CFG_081,D03,4,754.000,754.000,0.000,1.0000,4,1,0,84.000,0.000,84.000,84:2|144:2|234:1
CFG_081,D04,4,754.000,754.000,0.000,1.0000,4,1,0,84.000,0.000,84.000,84:2|144:2|234:1
CFG_081,D05,4,754.000,754.000,0.000,1.0000,4,1,0,84.000,0.000,84.000,84:2|144:2|234:1
CFG_081,D06,4,754.000,754.000,0.000,1.0000,4,1,0,84.000,0.000,84.000,84:2|144:2|234:1
CFG_081,D07,4,754.000,754.000,0.000,1.0000,4,1,0,84.000,0.000,84.000,84:2|144:2|234:1
CFG_081,D08,4,754.000,754.000,0.000,1.0000,4,1,0,84.000,0.000,84.000,84:2|144:2|234:1
CFG_081,D09,4,754.000,754.000,0.000,1.0000,4,1,0,84.000,0.000,84.000,84:2|144:2|234:1
CFG_081,D10,4,754.000,754.000,0.000,1.0000,4,1,0,84.000,0.000,84.000,84:2|144:2|234:1
CFG_081,D11,4,754.000,754.000,0.000,1.0000,4,1,0,84.000,0.000,84.000,84:2|144:2|234:1
CFG_081,D12,4,754.000,754.000,0.000,1.0000,4,1,0,84.000,0.000,84.000,84:2|144:2|234:1
CFG_081,D13,4,754.000,754.000,0.000,1.0000,4,1,0,84.000,0.000,84.000,84:2|144:2|234:1
CFG_081,D14,4,754.000,754.000,0.000,1.0000,4,1,0,84.000,0.000,84.000,84:2|144:2|234:1
CFG_081,D15,4,754.000,754.000,0.000,1.0000,4,1,0,84.000,0.000,84.000,84:2|144:2|234:1
CFG_081,D16,4,754.000,754.000,0.000,1.0000,4,0,0,84.000,0.000,84.000,84:2|144:2|234:1
CFG_081,D17,4,754.000,754.000,0.000,1.0000,4,0,0,84.000,0.000,84.000,84:2|144:2|234:1
CFG_081,D18,4,754.000,754.000,0.000,1.0000,4,0,0,84.000,0.000,84.000,84:2|144:2|234:1
CFG_081,D19,4,754.000,689.000,65.000,0.9138,2,1,1,84.000,60.000,144.000,84:3|144:1|229:1
CFG_081,D20,4,754.000,689.000,65.000,0.9138,2,1,1,84.000,60.000,144.000,84:3|144:1|229:1
CFG_081,D21,4,754.000,689.000,65.000,0.9138,2,0,1,84.000,60.000,144.000,84:3|144:1|229:1
CFG_081,E00,4,754.000,754.000,0.000,1.0000,4,2,0,84.000,0.000,84.000,84:2|144:2|234:1
CFG_081,E01,4,754.000,754.000,0.000,1.0000,4,2,0,84.000,0.000,84.000,84:2|144:2|234:1
CFG_081,E02,4,754.000,754.000,0.000,1.0000,4,2,0,84.000,0.000,84.000,84:2|144:2|234:1
CFG_081,E03,4,754.000,754.000,0.000,1.0000,4,2,0,84.000,0.000,84.000,84:2|144:2|234:1
CFG_081,E04,4,754.000,754.000,0.000,1.0000,4,2,0,84.000,0.000,84.000,84:2|144:2|234:1
CFG_081,E05,4,754.000,754.000,0.000,1.0000,4,2,0,84.000,0.000,84.000,84:2|144:2|234:1
CFG_081,E06,4,754.000,754.000,0.000,1.0000,4,2,0,84.000,0.000,84.000,84:2|144:2|234:1
CFG_081,E07,4,754.000,754.000,0.000,1.0000,4,2,0,84.000,0.000,84.000,84:2|144:2|234:1
CFG_081,E08,4,754.000,754.000,0.000,1.0000,4,2,0,84.000,0.000,84.000,84:2|144:2|234:1
CFG_081,E09,4,754.000,754.000,0.000,1.0000,4,2,0,84.000,0.000,84.000,84:2|144:2|234:1
CFG_081,E10,4,754.000,754.000,0.000,1.0000,4,2,0,84.000,0.000,84.000,84:2|144:2|234:1
CFG_081,E11,4,754.000,754.000,0.000,1.0000,4,2,0,84.000,0.000,84.000,84:2|144:2|234:1
CFG_081,E12,4,754.000,754.000,0.000,1.0000,4,2,0,84.000,0.000,84.000,84:2|144:2|234:1
CFG_081,E13,4,754.000,754.000,0.000,1.0000,4,2,0,84.000,0.000,84.000,84:2|144:2|234:1
CFG_081,E14,4,754.000,754.000,0.000,1.0000,4,2,0,84.000,0.000,84.000,84:2|144:2|234:1
CFG_081,E15,4,754.000,754.000,0.000,1.0000,4,2,0,84.000,0.000,84.000,84:2|144:2|234:1
CFG_081,E16,4,754.000,754.000,0.000,1.0000,4,2,0,84.000,0.000,84.000,84:2|144:2|234:1
CFG_081,E17,4,754.000,754.000,0.000,1.0000,4,2,0,84.000,0.000,84.000,84:2|144:2|234:1
CFG_081,E18,4,754.000,754.000,0.000,1.0000,4,2,0,84.000,0.000,84.000,84:2|144:2|234:1
CFG_081,E19,4,754.000,689.000,65.000,0.9138,3,2,0,84.000,60.000,144.000,84:3|144:1|229:1
CFG_081,E20,4,754.000,689.000,65.000,0.9138,3,2,0,84.000,60.000,144.000,84:3|144:1|229:1
CFG_081,E21,4,754.000,689.000,65.000,0.9138,3,0,0,84.000,60.000,144.000,84:3|144:1|229:1
CFG_081,F00,4,754.000,754.000,0.000,1.0000,4,1,0,84.000,0.000,84.000,84:2|144:2|234:1
CFG_081,F01,4,754.000,754.000,0.000,1.0000,4,1,0,84.000,0.000,84.000,84:2|144:2|234:1
CFG_081,F02,4,754.000,754.000,0.000,1.0000,4,1,0,84.000,0.000,84.000,84:2|144:2|234:1
CFG_081,F03,4,754.000,754.000,0.000,1.0000,4,1,0,84.000,0.000,84.000,84:2|144:2|234:1
CFG_081,F04,4,754.000,754.000,0.000,1.0000,4,1,0,84.000,0.000,84.000,84:2|144:2|234:1
CFG_081,F05,4,754.000,754.000,0.000,1.0000,4,1,0,84.000,0.000,84.000,84:2|144:2|234:1
CFG_081,F06,4,754.000,754.000,0.000,1.0000,4,1,0,84.000,0.000,84.000,84:2|144:2|234:1
CFG_081,F07,4,754.000,754.000,0.000,1.0000,4,2,0,84.000,0.000,84.000,84:2|144:2|234:1
CFG_081,F08,4,754.000,754.000,0.000,1.0000,4,2,0,84.000,0.000,84.000,84:2|144:2|234:1
CFG_081,F09,4,754.000,754.000,0.000,1.0000,4,2,0,84.000,0.000,84.000,84:2|144:2|234:1
CFG_081,F10,4,754.000,754.000,0.000,1.0000,4,2,0,84.000,0.000,84.000,84:2|144:2|234:1
CFG_081,F11,4,754.000,754.000,0.000,1.0000,4,2,0,84.000,0.000,84.000,84:2|144:2|234:1
CFG_081,F12,4,754.000,754.000,0.000,1.0000,4,2,0,84.000,0.000,84.000,84:2|144:2|234:1
CFG_081,F13,4,754.000,754.000,0.000,1.0000,4,2,0,84.000,0.000,84.000,84:2|144:2|234:1
CFG_081,F14,4,754.000,754.000,0.000,1.0000,4,2,0,84.000,0.000,84.000,84:2|144:2|234:1
CFG_081,F15,4,754.000,754.000,0.000,1.0000,4,2,0,84.000,0.000,84.000,84:2|144:2|234:1
CFG_081,F16,4,754.000,754.000,0.000,1.0000,4,2,0,84.000,0.000,84.000,84:2|144:2|234:1
CFG_081,F17,4,754.000,754.000,0.000,1.0000,4,2,0,84.000,0.000,84.000,84:2|144:2|234:1
CFG_081,F18,4,754.000,754.000,0.000,1.0000,4,2,0,84.000,0.000,84.000,84:2|144:2|234:1
CFG_081,F19,5,754.000,729.000,25.000,0.9668,4,1,0,84.000,0.000,84.000,84:5|229:1
CFG_081,F20,5,754.000,729.000,25.000,0.9668,4,1,0,84.000,0.000,84.000,84:5|229:1
CFG_081,F21,5,754.000,729.000,25.000,0.9668,4,0,0,84.000,0.000,84.000,84:5|229:1
CFG_081,G00,4,754.000,754.000,0.000,1.0000,4,1,0,84.000,0.000,84.000,84:2|144:2|234:1
CFG_081,G01,4,754.000,754.000,0.000,1.0000,4,1,0,84.000,0.000,84.000,84:2|144:2|234:1
CFG_081,G02,4,754.000,754.000,0.000,1.0000,4,1,0,84.000,0.000,84.000,84:2|144:2|234:1
CFG_081,G03,4,754.000,754.000,0.000,1.0000,4,1,0,84.000,0.000,84.000,84:2|144:2|234:1
CFG_081,G04,4,754.000,754.000,0.000,1.0000,4,1,0,84.000,0.000,84.000,84:2|144:2|234:1
CFG_081,G05,4,754.000,754.000,0.000,1.0000,4,1,0,84.000,0.000,84.000,84:2|144:2|234:1
CFG_081,G06,4,754.000,754.000,0.000,1.0000,4,1,0,84.000,0.000,84.000,84:2|144:2|234:1
CFG_081,G07,4,754.000,754.000,0.000,1.0000,4,1,0,84.000,0.000,84.000,84:2|144:2|234:1
CFG_081,G08,4,754.000,754.000,0.000,1.0000,4,1,0,84.000,0.000,84.000,84:2|144:2|234:1
CFG_081,G09,4,754.000,754.000,0.000,1.0000,4,1,0,84.000,0.000,84.000,84:2|144:2|234:1
CFG_081,G10,4,754.000,754.000,0.000,1.0000,4,1,0,84.000,0.000,84.000,84:2|144:2|234:1
CFG_081,G11,4,754.000,754.000,0.000,1.0000,4,1,0,84.000,0.000,84.000,84:2|144:2|234:1
CFG_081,G12,4,754.000,754.000,0.000,1.0000,4,1,0,84.000,0.000,84.000,84:2|144:2|234:1
CFG_081,G13,4,754.000,754.000,0.000,1.0000,4,1,0,84.000,0.000,84.000,84:2|144:2|234:1
CFG_081,G14,4,754.000,754.000,0.000,1.0000,4,1,0,84.000,0.000,84.000,84:2|144:2|234:1
CFG_081,G15,4,754.000,754.000,0.000,1.0000,4,1,0,84.000,0.000,84.000,84:2|144:2|234:1
CFG_081,G16,4,754.000,754.000,0.000,1.0000,4,1,0,84.000,0.000,84.000,84:2|144:2|234:1
CFG_081,G17,4,754.000,754.000,0.000,1.0000,4,1,0,84.000,0.000,84.000,84:2|144:2|234:1
CFG_081,G18,4,754.000,754.000,0.000,1.0000,4,1,0,84.000,0.000,84.000,84:2|144:2|234:1
CFG_081,G19,4,754.000,689.000,65.000,0.9138,2,1,0,84.000,60.000,144.000,84:3|144:1|229:1
CFG_081,G20,4,754.000,689.000,65.000,0.9138,2,1,0,84.000,60.000,144.000,84:3|144:1|229:1
CFG_081,G21,4,754.000,689.000,65.000,0.9138,2,0,0,84.000,60.000,144.000,84:3|144:1|229:1
CFG_081,H00,4,754.000,754.000,0.000,1.0000,4,0,0,84.000,0.000,84.000,84:2|144:2|234:1
CFG_081,H01,4,754.000,754.000,0.000,1.0000,4,0,0,84.000,0.000,84.000,84:2|144:2|234:1
CFG_081,H02,4,754.000,754.000,0.000,1.0000,4,0,0,84.000,0.000,84.000,84:2|144:2|234:1
CFG_081,H03,4,754.000,754.000,0.000,1.0000,4,0,0,84.000,0.000,84.000,84:2|144:2|234:1
CFG_081,H04,4,754.000,754.000,0.000,1.0000,4,0,0,84.000,0.000,84.000,84:2|144:2|234:1
CFG_081,H05,4,754.000,754.000,0.000,1.0000,4,0,0,84.000,0.000,84.000,84:2|144:2|234:1
CFG_081,H06,4,754.000,754.000,0.000,1.0000,4,0,0,84.000,0.000,84.000,84:2|144:2|234:1
CFG_081,H07,4,754.000,754.000,0.000,1.0000,4,0,0,84.000,0.000,84.000,84:2|144:2|234:1
CFG_081,H08,4,754.000,754.000,0.000,1.0000,4,0,0,84.000,0.000,84.000,84:2|144:2|234:1
CFG_081,H09,4,754.000,754.000,0.000,1.0000,4,0,0,84.000,0.000,84.000,84:2|144:2|234:1
CFG_081,H10,4,754.000,754.000,0.000,1.0000,4,0,0,84.000,0.000,84.000,84:2|144:2|234:1
CFG_081,H11,4,754.000,754.000,0.000,1.0000,4,0,0,84.000,0.000,84.000,84:2|144:2|234:1
CFG_081,H12,4,754.000,754.000,0.000,1.0000,4,0,0,84.000,0.000,84.000,84:2|144:2|234:1
CFG_081,H13,4,754.000,754.000,0.000,1.0000,4,0,0,84.000,0.000,84.000,84:2|144:2|234:1
CFG_081,H14,4,754.000,754.000,0.000,1.0000,4,0,0,84.000,0.000,84.000,84:2|144:2|234:1
CFG_081,H15,4,754.000,754.000,0.000,1.0000,4,0,0,84.000,0.000,84.000,84:2|144:2|234:1
CFG_081,H16,4,754.000,754.000,0.000,1.0000,4,0,0,84.000,0.000,84.000,84:2|144:2|234:1
CFG_081,H17,4,754.000,754.000,0.000,1.0000,4,0,0,84.000,0.000,84.000,84:2|144:2|234:1
CFG_081,H18,4,754.000,754.000,0.000,1.0000,4,0,0,84.000,0.000,84.000,84:2|144:2|234:1
CFG_081,H19,5,754.000,729.000,25.000,0.9668,2,1,2,84.000,0.000,84.000,84:5|229:1
CFG_081,H20,5,754.000,729.000,25.000,0.9668,2,1,2,84.000,0.000,84.000,84:5|229:1
CFG_081,H21,5,754.000,729.000,25.000,0.9668,2,0,2,84.000,0.000,84.000,84:5|229:1
CFG_081,I00,4,754.000,754.000,0.000,1.0000,4,0,0,84.000,0.000,84.000,84:2|144:2|234:1
CFG_081,I01,4,754.000,754.000,0.000,1.0000,4,0,0,84.000,0.000,84.000,84:2|144:2|234:1
CFG_081,I02,4,754.000,754.000,0.000,1.0000,4,0,0,84.000,0.000,84.000,84:2|144:2|234:1
CFG_081,I03,4,754.000,754.000,0.000,1.0000,4,0,0,84.000,0.000,84.000,84:2|144:2|234:1
CFG_081,I04,4,754.000,754.000,0.000,1.0000,4,0,0,84.000,0.000,84.000,84:2|144:2|234:1
CFG_081,I05,4,754.000,754.000,0.000,1.0000,4,0,0,84.000,0.000,84.000,84:2|144:2|234:1
CFG_081,I06,4,754.000,754.000,0.000,1.0000,4,0,0,84.000,0.000,84.000,84:2|144:2|234:1
CFG_081,I07,4,754.000,754.000,0.000,1.0000,4,0,0,84.000,0.000,84.000,84:2|144:2|234:1
CFG_081,I08,4,754.000,754.000,0.000,1.0000,4,0,0,84.000,0.000,84.000,84:2|144:2|234:1
CFG_081,I09,4,754.000,754.000,0.000,1.0000,4,0,0,84.000,0.000,84.000,84:2|144:2|234:1
CFG_081,I10,4,754.000,754.000,0.000,1.0000,4,0,0,84.000,0.000,84.000,84:2|144:2|234:1
CFG_081,I11,4,754.000,754.000,0.000,1.0000,4,0,0,84.000,0.000,84.000,84:2|144:2|234:1
CFG_081,I12,4,754.000,754.000,0.000,1.0000,4,0,0,84.000,0.000,84.000,84:2|144:2|234:1
CFG_081,I13,4,754.000,754.000,0.000,1.0000,4,0,0,84.000,0.000,84.000,84:2|144:2|234:1
CFG_081,I14,4,754.000,754.000,0.000,1.0000,4,0,0,84.000,0.000,84.000,84:2|144:2|234:1
CFG_081,I15,4,754.000,754.000,0.000,1.0000,4,0,0,84.000,0.000,84.000,84:2|144:2|234:1
CFG_081,I16,4,754.000,754.000,0.000,1.0000,4,0,0,84.000,0.000,84.000,84:2|144:2|234:1
CFG_081,I17,4,754.000,754.000,0.000,1.0000,4,0,0,84.000,0.000,84.000,84:2|144:2|234:1
CFG_081,I18,4,754.000,754.000,0.000,1.0000,4,0,0,84.000,0.000,84.000,84:2|144:2|234:1
CFG_081,I19,4,754.000,689.000,65.000,0.9138,2,1,1,84.000,60.000,144.000,84:3|144:1|229:1
CFG_081,I20,4,754.000,689.000,65.000,0.9138,2,1,1,84.000,60.000,144.000,84:3|144:1|229:1
CFG_081,I21,4,754.000,689.000,65.000,0.9138,2,0,1,84.000,60.000,144.000,84:3|144:1|229:1
CFG_081,J00,4,754.000,754.000,0.000,1.0000,4,1,0,84.000,0.000,84.000,84:2|144:2|234:1
CFG_081,J01,4,754.000,754.000,0.000,1.0000,4,1,0,84.000,0.000,84.000,84:2|144:2|234:1
CFG_081,J02,4,754.000,754.000,0.000,1.0000,4,1,0,84.000,0.000,84.000,84:2|144:2|234:1
CFG_081,J03,4,754.000,754.000,0.000,1.0000,4,1,0,84.000,0.000,84.000,84:2|144:2|234:1
CFG_081,J04,4,754.000,754.000,0.000,1.0000,4,0,0,84.000,0.000,84.000,84:2|144:2|234:1
CFG_081,J05,4,754.000,754.000,0.000,1.0000,4,0,0,84.000,0.000,84.000,84:2|144:2|234:1
CFG_081,J06,4,754.000,754.000,0.000,1.0000,4,0,0,84.000,0.000,84.000,84:2|144:2|234:1
CFG_081,J07,4,754.000,754.000,0.000,1.0000,4,0,0,84.000,0.000,84.000,84:2|144:2|234:1
CFG_081,J08,4,754.000,754.000,0.000,1.0000,4,0,0,84.000,0.000,84.000,84:2|144:2|234:1
CFG_081,J09,4,754.000,754.000,0.000,1.0000,4,0,0,84.000,0.000,84.000,84:2|144:2|234:1
CFG_081,J10,4,754.000,754.000,0.000,1.0000,4,0,0,84.000,0.000,84.000,84:2|144:2|234:1
CFG_081,J11,4,754.000,754.000,0.000,1.0000,4,0,0,84.000,0.000,84.000,84:2|144:2|234:1
CFG_081,J12,4,754.000,754.000,0.000,1.0000,4,0,0,84.000,0.000,84.000,84:2|144:2|234:1
CFG_081,J13,4,754.000,754.000,0.000,1.0000,4,0,0,84.000,0.000,84.000,84:2|144:2|234:1
CFG_081,J14,4,754.000,754.000,0.000,1.0000,4,0,0,84.000,0.000,84.000,84:2|144:2|234:1
CFG_081,J15,4,754.000,754.000,0.000,1.0000,4,0,0,84.000,0.000,84.000,84:2|144:2|234:1
CFG_081,J16,4,754.000,754.000,0.000,1.0000,4,0,0,84.000,0.000,84.000,84:2|144:2|234:1
CFG_081,J17,4,754.000,754.000,0.000,1.0000,4,0,0,84.000,0.000,84.000,84:2|144:2|234:1
CFG_081,J18,4,754.000,754.000,0.000,1.0000,4,0,0,84.000,0.000,84.000,84:2|144:2|234:1
CFG_081,J19,5,754.000,724.000,30.000,0.9602,2,1,2,84.000,0.000,84.000,84:5|224:1
CFG_081,J20,5,754.000,724.000,30.000,0.9602,2,1,2,84.000,0.000,84.000,84:5|224:1
CFG_081,J21,5,754.000,724.000,30.000,0.9602,2,0,2,84.000,0.000,84.000,84:5|224:1
CFG_081,K00,4,754.000,754.000,0.000,1.0000,4,1,0,84.000,0.000,84.000,84:2|144:2|234:1
CFG_081,K01,4,754.000,754.000,0.000,1.0000,4,1,0,84.000,0.000,84.000,84:2|144:2|234:1
CFG_081,K02,4,754.000,754.000,0.000,1.0000,4,1,0,84.000,0.000,84.000,84:2|144:2|234:1
CFG_081,K03,4,754.000,754.000,0.000,1.0000,4,1,0,84.000,0.000,84.000,84:2|144:2|234:1
CFG_081,K04,4,754.000,754.000,0.000,1.0000,4,0,0,84.000,0.000,84.000,84:2|144:2|234:1
CFG_081,K05,4,754.000,754.000,0.000,1.0000,4,0,0,84.000,0.000,84.000,84:2|144:2|234:1
CFG_081,K06,4,754.000,754.000,0.000,1.0000,4,0,0,84.000,0.000,84.000,84:2|144:2|234:1
CFG_081,K07,4,754.000,754.000,0.000,1.0000,3,1,0,84.000,0.000,84.000,84:2|144:2|234:1
CFG_081,K08,4,754.000,754.000,0.000,1.0000,4,1,0,84.000,0.000,84.000,84:2|144:2|234:1
CFG_081,K09,4,754.000,754.000,0.000,1.0000,4,1,0,84.000,0.000,84.000,84:2|144:2|234:1
CFG_081,K10,4,754.000,754.000,0.000,1.0000,4,1,0,84.000,0.000,84.000,84:2|144:2|234:1
CFG_081,K11,4,754.000,754.000,0.000,1.0000,4,1,0,84.000,0.000,84.000,84:2|144:2|234:1
CFG_081,K12,4,754.000,754.000,0.000,1.0000,4,1,0,84.000,0.000,84.000,84:2|144:2|234:1
CFG_081,K13,4,754.000,754.000,0.000,1.0000,4,1,0,84.000,0.000,84.000,84:2|144:2|234:1
CFG_081,K14,4,754.000,754.000,0.000,1.0000,4,1,0,84.000,0.000,84.000,84:2|144:2|234:1
CFG_081,K15,4,754.000,754.000,0.000,1.0000,4,1,0,84.000,0.000,84.000,84:2|144:2|234:1
CFG_081,K16,4,754.000,754.000,0.000,1.0000,4,1,0,84.000,0.000,84.000,84:2|144:2|234:1
CFG_081,K17,4,754.000,754.000,0.000,1.0000,4,1,0,84.000,0.000,84.000,84:2|144:2|234:1
CFG_081,K18,4,754.000,754.000,0.000,1.0000,4,1,0,84.000,0.000,84.000,84:2|144:2|234:1
CFG_081,K19,4,754.000,684.000,70.000,0.9072,2,0,1,84.000,60.000,144.000,84:3|144:1|224:1
CFG_081,K20,4,754.000,684.000,70.000,0.9072,2,0,1,84.000,60.000,144.000,84:3|144:1|224:1
CFG_081,K21,5,754.000,724.000,30.000,0.9602,2,0,2,84.000,0.000,84.000,84:5|224:1
CFG_082,A00,6,754.000,699.000,55.000,0.9271,3,0,3,69.000,40.000,109.000,69:5|109:1|149:1
CFG_082,A01,5,754.000,739.000,15.000,0.9801,3,0,2,69.000,0.000,69.000,69:4|149:1|234:1
CFG_082,A02,6,754.000,699.000,55.000,0.9271,3,0,3,69.000,40.000,109.000,69:5|109:1|149:1
CFG_082,A03,7,754.000,744.000,10.000,0.9867,3,0,4,69.000,0.000,69.000,69:7|149:1
CFG_082,A04,5,754.000,739.000,15.000,0.9801,3,0,2,69.000,0.000,69.000,69:4|149:1|234:1
CFG_082,A05,6,754.000,739.000,15.000,0.9801,3,0,3,69.000,0.000,69.000,69:4|109:2|149:1
CFG_082,A06,7,754.000,744.000,10.000,0.9867,3,0,4,69.000,0.000,69.000,69:7|149:1
CFG_082,A07,6,754.000,739.000,15.000,0.9801,3,0,3,69.000,0.000,69.000,69:4|109:2|149:1
CFG_082,A08,5,754.000,739.000,15.000,0.9801,3,0,2,69.000,0.000,69.000,69:4|149:1|234:1
CFG_082,A09,7,754.000,744.000,10.000,0.9867,3,0,4,69.000,0.000,69.000,69:7|149:1
CFG_082,A10,6,754.000,739.000,15.000,0.9801,3,0,3,69.000,0.000,69.000,69:4|109:2|149:1
CFG_082,A11,5,754.000,739.000,15.000,0.9801,3,0,2,69.000,0.000,69.000,69:4|149:1|234:1
CFG_082,A12,6,754.000,699.000,55.000,0.9271,3,0,3,69.000,40.000,109.000,69:5|109:1|149:1
CFG_082,A13,6,754.000,744.000,10.000,0.9867,3,0,3,69.000,0.000,69.000,69:6|234:1
CFG_082,A14,6,754.000,699.000,55.000,0.9271,3,0,3,69.000,40.000,109.000,69:5|109:1|149:1
CFG_082,A15,6,754.000,739.000,15.000,0.9801,3,0,3,69.000,0.000,69.000,69:5|149:2
CFG_082,B00,5,754.000,699.000,55.000,0.9271,3,0,2,69.000,40.000,109.000,69:4|109:1|234:1
CFG_082,B01,6,754.000,699.000,55.000,0.9271,3,0,3,69.000,40.000,109.000,69:5|109:1|149:1
CFG_082,B02,6,754.000,699.000,55.000,0.9271,3,0,3,69.000,40.000,109.000,69:5|109:1|149:1
CFG_082,B03,7,754.000,744.000,10.000,0.9867,3,0,4,69.000,0.000,69.000,69:7|149:1
CFG_082,B04,5,754.000,739.000,15.000,0.9801,3,0,2,69.000,0.000,69.000,69:4|149:1|234:1
CFG_082,B05,6,754.000,739.000,15.000,0.9801,3,0,3,69.000,0.000,69.000,69:4|109:2|149:1
CFG_082,B06,6,754.000,739.000,15.000,0.9801,3,0,3,69.000,0.000,69.000,69:5|149:2
CFG_082,B07,6,754.000,744.000,10.000,0.9867,3,0,3,69.000,0.000,69.000,69:6|234:1
CFG_082,B08,6,754.000,739.000,15.000,0.9801,3,0,3,69.000,0.000,69.000,69:4|109:2|149:1
CFG_082,B09,6,754.000,699.000,55.000,0.9271,3,0,3,69.000,40.000,109.000,69:5|109:1|149:1
CFG_082,B10,6,754.000,744.000,10.000,0.9867,3,0,3,69.000,0.000,69.000,69:6|234:1
CFG_082,B11,6,754.000,739.000,15.000,0.9801,3,0,3,69.000,0.000,69.000,69:5|149:2
CFG_082,B12,6,754.000,739.000,15.000,0.9801,3,0,3,69.000,0.000,69.000,69:4|109:2|149:1
CFG_082,B13,6,754.000,739.000,15.000,0.9801,3,0,3,69.000,0.000,69.000,69:5|149:2
CFG_082,B14,6,754.000,744.000,10.000,0.9867,3,0,3,69.000,0.000,69.000,69:6|234:1
CFG_082,B15,6,754.000,739.000,15.000,0.9801,3,0,3,69.000,0.000,69.000,69:4|109:2|149:1
CFG_082,B16,6,754.000,699.000,55.000,0.9271,3,0,3,69.000,40.000,109.000,69:5|109:1|149:1
CFG_082,B17,6,754.000,744.000,10.000,0.9867,3,0,3,69.000,0.000,69.000,69:6|234:1
CFG_082,B18,6,754.000,739.000,15.000,0.9801,3,0,3,69.000,0.000,69.000,69:5|149:2
CFG_082,B19,5,754.000,739.000,15.000,0.9801,2,2,2,69.000,0.000,69.000,69:4|149:1|234:1
CFG_082,B20,5,754.000,739.000,15.000,0.9801,2,2,2,69.000,0.000,69.000,69:4|149:1|234:1
CFG_082,B21,5,754.000,739.000,15.000,0.9801,2,0,2,69.000,0.000,69.000,69:4|149:1|234:1
CFG_082,D00,6,754.000,699.000,55.000,0.9271,5,0,1,69.000,40.000,109.000,69:5|109:1|149:1
CFG_082,D01,7,754.000,744.000,10.000,0.9867,5,0,2,69.000,0.000,69.000,69:7|149:1
CFG_082,D02,5,754.000,739.000,15.000,0.9801,5,0,0,69.000,0.000,69.000,69:4|149:1|234:1
CFG_082,D03,6,754.000,739.000,15.000,0.9801,5,0,1,69.000,0.000,69.000,69:4|109:2|149:1
CFG_082,D04,6,754.000,699.000,55.000,0.9271,5,0,1,69.000,40.000,109.000,69:5|109:1|149:1
CFG_082,D05,5,754.000,739.000,15.000,0.9801,5,0,0,69.000,0.000,69.000,69:4|149:1|234:1
CFG_082,D06,7,754.000,744.000,10.000,0.9867,5,0,2,69.000,0.000,69.000,69:7|149:1
CFG_082,D07,6,754.000,739.000,15.000,0.9801,5,0,1,69.000,0.000,69.000,69:4|109:2|149:1
CFG_082,D08,5,754.000,739.000,15.000,0.9801,5,0,0,69.000,0.000,69.000,69:4|149:1|234:1
CFG_082,D09,7,754.000,744.000,10.000,0.9867,5,0,2,69.000,0.000,69.000,69:7|149:1
CFG_082,D10,6,754.000,739.000,15.000,0.9801,5,0,1,69.000,0.000,69.000,69:4|109:2|149:1
CFG_082,D11,5,754.000,739.000,15.000,0.9801,5,0,0,69.000,0.000,69.000,69:4|149:1|234:1
CFG_082,D12,7,754.000,744.000,10.000,0.9867,5,0,2,69.000,0.000,69.000,69:7|149:1
CFG_082,D13,6,754.000,739.000,15.000,0.9801,5,0,1,69.000,0.000,69.000,69:4|109:2|149:1
CFG_082,D14,7,754.000,744.000,10.000,0.9867,5,0,2,69.000,0.000,69.000,69:7|149:1
CFG_082,D15,5,754.000,699.000,55.000,0.9271,5,0,0,69.000,40.000,109.000,69:4|109:1|234:1
CFG_082,D16,6,754.000,739.000,15.000,0.9801,4,0,2,69.000,0.000,69.000,69:5|149:2
CFG_082,D17,6,754.000,739.000,15.000,0.9801,4,0,2,69.000,0.000,69.000,69:4|109:2|149:1
CFG_082,D18,6,754.000,744.000,10.000,0.9867,4,0,2,69.000,0.000,69.000,69:6|234:1
CFG_082,D19,5,754.000,694.000,60.000,0.9204,2,1,2,69.000,40.000,109.000,69:4|109:1|229:1
CFG_082,D20,5,754.000,694.000,60.000,0.9204,2,1,2,69.000,40.000,109.000,69:4|109:1|229:1
CFG_082,D21,5,754.000,694.000,60.000,0.9204,2,0,2,69.000,40.000,109.000,69:4|109:1|229:1
CFG_082,E00,6,754.000,744.000,10.000,0.9867,6,0,0,69.000,0.000,69.000,69:6|234:1
CFG_082,E01,6,754.000,699.000,55.000,0.9271,6,0,0,69.000,40.000,109.000,69:5|109:1|149:1
CFG_082,E02,5,754.000,739.000,15.000,0.9801,6,0,0,69.000,0.000,69.000,69:4|149:1|234:1
CFG_082,E03,6,754.000,699.000,55.000,0.9271,6,0,0,69.000,40.000,109.000,69:5|109:1|149:1
CFG_082,E04,6,754.000,699.000,55.000,0.9271,6,0,0,69.000,40.000,109.000,69:5|109:1|149:1
CFG_082,E05,6,754.000,699.000,55.000,0.9271,6,0,0,69.000,40.000,109.000,69:5|109:1|149:1
CFG_082,E06,5,754.000,739.000,15.000,0.9801,6,0,0,69.000,0.000,69.000,69:4|149:1|234:1
CFG_082,E07,7,754.000,744.000,10.000,0.9867,6,0,1,69.000,0.000,69.000,69:7|149:1
CFG_082,E08,6,754.000,739.000,15.000,0.9801,6,0,0,69.000,0.000,69.000,69:4|109:2|149:1
CFG_082,E09,5,754.000,739.000,15.000,0.9801,6,0,0,69.000,0.000,69.000,69:4|149:1|234:1
CFG_082,E10,6,754.000,699.000,55.000,0.9271,6,0,0,69.000,40.000,109.000,69:5|109:1|149:1
CFG_082,E11,7,754.000,744.000,10.000,0.9867,6,0,1,69.000,0.000,69.000,69:7|149:1
CFG_082,E12,6,754.000,739.000,15.000,0.9801,6,0,0,69.000,0.000,69.000,69:4|109:2|149:1
CFG_082,E13,5,754.000,739.000,15.000,0.9801,6,0,0,69.000,0.000,69.000,69:4|149:1|234:1
CFG_082,E14,7,754.000,744.000,10.000,0.9867,6,0,1,69.000,0.000,69.000,69:7|149:1
CFG_082,E15,5,754.000,699.000,55.000,0.9271,6,0,0,69.000,40.000,109.000,69:4|109:1|234:1
CFG_082,E16,6,754.000,699.000,55.000,0.9271,6,0,0,69.000,40.000,109.000,69:5|109:1|149:1
CFG_082,E17,6,754.000,739.000,15.000,0.9801,6,0,0,69.000,0.000,69.000,69:5|149:2
CFG_082,E18,5,754.000,699.000,55.000,0.9271,6,0,0,69.000,40.000,109.000,69:4|109:1|234:1
CFG_082,E19,4,754.000,729.000,25.000,0.9668,4,2,0,69.000,40.000,109.000,69:3|229:2
CFG_082,E20,4,754.000,729.000,25.000,0.9668,4,2,0,69.000,40.000,109.000,69:3|229:2
CFG_082,E21,4,754.000,734.000,20.000,0.9735,4,0,0,69.000,0.000,69.000,69:3|229:1|234:1
CFG_082,F00,6,754.000,739.000,15.000,0.9801,5,0,1,69.000,0.000,69.000,69:5|149:2
CFG_082,F01,6,754.000,744.000,10.000,0.9867,5,0,1,69.000,0.000,69.000,69:6|234:1
CFG_082,F02,6,754.000,739.000,15.000,0.9801,5,0,1,69.000,0.000,69.000,69:4|109:2|149:1
CFG_082,F03,7,754.000,744.000,10.000,0.9867,5,0,2,69.000,0.000,69.000,69:7|149:1
CFG_082,F04,6,754.000,739.000,15.000,0.9801,5,0,1,69.000,0.000,69.000,69:4|109:2|149:1
CFG_082,F05,5,754.000,739.000,15.000,0.9801,5,0,0,69.000,0.000,69.000,69:4|149:1|234:1
CFG_082,F06,7,754.000,744.000,10.000,0.9867,5,0,2,69.000,0.000,69.000,69:7|149:1
CFG_082,F07,6,754.000,739.000,15.000,0.9801,6,0,0,69.000,0.000,69.000,69:4|109:2|149:1
CFG_082,F08,5,754.000,739.000,15.000,0.9801,6,0,0,69.000,0.000,69.000,69:4|149:1|234:1
CFG_082,F09,7,754.000,744.000,10.000,0.9867,6,0,1,69.000,0.000,69.000,69:7|149:1
CFG_082,F10,6,754.000,739.000,15.000,0.9801,6,0,0,69.000,0.000,69.000,69:4|109:2|149:1
CFG_082,F11,5,754.000,739.000,15.000,0.9801,6,0,0,69.000,0.000,69.000,69:4|149:1|234:1
CFG_082,F12,6,754.000,699.000,55.000,0.9271,6,0,0,69.000,40.000,109.000,69:5|109:1|149:1
CFG_082,F13,6,754.000,699.000,55.000,0.9271,6,0,0,69.000,40.000,109.000,69:5|109:1|149:1
CFG_082,F14,6,754.000,744.000,10.000,0.9867,6,0,0,69.000,0.000,69.000,69:6|234:1
CFG_082,F15,6,754.000,739.000,15.000,0.9801,6,0,0,69.000,0.000,69.000,69:5|149:2
CFG_082,F16,6,754.000,699.000,55.000,0.9271,6,0,0,69.000,40.000,109.000,69:5|109:1|149:1
CFG_082,F17,5,754.000,699.000,55.000,0.9271,6,0,0,69.000,40.000,109.000,69:4|109:1|234:1
CFG_082,F18,6,754.000,699.000,55.000,0.9271,6,0,0,69.000,40.000,109.000,69:5|109:1|149:1
CFG_082,F19,5,754.000,734.000,20.000,0.9735,4,1,0,69.000,0.000,69.000,69:4|149:1|229:1
CFG_082,F20,5,754.000,734.000,20.000,0.9735,4,1,0,69.000,0.000,69.000,69:4|149:1|229:1
CFG_082,F21,5,754.000,734.000,20.000,0.9735,4,0,0,69.000,0.000,69.000,69:4|149:1|229:1
CFG_082,G00,6,754.000,739.000,15.000,0.9801,5,0,1,69.000,0.000,69.000,69:4|109:2|149:1
CFG_082,G01,7,754.000,744.000,10.000,0.9867,5,0,2,69.000,0.000,69.000,69:7|149:1
CFG_082,G02,5,754.000,739.000,15.000,0.9801,5,0,0,69.000,0.000,69.000,69:4|149:1|234:1
CFG_082,G03,6,754.000,739.000,15.000,0.9801,5,0,1,69.000,0.000,69.000,69:4|109:2|149:1
CFG_082,G04,6,754.000,739.000,15.000,0.9801,5,0,1,69.000,0.000,69.000,69:5|149:2
CFG_082,G05,6,754.000,744.000,10.000,0.9867,5,0,1,69.000,0.000,69.000,69:6|234:1
CFG_082,G06,6,754.000,739.000,15.000,0.9801,5,0,1,69.000,0.000,69.000,69:4|109:2|149:1
CFG_082,G07,6,754.000,699.000,55.000,0.9271,5,0,1,69.000,40.000,109.000,69:5|109:1|149:1
CFG_082,G08,6,754.000,739.000,15.000,0.9801,5,0,1,69.000,0.000,69.000,69:5|149:2
CFG_082,G09,6,754.000,744.000,10.000,0.9867,5,0,1,69.000,0.000,69.000,69:6|234:1
CFG_082,G10,6,754.000,739.000,15.000,0.9801,5,0,1,69.000,0.000,69.000,69:4|109:2|149:1
CFG_082,G11,6,754.000,699.000,55.000,0.9271,5,0,1,69.000,40.000,109.000,69:5|109:1|149:1
CFG_082,G12,6,754.000,744.000,10.000,0.9867,5,0,1,69.000,0.000,69.000,69:6|234:1
CFG_082,G13,6,754.000,739.000,15.000,0.9801,5,0,1,69.000,0.000,69.000,69:5|149:2
CFG_082,G14,6,754.000,699.000,55.000,0.9271,5,0,1,69.000,40.000,109.000,69:5|109:1|149:1
CFG_082,G15,5,754.000,699.000,55.000,0.9271,5,0,0,69.000,40.000,109.000,69:4|109:1|234:1
CFG_082,G16,6,754.000,739.000,15.000,0.9801,5,0,1,69.000,0.000,69.000,69:5|149:2
CFG_082,G17,6,754.000,699.000,55.000,0.9271,5,0,1,69.000,40.000,109.000,69:5|109:1|149:1
CFG_082,G18,6,754.000,744.000,10.000,0.9867,5,0,1,69.000,0.000,69.000,69:6|234:1
CFG_082,G19,5,754.000,734.000,20.000,0.9735,3,1,1,69.000,0.000,69.000,69:3|109:2|229:1
CFG_082,G20,5,754.000,734.000,20.000,0.9735,3,1,1,69.000,0.000,69.000,69:3|109:2|229:1
CFG_082,G21,5,754.000,734.000,20.000,0.9735,3,0,1,69.000,0.000,69.000,69:3|109:2|229:1
CFG_082,H00,5,754.000,739.000,15.000,0.9801,4,0,1,69.000,0.000,69.000,69:4|149:1|234:1
CFG_082,H01,7,754.000,744.000,10.000,0.9867,4,0,3,69.000,0.000,69.000,69:7|149:1
CFG_082,H02,6,754.000,739.000,15.000,0.9801,4,0,2,69.000,0.000,69.000,69:4|109:2|149:1
CFG_082,H03,5,754.000,739.000,15.000,0.9801,4,0,1,69.000,0.000,69.000,69:4|149:1|234:1
CFG_082,H04,7,754.000,744.000,10.000,0.9867,4,0,3,69.000,0.000,69.000,69:7|149:1
CFG_082,H05,6,754.000,739.000,15.000,0.9801,4,0,2,69.000,0.000,69.000,69:4|109:2|149:1
CFG_082,H06,7,754.000,744.000,10.000,0.9867,4,0,3,69.000,0.000,69.000,69:7|149:1
CFG_082,H07,5,754.000,739.000,15.000,0.9801,4,0,1,69.000,0.000,69.000,69:4|149:1|234:1
CFG_082,H08,6,754.000,739.000,15.000,0.9801,4,0,2,69.000,0.000,69.000,69:4|109:2|149:1
CFG_082,H09,6,754.000,739.000,15.000,0.9801,4,0,2,69.000,0.000,69.000,69:5|149:2
CFG_082,H10,5,754.000,699.000,55.000,0.9271,4,0,1,69.000,40.000,109.000,69:4|109:1|234:1
CFG_082,H11,7,754.000,744.000,10.000,0.9867,4,0,3,69.000,0.000,69.000,69:7|149:1
CFG_082,H12,6,754.000,739.000,15.000,0.9801,4,0,2,69.000,0.000,69.000,69:4|109:2|149:1
CFG_082,H13,6,754.000,744.000,10.000,0.9867,4,0,2,69.000,0.000,69.000,69:6|234:1
CFG_082,H14,6,754.000,739.000,15.000,0.9801,4,0,2,69.000,0.000,69.000,69:5|149:2
CFG_082,H15,6,754.000,739.000,15.000,0.9801,4,0,2,69.000,0.000,69.000,69:4|109:2|149:1
CFG_082,H16,6,754.000,744.000,10.000,0.9867,4,0,2,69.000,0.000,69.000,69:6|234:1
CFG_082,H17,6,754.000,739.000,15.000,0.9801,4,0,2,69.000,0.000,69.000,69:5|149:2
CFG_082,H18,6,754.000,739.000,15.000,0.9801,4,0,2,69.000,0.000,69.000,69:4|109:2|149:1
CFG_082,H19,5,754.000,734.000,20.000,0.9735,2,1,2,69.000,0.000,69.000,69:4|149:1|229:1
CFG_082,H20,5,754.000,734.000,20.000,0.9735,2,1,2,69.000,0.000,69.000,69:4|149:1|229:1
CFG_082,H21,5,754.000,734.000,20.000,0.9735,2,0,2,69.000,0.000,69.000,69:4|149:1|229:1
CFG_082,I00,6,754.000,739.000,15.000,0.9801,4,0,2,69.000,0.000,69.000,69:5|149:2
CFG_082,I01,5,754.000,699.000,55.000,0.9271,4,0,1,69.000,40.000,109.000,69:4|109:1|234:1
CFG_082,I02,6,754.000,699.000,55.000,0.9271,4,0,2,69.000,40.000,109.000,69:5|109:1|149:1
CFG_082,I03,6,754.000,699.000,55.000,0.9271,4,0,2,69.000,40.000,109.000,69:5|109:1|149:1
CFG_082,I04,5,754.000,739.000,15.000,0.9801,4,0,1,69.000,0.000,69.000,69:4|149:1|234:1
CFG_082,I05,6,754.000,699.000,55.000,0.9271,4,0,2,69.000,40.000,109.000,69:5|109:1|149:1
CFG_082,I06,7,754.000,744.000,10.000,0.9867,4,0,3,69.000,0.000,69.000,69:7|149:1
CFG_082,I07,6,754.000,739.000,15.000,0.9801,4,0,2,69.000,0.000,69.000,69:4|109:2|149:1
CFG_082,I08,5,754.000,739.000,15.000,0.9801,4,0,1,69.000,0.000,69.000,69:4|149:1|234:1
CFG_082,I09,7,754.000,744.000,10.000,0.9867,4,0,3,69.000,0.000,69.000,69:7|149:1
CFG_082,I10,6,754.000,739.000,15.000,0.9801,4,0,2,69.000,0.000,69.000,69:4|109:2|149:1
CFG_082,I11,5,754.000,739.000,15.000,0.9801,4,0,1,69.000,0.000,69.000,69:4|149:1|234:1
CFG_082,I12,7,754.000,744.000,10.000,0.9867,4,0,3,69.000,0.000,69.000,69:7|149:1
CFG_082,I13,6,754.000,739.000,15.000,0.9801,4,0,2,69.000,0.000,69.000,69:4|109:2|149:1
CFG_082,I14,5,754.000,739.000,15.000,0.9801,4,0,1,69.000,0.000,69.000,69:4|149:1|234:1
CFG_082,I15,7,754.000,744.000,10.000,0.9867,4,0,3,69.000,0.000,69.000,69:7|149:1
CFG_082,I16,5,754.000,699.000,55.000,0.9271,4,0,1,69.000,40.000,109.000,69:4|109:1|234:1
CFG_082,I17,6,754.000,699.000,55.000,0.9271,4,0,2,69.000,40.000,109.000,69:5|109:1|149:1
CFG_082,I18,6,754.000,699.000,55.000,0.9271,4,0,2,69.000,40.000,109.000,69:5|109:1|149:1
CFG_082,I19,5,754.000,734.000,20.000,0.9735,2,1,2,69.000,0.000,69.000,69:4|149:1|229:1
CFG_082,I20,5,754.000,734.000,20.000,0.9735,2,1,2,69.000,0.000,69.000,69:4|149:1|229:1
CFG_082,I21,5,754.000,734.000,20.000,0.9735,2,0,2,69.000,0.000,69.000,69:4|149:1|229:1
CFG_082,J00,6,754.000,699.000,55.000,0.9271,5,0,1,69.000,40.000,109.000,69:5|109:1|149:1
CFG_082,J01,7,754.000,744.000,10.000,0.9867,5,0,2,69.000,0.000,69.000,69:7|149:1
CFG_082,J02,6,754.000,739.000,15.000,0.9801,5,0,1,69.000,0.000,69.000,69:4|109:2|149:1
CFG_082,J03,5,754.000,739.000,15.000,0.9801,5,0,0,69.000,0.000,69.000,69:4|149:1|234:1
CFG_082,J04,7,754.000,744.000,10.000,0.9867,4,0,3,69.000,0.000,69.000,69:7|149:1
CFG_082,J05,6,754.000,739.000,15.000,0.9801,4,0,2,69.000,0.000,69.000,69:4|109:2|149:1
CFG_082,J06,5,754.000,739.000,15.000,0.9801,4,0,1,69.000,0.000,69.000,69:4|149:1|234:1
CFG_082,J07,6,754.000,699.000,55.000,0.9271,4,0,2,69.000,40.000,109.000,69:5|109:1|149:1
CFG_082,J08,6,754.000,739.000,15.000,0.9801,4,0,2,69.000,0.000,69.000,69:5|149:2
CFG_082,J09,6,754.000,744.000,10.000,0.9867,4,0,2,69.000,0.000,69.000,69:6|234:1
CFG_082,J10,6,754.000,739.000,15.000,0.9801,4,0,2,69.000,0.000,69.000,69:4|109:2|149:1
CFG_082,J11,6,754.000,699.000,55.000,0.9271,4,0,2,69.000,40.000,109.000,69:5|109:1|149:1
CFG_082,J12,6,754.000,744.000,10.000,0.9867,4,0,2,69.000,0.000,69.000,69:6|234:1
CFG_082,J13,6,754.000,739.000,15.000,0.9801,4,0,2,69.000,0.000,69.000,69:5|149:2
CFG_082,J14,6,754.000,699.000,55.000,0.9271,4,0,2,69.000,40.000,109.000,69:5|109:1|149:1
CFG_082,J15,5,754.000,699.000,55.000,0.9271,4,0,1,69.000,40.000,109.000,69:4|109:1|234:1
CFG_082,J16,6,754.000,699.000,55.000,0.9271,4,0,2,69.000,40.000,109.000,69:5|109:1|149:1
CFG_082,J17,7,754.000,744.000,10.000,0.9867,4,0,3,69.000,0.000,69.000,69:7|149:1
CFG_082,J18,5,754.000,739.000,15.000,0.9801,4,0,1,69.000,0.000,69.000,69:4|149:1|234:1
CFG_082,J19,4,754.000,719.000,35.000,0.9536,3,1,1,69.000,40.000,109.000,69:3|224:2
CFG_082,J20,4,754.000,719.000,35.000,0.9536,3,1,1,69.000,40.000,109.000,69:3|224:2
CFG_082,J21,4,754.000,729.000,25.000,0.9668,3,0,1,69.000,40.000,109.000,69:3|224:1|234:1
CFG_082,K00,5,754.000,739.000,15.000,0.9801,5,0,0,69.000,0.000,69.000,69:4|149:1|234:1
CFG_082,K01,6,754.000,739.000,15.000,0.9801,5,0,1,69.000,0.000,69.000,69:4|109:2|149:1
CFG_082,K02,6,754.000,699.000,55.000,0.9271,5,0,1,69.000,40.000,109.000,69:5|109:1|149:1
CFG_082,K03,6,754.000,739.000,15.000,0.9801,5,0,1,69.000,0.000,69.000,69:5|149:2
CFG_082,K04,6,754.000,744.000,10.000,0.9867,4,0,2,69.000,0.000,69.000,69:6|234:1
CFG_082,K05,6,754.000,739.000,15.000,0.9801,4,0,2,69.000,0.000,69.000,69:4|109:2|149:1
CFG_082,K06,6,754.000,739.000,15.000,0.9801,4,0,2,69.000,0.000,69.000,69:5|149:2
CFG_082,K07,6,754.000,744.000,10.000,0.9867,4,0,1,69.000,0.000,69.000,69:6|234:1
CFG_082,K08,6,754.000,739.000,15.000,0.9801,5,0,1,69.000,0.000,69.000,69:4|109:2|149:1
CFG_082,K09,6,754.000,699.000,55.000,0.9271,5,0,1,69.000,40.000,109.000,69:5|109:1|149:1
CFG_082,K10,6,754.000,744.000,10.000,0.9867,5,0,1,69.000,0.000,69.000,69:6|234:1
CFG_082,K11,6,754.000,739.000,15.000,0.9801,5,0,1,69.000,0.000,69.000,69:5|149:2
CFG_082,K12,6,754.000,699.000,55.000,0.9271,5,0,1,69.000,40.000,109.000,69:5|109:1|149:1
CFG_082,K13,5,754.000,699.000,55.000,0.9271,5,0,0,69.000,40.000,109.000,69:4|109:1|234:1
CFG_082,K14,6,754.000,739.000,15.000,0.9801,5,0,1,69.000,0.000,69.000,69:5|149:2
CFG_082,K15,6,754.000,699.000,55.000,0.9271,5,0,1,69.000,40.000,109.000,69:5|109:1|149:1
CFG_082,K16,5,754.000,699.000,55.000,0.9271,5,0,0,69.000,40.000,109.000,69:4|109:1|234:1
CFG_082,K17,7,754.000,744.000,10.000,0.9867,5,0,2,69.000,0.000,69.000,69:7|149:1
CFG_082,K18,6,754.000,739.000,15.000,0.9801,5,0,1,69.000,0.000,69.000,69:4|109:2|149:1
CFG_082,K19,5,754.000,729.000,25.000,0.9668,2,0,2,69.000,40.000,109.000,69:4|149:1|224:1
CFG_082,K20,5,754.000,729.000,25.000,0.9668,2,0,2,69.000,40.000,109.000,69:3|109:2|224:1
CFG_082,K21,5,754.000,729.000,25.000,0.9668,2,0,2,69.000,40.000,109.000,69:4|149:1|224:1
CFG_083,A00,3,754.000,754.000,0.000,1.0000,2,0,0,154.000,0.000,154.000,154:1|159:2|234:1
CFG_083,A01,3,754.000,754.000,0.000,1.0000,2,0,0,154.000,0.000,154.000,154:1|159:2|234:1
CFG_083,A02,3,754.000,754.000,0.000,1.0000,2,0,0,154.000,0.000,154.000,154:1|159:2|234:1
CFG_083,A03,3,754.000,754.000,0.000,1.0000,2,0,0,154.000,0.000,154.000,154:1|159:2|234:1
CFG_083,A04,3,754.000,754.000,0.000,1.0000,2,0,0,154.000,0.000,154.000,154:1|159:2|234:1
CFG_083,A05,3,754.000,754.000,0.000,1.0000,2,0,0,154.000,0.000,154.000,154:1|159:2|234:1
CFG_083,A06,3,754.000,754.000,0.000,1.0000,2,0,0,154.000,0.000,154.000,154:1|159:2|234:1
CFG_083,A07,3,754.000,754.000,0.000,1.0000,2,0,0,154.000,0.000,154.000,154:1|159:2|234:1
CFG_083,A08,3,754.000,754.000,0.000,1.0000,2,0,0,154.000,0.000,154.000,154:1|159:2|234:1
CFG_083,A09,3,754.000,754.000,0.000,1.0000,2,0,0,154.000,0.000,154.000,154:1|159:2|234:1
CFG_083,A10,3,754.000,754.000,0.000,1.0000,2,0,0,154.000,0.000,154.000,154:1|159:2|234:1
CFG_083,A11,3,754.000,754.000,0.000,1.0000,2,0,0,154.000,0.000,154.000,154:1|159:2|234:1
CFG_083,A12,3,754.000,754.000,0.000,1.0000,2,0,0,154.000,0.000,154.000,154:1|159:2|234:1
CFG_083,A13,3,754.000,754.000,0.000,1.0000,2,0,0,154.000,0.000,154.000,154:1|159:2|234:1
CFG_083,A14,3,754.000,754.000,0.000,1.0000,2,0,0,154.000,0.000,154.000,154:1|159:2|234:1
CFG_083,A15,3,754.000,754.000,0.000,1.0000,2,0,0,154.000,0.000,154.000,154:1|159:2|234:1
CFG_083,B00,6,754.000,754.000,0.000,1.0000,3,0,3,64.000,0.000,64.000,64:4|134:3
CFG_083,B01,6,754.000,754.000,0.000,1.0000,3,0,3,64.000,0.000,64.000,64:4|134:3
CFG_083,B02,6,754.000,754.000,0.000,1.0000,3,0,3,64.000,0.000,64.000,64:4|134:3
CFG_083,B03,6,754.000,754.000,0.000,1.0000,3,0,3,64.000,0.000,64.000,64:4|134:3
CFG_083,B04,6,754.000,754.000,0.000,1.0000,3,0,3,64.000,0.000,64.000,64:4|134:3
CFG_083,B05,6,754.000,754.000,0.000,1.0000,3,0,3,64.000,0.000,64.000,64:4|134:3
CFG_083,B06,6,754.000,754.000,0.000,1.0000,3,0,3,64.000,0.000,64.000,64:4|134:3
CFG_083,B07,6,754.000,754.000,0.000,1.0000,3,0,3,64.000,0.000,64.000,64:4|134:3
CFG_083,B08,6,754.000,754.000,0.000,1.0000,3,0,3,64.000,0.000,64.000,64:4|134:3
CFG_083,B09,6,754.000,754.000,0.000,1.0000,3,0,3,64.000,0.000,64.000,64:4|134:3
CFG_083,B10,6,754.000,754.000,0.000,1.0000,3,0,3,64.000,0.000,64.000,64:4|134:3
CFG_083,B11,6,754.000,754.000,0.000,1.0000,3,0,3,64.000,0.000,64.000,64:4|134:3
CFG_083,B12,6,754.000,754.000,0.000,1.0000,3,0,3,64.000,0.000,64.000,64:4|134:3
CFG_083,B13,6,754.000,754.000,0.000,1.0000,3,0,3,64.000,0.000,64.000,64:4|134:3
CFG_083,B14,6,754.000,754.000,0.000,1.0000,3,0,3,64.000,0.000,64.000,64:4|134:3
CFG_083,B15,6,754.000,754.000,0.000,1.0000,3,0,3,64.000,0.000,64.000,64:4|134:3
CFG_083,B16,6,754.000,754.000,0.000,1.0000,3,0,3,64.000,0.000,64.000,64:4|134:3
CFG_083,B17,6,754.000,754.000,0.000,1.0000,3,0,3,64.000,0.000,64.000,64:4|134:3
CFG_083,B18,6,754.000,754.000,0.000,1.0000,3,0,3,64.000,0.000,64.000,64:4|134:3
CFG_083,B19,6,754.000,749.000,5.000,0.9934,2,2,3,64.000,0.000,64.000,64:5|99:1|234:1
CFG_083,B20,6,754.000,749.000,5.000,0.9934,2,2,3,64.000,0.000,64.000,64:5|99:1|234:1
CFG_083,B21,6,754.000,749.000,5.000,0.9934,2,0,3,64.000,0.000,64.000,64:5|99:1|234:1
CFG_083,D00,3,754.000,754.000,0.000,1.0000,3,2,0,154.000,0.000,154.000,154:1|159:2|234:1
CFG_083,D01,3,754.000,754.000,0.000,1.0000,3,2,0,154.000,0.000,154.000,154:1|159:2|234:1
CFG_083,D02,3,754.000,754.000,0.000,1.0000,3,2,0,154.000,0.000,154.000,154:1|159:2|234:1
CFG_083,D03,3,754.000,754.000,0.000,1.0000,3,2,0,154.000,0.000,154.000,154:1|159:2|234:1
CFG_083,D04,3,754.000,754.000,0.000,1.0000,3,2,0,154.000,0.000,154.000,154:1|159:2|234:1
CFG_083,D05,3,754.000,754.000,0.000,1.0000,3,2,0,154.000,0.000,154.000,154:1|159:2|234:1
CFG_083,D06,3,754.000,754.000,0.000,1.0000,3,2,0,154.000,0.000,154.000,154:1|159:2|234:1
CFG_083,D07,3,754.000,754.000,0.000,1.0000,3,2,0,154.000,0.000,154.000,154:1|159:2|234:1
CFG_083,D08,3,754.000,754.000,0.000,1.0000,3,2,0,154.000,0.000,154.000,154:1|159:2|234:1
CFG_083,D09,3,754.000,754.000,0.000,1.0000,3,2,0,154.000,0.000,154.000,154:1|159:2|234:1
CFG_083,D10,3,754.000,754.000,0.000,1.0000,3,2,0,154.000,0.000,154.000,154:1|159:2|234:1
CFG_083,D11,3,754.000,754.000,0.000,1.0000,3,2,0,154.000,0.000,154.000,154:1|159:2|234:1
CFG_083,D12,3,754.000,754.000,0.000,1.0000,3,2,0,154.000,0.000,154.000,154:1|159:2|234:1
CFG_083,D13,3,754.000,754.000,0.000,1.0000,3,2,0,154.000,0.000,154.000,154:1|159:2|234:1
CFG_083,D14,3,754.000,754.000,0.000,1.0000,3,2,0,154.000,0.000,154.000,154:1|159:2|234:1
CFG_083,D15,3,754.000,754.000,0.000,1.0000,3,2,0,154.000,0.000,154.000,154:1|159:2|234:1
CFG_083,D16,3,754.000,754.000,0.000,1.0000,3,1,0,154.000,0.000,154.000,154:1|159:2|234:1
CFG_083,D17,3,754.000,754.000,0.000,1.0000,3,1,0,154.000,0.000,154.000,154:1|159:2|234:1
CFG_083,D18,3,754.000,754.000,0.000,1.0000,3,1,0,154.000,0.000,154.000,154:1|159:2|234:1
CFG_083,D19,5,754.000,754.000,0.000,1.0000,2,1,2,64.000,0.000,64.000,64:3|99:1|154:1|229:1
CFG_083,D20,5,754.000,754.000,0.000,1.0000,2,1,2,64.000,0.000,64.000,64:3|99:1|154:1|229:1
CFG_083,D21,5,754.000,754.000,0.000,1.0000,2,0,2,64.000,0.000,64.000,64:3|99:1|154:1|229:1
CFG_083,E00,3,754.000,754.000,0.000,1.0000,3,3,0,154.000,0.000,154.000,154:1|159:2|234:1
CFG_083,E01,3,754.000,754.000,0.000,1.0000,3,3,0,154.000,0.000,154.000,154:1|159:2|234:1
CFG_083,E02,3,754.000,754.000,0.000,1.0000,3,3,0,154.000,0.000,154.000,154:1|159:2|234:1
CFG_083,E03,3,754.000,754.000,0.000,1.0000,3,3,0,154.000,0.000,154.000,154:1|159:2|234:1
CFG_083,E04,3,754.000,754.000,0.000,1.0000,3,3,0,154.000,0.000,154.000,154:1|159:2|234:1
CFG_083,E05,3,754.000,754.000,0.000,1.0000,3,3,0,154.000,0.000,154.000,154:1|159:2|234:1
CFG_083,E06,3,754.000,754.000,0.000,1.0000,3,3,0,154.000,0.000,154.000,154:1|159:2|234:1
CFG_083,E07,3,754.000,754.000,0.000,1.0000,3,3,0,154.000,0.000,154.000,154:1|159:2|234:1
CFG_083,E08,3,754.000,754.000,0.000,1.0000,3,3,0,154.000,0.000,154.000,154:1|159:2|234:1
CFG_083,E09,3,754.000,754.000,0.000,1.0000,3,3,0,154.000,0.000,154.000,154:1|159:2|234:1
CFG_083,E10,3,754.000,754.000,0.000,1.0000,3,3,0,154.000,0.000,154.000,154:1|159:2|234:1
CFG_083,E11,3,754.000,754.000,0.000,1.0000,3,3,0,154.000,0.000,154.000,154:1|159:2|234:1
CFG_083,E12,3,754.000,754.000,0.000,1.0000,3,3,0,154.000,0.000,154.000,154:1|159:2|234:1
CFG_083,E13,3,754.000,754.000,0.000,1.0000,3,3,0,154.000,0.000,154.000,154:1|159:2|234:1
CFG_083,E14,3,754.000,754.000,0.000,1.0000,3,3,0,154.000,0.000,154.000,154:1|159:2|234:1
CFG_083,E15,3,754.000,754.000,0.000,1.0000,3,3,0,154.000,0.000,154.000,154:1|159:2|234:1
CFG_083,E16,3,754.000,754.000,0.000,1.0000,3,3,0,154.000,0.000,154.000,154:1|159:2|234:1
CFG_083,E17,3,754.000,754.000,0.000,1.0000,3,3,0,154.000,0.000,154.000,154:1|159:2|234:1
CFG_083,E18,3,754.000,754.000,0.000,1.0000,3,3,0,154.000,0.000,154.000,154:1|159:2|234:1
CFG_083,E19,5,754.000,734.000,20.000,0.9735,2,2,1,64.000,35.000,99.000,64:3|99:1|134:1|229:1
CFG_083,E20,5,754.000,734.000,20.000,0.9735,2,2,1,64.000,35.000,99.000,64:3|99:1|134:1|229:1
CFG_083,E21,5,754.000,734.000,20.000,0.9735,2,0,1,64.000,35.000,99.000,64:3|99:1|134:1|229:1
CFG_083,F00,4,754.000,754.000,0.000,1.0000,4,1,0,134.000,0.000,134.000,134:4|154:1
CFG_083,F01,4,754.000,754.000,0.000,1.0000,4,1,0,134.000,0.000,134.000,134:4|154:1
CFG_083,F02,4,754.000,754.000,0.000,1.0000,4,1,0,134.000,0.000,134.000,134:4|154:1
CFG_083,F03,4,754.000,754.000,0.000,1.0000,4,1,0,134.000,0.000,134.000,134:4|154:1
CFG_083,F04,4,754.000,754.000,0.000,1.0000,4,1,0,134.000,0.000,134.000,134:4|154:1
CFG_083,F05,4,754.000,754.000,0.000,1.0000,4,1,0,134.000,0.000,134.000,134:4|154:1
CFG_083,F06,4,754.000,754.000,0.000,1.0000,4,1,0,134.000,0.000,134.000,134:4|154:1
CFG_083,F07,4,754.000,754.000,0.000,1.0000,4,2,0,134.000,0.000,134.000,134:4|154:1
CFG_083,F08,4,754.000,754.000,0.000,1.0000,4,2,0,134.000,0.000,134.000,134:4|154:1
CFG_083,F09,4,754.000,754.000,0.000,1.0000,4,2,0,134.000,0.000,134.000,134:4|154:1
CFG_083,F10,4,754.000,754.000,0.000,1.0000,4,2,0,134.000,0.000,134.000,134:4|154:1
CFG_083,F11,4,754.000,754.000,0.000,1.0000,4,2,0,134.000,0.000,134.000,134:4|154:1
CFG_083,F12,4,754.000,754.000,0.000,1.0000,4,2,0,134.000,0.000,134.000,134:4|154:1
CFG_083,F13,4,754.000,754.000,0.000,1.0000,4,2,0,134.000,0.000,134.000,134:4|154:1
CFG_083,F14,4,754.000,754.000,0.000,1.0000,4,2,0,134.000,0.000,134.000,134:4|154:1
CFG_083,F15,4,754.000,754.000,0.000,1.0000,4,2,0,134.000,0.000,134.000,134:4|154:1
CFG_083,F16,4,754.000,754.000,0.000,1.0000,4,2,0,134.000,0.000,134.000,134:4|154:1
CFG_083,F17,4,754.000,754.000,0.000,1.0000,4,2,0,134.000,0.000,134.000,134:4|154:1
CFG_083,F18,4,754.000,754.000,0.000,1.0000,4,2,0,134.000,0.000,134.000,134:4|154:1
CFG_083,F19,4,754.000,714.000,40.000,0.9469,3,2,0,64.000,35.000,99.000,64:3|229:2
CFG_083,F20,4,754.000,714.000,40.000,0.9469,3,2,0,64.000,35.000,99.000,64:3|229:2
CFG_083,F21,4,754.000,714.000,40.000,0.9469,3,1,0,64.000,35.000,99.000,64:3|229:2
CFG_083,G00,3,754.000,754.000,0.000,1.0000,3,2,0,154.000,0.000,154.000,154:1|159:2|234:1
CFG_083,G01,3,754.000,754.000,0.000,1.0000,3,2,0,154.000,0.000,154.000,154:1|159:2|234:1
CFG_083,G02,3,754.000,754.000,0.000,1.0000,3,2,0,154.000,0.000,154.000,154:1|159:2|234:1
CFG_083,G03,3,754.000,754.000,0.000,1.0000,3,2,0,154.000,0.000,154.000,154:1|159:2|234:1
CFG_083,G04,3,754.000,754.000,0.000,1.0000,3,2,0,154.000,0.000,154.000,154:1|159:2|234:1
CFG_083,G05,3,754.000,754.000,0.000,1.0000,3,2,0,154.000,0.000,154.000,154:1|159:2|234:1
CFG_083,G06,3,754.000,754.000,0.000,1.0000,3,2,0,154.000,0.000,154.000,154:1|159:2|234:1
CFG_083,G07,3,754.000,754.000,0.000,1.0000,3,2,0,154.000,0.000,154.000,154:1|159:2|234:1
CFG_083,G08,3,754.000,754.000,0.000,1.0000,3,2,0,154.000,0.000,154.000,154:1|159:2|234:1
CFG_083,G09,3,754.000,754.000,0.000,1.0000,3,2,0,154.000,0.000,154.000,154:1|159:2|234:1
CFG_083,G10,3,754.000,754.000,0.000,1.0000,3,2,0,154.000,0.000,154.000,154:1|159:2|234:1
CFG_083,G11,3,754.000,754.000,0.000,1.0000,3,2,0,154.000,0.000,154.000,154:1|159:2|234:1
CFG_083,G12,3,754.000,754.000,0.000,1.0000,3,2,0,154.000,0.000,154.000,154:1|159:2|234:1
CFG_083,G13,3,754.000,754.000,0.000,1.0000,3,2,0,154.000,0.000,154.000,154:1|159:2|234:1
CFG_083,G14,3,754.000,754.000,0.000,1.0000,3,2,0,154.000,0.000,154.000,154:1|159:2|234:1
CFG_083,G15,3,754.000,754.000,0.000,1.0000,3,2,0,154.000,0.000,154.000,154:1|159:2|234:1
CFG_083,G16,3,754.000,754.000,0.000,1.0000,3,2,0,154.000,0.000,154.000,154:1|159:2|234:1
CFG_083,G17,3,754.000,754.000,0.000,1.0000,3,2,0,154.000,0.000,154.000,154:1|159:2|234:1
CFG_083,G18,3,754.000,754.000,0.000,1.0000,3,2,0,154.000,0.000,154.000,154:1|159:2|234:1
CFG_083,G19,5,754.000,754.000,0.000,1.0000,3,1,1,64.000,0.000,64.000,64:3|99:1|154:1|229:1
CFG_083,G20,5,754.000,754.000,0.000,1.0000,3,1,1,64.000,0.000,64.000,64:3|99:1|154:1|229:1
CFG_083,G21,5,754.000,754.000,0.000,1.0000,3,0,1,64.000,0.000,64.000,64:3|99:1|154:1|229:1
CFG_083,H00,3,754.000,754.000,0.000,1.0000,3,1,0,154.000,0.000,154.000,154:1|159:2|234:1
CFG_083,H01,3,754.000,754.000,0.000,1.0000,3,1,0,154.000,0.000,154.000,154:1|159:2|234:1
CFG_083,H02,3,754.000,754.000,0.000,1.0000,3,1,0,154.000,0.000,154.000,154:1|159:2|234:1
CFG_083,H03,3,754.000,754.000,0.000,1.0000,3,1,0,154.000,0.000,154.000,154:1|159:2|234:1
CFG_083,H04,3,754.000,754.000,0.000,1.0000,3,1,0,154.000,0.000,154.000,154:1|159:2|234:1
CFG_083,H05,3,754.000,754.000,0.000,1.0000,3,1,0,154.000,0.000,154.000,154:1|159:2|234:1
CFG_083,H06,3,754.000,754.000,0.000,1.0000,3,1,0,154.000,0.000,154.000,154:1|159:2|234:1
CFG_083,H07,3,754.000,754.000,0.000,1.0000,3,1,0,154.000,0.000,154.000,154:1|159:2|234:1
CFG_083,H08,3,754.000,754.000,0.000,1.0000,3,1,0,154.000,0.000,154.000,154:1|159:2|234:1
CFG_083,H09,3,754.000,754.000,0.000,1.0000,3,1,0,154.000,0.000,154.000,154:1|159:2|234:1
CFG_083,H10,3,754.000,754.000,0.000,1.0000,3,1,0,154.000,0.000,154.000,154:1|159:2|234:1
CFG_083,H11,3,754.000,754.000,0.000,1.0000,3,1,0,154.000,0.000,154.000,154:1|159:2|234:1
CFG_083,H12,3,754.000,754.000,0.000,1.0000,3,1,0,154.000,0.000,154.000,154:1|159:2|234:1
CFG_083,H13,3,754.000,754.000,0.000,1.0000,3,1,0,154.000,0.000,154.000,154:1|159:2|234:1
CFG_083,H14,3,754.000,754.000,0.000,1.0000,3,1,0,154.000,0.000,154.000,154:1|159:2|234:1
CFG_083,H15,3,754.000,754.000,0.000,1.0000,3,1,0,154.000,0.000,154.000,154:1|159:2|234:1
CFG_083,H16,3,754.000,754.000,0.000,1.0000,3,1,0,154.000,0.000,154.000,154:1|159:2|234:1
CFG_083,H17,3,754.000,754.000,0.000,1.0000,3,1,0,154.000,0.000,154.000,154:1|159:2|234:1
CFG_083,H18,3,754.000,754.000,0.000,1.0000,3,1,0,154.000,0.000,154.000,154:1|159:2|234:1
CFG_083,H19,5,754.000,699.000,55.000,0.9271,2,1,2,64.000,70.000,134.000,64:4|134:1|229:1
CFG_083,H20,5,754.000,699.000,55.000,0.9271,2,1,2,64.000,70.000,134.000,64:4|134:1|229:1
CFG_083,H21,5,754.000,699.000,55.000,0.9271,2,0,2,64.000,70.000,134.000,64:4|134:1|229:1
CFG_083,I00,4,754.000,754.000,0.000,1.0000,4,0,0,134.000,0.000,134.000,134:4|154:1
CFG_083,I01,4,754.000,754.000,0.000,1.0000,4,0,0,134.000,0.000,134.000,134:4|154:1
CFG_083,I02,4,754.000,754.000,0.000,1.0000,4,0,0,134.000,0.000,134.000,134:4|154:1
CFG_083,I03,4,754.000,754.000,0.000,1.0000,4,0,0,134.000,0.000,134.000,134:4|154:1
CFG_083,I04,4,754.000,754.000,0.000,1.0000,4,0,0,134.000,0.000,134.000,134:4|154:1
CFG_083,I05,4,754.000,754.000,0.000,1.0000,4,0,0,134.000,0.000,134.000,134:4|154:1
CFG_083,I06,4,754.000,754.000,0.000,1.0000,4,0,0,134.000,0.000,134.000,134:4|154:1
CFG_083,I07,4,754.000,754.000,0.000,1.0000,4,0,0,134.000,0.000,134.000,134:4|154:1
CFG_083,I08,4,754.000,754.000,0.000,1.0000,4,0,0,134.000,0.000,134.000,134:4|154:1
CFG_083,I09,4,754.000,754.000,0.000,1.0000,4,0,0,134.000,0.000,134.000,134:4|154:1
CFG_083,I10,4,754.000,754.000,0.000,1.0000,4,0,0,134.000,0.000,134.000,134:4|154:1
CFG_083,I11,4,754.000,754.000,0.000,1.0000,4,0,0,134.000,0.000,134.000,134:4|154:1
CFG_083,I12,4,754.000,754.000,0.000,1.0000,4,0,0,134.000,0.000,134.000,134:4|154:1
CFG_083,I13,4,754.000,754.000,0.000,1.0000,4,0,0,134.000,0.000,134.000,134:4|154:1
CFG_083,I14,4,754.000,754.000,0.000,1.0000,4,0,0,134.000,0.000,134.000,134:4|154:1
CFG_083,I15,4,754.000,754.000,0.000,1.0000,4,0,0,134.000,0.000,134.000,134:4|154:1
CFG_083,I16,4,754.000,754.000,0.000,1.0000,4,0,0,134.000,0.000,134.000,134:4|154:1
CFG_083,I17,4,754.000,754.000,0.000,1.0000,4,0,0,134.000,0.000,134.000,134:4|154:1
CFG_083,I18,4,754.000,754.000,0.000,1.0000,4,0,0,134.000,0.000,134.000,134:4|154:1
CFG_083,I19,4,754.000,714.000,40.000,0.9469,2,1,1,64.000,35.000,99.000,64:3|229:2
CFG_083,I20,4,754.000,714.000,40.000,0.9469,2,1,1,64.000,35.000,99.000,64:3|229:2
CFG_083,I21,4,754.000,714.000,40.000,0.9469,2,0,1,64.000,35.000,99.000,64:3|229:2
CFG_083,J00,4,754.000,754.000,0.000,1.0000,4,1,0,134.000,0.000,134.000,134:4|154:1
CFG_083,J01,4,754.000,754.000,0.000,1.0000,4,1,0,134.000,0.000,134.000,134:4|154:1
CFG_083,J02,4,754.000,754.000,0.000,1.0000,4,1,0,134.000,0.000,134.000,134:4|154:1
CFG_083,J03,4,754.000,754.000,0.000,1.0000,4,1,0,134.000,0.000,134.000,134:4|154:1
CFG_083,J04,4,754.000,754.000,0.000,1.0000,4,0,0,134.000,0.000,134.000,134:4|154:1
CFG_083,J05,4,754.000,754.000,0.000,1.0000,4,0,0,134.000,0.000,134.000,134:4|154:1
CFG_083,J06,4,754.000,754.000,0.000,1.0000,4,0,0,134.000,0.000,134.000,134:4|154:1
CFG_083,J07,4,754.000,754.000,0.000,1.0000,4,0,0,134.000,0.000,134.000,134:4|154:1
CFG_083,J08,4,754.000,754.000,0.000,1.0000,4,0,0,134.000,0.000,134.000,134:4|154:1
CFG_083,J09,4,754.000,754.000,0.000,1.0000,4,0,0,134.000,0.000,134.000,134:4|154:1
CFG_083,J10,4,754.000,754.000,0.000,1.0000,4,0,0,134.000,0.000,134.000,134:4|154:1
CFG_083,J11,4,754.000,754.000,0.000,1.0000,4,0,0,134.000,0.000,134.000,134:4|154:1
CFG_083,J12,4,754.000,754.000,0.000,1.0000,4,0,0,134.000,0.000,134.000,134:4|154:1
CFG_083,J13,4,754.000,754.000,0.000,1.0000,4,0,0,134.000,0.000,134.000,134:4|154:1
CFG_083,J14,4,754.000,754.000,0.000,1.0000,4,0,0,134.000,0.000,134.000,134:4|154:1
CFG_083,J15,4,754.000,754.000,0.000,1.0000,4,0,0,134.000,0.000,134.000,134:4|154:1
CFG_083,J16,4,754.000,754.000,0.000,1.0000,4,0,0,134.000,0.000,134.000,134:4|154:1
CFG_083,J17,4,754.000,754.000,0.000,1.0000,4,0,0,134.000,0.000,134.000,134:4|154:1
CFG_083,J18,4,754.000,754.000,0.000,1.0000,4,0,0,134.000,0.000,134.000,134:4|154:1
CFG_083,J19,5,754.000,749.000,5.000,0.9934,2,1,2,64.000,0.000,64.000,64:3|99:1|154:1|224:1
CFG_083,J20,5,754.000,749.000,5.000,0.9934,2,1,2,64.000,0.000,64.000,64:3|99:1|154:1|224:1
CFG_083,J21,5,754.000,749.000,5.000,0.9934,2,0,2,64.000,0.000,64.000,64:3|99:1|154:1|224:1
CFG_083,K00,4,754.000,754.000,0.000,1.0000,4,1,0,134.000,0.000,134.000,134:4|154:1
CFG_083,K01,4,754.000,754.000,0.000,1.0000,4,1,0,134.000,0.000,134.000,134:4|154:1
CFG_083,K02,4,754.000,754.000,0.000,1.0000,4,1,0,134.000,0.000,134.000,134:4|154:1
CFG_083,K03,4,754.000,754.000,0.000,1.0000,4,1,0,134.000,0.000,134.000,134:4|154:1
CFG_083,K04,4,754.000,754.000,0.000,1.0000,4,0,0,134.000,0.000,134.000,134:4|154:1
CFG_083,K05,4,754.000,754.000,0.000,1.0000,4,0,0,134.000,0.000,134.000,134:4|154:1
CFG_083,K06,4,754.000,754.000,0.000,1.0000,4,0,0,134.000,0.000,134.000,134:4|154:1
CFG_083,K07,4,754.000,754.000,0.000,1.0000,3,1,0,134.000,0.000,134.000,134:4|154:1
CFG_083,K08,4,754.000,754.000,0.000,1.0000,4,1,0,134.000,0.000,134.000,134:4|154:1
CFG_083,K09,4,754.000,754.000,0.000,1.0000,4,1,0,134.000,0.000,134.000,134:4|154:1
CFG_083,K10,4,754.000,754.000,0.000,1.0000,4,1,0,134.000,0.000,134.000,134:4|154:1
CFG_083,K11,4,754.000,754.000,0.000,1.0000,4,1,0,134.000,0.000,134.000,134:4|154:1
CFG_083,K12,4,754.000,754.000,0.000,1.0000,4,1,0,134.000,0.000,134.000,134:4|154:1
CFG_083,K13,4,754.000,754.000,0.000,1.0000,4,1,0,134.000,0.000,134.000,134:4|154:1
CFG_083,K14,4,754.000,754.000,0.000,1.0000,4,1,0,134.000,0.000,134.000,134:4|154:1
CFG_083,K15,4,754.000,754.000,0.000,1.0000,4,1,0,134.000,0.000,134.000,134:4|154:1
CFG_083,K16,4,754.000,754.000,0.000,1.0000,4,1,0,134.000,0.000,134.000,134:4|154:1
CFG_083,K17,4,754.000,754.000,0.000,1.0000,4,1,0,134.000,0.000,134.000,134:4|154:1
CFG_083,K18,4,754.000,754.000,0.000,1.0000,4,1,0,134.000,0.000,134.000,134:4|154:1
CFG_083,K19,5,754.000,729.000,25.000,0.9668,3,0,2,64.000,35.000,99.000,64:3|99:1|134:1|224:1
CFG_083,K20,4,754.000,714.000,40.000,0.9469,3,0,1,64.000,35.000,99.000,64:3|224:1|234:1
CFG_083,K21,6,754.000,739.000,15.000,0.9801,3,0,3,64.000,0.000,64.000,64:5|99:1|224:1
CFG_086,A00,4,754.000,754.000,0.000,1.0000,2,0,1,84.000,0.000,84.000,84:2|144:2|234:1
CFG_086,A01,4,754.000,754.000,0.000,1.0000,2,0,1,84.000,0.000,84.000,84:2|144:2|234:1
CFG_086,A02,4,754.000,754.000,0.000,1.0000,2,0,1,84.000,0.000,84.000,84:2|144:2|234:1
CFG_086,A03,4,754.000,754.000,0.000,1.0000,2,0,1,84.000,0.000,84.000,84:2|144:2|234:1
CFG_086,A04,4,754.000,754.000,0.000,1.0000,2,0,1,84.000,0.000,84.000,84:2|144:2|234:1
CFG_086,A05,4,754.000,754.000,0.000,1.0000,2,0,1,84.000,0.000,84.000,84:2|144:2|234:1
CFG_086,A06,4,754.000,754.000,0.000,1.0000,2,0,1,84.000,0.000,84.000,84:2|144:2|234:1
CFG_086,A07,4,754.000,754.000,0.000,1.0000,2,0,1,84.000,0.000,84.000,84:2|144:2|234:1
CFG_086,A08,4,754.000,754.000,0.000,1.0000,2,0,1,84.000,0.000,84.000,84:2|144:2|234:1
CFG_086,A09,4,754.000,754.000,0.000,1.0000,2,0,1,84.000,0.000,84.000,84:2|144:2|234:1
CFG_086,A10,4,754.000,754.000,0.000,1.0000,2,0,1,84.000,0.000,84.000,84:2|144:2|234:1
CFG_086,A11,4,754.000,754.000,0.000,1.0000,2,0,1,84.000,0.000,84.000,84:2|144:2|234:1
CFG_086,A12,4,754.000,754.000,0.000,1.0000,2,0,1,84.000,0.000,84.000,84:2|144:2|234:1
CFG_086,A13,4,754.000,754.000,0.000,1.0000,2,0,1,84.000,0.000,84.000,84:2|144:2|234:1
CFG_086,A14,4,754.000,754.000,0.000,1.0000,2,0,1,84.000,0.000,84.000,84:2|144:2|234:1
CFG_086,A15,4,754.000,754.000,0.000,1.0000,2,0,1,84.000,0.000,84.000,84:2|144:2|234:1
CFG_086,B00,4,754.000,754.000,0.000,1.0000,2,0,1,84.000,0.000,84.000,84:2|144:2|234:1
CFG_086,B01,4,754.000,754.000,0.000,1.0000,2,0,1,84.000,0.000,84.000,84:2|144:2|234:1
CFG_086,B02,4,754.000,754.000,0.000,1.0000,2,0,1,84.000,0.000,84.000,84:2|144:2|234:1
CFG_086,B03,4,754.000,754.000,0.000,1.0000,2,0,1,84.000,0.000,84.000,84:2|144:2|234:1
CFG_086,B04,4,754.000,754.000,0.000,1.0000,2,0,1,84.000,0.000,84.000,84:2|144:2|234:1
CFG_086,B05,4,754.000,754.000,0.000,1.0000,2,0,1,84.000,0.000,84.000,84:2|144:2|234:1
CFG_086,B06,4,754.000,754.000,0.000,1.0000,2,0,1,84.000,0.000,84.000,84:2|144:2|234:1
CFG_086,B07,4,754.000,754.000,0.000,1.0000,2,0,1,84.000,0.000,84.000,84:2|144:2|234:1
CFG_086,B08,4,754.000,754.000,0.000,1.0000,2,0,1,84.000,0.000,84.000,84:2|144:2|234:1
CFG_086,B09,4,754.000,754.000,0.000,1.0000,2,0,1,84.000,0.000,84.000,84:2|144:2|234:1
CFG_086,B10,4,754.000,754.000,0.000,1.0000,2,0,1,84.000,0.000,84.000,84:2|144:2|234:1
CFG_086,B11,4,754.000,754.000,0.000,1.0000,2,0,1,84.000,0.000,84.000,84:2|144:2|234:1
CFG_086,B12,4,754.000,754.000,0.000,1.0000,2,0,1,84.000,0.000,84.000,84:2|144:2|234:1
CFG_086,B13,4,754.000,754.000,0.000,1.0000,2,0,1,84.000,0.000,84.000,84:2|144:2|234:1
CFG_086,B14,4,754.000,754.000,0.000,1.0000,2,0,1,84.000,0.000,84.000,84:2|144:2|234:1
CFG_086,B15,4,754.000,754.000,0.000,1.0000,2,0,1,84.000,0.000,84.000,84:2|144:2|234:1
CFG_086,B16,4,754.000,754.000,0.000,1.0000,2,0,1,84.000,0.000,84.000,84:2|144:2|234:1
CFG_086,B17,4,754.000,754.000,0.000,1.0000,2,0,1,84.000,0.000,84.000,84:2|144:2|234:1
CFG_086,B18,4,754.000,754.000,0.000,1.0000,2,0,1,84.000,0.000,84.000,84:2|144:2|234:1
CFG_086,B19,5,754.000,734.000,20.000,0.9735,2,2,2,84.000,0.000,84.000,84:5|234:1
CFG_086,B20,5,754.000,734.000,20.000,0.9735,2,2,2,84.000,0.000,84.000,84:5|234:1
CFG_086,B21,5,754.000,734.000,20.000,0.9735,2,0,2,84.000,0.000,84.000,84:5|234:1
CFG_086,D00,4,754.000,754.000,0.000,1.0000,4,1,0,84.000,0.000,84.000,84:2|144:2|234:1
CFG_086,D01,4,754.000,754.000,0.000,1.0000,4,1,0,84.000,0.000,84.000,84:2|144:2|234:1
CFG_086,D02,4,754.000,754.000,0.000,1.0000,4,1,0,84.000,0.000,84.000,84:2|144:2|234:1
CFG_086,D03,4,754.000,754.000,0.000,1.0000,4,1,0,84.000,0.000,84.000,84:2|144:2|234:1
CFG_086,D04,4,754.000,754.000,0.000,1.0000,4,1,0,84.000,0.000,84.000,84:2|144:2|234:1
CFG_086,D05,4,754.000,754.000,0.000,1.0000,4,1,0,84.000,0.000,84.000,84:2|144:2|234:1
CFG_086,D06,4,754.000,754.000,0.000,1.0000,4,1,0,84.000,0.000,84.000,84:2|144:2|234:1
CFG_086,D07,4,754.000,754.000,0.000,1.0000,4,1,0,84.000,0.000,84.000,84:2|144:2|234:1
CFG_086,D08,4,754.000,754.000,0.000,1.0000,4,1,0,84.000,0.000,84.000,84:2|144:2|234:1
CFG_086,D09,4,754.000,754.000,0.000,1.0000,4,1,0,84.000,0.000,84.000,84:2|144:2|234:1
CFG_086,D10,4,754.000,754.000,0.000,1.0000,4,1,0,84.000,0.000,84.000,84:2|144:2|234:1
CFG_086,D11,4,754.000,754.000,0.000,1.0000,4,1,0,84.000,0.000,84.000,84:2|144:2|234:1
CFG_086,D12,4,754.000,754.000,0.000,1.0000,4,1,0,84.000,0.000,84.000,84:2|144:2|234:1
CFG_086,D13,4,754.000,754.000,0.000,1.0000,4,1,0,84.000,0.000,84.000,84:2|144:2|234:1
CFG_086,D14,4,754.000,754.000,0.000,1.0000,4,1,0,84.000,0.000,84.000,84:2|144:2|234:1
CFG_086,D15,4,754.000,754.000,0.000,1.0000,4,1,0,84.000,0.000,84.000,84:2|144:2|234:1
CFG_086,D16,4,754.000,754.000,0.000,1.0000,4,0,0,84.000,0.000,84.000,84:2|144:2|234:1
CFG_086,D17,4,754.000,754.000,0.000,1.0000,4,0,0,84.000,0.000,84.000,84:2|144:2|234:1
CFG_086,D18,4,754.000,754.000,0.000,1.0000,4,0,0,84.000,0.000,84.000,84:2|144:2|234:1
CFG_086,D19,4,754.000,689.000,65.000,0.9138,2,1,1,84.000,60.000,144.000,84:3|144:1|229:1
CFG_086,D20,4,754.000,689.000,65.000,0.9138,2,1,1,84.000,60.000,144.000,84:3|144:1|229:1
CFG_086,D21,4,754.000,689.000,65.000,0.9138,2,0,1,84.000,60.000,144.000,84:3|144:1|229:1
CFG_086,E00,4,754.000,754.000,0.000,1.0000,4,2,0,84.000,0.000,84.000,84:2|144:2|234:1
CFG_086,E01,4,754.000,754.000,0.000,1.0000,4,2,0,84.000,0.000,84.000,84:2|144:2|234:1
CFG_086,E02,4,754.000,754.000,0.000,1.0000,4,2,0,84.000,0.000,84.000,84:2|144:2|234:1
CFG_086,E03,4,754.000,754.000,0.000,1.0000,4,2,0,84.000,0.000,84.000,84:2|144:2|234:1
CFG_086,E04,4,754.000,754.000,0.000,1.0000,4,2,0,84.000,0.000,84.000,84:2|144:2|234:1
CFG_086,E05,4,754.000,754.000,0.000,1.0000,4,2,0,84.000,0.000,84.000,84:2|144:2|234:1
CFG_086,E06,4,754.000,754.000,0.000,1.0000,4,2,0,84.000,0.000,84.000,84:2|144:2|234:1
CFG_086,E07,4,754.000,754.000,0.000,1.0000,4,2,0,84.000,0.000,84.000,84:2|144:2|234:1
CFG_086,E08,4,754.000,754.000,0.000,1.0000,4,2,0,84.000,0.000,84.000,84:2|144:2|234:1
CFG_086,E09,4,754.000,754.000,0.000,1.0000,4,2,0,84.000,0.000,84.000,84:2|144:2|234:1
CFG_086,E10,4,754.000,754.000,0.000,1.0000,4,2,0,84.000,0.000,84.000,84:2|144:2|234:1
CFG_086,E11,4,754.000,754.000,0.000,1.0000,4,2,0,84.000,0.000,84.000,84:2|144:2|234:1
CFG_086,E12,4,754.000,754.000,0.000,1.0000,4,2,0,84.000,0.000,84.000,84:2|144:2|234:1
CFG_086,E13,4,754.000,754.000,0.000,1.0000,4,2,0,84.000,0.000,84.000,84:2|144:2|234:1
CFG_086,E14,4,754.000,754.000,0.000,1.0000,4,2,0,84.000,0.000,84.000,84:2|144:2|234:1
CFG_086,E15,4,754.000,754.000,0.000,1.0000,4,2,0,84.000,0.000,84.000,84:2|144:2|234:1
CFG_086,E16,4,754.000,754.000,0.000,1.0000,4,2,0,84.000,0.000,84.000,84:2|144:2|234:1
CFG_086,E17,4,754.000,754.000,0.000,1.0000,4,2,0,84.000,0.000,84.000,84:2|144:2|234:1
CFG_086,E18,4,754.000,754.000,0.000,1.0000,4,2,0,84.000,0.000,84.000,84:2|144:2|234:1
CFG_086,E19,4,754.000,689.000,65.000,0.9138,3,2,0,84.000,60.000,144.000,84:3|144:1|229:1
CFG_086,E20,4,754.000,689.000,65.000,0.9138,3,2,0,84.000,60.000,144.000,84:3|144:1|229:1
CFG_086,E21,4,754.000,689.000,65.000,0.9138,3,0,0,84.000,60.000,144.000,84:3|144:1|229:1
CFG_086,F00,4,754.000,754.000,0.000,1.0000,4,1,0,84.000,0.000,84.000,84:2|144:2|234:1
CFG_086,F01,4,754.000,754.000,0.000,1.0000,4,1,0,84.000,0.000,84.000,84:2|144:2|234:1
CFG_086,F02,4,754.000,754.000,0.000,1.0000,4,1,0,84.000,0.000,84.000,84:2|144:2|234:1
CFG_086,F03,4,754.000,754.000,0.000,1.0000,4,1,0,84.000,0.000,84.000,84:2|144:2|234:1
CFG_086,F04,4,754.000,754.000,0.000,1.0000,4,1,0,84.000,0.000,84.000,84:2|144:2|234:1
CFG_086,F05,4,754.000,754.000,0.000,1.0000,4,1,0,84.000,0.000,84.000,84:2|144:2|234:1
CFG_086,F06,4,754.000,754.000,0.000,1.0000,4,1,0,84.000,0.000,84.000,84:2|144:2|234:1
CFG_086,F07,4,754.000,754.000,0.000,1.0000,4,2,0,84.000,0.000,84.000,84:2|144:2|234:1
CFG_086,F08,4,754.000,754.000,0.000,1.0000,4,2,0,84.000,0.000,84.000,84:2|144:2|234:1
CFG_086,F09,4,754.000,754.000,0.000,1.0000,4,2,0,84.000,0.000,84.000,84:2|144:2|234:1
CFG_086,F10,4,754.000,754.000,0.000,1.0000,4,2,0,84.000,0.000,84.000,84:2|144:2|234:1
CFG_086,F11,4,754.000,754.000,0.000,1.0000,4,2,0,84.000,0.000,84.000,84:2|144:2|234:1
CFG_086,F12,4,754.000,754.000,0.000,1.0000,4,2,0,84.000,0.000,84.000,84:2|144:2|234:1
CFG_086,F13,4,754.000,754.000,0.000,1.0000,4,2,0,84.000,0.000,84.000,84:2|144:2|234:1
CFG_086,F14,4,754.000,754.000,0.000,1.0000,4,2,0,84.000,0.000,84.000,84:2|144:2|234:1
CFG_086,F15,4,754.000,754.000,0.000,1.0000,4,2,0,84.000,0.000,84.000,84:2|144:2|234:1
CFG_086,F16,4,754.000,754.000,0.000,1.0000,4,2,0,84.000,0.000,84.000,84:2|144:2|234:1
CFG_086,F17,4,754.000,754.000,0.000,1.0000,4,2,0,84.000,0.000,84.000,84:2|144:2|234:1
CFG_086,F18,4,754.000,754.000,0.000,1.0000,4,2,0,84.000,0.000,84.000,84:2|144:2|234:1
CFG_086,F19,5,754.000,729.000,25.000,0.9668,4,1,0,84.000,0.000,84.000,84:5|229:1
CFG_086,F20,5,754.000,729.000,25.000,0.9668,4,1,0,84.000,0.000,84.000,84:5|229:1
CFG_086,F21,5,754.000,729.000,25.000,0.9668,4,0,0,84.000,0.000,84.000,84:5|229:1
CFG_086,G00,4,754.000,754.000,0.000,1.0000,4,1,0,84.000,0.000,84.000,84:2|144:2|234:1
CFG_086,G01,4,754.000,754.000,0.000,1.0000,4,1,0,84.000,0.000,84.000,84:2|144:2|234:1
CFG_086,G02,4,754.000,754.000,0.000,1.0000,4,1,0,84.000,0.000,84.000,84:2|144:2|234:1
CFG_086,G03,4,754.000,754.000,0.000,1.0000,4,1,0,84.000,0.000,84.000,84:2|144:2|234:1
CFG_086,G04,4,754.000,754.000,0.000,1.0000,4,1,0,84.000,0.000,84.000,84:2|144:2|234:1
CFG_086,G05,4,754.000,754.000,0.000,1.0000,4,1,0,84.000,0.000,84.000,84:2|144:2|234:1
CFG_086,G06,4,754.000,754.000,0.000,1.0000,4,1,0,84.000,0.000,84.000,84:2|144:2|234:1
CFG_086,G07,4,754.000,754.000,0.000,1.0000,4,1,0,84.000,0.000,84.000,84:2|144:2|234:1
CFG_086,G08,4,754.000,754.000,0.000,1.0000,4,1,0,84.000,0.000,84.000,84:2|144:2|234:1
CFG_086,G09,4,754.000,754.000,0.000,1.0000,4,1,0,84.000,0.000,84.000,84:2|144:2|234:1
CFG_086,G10,4,754.000,754.000,0.000,1.0000,4,1,0,84.000,0.000,84.000,84:2|144:2|234:1
CFG_086,G11,4,754.000,754.000,0.000,1.0000,4,1,0,84.000,0.000,84.000,84:2|144:2|234:1
CFG_086,G12,4,754.000,754.000,0.000,1.0000,4,1,0,84.000,0.000,84.000,84:2|144:2|234:1
CFG_086,G13,4,754.000,754.000,0.000,1.0000,4,1,0,84.000,0.000,84.000,84:2|144:2|234:1
CFG_086,G14,4,754.000,754.000,0.000,1.0000,4,1,0,84.000,0.000,84.000,84:2|144:2|234:1
CFG_086,G15,4,754.000,754.000,0.000,1.0000,4,1,0,84.000,0.000,84.000,84:2|144:2|234:1
CFG_086,G16,4,754.000,754.000,0.000,1.0000,4,1,0,84.000,0.000,84.000,84:2|144:2|234:1
CFG_086,G17,4,754.000,754.000,0.000,1.0000,4,1,0,84.000,0.000,84.000,84:2|144:2|234:1
CFG_086,G18,4,754.000,754.000,0.000,1.0000,4,1,0,84.000,0.000,84.000,84:2|144:2|234:1
CFG_086,G19,4,754.000,689.000,65.000,0.9138,2,1,0,84.000,60.000,144.000,84:3|144:1|229:1
CFG_086,G20,4,754.000,689.000,65.000,0.9138,2,1,0,84.000,60.000,144.000,84:3|144:1|229:1
CFG_086,G21,4,754.000,689.000,65.000,0.9138,2,0,0,84.000,60.000,144.000,84:3|144:1|229:1
CFG_086,H00,4,754.000,754.000,0.000,1.0000,4,0,0,84.000,0.000,84.000,84:2|144:2|234:1
CFG_086,H01,4,754.000,754.000,0.000,1.0000,4,0,0,84.000,0.000,84.000,84:2|144:2|234:1
CFG_086,H02,4,754.000,754.000,0.000,1.0000,4,0,0,84.000,0.000,84.000,84:2|144:2|234:1
CFG_086,H03,4,754.000,754.000,0.000,1.0000,4,0,0,84.000,0.000,84.000,84:2|144:2|234:1
CFG_086,H04,4,754.000,754.000,0.000,1.0000,4,0,0,84.000,0.000,84.000,84:2|144:2|234:1
CFG_086,H05,4,754.000,754.000,0.000,1.0000,4,0,0,84.000,0.000,84.000,84:2|144:2|234:1
CFG_086,H06,4,754.000,754.000,0.000,1.0000,4,0,0,84.000,0.000,84.000,84:2|144:2|234:1
CFG_086,H07,4,754.000,754.000,0.000,1.0000,4,0,0,84.000,0.000,84.000,84:2|144:2|234:1
CFG_086,H08,4,754.000,754.000,0.000,1.0000,4,0,0,84.000,0.000,84.000,84:2|144:2|234:1
CFG_086,H09,4,754.000,754.000,0.000,1.0000,4,0,0,84.000,0.000,84.000,84:2|144:2|234:1
CFG_086,H10,4,754.000,754.000,0.000,1.0000,4,0,0,84.000,0.000,84.000,84:2|144:2|234:1
CFG_086,H11,4,754.000,754.000,0.000,1.0000,4,0,0,84.000,0.000,84.000,84:2|144:2|234:1
CFG_086,H12,4,754.000,754.000,0.000,1.0000,4,0,0,84.000,0.000,84.000,84:2|144:2|234:1
CFG_086,H13,4,754.000,754.000,0.000,1.0000,4,0,0,84.000,0.000,84.000,84:2|144:2|234:1
CFG_086,H14,4,754.000,754.000,0.000,1.0000,4,0,0,84.000,0.000,84.000,84:2|144:2|234:1
CFG_086,H15,4,754.000,754.000,0.000,1.0000,4,0,0,84.000,0.000,84.000,84:2|144:2|234:1
CFG_086,H16,4,754.000,754.000,0.000,1.0000,4,0,0,84.000,0.000,84.000,84:2|144:2|234:1
CFG_086,H17,4,754.000,754.000,0.000,1.0000,4,0,0,84.000,0.000,84.000,84:2|144:2|234:1
CFG_086,H18,4,754.000,754.000,0.000,1.0000,4,0,0,84.000,0.000,84.000,84:2|144:2|234:1
CFG_086,H19,5,754.000,729.000,25.000,0.9668,2,1,2,84.000,0.000,84.000,84:5|229:1
CFG_086,H20,5,754.000,729.000,25.000,0.9668,2,1,2,84.000,0.000,84.000,84:5|229:1
CFG_086,H21,5,754.000,729.000,25.000,0.9668,2,0,2,84.000,0.000,84.000,84:5|229:1
CFG_086,I00,4,754.000,754.000,0.000,1.0000,4,0,0,84.000,0.000,84.000,84:2|144:2|234:1
CFG_086,I01,4,754.000,754.000,0.000,1.0000,4,0,0,84.000,0.000,84.000,84:2|144:2|234:1
CFG_086,I02,4,754.000,754.000,0.000,1.0000,4,0,0,84.000,0.000,84.000,84:2|144:2|234:1
CFG_086,I03,4,754.000,754.000,0.000,1.0000,4,0,0,84.000,0.000,84.000,84:2|144:2|234:1
CFG_086,I04,4,754.000,754.000,0.000,1.0000,4,0,0,84.000,0.000,84.000,84:2|144:2|234:1
CFG_086,I05,4,754.000,754.000,0.000,1.0000,4,0,0,84.000,0.000,84.000,84:2|144:2|234:1
CFG_086,I06,4,754.000,754.000,0.000,1.0000,4,0,0,84.000,0.000,84.000,84:2|144:2|234:1
CFG_086,I07,4,754.000,754.000,0.000,1.0000,4,0,0,84.000,0.000,84.000,84:2|144:2|234:1
CFG_086,I08,4,754.000,754.000,0.000,1.0000,4,0,0,84.000,0.000,84.000,84:2|144:2|234:1
CFG_086,I09,4,754.000,754.000,0.000,1.0000,4,0,0,84.000,0.000,84.000,84:2|144:2|234:1
CFG_086,I10,4,754.000,754.000,0.000,1.0000,4,0,0,84.000,0.000,84.000,84:2|144:2|234:1
CFG_086,I11,4,754.000,754.000,0.000,1.0000,4,0,0,84.000,0.000,84.000,84:2|144:2|234:1
CFG_086,I12,4,754.000,754.000,0.000,1.0000,4,0,0,84.000,0.000,84.000,84:2|144:2|234:1
CFG_086,I13,4,754.000,754.000,0.000,1.0000,4,0,0,84.000,0.000,84.000,84:2|144:2|234:1
CFG_086,I14,4,754.000,754.000,0.000,1.0000,4,0,0,84.000,0.000,84.000,84:2|144:2|234:1
CFG_086,I15,4,754.000,754.000,0.000,1.0000,4,0,0,84.000,0.000,84.000,84:2|144:2|234:1
CFG_086,I16,4,754.000,754.000,0.000,1.0000,4,0,0,84.000,0.000,84.000,84:2|144:2|234:1
CFG_086,I17,4,754.000,754.000,0.000,1.0000,4,0,0,84.000,0.000,84.000,84:2|144:2|234:1
CFG_086,I18,4,754.000,754.000,0.000,1.0000,4,0,0,84.000,0.000,84.000,84:2|144:2|234:1
CFG_086,I19,4,754.000,689.000,65.000,0.9138,2,1,1,84.000,60.000,144.000,84:3|144:1|229:1
CFG_086,I20,4,754.000,689.000,65.000,0.9138,2,1,1,84.000,60.000,144.000,84:3|144:1|229:1
CFG_086,I21,4,754.000,689.000,65.000,0.9138,2,0,1,84.000,60.000,144.000,84:3|144:1|229:1
CFG_086,J00,4,754.000,754.000,0.000,1.0000,4,1,0,84.000,0.000,84.000,84:2|144:2|234:1
CFG_086,J01,4,754.000,754.000,0.000,1.0000,4,1,0,84.000,0.000,84.000,84:2|144:2|234:1
CFG_086,J02,4,754.000,754.000,0.000,1.0000,4,1,0,84.000,0.000,84.000,84:2|144:2|234:1
CFG_086,J03,4,754.000,754.000,0.000,1.0000,4,1,0,84.000,0.000,84.000,84:2|144:2|234:1
CFG_086,J04,4,754.000,754.000,0.000,1.0000,4,0,0,84.000,0.000,84.000,84:2|144:2|234:1
CFG_086,J05,4,754.000,754.000,0.000,1.0000,4,0,0,84.000,0.000,84.000,84:2|144:2|234:1
CFG_086,J06,4,754.000,754.000,0.000,1.0000,4,0,0,84.000,0.000,84.000,84:2|144:2|234:1
CFG_086,J07,4,754.000,754.000,0.000,1.0000,4,0,0,84.000,0.000,84.000,84:2|144:2|234:1
CFG_086,J08,4,754.000,754.000,0.000,1.0000,4,0,0,84.000,0.000,84.000,84:2|144:2|234:1
CFG_086,J09,4,754.000,754.000,0.000,1.0000,4,0,0,84.000,0.000,84.000,84:2|144:2|234:1
CFG_086,J10,4,754.000,754.000,0.000,1.0000,4,0,0,84.000,0.000,84.000,84:2|144:2|234:1
CFG_086,J11,4,754.000,754.000,0.000,1.0000,4,0,0,84.000,0.000,84.000,84:2|144:2|234:1
CFG_086,J12,4,754.000,754.000,0.000,1.0000,4,0,0,84.000,0.000,84.000,84:2|144:2|234:1
CFG_086,J13,4,754.000,754.000,0.000,1.0000,4,0,0,84.000,0.000,84.000,84:2|144:2|234:1
CFG_086,J14,4,754.000,754.000,0.000,1.0000,4,0,0,84.000,0.000,84.000,84:2|144:2|234:1
CFG_086,J15,4,754.000,754.000,0.000,1.0000,4,0,0,84.000,0.000,84.000,84:2|144:2|234:1
CFG_086,J16,4,754.000,754.000,0.000,1.0000,4,0,0,84.000,0.000,84.000,84:2|144:2|234:1
CFG_086,J17,4,754.000,754.000,0.000,1.0000,4,0,0,84.000,0.000,84.000,84:2|144:2|234:1
CFG_086,J18,4,754.000,754.000,0.000,1.0000,4,0,0,84.000,0.000,84.000,84:2|144:2|234:1
CFG_086,J19,5,754.000,724.000,30.000,0.9602,2,1,2,84.000,0.000,84.000,84:5|224:1
CFG_086,J20,5,754.000,724.000,30.000,0.9602,2,1,2,84.000,0.000,84.000,84:5|224:1
CFG_086,J21,5,754.000,724.000,30.000,0.9602,2,0,2,84.000,0.000,84.000,84:5|224:1
CFG_086,K00,4,754.000,754.000,0.000,1.0000,4,1,0,84.000,0.000,84.000,84:2|144:2|234:1
CFG_086,K01,4,754.000,754.000,0.000,1.0000,4,1,0,84.000,0.000,84.000,84:2|144:2|234:1
CFG_086,K02,4,754.000,754.000,0.000,1.0000,4,1,0,84.000,0.000,84.000,84:2|144:2|234:1
CFG_086,K03,4,754.000,754.000,0.000,1.0000,4,1,0,84.000,0.000,84.000,84:2|144:2|234:1
CFG_086,K04,4,754.000,754.000,0.000,1.0000,4,0,0,84.000,0.000,84.000,84:2|144:2|234:1
CFG_086,K05,4,754.000,754.000,0.000,1.0000,4,0,0,84.000,0.000,84.000,84:2|144:2|234:1
CFG_086,K06,4,754.000,754.000,0.000,1.0000,4,0,0,84.000,0.000,84.000,84:2|144:2|234:1
CFG_086,K07,4,754.000,754.000,0.000,1.0000,3,1,0,84.000,0.000,84.000,84:2|144:2|234:1
CFG_086,K08,4,754.000,754.000,0.000,1.0000,4,1,0,84.000,0.000,84.000,84:2|144:2|234:1
CFG_086,K09,4,754.000,754.000,0.000,1.0000,4,1,0,84.000,0.000,84.000,84:2|144:2|234:1
CFG_086,K10,4,754.000,754.000,0.000,1.0000,4,1,0,84.000,0.000,84.000,84:2|144:2|234:1
CFG_086,K11,4,754.000,754.000,0.000,1.0000,4,1,0,84.000,0.000,84.000,84:2|144:2|234:1
CFG_086,K12,4,754.000,754.000,0.000,1.0000,4,1,0,84.000,0.000,84.000,84:2|144:2|234:1
CFG_086,K13,4,754.000,754.000,0.000,1.0000,4,1,0,84.000,0.000,84.000,84:2|144:2|234:1
CFG_086,K14,4,754.000,754.000,0.000,1.0000,4,1,0,84.000,0.000,84.000,84:2|144:2|234:1
CFG_086,K15,4,754.000,754.000,0.000,1.0000,4,1,0,84.000,0.000,84.000,84:2|144:2|234:1
CFG_086,K16,4,754.000,754.000,0.000,1.0000,4,1,0,84.000,0.000,84.000,84:2|144:2|234:1
CFG_086,K17,4,754.000,754.000,0.000,1.0000,4,1,0,84.000,0.000,84.000,84:2|144:2|234:1
CFG_086,K18,4,754.000,754.000,0.000,1.0000,4,1,0,84.000,0.000,84.000,84:2|144:2|234:1
CFG_086,K19,4,754.000,684.000,70.000,0.9072,2,0,1,84.000,60.000,144.000,84:3|144:1|224:1
CFG_086,K20,4,754.000,684.000,70.000,0.9072,2,0,1,84.000,60.000,144.000,84:3|144:1|224:1
CFG_086,K21,5,754.000,724.000,30.000,0.9602,2,0,2,84.000,0.000,84.000,84:5|224:1
