Layout_ID,Config_ID,Rack,Rack_Column_Count,Rack_Columns,Assigned_Locations_Total,Slot_Size_Distribution,Rack_Profile_Order
LAY_002,CFG_003,A,16,"A00,A01,A02,A03,A04,A05,A06,A07,A08,A09,A10,A11,A12,A13,A14,A15",64,69:16|124:16|239:32,"239,239,124,104"
LAY_002,CFG_003,B,22,"B00,B01,B02,B03,B04,B05,B06,B07,B08,B09,B10,B11,B12,B13,B14,B15,B16,B17,B18,B19,B20,B21",88,69:22|124:22|239:44,"239,239,124,104"
LAY_002,CFG_003,D,22,"D00,D01,D02,D03,D04,D05,D06,D07,D08,D09,D10,D11,D12,D13,D14,D15,D16,D17,D18,D19,D20,D21",88,69:22|124:22|239:44,"239,239,124,104"
LAY_002,CFG_003,E,22,"E00,E01,E02,E03,E04,E05,E06,E07,E08,E09,E10,E11,E12,E13,E14,E15,E16,E17,E18,E19,E20,E21",88,69:22|124:22|239:44,"239,239,124,104"
LAY_002,CFG_003,F,22,"F00,F01,F02,F03,F04,F05,F06,F07,F08,F09,F10,F11,F12,F13,F14,F15,F16,F17,F18,F19,F20,F21",88,69:22|124:22|239:44,"239,239,124,104"
LAY_002,CFG_003,G,22,"G00,G01,G02,G03,G04,G05,G06,G07,G08,G09,G10,G11,G12,G13,G14,G15,G16,G17,G18,G19,G20,G21",88,69:22|124:22|239:44,"239,239,124,104"
LAY_002,CFG_003,H,22,"H00,H01,H02,H03,H04,H05,H06,H07,H08,H09,H10,H11,H12,H13,H14,H15,H16,H17,H18,H19,H20,H21",110,69:22|124:66|239:22,"239,124,124,124,79"
LAY_002,CFG_003,I,22,"I00,I01,I02,I03,I04,I05,I06,I07,I08,I09,I10,I11,I12,I13,I14,I15,I16,I17,I18,I19,I20,I21",110,124:110,"124,124,124,124,194"
LAY_002,CFG_003,J,22,"J00,J01,J02,J03,J04,J05,J06,J07,J08,J09,J10,J11,J12,J13,J14,J15,J16,J17,J18,J19,J20,J21",154,69:88|124:66,"124,124,124,69,69,69,79"
LAY_002,CFG_003,K,22,"K00,K01,K02,K03,K04,K05,K06,K07,K08,K09,K10,K11,K12,K13,K14,K15,K16,K17,K18,K19,K20,K21",198,69:198,"69,69,69,69,69,69,69,69,74"
LAY_003,CFG_004,A,16,"A00,A01,A02,A03,A04,A05,A06,A07,A08,A09,A10,A11,A12,A13,A14,A15",64,69:16|124:16|239:32,"239,239,124,104"
LAY_003,CFG_004,B,22,"B00,B01,B02,B03,B04,B05,B06,B07,B08,B09,B10,B11,B12,B13,B14,B15,B16,B17,B18,B19,B20,B21",88,69:22|124:22|239:44,"239,239,124,104"
LAY_003,CFG_004,D,22,"D00,D01,D02,D03,D04,D05,D06,D07,D08,D09,D10,D11,D12,D13,D14,D15,D16,D17,D18,D19,D20,D21",88,69:22|124:22|239:44,"239,239,124,104"
LAY_003,CFG_004,E,22,"E00,E01,E02,E03,E04,E05,E06,E07,E08,E09,E10,E11,E12,E13,E14,E15,E16,E17,E18,E19,E20,E21",88,69:22|124:22|239:44,"239,239,124,104"
LAY_003,CFG_004,F,22,"F00,F01,F02,F03,F04,F05,F06,F07,F08,F09,F10,F11,F12,F13,F14,F15,F16,F17,F18,F19,F20,F21",88,69:22|124:22|239:44,"239,239,124,104"
LAY_003,CFG_004,G,22,"G00,G01,G02,G03,G04,G05,G06,G07,G08,G09,G10,G11,G12,G13,G14,G15,G16,G17,G18,G19,G20,G21",110,124:88|189:22,"189,124,124,124,129"
LAY_003,CFG_004,H,22,"H00,H01,H02,H03,H04,H05,H06,H07,H08,H09,H10,H11,H12,H13,H14,H15,H16,H17,H18,H19,H20,H21",110,124:88|189:22,"189,124,124,124,129"
LAY_003,CFG_004,I,22,"I00,I01,I02,I03,I04,I05,I06,I07,I08,I09,I10,I11,I12,I13,I14,I15,I16,I17,I18,I19,I20,I21",154,69:110|124:22|189:22,"189,124,69,69,69,69,69"
LAY_003,CFG_004,J,22,"J00,J01,J02,J03,J04,J05,J06,J07,J08,J09,J10,J11,J12,J13,J14,J15,J16,J17,J18,J19,J20,J21",154,69:110|124:22|189:22,"189,124,69,69,69,69,69"
LAY_003,CFG_004,K,22,"K00,K01,K02,K03,K04,K05,K06,K07,K08,K09,K10,K11,K12,K13,K14,K15,K16,K17,K18,K19,K20,K21",154,69:110|124:22|189:22,"189,124,69,69,69,69,69"
LAY_004,CFG_005,A,16,"A00,A01,A02,A03,A04,A05,A06,A07,A08,A09,A10,A11,A12,A13,A14,A15",96,34:16|69:48|189:16|239:16,"239,189,69,69,69,39"
LAY_004,CFG_005,B,22,"B00,B01,B02,B03,B04,B05,B06,B07,B08,B09,B10,B11,B12,B13,B14,B15,B16,B17,B18,B19,B20,B21",242,34:110|69:132,"69,69,69,69,69,69,34,34,34,34,44"
LAY_004,CFG_005,D,22,"D00,D01,D02,D03,D04,D05,D06,D07,D08,D09,D10,D11,D12,D13,D14,D15,D16,D17,D18,D19,D20,D21",154,69:132|239:22,"239,69,69,69,69,69,74"
LAY_004,CFG_005,E,22,"E00,E01,E02,E03,E04,E05,E06,E07,E08,E09,E10,E11,E12,E13,E14,E15,E16,E17,E18,E19,E20,E21",110,124:88|189:22,"189,124,124,124,129"
LAY_004,CFG_005,F,22,"F00,F01,F02,F03,F04,F05,F06,F07,F08,F09,F10,F11,F12,F13,F14,F15,F16,F17,F18,F19,F20,F21",88,124:22|189:66,"189,189,189,139"
LAY_004,CFG_005,G,22,"G00,G01,G02,G03,G04,G05,G06,G07,G08,G09,G10,G11,G12,G13,G14,G15,G16,G17,G18,G19,G20,G21",132,34:22|124:110,"124,124,124,124,124,54"
LAY_004,CFG_005,H,22,"H00,H01,H02,H03,H04,H05,H06,H07,H08,H09,H10,H11,H12,H13,H14,H15,H16,H17,H18,H19,H20,H21",132,34:22|124:110,"124,124,124,124,124,54"
LAY_004,CFG_005,I,22,"I00,I01,I02,I03,I04,I05,I06,I07,I08,I09,I10,I11,I12,I13,I14,I15,I16,I17,I18,I19,I20,I21",88,34:22|189:22|239:44,"239,239,189,39"
LAY_004,CFG_005,J,22,"J00,J01,J02,J03,J04,J05,J06,J07,J08,J09,J10,J11,J12,J13,J14,J15,J16,J17,J18,J19,J20,J21",88,124:22|189:66,"189,189,189,139"
LAY_004,CFG_005,K,22,"K00,K01,K02,K03,K04,K05,K06,K07,K08,K09,K10,K11,K12,K13,K14,K15,K16,K17,K18,K19,K20,K21",88,124:22|189:66,"189,189,189,139"
LAY_005,CFG_006,A,16,"A00,A01,A02,A03,A04,A05,A06,A07,A08,A09,A10,A11,A12,A13,A14,A15",192,34:128|69:64,"69,69,69,69,34,34,34,34,34,34,34,64"
LAY_005,CFG_006,B,22,"B00,B01,B02,B03,B04,B05,B06,B07,B08,B09,B10,B11,B12,B13,B14,B15,B16,B17,B18,B19,B20,B21",198,69:198,"69,69,69,69,69,69,69,69,74"
LAY_005,CFG_006,D,22,"D00,D01,D02,D03,D04,D05,D06,D07,D08,D09,D10,D11,D12,D13,D14,D15,D16,D17,D18,D19,D20,D21",154,69:44|99:88|124:22,"124,99,99,99,99,69,69"
LAY_005,CFG_006,E,22,"E00,E01,E02,E03,E04,E05,E06,E07,E08,E09,E10,E11,E12,E13,E14,E15,E16,E17,E18,E19,E20,E21",110,124:88|189:22,"189,124,124,124,129"
LAY_005,CFG_006,F,22,"F00,F01,F02,F03,F04,F05,F06,F07,F08,F09,F10,F11,F12,F13,F14,F15,F16,F17,F18,F19,F20,F21",110,99:66|189:44,"189,189,99,99,114"
LAY_005,CFG_006,G,22,"G00,G01,G02,G03,G04,G05,G06,G07,G08,G09,G10,G11,G12,G13,G14,G15,G16,G17,G18,G19,G20,G21",110,99:66|189:44,"189,189,99,99,114"
LAY_005,CFG_006,H,22,"H00,H01,H02,H03,H04,H05,H06,H07,H08,H09,H10,H11,H12,H13,H14,H15,H16,H17,H18,H19,H20,H21",88,34:22|189:22|239:44,"239,239,189,39"
LAY_005,CFG_006,I,22,"I00,I01,I02,I03,I04,I05,I06,I07,I08,I09,I10,I11,I12,I13,I14,I15,I16,I17,I18,I19,I20,I21",88,34:22|189:22|239:44,"239,239,189,39"
LAY_005,CFG_006,J,22,"J00,J01,J02,J03,J04,J05,J06,J07,J08,J09,J10,J11,J12,J13,J14,J15,J16,J17,J18,J19,J20,J21",88,124:22|189:66,"189,189,189,139"
LAY_005,CFG_006,K,22,"K00,K01,K02,K03,K04,K05,K06,K07,K08,K09,K10,K11,K12,K13,K14,K15,K16,K17,K18,K19,K20,K21",88,124:22|189:66,"189,189,189,139"
LAY_006,CFG_007,A,16,"A00,A01,A02,A03,A04,A05,A06,A07,A08,A09,A10,A11,A12,A13,A14,A15",64,154:32|189:32,"189,189,154,174"
LAY_006,CFG_007,B,22,"B00,B01,B02,B03,B04,B05,B06,B07,B08,B09,B10,B11,B12,B13,B14,B15,B16,B17,B18,B19,B20,B21",198,34:132|99:22|154:44,"154,154,99,34,34,34,34,34,49"
LAY_006,CFG_007,D,22,"D00,D01,D02,D03,D04,D05,D06,D07,D08,D09,D10,D11,D12,D13,D14,D15,D16,D17,D18,D19,D20,D21",198,69:198,"69,69,69,69,69,69,69,69,74"
LAY_006,CFG_007,E,22,"E00,E01,E02,E03,E04,E05,E06,E07,E08,E09,E10,E11,E12,E13,E14,E15,E16,E17,E18,E19,E20,E21",176,69:110|99:66,"99,99,99,69,69,69,69,69"
LAY_006,CFG_007,F,22,"F00,F01,F02,F03,F04,F05,F06,F07,F08,F09,F10,F11,F12,F13,F14,F15,F16,F17,F18,F19,F20,F21",132,99:66|124:66,"124,124,124,99,99,104"
LAY_006,CFG_007,G,22,"G00,G01,G02,G03,G04,G05,G06,G07,G08,G09,G10,G11,G12,G13,G14,G15,G16,G17,G18,G19,G20,G21",110,99:44|124:44|239:22,"239,124,124,99,104"
LAY_006,CFG_007,H,22,"H00,H01,H02,H03,H04,H05,H06,H07,H08,H09,H10,H11,H12,H13,H14,H15,H16,H17,H18,H19,H20,H21",88,99:22|124:22|239:44,"239,239,124,104"
LAY_006,CFG_007,I,22,"I00,I01,I02,I03,I04,I05,I06,I07,I08,I09,I10,I11,I12,I13,I14,I15,I16,I17,I18,I19,I20,I21",88,34:22|189:22|239:44,"239,239,189,39"
LAY_006,CFG_007,J,22,"J00,J01,J02,J03,J04,J05,J06,J07,J08,J09,J10,J11,J12,J13,J14,J15,J16,J17,J18,J19,J20,J21",88,154:44|189:44,"189,189,154,174"
LAY_006,CFG_007,K,22,"K00,K01,K02,K03,K04,K05,K06,K07,K08,K09,K10,K11,K12,K13,K14,K15,K16,K17,K18,K19,K20,K21",88,154:44|189:44,"189,189,154,174"
LAY_007,CFG_008,A,16,"A00,A01,A02,A03,A04,A05,A06,A07,A08,A09,A10,A11,A12,A13,A14,A15",96,69:64|189:32,"189,189,69,69,69,89"
LAY_007,CFG_008,B,22,"B00,B01,B02,B03,B04,B05,B06,B07,B08,B09,B10,B11,B12,B13,B14,B15,B16,B17,B18,B19,B20,B21",242,34:132|59:22|69:66|124:22,"124,69,69,69,59,34,34,34,34,34,34"
LAY_007,CFG_008,D,22,"D00,D01,D02,D03,D04,D05,D06,D07,D08,D09,D10,D11,D12,D13,D14,D15,D16,D17,D18,D19,D20,D21",198,59:176|154:22,"154,59,59,59,59,59,59,59,59"
LAY_007,CFG_008,E,22,"E00,E01,E02,E03,E04,E05,E06,E07,E08,E09,E10,E11,E12,E13,E14,E15,E16,E17,E18,E19,E20,E21",132,99:88|124:22|154:22,"154,124,99,99,99,99"
LAY_007,CFG_008,F,22,"F00,F01,F02,F03,F04,F05,F06,F07,F08,F09,F10,F11,F12,F13,F14,F15,F16,F17,F18,F19,F20,F21",132,99:66|124:66,"124,124,124,99,99,104"
LAY_007,CFG_008,G,22,"G00,G01,G02,G03,G04,G05,G06,G07,G08,G09,G10,G11,G12,G13,G14,G15,G16,G17,G18,G19,G20,G21",110,99:66|154:22|239:22,"239,154,99,99,99"
LAY_007,CFG_008,H,22,"H00,H01,H02,H03,H04,H05,H06,H07,H08,H09,H10,H11,H12,H13,H14,H15,H16,H17,H18,H19,H20,H21",88,69:22|154:22|239:44,"239,239,154,74"
LAY_007,CFG_008,I,22,"I00,I01,I02,I03,I04,I05,I06,I07,I08,I09,I10,I11,I12,I13,I14,I15,I16,I17,I18,I19,I20,I21",88,34:22|189:22|239:44,"239,239,189,39"
LAY_007,CFG_008,J,22,"J00,J01,J02,J03,J04,J05,J06,J07,J08,J09,J10,J11,J12,J13,J14,J15,J16,J17,J18,J19,J20,J21",88,154:44|189:44,"189,189,154,174"
LAY_007,CFG_008,K,22,"K00,K01,K02,K03,K04,K05,K06,K07,K08,K09,K10,K11,K12,K13,K14,K15,K16,K17,K18,K19,K20,K21",88,154:44|189:44,"189,189,154,174"
LAY_008,CFG_009,A,16,"A00,A01,A02,A03,A04,A05,A06,A07,A08,A09,A10,A11,A12,A13,A14,A15",192,34:112|59:32|69:32|84:16,"84,69,69,59,59,34,34,34,34,34,34,34"
LAY_008,CFG_009,B,22,"B00,B01,B02,B03,B04,B05,B06,B07,B08,B09,B10,B11,B12,B13,B14,B15,B16,B17,B18,B19,B20,B21",220,34:22|59:110|69:88,"69,69,69,69,59,59,59,59,59,39"
LAY_008,CFG_009,D,22,"D00,D01,D02,D03,D04,D05,D06,D07,D08,D09,D10,D11,D12,D13,D14,D15,D16,D17,D18,D19,D20,D21",176,59:44|84:110|99:22,"99,84,84,84,84,84,59,64"
LAY_008,CFG_009,E,22,"E00,E01,E02,E03,E04,E05,E06,E07,E08,E09,E10,E11,E12,E13,E14,E15,E16,E17,E18,E19,E20,E21",132,99:88|124:22|154:22,"154,124,99,99,99,99"
LAY_008,CFG_009,F,22,"F00,F01,F02,F03,F04,F05,F06,F07,F08,F09,F10,F11,F12,F13,F14,F15,F16,F17,F18,F19,F20,F21",110,124:88|189:22,"189,124,124,124,129"
LAY_008,CFG_009,G,22,"G00,G01,G02,G03,G04,G05,G06,G07,G08,G09,G10,G11,G12,G13,G14,G15,G16,G17,G18,G19,G20,G21",88,154:66|239:22,"239,154,154,159"
LAY_008,CFG_009,H,22,"H00,H01,H02,H03,H04,H05,H06,H07,H08,H09,H10,H11,H12,H13,H14,H15,H16,H17,H18,H19,H20,H21",88,34:22|189:22|239:44,"239,239,189,39"
LAY_008,CFG_009,I,22,"I00,I01,I02,I03,I04,I05,I06,I07,I08,I09,I10,I11,I12,I13,I14,I15,I16,I17,I18,I19,I20,I21",88,34:22|189:22|239:44,"239,239,189,39"
LAY_008,CFG_009,J,22,"J00,J01,J02,J03,J04,J05,J06,J07,J08,J09,J10,J11,J12,J13,J14,J15,J16,J17,J18,J19,J20,J21",88,154:44|189:44,"189,189,154,174"
LAY_008,CFG_009,K,22,"K00,K01,K02,K03,K04,K05,K06,K07,K08,K09,K10,K11,K12,K13,K14,K15,K16,K17,K18,K19,K20,K21",88,154:44|189:44,"189,189,154,174"
LAY_009,CFG_010,A,16,"A00,A01,A02,A03,A04,A05,A06,A07,A08,A09,A10,A11,A12,A13,A14,A15",128,34:64|59:32|189:32,"189,189,59,59,34,34,34,44"
LAY_009,CFG_010,B,22,"B00,B01,B02,B03,B04,B05,B06,B07,B08,B09,B10,B11,B12,B13,B14,B15,B16,B17,B18,B19,B20,B21",242,34:66|59:154|69:22,"69,59,59,59,59,59,59,59,34,34,44"
LAY_009,CFG_010,D,22,"D00,D01,D02,D03,D04,D05,D06,D07,D08,D09,D10,D11,D12,D13,D14,D15,D16,D17,D18,D19,D20,D21",176,69:110|99:66,"99,99,99,69,69,69,69,69"
LAY_009,CFG_010,E,22,"E00,E01,E02,E03,E04,E05,E06,E07,E08,E09,E10,E11,E12,E13,E14,E15,E16,E17,E18,E19,E20,E21",110,99:44|124:44|239:22,"239,124,124,99,104"
LAY_009,CFG_010,F,22,"F00,F01,F02,F03,F04,F05,F06,F07,F08,F09,F10,F11,F12,F13,F14,F15,F16,F17,F18,F19,F20,F21",110,124:66|154:44,"154,154,124,124,134"
LAY_009,CFG_010,G,22,"G00,G01,G02,G03,G04,G05,G06,G07,G08,G09,G10,G11,G12,G13,G14,G15,G16,G17,G18,G19,G20,G21",110,84:44|154:44|214:22,"214,154,154,84,84"
LAY_009,CFG_010,H,22,"H00,H01,H02,H03,H04,H05,H06,H07,H08,H09,H10,H11,H12,H13,H14,H15,H16,H17,H18,H19,H20,H21",110,84:66|214:44,"214,214,84,84,94"
LAY_009,CFG_010,I,22,"I00,I01,I02,I03,I04,I05,I06,I07,I08,I09,I10,I11,I12,I13,I14,I15,I16,I17,I18,I19,I20,I21",110,34:22|84:44|239:44,"239,239,84,84,44"
LAY_009,CFG_010,J,22,"J00,J01,J02,J03,J04,J05,J06,J07,J08,J09,J10,J11,J12,J13,J14,J15,J16,J17,J18,J19,J20,J21",88,154:44|189:44,"189,189,154,174"
LAY_009,CFG_010,K,22,"K00,K01,K02,K03,K04,K05,K06,K07,K08,K09,K10,K11,K12,K13,K14,K15,K16,K17,K18,K19,K20,K21",88,154:44|189:44,"189,189,154,174"
LAY_011,CFG_013,A,16,"A00,A01,A02,A03,A04,A05,A06,A07,A08,A09,A10,A11,A12,A13,A14,A15",64,74:16|124:16|239:32,"239,239,124,104"
LAY_011,CFG_013,B,22,"B00,B01,B02,B03,B04,B05,B06,B07,B08,B09,B10,B11,B12,B13,B14,B15,B16,B17,B18,B19,B20,B21",88,74:22|124:22|239:44,"239,239,124,104"
LAY_011,CFG_013,D,22,"D00,D01,D02,D03,D04,D05,D06,D07,D08,D09,D10,D11,D12,D13,D14,D15,D16,D17,D18,D19,D20,D21",88,74:22|124:22|239:44,"239,239,124,104"
LAY_011,CFG_013,E,22,"E00,E01,E02,E03,E04,E05,E06,E07,E08,E09,E10,E11,E12,E13,E14,E15,E16,E17,E18,E19,E20,E21",88,74:22|124:22|239:44,"239,239,124,104"
LAY_011,CFG_013,F,22,"F00,F01,F02,F03,F04,F05,F06,F07,F08,F09,F10,F11,F12,F13,F14,F15,F16,F17,F18,F19,F20,F21",88,74:22|124:22|239:44,"239,239,124,104"
LAY_011,CFG_013,G,22,"G00,G01,G02,G03,G04,G05,G06,G07,G08,G09,G10,G11,G12,G13,G14,G15,G16,G17,G18,G19,G20,G21",88,74:22|124:22|239:44,"239,239,124,104"
LAY_011,CFG_013,H,22,"H00,H01,H02,H03,H04,H05,H06,H07,H08,H09,H10,H11,H12,H13,H14,H15,H16,H17,H18,H19,H20,H21",110,74:22|124:66|239:22,"239,124,124,124,79"
LAY_011,CFG_013,I,22,"I00,I01,I02,I03,I04,I05,I06,I07,I08,I09,I10,I11,I12,I13,I14,I15,I16,I17,I18,I19,I20,I21",110,124:110,"124,124,124,124,194"
LAY_011,CFG_013,J,22,"J00,J01,J02,J03,J04,J05,J06,J07,J08,J09,J10,J11,J12,J13,J14,J15,J16,J17,J18,J19,J20,J21",154,74:110|124:44,"124,124,74,74,74,74,114"
LAY_011,CFG_013,K,22,"K00,K01,K02,K03,K04,K05,K06,K07,K08,K09,K10,K11,K12,K13,K14,K15,K16,K17,K18,K19,K20,K21",176,74:154|124:22,"124,74,74,74,74,74,74,74"
LAY_012,CFG_014,A,16,"A00,A01,A02,A03,A04,A05,A06,A07,A08,A09,A10,A11,A12,A13,A14,A15",64,74:16|124:16|239:32,"239,239,124,104"
LAY_012,CFG_014,B,22,"B00,B01,B02,B03,B04,B05,B06,B07,B08,B09,B10,B11,B12,B13,B14,B15,B16,B17,B18,B19,B20,B21",88,74:22|124:22|239:44,"239,239,124,104"
LAY_012,CFG_014,D,22,"D00,D01,D02,D03,D04,D05,D06,D07,D08,D09,D10,D11,D12,D13,D14,D15,D16,D17,D18,D19,D20,D21",88,74:22|124:22|239:44,"239,239,124,104"
LAY_012,CFG_014,E,22,"E00,E01,E02,E03,E04,E05,E06,E07,E08,E09,E10,E11,E12,E13,E14,E15,E16,E17,E18,E19,E20,E21",88,74:22|124:22|239:44,"239,239,124,104"
LAY_012,CFG_014,F,22,"F00,F01,F02,F03,F04,F05,F06,F07,F08,F09,F10,F11,F12,F13,F14,F15,F16,F17,F18,F19,F20,F21",88,124:22|184:66,"184,184,184,154"
LAY_012,CFG_014,G,22,"G00,G01,G02,G03,G04,G05,G06,G07,G08,G09,G10,G11,G12,G13,G14,G15,G16,G17,G18,G19,G20,G21",88,124:22|184:66,"184,184,184,154"
LAY_012,CFG_014,H,22,"H00,H01,H02,H03,H04,H05,H06,H07,H08,H09,H10,H11,H12,H13,H14,H15,H16,H17,H18,H19,H20,H21",110,124:88|184:22,"184,124,124,124,134"
LAY_012,CFG_014,I,22,"I00,I01,I02,I03,I04,I05,I06,I07,I08,I09,I10,I11,I12,I13,I14,I15,I16,I17,I18,I19,I20,I21",132,74:44|124:88,"124,124,124,124,74,104"
LAY_012,CFG_014,J,22,"J00,J01,J02,J03,J04,J05,J06,J07,J08,J09,J10,J11,J12,J13,J14,J15,J16,J17,J18,J19,J20,J21",154,74:110|124:44,"124,124,74,74,74,74,114"
LAY_012,CFG_014,K,22,"K00,K01,K02,K03,K04,K05,K06,K07,K08,K09,K10,K11,K12,K13,K14,K15,K16,K17,K18,K19,K20,K21",176,74:154|124:22,"124,74,74,74,74,74,74,74"
LAY_013,CFG_015,A,16,"A00,A01,A02,A03,A04,A05,A06,A07,A08,A09,A10,A11,A12,A13,A14,A15",96,74:64|124:16|239:16,"239,124,74,74,74,89"
LAY_013,CFG_015,B,22,"B00,B01,B02,B03,B04,B05,B06,B07,B08,B09,B10,B11,B12,B13,B14,B15,B16,B17,B18,B19,B20,B21",176,74:154|124:22,"124,74,74,74,74,74,74,74"
LAY_013,CFG_015,D,22,"D00,D01,D02,D03,D04,D05,D06,D07,D08,D09,D10,D11,D12,D13,D14,D15,D16,D17,D18,D19,D20,D21",176,74:154|124:22,"124,74,74,74,74,74,74,74"
LAY_013,CFG_015,E,22,"E00,E01,E02,E03,E04,E05,E06,E07,E08,E09,E10,E11,E12,E13,E14,E15,E16,E17,E18,E19,E20,E21",154,94:154,"94,94,94,94,94,94,94"
LAY_013,CFG_015,F,22,"F00,F01,F02,F03,F04,F05,F06,F07,F08,F09,F10,F11,F12,F13,F14,F15,F16,F17,F18,F19,F20,F21",88,94:22|124:22|239:44,"239,239,124,104"
LAY_013,CFG_015,G,22,"G00,G01,G02,G03,G04,G05,G06,G07,G08,G09,G10,G11,G12,G13,G14,G15,G16,G17,G18,G19,G20,G21",110,124:88|184:22,"184,124,124,124,134"
LAY_013,CFG_015,H,22,"H00,H01,H02,H03,H04,H05,H06,H07,H08,H09,H10,H11,H12,H13,H14,H15,H16,H17,H18,H19,H20,H21",88,124:22|184:66,"184,184,184,154"
LAY_013,CFG_015,I,22,"I00,I01,I02,I03,I04,I05,I06,I07,I08,I09,I10,I11,I12,I13,I14,I15,I16,I17,I18,I19,I20,I21",88,94:22|184:44|239:22,"239,184,184,99"
LAY_013,CFG_015,J,22,"J00,J01,J02,J03,J04,J05,J06,J07,J08,J09,J10,J11,J12,J13,J14,J15,J16,J17,J18,J19,J20,J21",88,94:22|184:44|239:22,"239,184,184,99"
LAY_013,CFG_015,K,22,"K00,K01,K02,K03,K04,K05,K06,K07,K08,K09,K10,K11,K12,K13,K14,K15,K16,K17,K18,K19,K20,K21",88,124:22|184:66,"184,184,184,154"
LAY_014,CFG_016,A,16,"A00,A01,A02,A03,A04,A05,A06,A07,A08,A09,A10,A11,A12,A13,A14,A15",80,44:16|74:16|94:16|239:32,"239,239,94,74,44"
LAY_014,CFG_016,B,22,"B00,B01,B02,B03,B04,B05,B06,B07,B08,B09,B10,B11,B12,B13,B14,B15,B16,B17,B18,B19,B20,B21",132,44:88|239:44,"239,239,44,44,44,64"
LAY_014,CFG_016,D,22,"D00,D01,D02,D03,D04,D05,D06,D07,D08,D09,D10,D11,D12,D13,D14,D15,D16,D17,D18,D19,D20,D21",154,94:154,"94,94,94,94,94,94,94"
LAY_014,CFG_016,E,22,"E00,E01,E02,E03,E04,E05,E06,E07,E08,E09,E10,E11,E12,E13,E14,E15,E16,E17,E18,E19,E20,E21",110,124:88|184:22,"184,124,124,124,134"
LAY_014,CFG_016,F,22,"F00,F01,F02,F03,F04,F05,F06,F07,F08,F09,F10,F11,F12,F13,F14,F15,F16,F17,F18,F19,F20,F21",132,44:22|124:110,"124,124,124,124,124,54"
LAY_014,CFG_016,G,22,"G00,G01,G02,G03,G04,G05,G06,G07,G08,G09,G10,G11,G12,G13,G14,G15,G16,G17,G18,G19,G20,G21",132,74:88|184:44,"184,184,74,74,74,84"
LAY_014,CFG_016,H,22,"H00,H01,H02,H03,H04,H05,H06,H07,H08,H09,H10,H11,H12,H13,H14,H15,H16,H17,H18,H19,H20,H21",132,74:88|184:44,"184,184,74,74,74,84"
LAY_014,CFG_016,I,22,"I00,I01,I02,I03,I04,I05,I06,I07,I08,I09,I10,I11,I12,I13,I14,I15,I16,I17,I18,I19,I20,I21",132,74:88|184:44,"184,184,74,74,74,84"
LAY_014,CFG_016,J,22,"J00,J01,J02,J03,J04,J05,J06,J07,J08,J09,J10,J11,J12,J13,J14,J15,J16,J17,J18,J19,J20,J21",88,124:22|184:66,"184,184,184,154"
LAY_014,CFG_016,K,22,"K00,K01,K02,K03,K04,K05,K06,K07,K08,K09,K10,K11,K12,K13,K14,K15,K16,K17,K18,K19,K20,K21",88,124:22|184:66,"184,184,184,154"
LAY_015,CFG_017,A,16,"A00,A01,A02,A03,A04,A05,A06,A07,A08,A09,A10,A11,A12,A13,A14,A15",112,44:64|149:32|184:16,"184,149,149,44,44,44,44"
LAY_015,CFG_017,B,22,"B00,B01,B02,B03,B04,B05,B06,B07,B08,B09,B10,B11,B12,B13,B14,B15,B16,B17,B18,B19,B20,B21",154,44:44|74:44|124:22|149:44,"149,149,124,74,74,44,44"
LAY_015,CFG_017,D,22,"D00,D01,D02,D03,D04,D05,D06,D07,D08,D09,D10,D11,D12,D13,D14,D15,D16,D17,D18,D19,D20,D21",132,74:88|184:44,"184,184,74,74,74,84"
LAY_015,CFG_017,E,22,"E00,E01,E02,E03,E04,E05,E06,E07,E08,E09,E10,E11,E12,E13,E14,E15,E16,E17,E18,E19,E20,E21",176,74:154|124:22,"124,74,74,74,74,74,74,74"
LAY_015,CFG_017,F,22,"F00,F01,F02,F03,F04,F05,F06,F07,F08,F09,F10,F11,F12,F13,F14,F15,F16,F17,F18,F19,F20,F21",154,94:154,"94,94,94,94,94,94,94"
LAY_015,CFG_017,G,22,"G00,G01,G02,G03,G04,G05,G06,G07,G08,G09,G10,G11,G12,G13,G14,G15,G16,G17,G18,G19,G20,G21",88,94:22|124:22|239:44,"239,239,124,104"
LAY_015,CFG_017,H,22,"H00,H01,H02,H03,H04,H05,H06,H07,H08,H09,H10,H11,H12,H13,H14,H15,H16,H17,H18,H19,H20,H21",88,94:22|124:22|239:44,"239,239,124,104"
LAY_015,CFG_017,I,22,"I00,I01,I02,I03,I04,I05,I06,I07,I08,I09,I10,I11,I12,I13,I14,I15,I16,I17,I18,I19,I20,I21",132,44:22|124:110,"124,124,124,124,124,54"
LAY_015,CFG_017,J,22,"J00,J01,J02,J03,J04,J05,J06,J07,J08,J09,J10,J11,J12,J13,J14,J15,J16,J17,J18,J19,J20,J21",88,149:22|184:66,"184,184,184,154"
LAY_015,CFG_017,K,22,"K00,K01,K02,K03,K04,K05,K06,K07,K08,K09,K10,K11,K12,K13,K14,K15,K16,K17,K18,K19,K20,K21",88,149:22|184:66,"184,184,184,154"
LAY_016,CFG_018,A,16,"A00,A01,A02,A03,A04,A05,A06,A07,A08,A09,A10,A11,A12,A13,A14,A15",160,44:112|59:16|94:16|149:16,"149,94,59,44,44,44,44,44,44,44"
LAY_016,CFG_018,B,22,"B00,B01,B02,B03,B04,B05,B06,B07,B08,B09,B10,B11,B12,B13,B14,B15,B16,B17,B18,B19,B20,B21",198,59:132|74:44|124:22,"124,74,74,59,59,59,59,59,59"
LAY_016,CFG_018,D,22,"D00,D01,D02,D03,D04,D05,D06,D07,D08,D09,D10,D11,D12,D13,D14,D15,D16,D17,D18,D19,D20,D21",154,94:154,"94,94,94,94,94,94,94"
LAY_016,CFG_018,E,22,"E00,E01,E02,E03,E04,E05,E06,E07,E08,E09,E10,E11,E12,E13,E14,E15,E16,E17,E18,E19,E20,E21",132,74:66|149:66,"149,149,149,74,74,79"
LAY_016,CFG_018,F,22,"F00,F01,F02,F03,F04,F05,F06,F07,F08,F09,F10,F11,F12,F13,F14,F15,F16,F17,F18,F19,F20,F21",110,74:22|124:44|184:44,"184,184,124,124,74"
LAY_016,CFG_018,G,22,"G00,G01,G02,G03,G04,G05,G06,G07,G08,G09,G10,G11,G12,G13,G14,G15,G16,G17,G18,G19,G20,G21",88,44:22|184:22|239:44,"239,239,184,44"
LAY_016,CFG_018,H,22,"H00,H01,H02,H03,H04,H05,H06,H07,H08,H09,H10,H11,H12,H13,H14,H15,H16,H17,H18,H19,H20,H21",88,94:22|124:22|239:44,"239,239,124,104"
LAY_016,CFG_018,I,22,"I00,I01,I02,I03,I04,I05,I06,I07,I08,I09,I10,I11,I12,I13,I14,I15,I16,I17,I18,I19,I20,I21",132,44:22|124:110,"124,124,124,124,124,54"
LAY_016,CFG_018,J,22,"J00,J01,J02,J03,J04,J05,J06,J07,J08,J09,J10,J11,J12,J13,J14,J15,J16,J17,J18,J19,J20,J21",88,149:22|184:66,"184,184,184,154"
LAY_016,CFG_018,K,22,"K00,K01,K02,K03,K04,K05,K06,K07,K08,K09,K10,K11,K12,K13,K14,K15,K16,K17,K18,K19,K20,K21",88,149:22|184:66,"184,184,184,154"
LAY_017,CFG_019,A,16,"A00,A01,A02,A03,A04,A05,A06,A07,A08,A09,A10,A11,A12,A13,A14,A15",80,59:32|149:16|184:16|239:16,"239,184,149,59,59"
LAY_017,CFG_019,B,22,"B00,B01,B02,B03,B04,B05,B06,B07,B08,B09,B10,B11,B12,B13,B14,B15,B16,B17,B18,B19,B20,B21",242,44:110|59:110|74:22,"74,59,59,59,59,59,44,44,44,44,49"
LAY_017,CFG_019,D,22,"D00,D01,D02,D03,D04,D05,D06,D07,D08,D09,D10,D11,D12,D13,D14,D15,D16,D17,D18,D19,D20,D21",154,74:110|94:22|184:22,"184,94,74,74,74,74,84"
LAY_017,CFG_019,E,22,"E00,E01,E02,E03,E04,E05,E06,E07,E08,E09,E10,E11,E12,E13,E14,E15,E16,E17,E18,E19,E20,E21",132,94:110|184:22,"184,94,94,94,94,114"
LAY_017,CFG_019,F,22,"F00,F01,F02,F03,F04,F05,F06,F07,F08,F09,F10,F11,F12,F13,F14,F15,F16,F17,F18,F19,F20,F21",110,94:22|124:22|149:66,"149,149,149,124,119"
LAY_017,CFG_019,G,22,"G00,G01,G02,G03,G04,G05,G06,G07,G08,G09,G10,G11,G12,G13,G14,G15,G16,G17,G18,G19,G20,G21",110,94:22|124:66|219:22,"219,124,124,124,99"
LAY_017,CFG_019,H,22,"H00,H01,H02,H03,H04,H05,H06,H07,H08,H09,H10,H11,H12,H13,H14,H15,H16,H17,H18,H19,H20,H21",132,44:22|124:110,"124,124,124,124,124,54"
LAY_017,CFG_019,I,22,"I00,I01,I02,I03,I04,I05,I06,I07,I08,I09,I10,I11,I12,I13,I14,I15,I16,I17,I18,I19,I20,I21",88,44:22|219:66,"219,219,219,49"
LAY_017,CFG_019,J,22,"J00,J01,J02,J03,J04,J05,J06,J07,J08,J09,J10,J11,J12,J13,J14,J15,J16,J17,J18,J19,J20,J21",88,149:22|184:66,"184,184,184,154"
LAY_017,CFG_019,K,22,"K00,K01,K02,K03,K04,K05,K06,K07,K08,K09,K10,K11,K12,K13,K14,K15,K16,K17,K18,K19,K20,K21",88,149:22|184:66,"184,184,184,154"
LAY_018,CFG_020,A,16,"A00,A01,A02,A03,A04,A05,A06,A07,A08,A09,A10,A11,A12,A13,A14,A15",80,44:16|109:16|149:32|239:16,"239,149,149,109,44"
LAY_018,CFG_020,B,22,"B00,B01,B02,B03,B04,B05,B06,B07,B08,B09,B10,B11,B12,B13,B14,B15,B16,B17,B18,B19,B20,B21",242,44:88|59:154,"59,59,59,59,59,59,59,44,44,44,49"
LAY_018,CFG_020,D,22,"D00,D01,D02,D03,D04,D05,D06,D07,D08,D09,D10,D11,D12,D13,D14,D15,D16,D17,D18,D19,D20,D21",176,74:132|94:44,"94,94,74,74,74,74,74,84"
LAY_018,CFG_020,E,22,"E00,E01,E02,E03,E04,E05,E06,E07,E08,E09,E10,E11,E12,E13,E14,E15,E16,E17,E18,E19,E20,E21",132,94:88|149:44,"149,149,94,94,94,94"
LAY_018,CFG_020,F,22,"F00,F01,F02,F03,F04,F05,F06,F07,F08,F09,F10,F11,F12,F13,F14,F15,F16,F17,F18,F19,F20,F21",132,94:22|109:66|124:44,"124,124,109,109,109,99"
LAY_018,CFG_020,G,22,"G00,G01,G02,G03,G04,G05,G06,G07,G08,G09,G10,G11,G12,G13,G14,G15,G16,G17,G18,G19,G20,G21",110,94:22|124:66|219:22,"219,124,124,124,99"
LAY_018,CFG_020,H,22,"H00,H01,H02,H03,H04,H05,H06,H07,H08,H09,H10,H11,H12,H13,H14,H15,H16,H17,H18,H19,H20,H21",88,74:22|184:22|219:44,"219,219,184,84"
LAY_018,CFG_020,I,22,"I00,I01,I02,I03,I04,I05,I06,I07,I08,I09,I10,I11,I12,I13,I14,I15,I16,I17,I18,I19,I20,I21",88,94:22|184:44|239:22,"239,184,184,99"
LAY_018,CFG_020,J,22,"J00,J01,J02,J03,J04,J05,J06,J07,J08,J09,J10,J11,J12,J13,J14,J15,J16,J17,J18,J19,J20,J21",88,149:22|184:66,"184,184,184,154"
LAY_018,CFG_020,K,22,"K00,K01,K02,K03,K04,K05,K06,K07,K08,K09,K10,K11,K12,K13,K14,K15,K16,K17,K18,K19,K20,K21",88,149:22|184:66,"184,184,184,154"
LAY_019,CFG_022,A,16,"A00,A01,A02,A03,A04,A05,A06,A07,A08,A09,A10,A11,A12,A13,A14,A15",64,114:32|239:32,"239,239,114,114"
LAY_019,CFG_022,B,22,"B00,B01,B02,B03,B04,B05,B06,B07,B08,B09,B10,B11,B12,B13,B14,B15,B16,B17,B18,B19,B20,B21",88,114:44|239:44,"239,239,114,114"
LAY_019,CFG_022,D,22,"D00,D01,D02,D03,D04,D05,D06,D07,D08,D09,D10,D11,D12,D13,D14,D15,D16,D17,D18,D19,D20,D21",88,114:44|239:44,"239,239,114,114"
LAY_019,CFG_022,E,22,"E00,E01,E02,E03,E04,E05,E06,E07,E08,E09,E10,E11,E12,E13,E14,E15,E16,E17,E18,E19,E20,E21",88,114:44|239:44,"239,239,114,114"
LAY_019,CFG_022,F,22,"F00,F01,F02,F03,F04,F05,F06,F07,F08,F09,F10,F11,F12,F13,F14,F15,F16,F17,F18,F19,F20,F21",88,114:44|239:44,"239,239,114,114"
LAY_019,CFG_022,G,22,"G00,G01,G02,G03,G04,G05,G06,G07,G08,G09,G10,G11,G12,G13,G14,G15,G16,G17,G18,G19,G20,G21",88,114:44|239:44,"239,239,114,114"
LAY_019,CFG_022,H,22,"H00,H01,H02,H03,H04,H05,H06,H07,H08,H09,H10,H11,H12,H13,H14,H15,H16,H17,H18,H19,H20,H21",88,114:44|239:44,"239,239,114,114"
LAY_019,CFG_022,I,22,"I00,I01,I02,I03,I04,I05,I06,I07,I08,I09,I10,I11,I12,I13,I14,I15,I16,I17,I18,I19,I20,I21",88,114:44|239:44,"239,239,114,114"
LAY_019,CFG_022,J,22,"J00,J01,J02,J03,J04,J05,J06,J07,J08,J09,J10,J11,J12,J13,J14,J15,J16,J17,J18,J19,J20,J21",88,114:44|239:44,"239,239,114,114"
LAY_019,CFG_022,K,22,"K00,K01,K02,K03,K04,K05,K06,K07,K08,K09,K10,K11,K12,K13,K14,K15,K16,K17,K18,K19,K20,K21",88,114:44|239:44,"239,239,114,114"
LAY_020,CFG_023,A,16,"A00,A01,A02,A03,A04,A05,A06,A07,A08,A09,A10,A11,A12,A13,A14,A15",64,114:32|239:32,"239,239,114,114"
LAY_020,CFG_023,B,22,"B00,B01,B02,B03,B04,B05,B06,B07,B08,B09,B10,B11,B12,B13,B14,B15,B16,B17,B18,B19,B20,B21",88,114:44|194:22|239:22,"239,194,114,159"
LAY_020,CFG_023,D,22,"D00,D01,D02,D03,D04,D05,D06,D07,D08,D09,D10,D11,D12,D13,D14,D15,D16,D17,D18,D19,D20,D21",88,114:44|194:22|239:22,"239,194,114,159"
LAY_020,CFG_023,E,22,"E00,E01,E02,E03,E04,E05,E06,E07,E08,E09,E10,E11,E12,E13,E14,E15,E16,E17,E18,E19,E20,E21",88,114:22|194:66,"194,194,194,124"
LAY_020,CFG_023,F,22,"F00,F01,F02,F03,F04,F05,F06,F07,F08,F09,F10,F11,F12,F13,F14,F15,F16,F17,F18,F19,F20,F21",88,114:22|194:66,"194,194,194,124"
LAY_020,CFG_023,G,22,"G00,G01,G02,G03,G04,G05,G06,G07,G08,G09,G10,G11,G12,G13,G14,G15,G16,G17,G18,G19,G20,G21",110,114:88|194:22,"194,114,114,114,154"
LAY_020,CFG_023,H,22,"H00,H01,H02,H03,H04,H05,H06,H07,H08,H09,H10,H11,H12,H13,H14,H15,H16,H17,H18,H19,H20,H21",110,114:88|194:22,"194,114,114,114,154"
LAY_020,CFG_023,I,22,"I00,I01,I02,I03,I04,I05,I06,I07,I08,I09,I10,I11,I12,I13,I14,I15,I16,I17,I18,I19,I20,I21",110,114:88|194:22,"194,114,114,114,154"
LAY_020,CFG_023,J,22,"J00,J01,J02,J03,J04,J05,J06,J07,J08,J09,J10,J11,J12,J13,J14,J15,J16,J17,J18,J19,J20,J21",110,114:88|194:22,"194,114,114,114,154"
LAY_020,CFG_023,K,22,"K00,K01,K02,K03,K04,K05,K06,K07,K08,K09,K10,K11,K12,K13,K14,K15,K16,K17,K18,K19,K20,K21",110,114:88|194:22,"194,114,114,114,154"
LAY_021,CFG_024,A,16,"A00,A01,A02,A03,A04,A05,A06,A07,A08,A09,A10,A11,A12,A13,A14,A15",64,114:32|239:32,"239,239,114,114"
LAY_021,CFG_024,B,22,"B00,B01,B02,B03,B04,B05,B06,B07,B08,B09,B10,B11,B12,B13,B14,B15,B16,B17,B18,B19,B20,B21",88,114:44|239:44,"239,239,114,114"
LAY_021,CFG_024,D,22,"D00,D01,D02,D03,D04,D05,D06,D07,D08,D09,D10,D11,D12,D13,D14,D15,D16,D17,D18,D19,D20,D21",88,114:44|194:22|239:22,"239,194,114,159"
LAY_021,CFG_024,E,22,"E00,E01,E02,E03,E04,E05,E06,E07,E08,E09,E10,E11,E12,E13,E14,E15,E16,E17,E18,E19,E20,E21",132,84:110|239:22,"239,84,84,84,84,99"
LAY_021,CFG_024,F,22,"F00,F01,F02,F03,F04,F05,F06,F07,F08,F09,F10,F11,F12,F13,F14,F15,F16,F17,F18,F19,F20,F21",110,84:44|114:22|194:44,"194,194,114,84,104"
LAY_021,CFG_024,G,22,"G00,G01,G02,G03,G04,G05,G06,G07,G08,G09,G10,G11,G12,G13,G14,G15,G16,G17,G18,G19,G20,G21",110,84:44|114:22|194:44,"194,194,114,84,104"
LAY_021,CFG_024,H,22,"H00,H01,H02,H03,H04,H05,H06,H07,H08,H09,H10,H11,H12,H13,H14,H15,H16,H17,H18,H19,H20,H21",110,84:44|114:22|194:44,"194,194,114,84,104"
LAY_021,CFG_024,I,22,"I00,I01,I02,I03,I04,I05,I06,I07,I08,I09,I10,I11,I12,I13,I14,I15,I16,I17,I18,I19,I20,I21",110,84:44|114:22|194:44,"194,194,114,84,104"
LAY_021,CFG_024,J,22,"J00,J01,J02,J03,J04,J05,J06,J07,J08,J09,J10,J11,J12,J13,J14,J15,J16,J17,J18,J19,J20,J21",110,84:44|114:22|194:44,"194,194,114,84,104"
LAY_021,CFG_024,K,22,"K00,K01,K02,K03,K04,K05,K06,K07,K08,K09,K10,K11,K12,K13,K14,K15,K16,K17,K18,K19,K20,K21",110,84:44|114:22|194:44,"194,194,114,84,104"
LAY_022,CFG_025,A,16,"A00,A01,A02,A03,A04,A05,A06,A07,A08,A09,A10,A11,A12,A13,A14,A15",64,144:32|194:32,"194,194,144,174"
LAY_022,CFG_025,B,22,"B00,B01,B02,B03,B04,B05,B06,B07,B08,B09,B10,B11,B12,B13,B14,B15,B16,B17,B18,B19,B20,B21",88,114:22|194:66,"194,194,194,124"
LAY_022,CFG_025,D,22,"D00,D01,D02,D03,D04,D05,D06,D07,D08,D09,D10,D11,D12,D13,D14,D15,D16,D17,D18,D19,D20,D21",154,84:110|114:44,"114,114,84,84,84,84,94"
LAY_022,CFG_025,E,22,"E00,E01,E02,E03,E04,E05,E06,E07,E08,E09,E10,E11,E12,E13,E14,E15,E16,E17,E18,E19,E20,E21",154,84:110|114:44,"114,114,84,84,84,84,94"
LAY_022,CFG_025,F,22,"F00,F01,F02,F03,F04,F05,F06,F07,F08,F09,F10,F11,F12,F13,F14,F15,F16,F17,F18,F19,F20,F21",132,84:22|114:110,"114,114,114,114,114,104"
LAY_022,CFG_025,G,22,"G00,G01,G02,G03,G04,G05,G06,G07,G08,G09,G10,G11,G12,G13,G14,G15,G16,G17,G18,G19,G20,G21",154,84:132|144:22,"144,84,84,84,84,84,94"
LAY_022,CFG_025,H,22,"H00,H01,H02,H03,H04,H05,H06,H07,H08,H09,H10,H11,H12,H13,H14,H15,H16,H17,H18,H19,H20,H21",88,144:66|239:22,"239,144,144,179"
LAY_022,CFG_025,I,22,"I00,I01,I02,I03,I04,I05,I06,I07,I08,I09,I10,I11,I12,I13,I14,I15,I16,I17,I18,I19,I20,I21",88,144:66|239:22,"239,144,144,179"
LAY_022,CFG_025,J,22,"J00,J01,J02,J03,J04,J05,J06,J07,J08,J09,J10,J11,J12,J13,J14,J15,J16,J17,J18,J19,J20,J21",88,84:22|144:22|239:44,"239,239,144,84"
LAY_022,CFG_025,K,22,"K00,K01,K02,K03,K04,K05,K06,K07,K08,K09,K10,K11,K12,K13,K14,K15,K16,K17,K18,K19,K20,K21",88,144:44|194:44,"194,194,144,174"
LAY_023,CFG_026,A,16,"A00,A01,A02,A03,A04,A05,A06,A07,A08,A09,A10,A11,A12,A13,A14,A15",128,59:96|84:16|194:16,"194,84,59,59,59,59,59,69"
LAY_023,CFG_026,B,22,"B00,B01,B02,B03,B04,B05,B06,B07,B08,B09,B10,B11,B12,B13,B14,B15,B16,B17,B18,B19,B20,B21",154,59:44|84:44|114:44|144:22,"144,114,114,84,84,59,59"
LAY_023,CFG_026,D,22,"D00,D01,D02,D03,D04,D05,D06,D07,D08,D09,D10,D11,D12,D13,D14,D15,D16,D17,D18,D19,D20,D21",154,84:110|114:44,"114,114,84,84,84,84,94"
LAY_023,CFG_026,E,22,"E00,E01,E02,E03,E04,E05,E06,E07,E08,E09,E10,E11,E12,E13,E14,E15,E16,E17,E18,E19,E20,E21",132,84:66|114:44|194:22,"194,114,114,84,84,84"
LAY_023,CFG_026,F,22,"F00,F01,F02,F03,F04,F05,F06,F07,F08,F09,F10,F11,F12,F13,F14,F15,F16,F17,F18,F19,F20,F21",88,114:22|194:66,"194,194,194,124"
LAY_023,CFG_026,G,22,"G00,G01,G02,G03,G04,G05,G06,G07,G08,G09,G10,G11,G12,G13,G14,G15,G16,G17,G18,G19,G20,G21",110,114:22|144:88,"144,144,144,144,114"
LAY_023,CFG_026,H,22,"H00,H01,H02,H03,H04,H05,H06,H07,H08,H09,H10,H11,H12,H13,H14,H15,H16,H17,H18,H19,H20,H21",88,114:44|239:44,"239,239,114,114"
LAY_023,CFG_026,I,22,"I00,I01,I02,I03,I04,I05,I06,I07,I08,I09,I10,I11,I12,I13,I14,I15,I16,I17,I18,I19,I20,I21",88,144:66|239:22,"239,144,144,179"
LAY_023,CFG_026,J,22,"J00,J01,J02,J03,J04,J05,J06,J07,J08,J09,J10,J11,J12,J13,J14,J15,J16,J17,J18,J19,J20,J21",88,84:22|144:22|239:44,"239,239,144,84"
LAY_023,CFG_026,K,22,"K00,K01,K02,K03,K04,K05,K06,K07,K08,K09,K10,K11,K12,K13,K14,K15,K16,K17,K18,K19,K20,K21",88,144:44|194:44,"194,194,144,174"
LAY_024,CFG_027,A,16,"A00,A01,A02,A03,A04,A05,A06,A07,A08,A09,A10,A11,A12,A13,A14,A15",144,59:96|84:16|94:32,"94,94,84,59,59,59,59,59,59"
LAY_024,CFG_027,B,22,"B00,B01,B02,B03,B04,B05,B06,B07,B08,B09,B10,B11,B12,B13,B14,B15,B16,B17,B18,B19,B20,B21",176,59:44|84:110|94:22,"94,84,84,84,84,84,59,69"
LAY_024,CFG_027,D,22,"D00,D01,D02,D03,D04,D05,D06,D07,D08,D09,D10,D11,D12,D13,D14,D15,D16,D17,D18,D19,D20,D21",154,84:110|94:22|144:22,"144,94,84,84,84,84,84"
LAY_024,CFG_027,E,22,"E00,E01,E02,E03,E04,E05,E06,E07,E08,E09,E10,E11,E12,E13,E14,E15,E16,E17,E18,E19,E20,E21",110,94:22|114:22|144:44|194:22,"194,144,144,114,94"
LAY_024,CFG_027,F,22,"F00,F01,F02,F03,F04,F05,F06,F07,F08,F09,F10,F11,F12,F13,F14,F15,F16,F17,F18,F19,F20,F21",110,114:22|144:88,"144,144,144,144,114"
LAY_024,CFG_027,G,22,"G00,G01,G02,G03,G04,G05,G06,G07,G08,G09,G10,G11,G12,G13,G14,G15,G16,G17,G18,G19,G20,G21",88,114:22|144:22|194:22|239:22,"239,194,144,129"
LAY_024,CFG_027,H,22,"H00,H01,H02,H03,H04,H05,H06,H07,H08,H09,H10,H11,H12,H13,H14,H15,H16,H17,H18,H19,H20,H21",88,114:22|194:66,"194,194,194,124"
LAY_024,CFG_027,I,22,"I00,I01,I02,I03,I04,I05,I06,I07,I08,I09,I10,I11,I12,I13,I14,I15,I16,I17,I18,I19,I20,I21",88,114:44|239:44,"239,239,114,114"
LAY_024,CFG_027,J,22,"J00,J01,J02,J03,J04,J05,J06,J07,J08,J09,J10,J11,J12,J13,J14,J15,J16,J17,J18,J19,J20,J21",88,84:22|144:22|239:44,"239,239,144,84"
LAY_024,CFG_027,K,22,"K00,K01,K02,K03,K04,K05,K06,K07,K08,K09,K10,K11,K12,K13,K14,K15,K16,K17,K18,K19,K20,K21",88,144:44|194:44,"194,194,144,174"
LAY_025,CFG_028,A,16,"A00,A01,A02,A03,A04,A05,A06,A07,A08,A09,A10,A11,A12,A13,A14,A15",128,59:96|94:16|194:16,"194,94,59,59,59,59,59,59"
LAY_025,CFG_028,B,22,"B00,B01,B02,B03,B04,B05,B06,B07,B08,B09,B10,B11,B12,B13,B14,B15,B16,B17,B18,B19,B20,B21",154,59:44|84:88|194:22,"194,84,84,84,84,59,69"
LAY_025,CFG_028,D,22,"D00,D01,D02,D03,D04,D05,D06,D07,D08,D09,D10,D11,D12,D13,D14,D15,D16,D17,D18,D19,D20,D21",154,84:44|94:88|114:22,"114,94,94,94,94,84,84"
LAY_025,CFG_028,E,22,"E00,E01,E02,E03,E04,E05,E06,E07,E08,E09,E10,E11,E12,E13,E14,E15,E16,E17,E18,E19,E20,E21",154,59:22|84:110|169:22,"169,84,84,84,84,84,69"
LAY_025,CFG_028,F,22,"F00,F01,F02,F03,F04,F05,F06,F07,F08,F09,F10,F11,F12,F13,F14,F15,F16,F17,F18,F19,F20,F21",88,114:22|169:44|239:22,"239,169,169,129"
LAY_025,CFG_028,G,22,"G00,G01,G02,G03,G04,G05,G06,G07,G08,G09,G10,G11,G12,G13,G14,G15,G16,G17,G18,G19,G20,G21",110,114:22|144:88,"144,144,144,144,114"
LAY_025,CFG_028,H,22,"H00,H01,H02,H03,H04,H05,H06,H07,H08,H09,H10,H11,H12,H13,H14,H15,H16,H17,H18,H19,H20,H21",110,114:22|144:88,"144,144,144,144,114"
LAY_025,CFG_028,I,22,"I00,I01,I02,I03,I04,I05,I06,I07,I08,I09,I10,I11,I12,I13,I14,I15,I16,I17,I18,I19,I20,I21",88,114:44|239:44,"239,239,114,114"
LAY_025,CFG_028,J,22,"J00,J01,J02,J03,J04,J05,J06,J07,J08,J09,J10,J11,J12,J13,J14,J15,J16,J17,J18,J19,J20,J21",88,59:22|169:22|239:44,"239,239,169,59"
LAY_025,CFG_028,K,22,"K00,K01,K02,K03,K04,K05,K06,K07,K08,K09,K10,K11,K12,K13,K14,K15,K16,K17,K18,K19,K20,K21",88,169:66|194:22,"194,169,169,174"
LAY_026,CFG_029,A,16,"A00,A01,A02,A03,A04,A05,A06,A07,A08,A09,A10,A11,A12,A13,A14,A15",80,59:16|94:32|194:16|239:16,"239,194,94,94,69"
LAY_026,CFG_029,B,22,"B00,B01,B02,B03,B04,B05,B06,B07,B08,B09,B10,B11,B12,B13,B14,B15,B16,B17,B18,B19,B20,B21",176,59:132|94:22|194:22,"194,94,59,59,59,59,59,59"
LAY_026,CFG_029,D,22,"D00,D01,D02,D03,D04,D05,D06,D07,D08,D09,D10,D11,D12,D13,D14,D15,D16,D17,D18,D19,D20,D21",132,84:22|94:44|114:44|169:22,"169,114,114,94,94,89"
LAY_026,CFG_029,E,22,"E00,E01,E02,E03,E04,E05,E06,E07,E08,E09,E10,E11,E12,E13,E14,E15,E16,E17,E18,E19,E20,E21",132,84:88|169:44,"169,169,84,84,84,84"
LAY_026,CFG_029,F,22,"F00,F01,F02,F03,F04,F05,F06,F07,F08,F09,F10,F11,F12,F13,F14,F15,F16,F17,F18,F19,F20,F21",110,114:88|229:22,"229,114,114,114,119"
LAY_026,CFG_029,G,22,"G00,G01,G02,G03,G04,G05,G06,G07,G08,G09,G10,G11,G12,G13,G14,G15,G16,G17,G18,G19,G20,G21",110,84:44|144:44|229:22,"229,144,144,84,89"
LAY_026,CFG_029,H,22,"H00,H01,H02,H03,H04,H05,H06,H07,H08,H09,H10,H11,H12,H13,H14,H15,H16,H17,H18,H19,H20,H21",110,84:44|144:44|229:22,"229,144,144,84,89"
LAY_026,CFG_029,I,22,"I00,I01,I02,I03,I04,I05,I06,I07,I08,I09,I10,I11,I12,I13,I14,I15,I16,I17,I18,I19,I20,I21",132,59:22|84:44|144:66,"144,144,144,84,84,74"
LAY_026,CFG_029,J,22,"J00,J01,J02,J03,J04,J05,J06,J07,J08,J09,J10,J11,J12,J13,J14,J15,J16,J17,J18,J19,J20,J21",88,84:22|144:22|239:44,"239,239,144,84"
LAY_026,CFG_029,K,22,"K00,K01,K02,K03,K04,K05,K06,K07,K08,K09,K10,K11,K12,K13,K14,K15,K16,K17,K18,K19,K20,K21",88,169:66|194:22,"194,169,169,174"
LAY_027,CFG_030,A,16,"A00,A01,A02,A03,A04,A05,A06,A07,A08,A09,A10,A11,A12,A13,A14,A15",128,59:32|69:16|84:32|94:48,"94,94,94,84,84,69,59,64"
LAY_027,CFG_030,B,22,"B00,B01,B02,B03,B04,B05,B06,B07,B08,B09,B10,B11,B12,B13,B14,B15,B16,B17,B18,B19,B20,B21",198,59:110|69:44|94:44,"94,94,69,69,59,59,59,59,64"
LAY_027,CFG_030,D,22,"D00,D01,D02,D03,D04,D05,D06,D07,D08,D09,D10,D11,D12,D13,D14,D15,D16,D17,D18,D19,D20,D21",132,69:66|114:44|239:22,"239,114,114,69,69,69"
LAY_027,CFG_030,E,22,"E00,E01,E02,E03,E04,E05,E06,E07,E08,E09,E10,E11,E12,E13,E14,E15,E16,E17,E18,E19,E20,E21",132,84:88|169:44,"169,169,84,84,84,84"
LAY_027,CFG_030,F,22,"F00,F01,F02,F03,F04,F05,F06,F07,F08,F09,F10,F11,F12,F13,F14,F15,F16,F17,F18,F19,F20,F21",88,114:22|169:22|194:22|229:22,"229,194,169,114"
LAY_027,CFG_030,G,22,"G00,G01,G02,G03,G04,G05,G06,G07,G08,G09,G10,G11,G12,G13,G14,G15,G16,G17,G18,G19,G20,G21",88,114:44|229:44,"229,229,114,134"
LAY_027,CFG_030,H,22,"H00,H01,H02,H03,H04,H05,H06,H07,H08,H09,H10,H11,H12,H13,H14,H15,H16,H17,H18,H19,H20,H21",110,114:22|144:88,"144,144,144,144,114"
LAY_027,CFG_030,I,22,"I00,I01,I02,I03,I04,I05,I06,I07,I08,I09,I10,I11,I12,I13,I14,I15,I16,I17,I18,I19,I20,I21",110,114:22|144:88,"144,144,144,144,114"
LAY_027,CFG_030,J,22,"J00,J01,J02,J03,J04,J05,J06,J07,J08,J09,J10,J11,J12,J13,J14,J15,J16,J17,J18,J19,J20,J21",88,69:22|194:44|239:22,"239,194,194,79"
LAY_027,CFG_030,K,22,"K00,K01,K02,K03,K04,K05,K06,K07,K08,K09,K10,K11,K12,K13,K14,K15,K16,K17,K18,K19,K20,K21",88,169:66|194:22,"194,169,169,174"
LAY_029,CFG_033,A,16,"A00,A01,A02,A03,A04,A05,A06,A07,A08,A09,A10,A11,A12,A13,A14,A15",64,119:32|189:16|239:16,"239,189,119,159"
LAY_029,CFG_033,B,22,"B00,B01,B02,B03,B04,B05,B06,B07,B08,B09,B10,B11,B12,B13,B14,B15,B16,B17,B18,B19,B20,B21",88,119:44|189:22|239:22,"239,189,119,159"
LAY_029,CFG_033,D,22,"D00,D01,D02,D03,D04,D05,D06,D07,D08,D09,D10,D11,D12,D13,D14,D15,D16,D17,D18,D19,D20,D21",88,119:44|189:22|239:22,"239,189,119,159"
LAY_029,CFG_033,E,22,"E00,E01,E02,E03,E04,E05,E06,E07,E08,E09,E10,E11,E12,E13,E14,E15,E16,E17,E18,E19,E20,E21",88,119:44|189:22|239:22,"239,189,119,159"
LAY_029,CFG_033,F,22,"F00,F01,F02,F03,F04,F05,F06,F07,F08,F09,F10,F11,F12,F13,F14,F15,F16,F17,F18,F19,F20,F21",88,119:22|189:66,"189,189,189,139"
LAY_029,CFG_033,G,22,"G00,G01,G02,G03,G04,G05,G06,G07,G08,G09,G10,G11,G12,G13,G14,G15,G16,G17,G18,G19,G20,G21",88,119:22|189:66,"189,189,189,139"
LAY_029,CFG_033,H,22,"H00,H01,H02,H03,H04,H05,H06,H07,H08,H09,H10,H11,H12,H13,H14,H15,H16,H17,H18,H19,H20,H21",110,119:88|189:22,"189,119,119,119,144"
LAY_029,CFG_033,I,22,"I00,I01,I02,I03,I04,I05,I06,I07,I08,I09,I10,I11,I12,I13,I14,I15,I16,I17,I18,I19,I20,I21",110,119:88|189:22,"189,119,119,119,144"
LAY_029,CFG_033,J,22,"J00,J01,J02,J03,J04,J05,J06,J07,J08,J09,J10,J11,J12,J13,J14,J15,J16,J17,J18,J19,J20,J21",110,119:88|189:22,"189,119,119,119,144"
LAY_029,CFG_033,K,22,"K00,K01,K02,K03,K04,K05,K06,K07,K08,K09,K10,K11,K12,K13,K14,K15,K16,K17,K18,K19,K20,K21",110,119:88|189:22,"189,119,119,119,144"
LAY_030,CFG_034,A,16,"A00,A01,A02,A03,A04,A05,A06,A07,A08,A09,A10,A11,A12,A13,A14,A15",64,74:16|119:16|239:32,"239,239,119,109"
LAY_030,CFG_034,B,22,"B00,B01,B02,B03,B04,B05,B06,B07,B08,B09,B10,B11,B12,B13,B14,B15,B16,B17,B18,B19,B20,B21",88,74:22|119:22|239:44,"239,239,119,109"
LAY_030,CFG_034,D,22,"D00,D01,D02,D03,D04,D05,D06,D07,D08,D09,D10,D11,D12,D13,D14,D15,D16,D17,D18,D19,D20,D21",88,74:22|119:22|239:44,"239,239,119,109"
LAY_030,CFG_034,E,22,"E00,E01,E02,E03,E04,E05,E06,E07,E08,E09,E10,E11,E12,E13,E14,E15,E16,E17,E18,E19,E20,E21",88,119:22|189:66,"189,189,189,139"
LAY_030,CFG_034,F,22,"F00,F01,F02,F03,F04,F05,F06,F07,F08,F09,F10,F11,F12,F13,F14,F15,F16,F17,F18,F19,F20,F21",88,119:22|189:66,"189,189,189,139"
LAY_030,CFG_034,G,22,"G00,G01,G02,G03,G04,G05,G06,G07,G08,G09,G10,G11,G12,G13,G14,G15,G16,G17,G18,G19,G20,G21",88,119:22|189:66,"189,189,189,139"
LAY_030,CFG_034,H,22,"H00,H01,H02,H03,H04,H05,H06,H07,H08,H09,H10,H11,H12,H13,H14,H15,H16,H17,H18,H19,H20,H21",88,119:22|189:66,"189,189,189,139"
LAY_030,CFG_034,I,22,"I00,I01,I02,I03,I04,I05,I06,I07,I08,I09,I10,I11,I12,I13,I14,I15,I16,I17,I18,I19,I20,I21",110,74:22|119:44|189:44,"189,189,119,119,74"
LAY_030,CFG_034,J,22,"J00,J01,J02,J03,J04,J05,J06,J07,J08,J09,J10,J11,J12,J13,J14,J15,J16,J17,J18,J19,J20,J21",132,74:22|119:110,"119,119,119,119,119,79"
LAY_030,CFG_034,K,22,"K00,K01,K02,K03,K04,K05,K06,K07,K08,K09,K10,K11,K12,K13,K14,K15,K16,K17,K18,K19,K20,K21",176,74:154|119:22,"119,74,74,74,74,74,74,79"
LAY_031,CFG_035,A,16,"A00,A01,A02,A03,A04,A05,A06,A07,A08,A09,A10,A11,A12,A13,A14,A15",80,74:16|119:32|189:32,"189,189,119,119,74"
LAY_031,CFG_035,B,22,"B00,B01,B02,B03,B04,B05,B06,B07,B08,B09,B10,B11,B12,B13,B14,B15,B16,B17,B18,B19,B20,B21",132,74:88|189:44,"189,189,74,74,74,74"
LAY_031,CFG_035,D,22,"D00,D01,D02,D03,D04,D05,D06,D07,D08,D09,D10,D11,D12,D13,D14,D15,D16,D17,D18,D19,D20,D21",176,74:154|119:22,"119,74,74,74,74,74,74,79"
LAY_031,CFG_035,E,22,"E00,E01,E02,E03,E04,E05,E06,E07,E08,E09,E10,E11,E12,E13,E14,E15,E16,E17,E18,E19,E20,E21",110,119:66|154:44,"154,154,119,119,144"
LAY_031,CFG_035,F,22,"F00,F01,F02,F03,F04,F05,F06,F07,F08,F09,F10,F11,F12,F13,F14,F15,F16,F17,F18,F19,F20,F21",110,119:66|154:44,"154,154,119,119,144"
LAY_031,CFG_035,G,22,"G00,G01,G02,G03,G04,G05,G06,G07,G08,G09,G10,G11,G12,G13,G14,G15,G16,G17,G18,G19,G20,G21",132,74:22|119:110,"119,119,119,119,119,79"
LAY_031,CFG_035,H,22,"H00,H01,H02,H03,H04,H05,H06,H07,H08,H09,H10,H11,H12,H13,H14,H15,H16,H17,H18,H19,H20,H21",88,154:66|239:22,"239,154,154,159"
LAY_031,CFG_035,I,22,"I00,I01,I02,I03,I04,I05,I06,I07,I08,I09,I10,I11,I12,I13,I14,I15,I16,I17,I18,I19,I20,I21",88,154:66|239:22,"239,154,154,159"
LAY_031,CFG_035,J,22,"J00,J01,J02,J03,J04,J05,J06,J07,J08,J09,J10,J11,J12,J13,J14,J15,J16,J17,J18,J19,J20,J21",88,74:22|154:22|239:44,"239,239,154,74"
LAY_031,CFG_035,K,22,"K00,K01,K02,K03,K04,K05,K06,K07,K08,K09,K10,K11,K12,K13,K14,K15,K16,K17,K18,K19,K20,K21",88,154:44|189:44,"189,189,154,174"
LAY_032,CFG_036,A,16,"A00,A01,A02,A03,A04,A05,A06,A07,A08,A09,A10,A11,A12,A13,A14,A15",80,94:32|119:16|189:32,"189,189,119,94,99"
LAY_032,CFG_036,B,22,"B00,B01,B02,B03,B04,B05,B06,B07,B08,B09,B10,B11,B12,B13,B14,B15,B16,B17,B18,B19,B20,B21",110,94:44|119:22|189:44,"189,189,119,94,99"
LAY_032,CFG_036,D,22,"D00,D01,D02,D03,D04,D05,D06,D07,D08,D09,D10,D11,D12,D13,D14,D15,D16,D17,D18,D19,D20,D21",154,74:66|94:66|154:22,"154,94,94,94,74,74,74"
LAY_032,CFG_036,E,22,"E00,E01,E02,E03,E04,E05,E06,E07,E08,E09,E10,E11,E12,E13,E14,E15,E16,E17,E18,E19,E20,E21",176,74:154|119:22,"119,74,74,74,74,74,74,79"
LAY_032,CFG_036,F,22,"F00,F01,F02,F03,F04,F05,F06,F07,F08,F09,F10,F11,F12,F13,F14,F15,F16,F17,F18,F19,F20,F21",132,74:22|119:110,"119,119,119,119,119,79"
LAY_032,CFG_036,G,22,"G00,G01,G02,G03,G04,G05,G06,G07,G08,G09,G10,G11,G12,G13,G14,G15,G16,G17,G18,G19,G20,G21",110,74:22|154:88,"154,154,154,154,74"
LAY_032,CFG_036,H,22,"H00,H01,H02,H03,H04,H05,H06,H07,H08,H09,H10,H11,H12,H13,H14,H15,H16,H17,H18,H19,H20,H21",88,154:66|239:22,"239,154,154,159"
LAY_032,CFG_036,I,22,"I00,I01,I02,I03,I04,I05,I06,I07,I08,I09,I10,I11,I12,I13,I14,I15,I16,I17,I18,I19,I20,I21",88,154:66|239:22,"239,154,154,159"
LAY_032,CFG_036,J,22,"J00,J01,J02,J03,J04,J05,J06,J07,J08,J09,J10,J11,J12,J13,J14,J15,J16,J17,J18,J19,J20,J21",88,74:22|154:22|239:44,"239,239,154,74"
LAY_032,CFG_036,K,22,"K00,K01,K02,K03,K04,K05,K06,K07,K08,K09,K10,K11,K12,K13,K14,K15,K16,K17,K18,K19,K20,K21",88,154:44|189:44,"189,189,154,174"
LAY_033,CFG_037,A,16,"A00,A01,A02,A03,A04,A05,A06,A07,A08,A09,A10,A11,A12,A13,A14,A15",80,74:32|154:16|189:32,"189,189,154,74,84"
LAY_033,CFG_037,B,22,"B00,B01,B02,B03,B04,B05,B06,B07,B08,B09,B10,B11,B12,B13,B14,B15,B16,B17,B18,B19,B20,B21",154,94:154,"94,94,94,94,94,94,94"
LAY_033,CFG_037,D,22,"D00,D01,D02,D03,D04,D05,D06,D07,D08,D09,D10,D11,D12,D13,D14,D15,D16,D17,D18,D19,D20,D21",110,74:22|119:44|189:44,"189,189,119,119,74"
LAY_033,CFG_037,E,22,"E00,E01,E02,E03,E04,E05,E06,E07,E08,E09,E10,E11,E12,E13,E14,E15,E16,E17,E18,E19,E20,E21",132,74:22|119:110,"119,119,119,119,119,79"
LAY_033,CFG_037,F,22,"F00,F01,F02,F03,F04,F05,F06,F07,F08,F09,F10,F11,F12,F13,F14,F15,F16,F17,F18,F19,F20,F21",110,74:22|154:88,"154,154,154,154,74"
LAY_033,CFG_037,G,22,"G00,G01,G02,G03,G04,G05,G06,G07,G08,G09,G10,G11,G12,G13,G14,G15,G16,G17,G18,G19,G20,G21",132,74:88|139:22|239:22,"239,139,74,74,74,74"
LAY_033,CFG_037,H,22,"H00,H01,H02,H03,H04,H05,H06,H07,H08,H09,H10,H11,H12,H13,H14,H15,H16,H17,H18,H19,H20,H21",132,74:88|139:22|239:22,"239,139,74,74,74,74"
LAY_033,CFG_037,I,22,"I00,I01,I02,I03,I04,I05,I06,I07,I08,I09,I10,I11,I12,I13,I14,I15,I16,I17,I18,I19,I20,I21",88,74:22|139:22|239:44,"239,239,139,89"
LAY_033,CFG_037,J,22,"J00,J01,J02,J03,J04,J05,J06,J07,J08,J09,J10,J11,J12,J13,J14,J15,J16,J17,J18,J19,J20,J21",110,119:22|139:88,"139,139,139,139,134"
LAY_033,CFG_037,K,22,"K00,K01,K02,K03,K04,K05,K06,K07,K08,K09,K10,K11,K12,K13,K14,K15,K16,K17,K18,K19,K20,K21",88,154:44|189:44,"189,189,154,174"
LAY_034,CFG_038,A,16,"A00,A01,A02,A03,A04,A05,A06,A07,A08,A09,A10,A11,A12,A13,A14,A15",80,94:48|154:16|239:16,"239,154,94,94,109"
LAY_034,CFG_038,B,22,"B00,B01,B02,B03,B04,B05,B06,B07,B08,B09,B10,B11,B12,B13,B14,B15,B16,B17,B18,B19,B20,B21",176,74:132|94:44,"94,94,74,74,74,74,74,84"
LAY_034,CFG_038,D,22,"D00,D01,D02,D03,D04,D05,D06,D07,D08,D09,D10,D11,D12,D13,D14,D15,D16,D17,D18,D19,D20,D21",176,74:132|94:44,"94,94,74,74,74,74,74,84"
LAY_034,CFG_038,E,22,"E00,E01,E02,E03,E04,E05,E06,E07,E08,E09,E10,E11,E12,E13,E14,E15,E16,E17,E18,E19,E20,E21",110,119:22|139:66|154:22,"154,139,139,139,119"
LAY_034,CFG_038,F,22,"F00,F01,F02,F03,F04,F05,F06,F07,F08,F09,F10,F11,F12,F13,F14,F15,F16,F17,F18,F19,F20,F21",88,154:66|224:22,"224,154,154,174"
LAY_034,CFG_038,G,22,"G00,G01,G02,G03,G04,G05,G06,G07,G08,G09,G10,G11,G12,G13,G14,G15,G16,G17,G18,G19,G20,G21",88,119:22|139:22|224:44,"224,224,139,119"
LAY_034,CFG_038,H,22,"H00,H01,H02,H03,H04,H05,H06,H07,H08,H09,H10,H11,H12,H13,H14,H15,H16,H17,H18,H19,H20,H21",132,74:22|119:110,"119,119,119,119,119,79"
LAY_034,CFG_038,I,22,"I00,I01,I02,I03,I04,I05,I06,I07,I08,I09,I10,I11,I12,I13,I14,I15,I16,I17,I18,I19,I20,I21",110,74:22|139:66|189:22,"189,139,139,139,84"
LAY_034,CFG_038,J,22,"J00,J01,J02,J03,J04,J05,J06,J07,J08,J09,J10,J11,J12,J13,J14,J15,J16,J17,J18,J19,J20,J21",88,139:22|189:66,"189,189,189,139"
LAY_034,CFG_038,K,22,"K00,K01,K02,K03,K04,K05,K06,K07,K08,K09,K10,K11,K12,K13,K14,K15,K16,K17,K18,K19,K20,K21",88,154:44|189:44,"189,189,154,174"
LAY_035,CFG_039,A,16,"A00,A01,A02,A03,A04,A05,A06,A07,A08,A09,A10,A11,A12,A13,A14,A15",112,59:48|74:32|94:16|239:16,"239,94,74,74,59,59,59"
LAY_035,CFG_039,B,22,"B00,B01,B02,B03,B04,B05,B06,B07,B08,B09,B10,B11,B12,B13,B14,B15,B16,B17,B18,B19,B20,B21",176,59:44|74:44|94:88,"94,94,94,94,74,74,59,59"
LAY_035,CFG_039,D,22,"D00,D01,D02,D03,D04,D05,D06,D07,D08,D09,D10,D11,D12,D13,D14,D15,D16,D17,D18,D19,D20,D21",154,74:66|94:44|119:44,"119,119,94,94,74,74,84"
LAY_035,CFG_039,E,22,"E00,E01,E02,E03,E04,E05,E06,E07,E08,E09,E10,E11,E12,E13,E14,E15,E16,E17,E18,E19,E20,E21",110,74:22|154:88,"154,154,154,154,74"
LAY_035,CFG_039,F,22,"F00,F01,F02,F03,F04,F05,F06,F07,F08,F09,F10,F11,F12,F13,F14,F15,F16,F17,F18,F19,F20,F21",88,139:22|154:22|189:22|224:22,"224,189,154,139"
LAY_035,CFG_039,G,22,"G00,G01,G02,G03,G04,G05,G06,G07,G08,G09,G10,G11,G12,G13,G14,G15,G16,G17,G18,G19,G20,G21",88,119:22|139:22|224:44,"224,224,139,119"
LAY_035,CFG_039,H,22,"H00,H01,H02,H03,H04,H05,H06,H07,H08,H09,H10,H11,H12,H13,H14,H15,H16,H17,H18,H19,H20,H21",110,119:66|139:22|189:22,"189,139,119,119,124"
LAY_035,CFG_039,I,22,"I00,I01,I02,I03,I04,I05,I06,I07,I08,I09,I10,I11,I12,I13,I14,I15,I16,I17,I18,I19,I20,I21",110,119:22|139:88,"139,139,139,139,134"
LAY_035,CFG_039,J,22,"J00,J01,J02,J03,J04,J05,J06,J07,J08,J09,J10,J11,J12,J13,J14,J15,J16,J17,J18,J19,J20,J21",88,74:22|189:44|239:22,"239,189,189,89"
LAY_035,CFG_039,K,22,"K00,K01,K02,K03,K04,K05,K06,K07,K08,K09,K10,K11,K12,K13,K14,K15,K16,K17,K18,K19,K20,K21",88,154:44|189:44,"189,189,154,174"
LAY_036,CFG_040,A,16,"A00,A01,A02,A03,A04,A05,A06,A07,A08,A09,A10,A11,A12,A13,A14,A15",96,59:48|104:16|154:16|239:16,"239,154,104,59,59,59"
LAY_036,CFG_040,B,22,"B00,B01,B02,B03,B04,B05,B06,B07,B08,B09,B10,B11,B12,B13,B14,B15,B16,B17,B18,B19,B20,B21",154,59:44|74:22|104:66|154:22,"154,104,104,104,74,59,59"
LAY_036,CFG_040,D,22,"D00,D01,D02,D03,D04,D05,D06,D07,D08,D09,D10,D11,D12,D13,D14,D15,D16,D17,D18,D19,D20,D21",176,74:154|119:22,"119,74,74,74,74,74,74,79"
LAY_036,CFG_040,E,22,"E00,E01,E02,E03,E04,E05,E06,E07,E08,E09,E10,E11,E12,E13,E14,E15,E16,E17,E18,E19,E20,E21",154,94:154,"94,94,94,94,94,94,94"
LAY_036,CFG_040,F,22,"F00,F01,F02,F03,F04,F05,F06,F07,F08,F09,F10,F11,F12,F13,F14,F15,F16,F17,F18,F19,F20,F21",88,154:66|224:22,"224,154,154,174"
LAY_036,CFG_040,G,22,"G00,G01,G02,G03,G04,G05,G06,G07,G08,G09,G10,G11,G12,G13,G14,G15,G16,G17,G18,G19,G20,G21",88,119:22|139:22|224:44,"224,224,139,119"
LAY_036,CFG_040,H,22,"H00,H01,H02,H03,H04,H05,H06,H07,H08,H09,H10,H11,H12,H13,H14,H15,H16,H17,H18,H19,H20,H21",110,119:22|139:88,"139,139,139,139,134"
LAY_036,CFG_040,I,22,"I00,I01,I02,I03,I04,I05,I06,I07,I08,I09,I10,I11,I12,I13,I14,I15,I16,I17,I18,I19,I20,I21",110,104:22|119:22|139:44|189:22,"189,139,139,119,104"
LAY_036,CFG_040,J,22,"J00,J01,J02,J03,J04,J05,J06,J07,J08,J09,J10,J11,J12,J13,J14,J15,J16,J17,J18,J19,J20,J21",88,139:22|189:66,"189,189,189,139"
LAY_036,CFG_040,K,22,"K00,K01,K02,K03,K04,K05,K06,K07,K08,K09,K10,K11,K12,K13,K14,K15,K16,K17,K18,K19,K20,K21",88,154:44|189:44,"189,189,154,174"
LAY_038,CFG_043,A,16,"A00,A01,A02,A03,A04,A05,A06,A07,A08,A09,A10,A11,A12,A13,A14,A15",64,119:16|189:48,"189,189,189,139"
LAY_038,CFG_043,B,22,"B00,B01,B02,B03,B04,B05,B06,B07,B08,B09,B10,B11,B12,B13,B14,B15,B16,B17,B18,B19,B20,B21",88,119:22|189:66,"189,189,189,139"
LAY_038,CFG_043,D,22,"D00,D01,D02,D03,D04,D05,D06,D07,D08,D09,D10,D11,D12,D13,D14,D15,D16,D17,D18,D19,D20,D21",88,119:22|189:66,"189,189,189,139"
LAY_038,CFG_043,E,22,"E00,E01,E02,E03,E04,E05,E06,E07,E08,E09,E10,E11,E12,E13,E14,E15,E16,E17,E18,E19,E20,E21",88,119:44|189:22|239:22,"239,189,119,159"
LAY_038,CFG_043,F,22,"F00,F01,F02,F03,F04,F05,F06,F07,F08,F09,F10,F11,F12,F13,F14,F15,F16,F17,F18,F19,F20,F21",88,119:44|189:22|239:22,"239,189,119,159"
LAY_038,CFG_043,G,22,"G00,G01,G02,G03,G04,G05,G06,G07,G08,G09,G10,G11,G12,G13,G14,G15,G16,G17,G18,G19,G20,G21",88,119:44|189:22|239:22,"239,189,119,159"
LAY_038,CFG_043,H,22,"H00,H01,H02,H03,H04,H05,H06,H07,H08,H09,H10,H11,H12,H13,H14,H15,H16,H17,H18,H19,H20,H21",88,119:44|189:22|239:22,"239,189,119,159"
LAY_038,CFG_043,I,22,"I00,I01,I02,I03,I04,I05,I06,I07,I08,I09,I10,I11,I12,I13,I14,I15,I16,I17,I18,I19,I20,I21",110,119:88|189:22,"189,119,119,119,144"
LAY_038,CFG_043,J,22,"J00,J01,J02,J03,J04,J05,J06,J07,J08,J09,J10,J11,J12,J13,J14,J15,J16,J17,J18,J19,J20,J21",110,119:88|189:22,"189,119,119,119,144"
LAY_038,CFG_043,K,22,"K00,K01,K02,K03,K04,K05,K06,K07,K08,K09,K10,K11,K12,K13,K14,K15,K16,K17,K18,K19,K20,K21",110,119:88|189:22,"189,119,119,119,144"
LAY_039,CFG_044,A,16,"A00,A01,A02,A03,A04,A05,A06,A07,A08,A09,A10,A11,A12,A13,A14,A15",64,89:16|119:16|239:32,"239,239,119,109"
LAY_039,CFG_044,B,22,"B00,B01,B02,B03,B04,B05,B06,B07,B08,B09,B10,B11,B12,B13,B14,B15,B16,B17,B18,B19,B20,B21",88,89:22|189:44|239:22,"239,189,189,89"
LAY_039,CFG_044,D,22,"D00,D01,D02,D03,D04,D05,D06,D07,D08,D09,D10,D11,D12,D13,D14,D15,D16,D17,D18,D19,D20,D21",88,89:22|189:44|239:22,"239,189,189,89"
LAY_039,CFG_044,E,22,"E00,E01,E02,E03,E04,E05,E06,E07,E08,E09,E10,E11,E12,E13,E14,E15,E16,E17,E18,E19,E20,E21",88,89:22|189:44|239:22,"239,189,189,89"
LAY_039,CFG_044,F,22,"F00,F01,F02,F03,F04,F05,F06,F07,F08,F09,F10,F11,F12,F13,F14,F15,F16,F17,F18,F19,F20,F21",88,119:22|189:66,"189,189,189,139"
LAY_039,CFG_044,G,22,"G00,G01,G02,G03,G04,G05,G06,G07,G08,G09,G10,G11,G12,G13,G14,G15,G16,G17,G18,G19,G20,G21",88,119:22|189:66,"189,189,189,139"
LAY_039,CFG_044,H,22,"H00,H01,H02,H03,H04,H05,H06,H07,H08,H09,H10,H11,H12,H13,H14,H15,H16,H17,H18,H19,H20,H21",88,119:22|189:66,"189,189,189,139"
LAY_039,CFG_044,I,22,"I00,I01,I02,I03,I04,I05,I06,I07,I08,I09,I10,I11,I12,I13,I14,I15,I16,I17,I18,I19,I20,I21",110,119:88|189:22,"189,119,119,119,144"
LAY_039,CFG_044,J,22,"J00,J01,J02,J03,J04,J05,J06,J07,J08,J09,J10,J11,J12,J13,J14,J15,J16,J17,J18,J19,J20,J21",154,89:132|119:22,"119,89,89,89,89,89,94"
LAY_039,CFG_044,K,22,"K00,K01,K02,K03,K04,K05,K06,K07,K08,K09,K10,K11,K12,K13,K14,K15,K16,K17,K18,K19,K20,K21",154,89:132|119:22,"119,89,89,89,89,89,94"
LAY_040,CFG_045,A,16,"A00,A01,A02,A03,A04,A05,A06,A07,A08,A09,A10,A11,A12,A13,A14,A15",64,164:32|189:32,"189,189,164,164"
LAY_040,CFG_045,B,22,"B00,B01,B02,B03,B04,B05,B06,B07,B08,B09,B10,B11,B12,B13,B14,B15,B16,B17,B18,B19,B20,B21",88,119:22|189:66,"189,189,189,139"
LAY_040,CFG_045,D,22,"D00,D01,D02,D03,D04,D05,D06,D07,D08,D09,D10,D11,D12,D13,D14,D15,D16,D17,D18,D19,D20,D21",154,89:132|119:22,"119,89,89,89,89,89,94"
LAY_040,CFG_045,E,22,"E00,E01,E02,E03,E04,E05,E06,E07,E08,E09,E10,E11,E12,E13,E14,E15,E16,E17,E18,E19,E20,E21",154,89:132|119:22,"119,89,89,89,89,89,94"
LAY_040,CFG_045,F,22,"F00,F01,F02,F03,F04,F05,F06,F07,F08,F09,F10,F11,F12,F13,F14,F15,F16,F17,F18,F19,F20,F21",110,89:44|164:66,"164,164,164,89,109"
LAY_040,CFG_045,G,22,"G00,G01,G02,G03,G04,G05,G06,G07,G08,G09,G10,G11,G12,G13,G14,G15,G16,G17,G18,G19,G20,G21",110,119:66|164:44,"164,164,119,119,124"
LAY_040,CFG_045,H,22,"H00,H01,H02,H03,H04,H05,H06,H07,H08,H09,H10,H11,H12,H13,H14,H15,H16,H17,H18,H19,H20,H21",110,119:66|164:44,"164,164,119,119,124"
LAY_040,CFG_045,I,22,"I00,I01,I02,I03,I04,I05,I06,I07,I08,I09,I10,I11,I12,I13,I14,I15,I16,I17,I18,I19,I20,I21",110,89:44|164:66,"164,164,164,89,109"
LAY_040,CFG_045,J,22,"J00,J01,J02,J03,J04,J05,J06,J07,J08,J09,J10,J11,J12,J13,J14,J15,J16,J17,J18,J19,J20,J21",88,89:22|119:22|239:44,"239,239,119,109"
LAY_040,CFG_045,K,22,"K00,K01,K02,K03,K04,K05,K06,K07,K08,K09,K10,K11,K12,K13,K14,K15,K16,K17,K18,K19,K20,K21",88,89:22|119:22|239:44,"239,239,119,109"
LAY_041,CFG_046,A,16,"A00,A01,A02,A03,A04,A05,A06,A07,A08,A09,A10,A11,A12,A13,A14,A15",64,139:16|189:48,"189,189,189,139"
LAY_041,CFG_046,B,22,"B00,B01,B02,B03,B04,B05,B06,B07,B08,B09,B10,B11,B12,B13,B14,B15,B16,B17,B18,B19,B20,B21",132,89:66|119:22|139:44,"139,139,119,89,89,99"
LAY_041,CFG_046,D,22,"D00,D01,D02,D03,D04,D05,D06,D07,D08,D09,D10,D11,D12,D13,D14,D15,D16,D17,D18,D19,D20,D21",110,89:44|119:22|189:44,"189,189,119,89,104"
LAY_041,CFG_046,E,22,"E00,E01,E02,E03,E04,E05,E06,E07,E08,E09,E10,E11,E12,E13,E14,E15,E16,E17,E18,E19,E20,E21",132,89:44|119:88,"119,119,119,119,89,109"
LAY_041,CFG_046,F,22,"F00,F01,F02,F03,F04,F05,F06,F07,F08,F09,F10,F11,F12,F13,F14,F15,F16,F17,F18,F19,F20,F21",110,89:22|119:66|239:22,"239,119,119,119,94"
LAY_041,CFG_046,G,22,"G00,G01,G02,G03,G04,G05,G06,G07,G08,G09,G10,G11,G12,G13,G14,G15,G16,G17,G18,G19,G20,G21",110,89:44|164:66,"164,164,164,89,109"
LAY_041,CFG_046,H,22,"H00,H01,H02,H03,H04,H05,H06,H07,H08,H09,H10,H11,H12,H13,H14,H15,H16,H17,H18,H19,H20,H21",110,89:44|164:66,"164,164,164,89,109"
LAY_041,CFG_046,I,22,"I00,I01,I02,I03,I04,I05,I06,I07,I08,I09,I10,I11,I12,I13,I14,I15,I16,I17,I18,I19,I20,I21",110,89:44|164:66,"164,164,164,89,109"
LAY_041,CFG_046,J,22,"J00,J01,J02,J03,J04,J05,J06,J07,J08,J09,J10,J11,J12,J13,J14,J15,J16,J17,J18,J19,J20,J21",88,89:22|139:22|239:44,"239,239,139,89"
LAY_041,CFG_046,K,22,"K00,K01,K02,K03,K04,K05,K06,K07,K08,K09,K10,K11,K12,K13,K14,K15,K16,K17,K18,K19,K20,K21",88,89:22|139:22|239:44,"239,239,139,89"
LAY_042,CFG_047,A,16,"A00,A01,A02,A03,A04,A05,A06,A07,A08,A09,A10,A11,A12,A13,A14,A15",64,139:32|189:16|239:16,"239,189,139,139"
LAY_042,CFG_047,B,22,"B00,B01,B02,B03,B04,B05,B06,B07,B08,B09,B10,B11,B12,B13,B14,B15,B16,B17,B18,B19,B20,B21",110,89:44|119:22|139:22|239:22,"239,139,119,89,104"
LAY_042,CFG_047,D,22,"D00,D01,D02,D03,D04,D05,D06,D07,D08,D09,D10,D11,D12,D13,D14,D15,D16,D17,D18,D19,D20,D21",154,89:132|119:22,"119,89,89,89,89,89,94"
LAY_042,CFG_047,E,22,"E00,E01,E02,E03,E04,E05,E06,E07,E08,E09,E10,E11,E12,E13,E14,E15,E16,E17,E18,E19,E20,E21",154,89:132|119:22,"119,89,89,89,89,89,94"
LAY_042,CFG_047,F,22,"F00,F01,F02,F03,F04,F05,F06,F07,F08,F09,F10,F11,F12,F13,F14,F15,F16,F17,F18,F19,F20,F21",110,119:66|164:44,"164,164,119,119,124"
LAY_042,CFG_047,G,22,"G00,G01,G02,G03,G04,G05,G06,G07,G08,G09,G10,G11,G12,G13,G14,G15,G16,G17,G18,G19,G20,G21",110,119:66|164:44,"164,164,119,119,124"
LAY_042,CFG_047,H,22,"H00,H01,H02,H03,H04,H05,H06,H07,H08,H09,H10,H11,H12,H13,H14,H15,H16,H17,H18,H19,H20,H21",88,164:44|189:44,"189,189,164,164"
LAY_042,CFG_047,I,22,"I00,I01,I02,I03,I04,I05,I06,I07,I08,I09,I10,I11,I12,I13,I14,I15,I16,I17,I18,I19,I20,I21",88,164:44|189:44,"189,189,164,164"
LAY_042,CFG_047,J,22,"J00,J01,J02,J03,J04,J05,J06,J07,J08,J09,J10,J11,J12,J13,J14,J15,J16,J17,J18,J19,J20,J21",88,89:22|164:22|219:44,"219,219,164,104"
LAY_042,CFG_047,K,22,"K00,K01,K02,K03,K04,K05,K06,K07,K08,K09,K10,K11,K12,K13,K14,K15,K16,K17,K18,K19,K20,K21",88,89:22|139:22|219:22|239:22,"239,219,139,109"
LAY_043,CFG_048,A,16,"A00,A01,A02,A03,A04,A05,A06,A07,A08,A09,A10,A11,A12,A13,A14,A15",80,74:16|89:16|139:32|239:16,"239,139,139,89,84"
LAY_043,CFG_048,B,22,"B00,B01,B02,B03,B04,B05,B06,B07,B08,B09,B10,B11,B12,B13,B14,B15,B16,B17,B18,B19,B20,B21",154,74:22|89:110|139:22,"139,89,89,89,89,89,74"
LAY_043,CFG_048,D,22,"D00,D01,D02,D03,D04,D05,D06,D07,D08,D09,D10,D11,D12,D13,D14,D15,D16,D17,D18,D19,D20,D21",176,74:154|119:22,"119,74,74,74,74,74,74,79"
LAY_043,CFG_048,E,22,"E00,E01,E02,E03,E04,E05,E06,E07,E08,E09,E10,E11,E12,E13,E14,E15,E16,E17,E18,E19,E20,E21",88,119:44|219:22|239:22,"239,219,119,129"
LAY_043,CFG_048,F,22,"F00,F01,F02,F03,F04,F05,F06,F07,F08,F09,F10,F11,F12,F13,F14,F15,F16,F17,F18,F19,F20,F21",110,119:66|164:44,"164,164,119,119,124"
LAY_043,CFG_048,G,22,"G00,G01,G02,G03,G04,G05,G06,G07,G08,G09,G10,G11,G12,G13,G14,G15,G16,G17,G18,G19,G20,G21",110,119:66|164:44,"164,164,119,119,124"
LAY_043,CFG_048,H,22,"H00,H01,H02,H03,H04,H05,H06,H07,H08,H09,H10,H11,H12,H13,H14,H15,H16,H17,H18,H19,H20,H21",88,89:22|164:22|219:44,"219,219,164,104"
LAY_043,CFG_048,I,22,"I00,I01,I02,I03,I04,I05,I06,I07,I08,I09,I10,I11,I12,I13,I14,I15,I16,I17,I18,I19,I20,I21",88,164:44|189:44,"189,189,164,164"
LAY_043,CFG_048,J,22,"J00,J01,J02,J03,J04,J05,J06,J07,J08,J09,J10,J11,J12,J13,J14,J15,J16,J17,J18,J19,J20,J21",88,164:44|189:44,"189,189,164,164"
LAY_043,CFG_048,K,22,"K00,K01,K02,K03,K04,K05,K06,K07,K08,K09,K10,K11,K12,K13,K14,K15,K16,K17,K18,K19,K20,K21",88,89:22|189:44|239:22,"239,189,189,89"
LAY_044,CFG_049,A,16,"A00,A01,A02,A03,A04,A05,A06,A07,A08,A09,A10,A11,A12,A13,A14,A15",64,89:16|139:16|239:32,"239,239,139,89"
LAY_044,CFG_049,B,22,"B00,B01,B02,B03,B04,B05,B06,B07,B08,B09,B10,B11,B12,B13,B14,B15,B16,B17,B18,B19,B20,B21",132,74:22|104:66|139:44,"139,139,104,104,104,84"
LAY_044,CFG_049,D,22,"D00,D01,D02,D03,D04,D05,D06,D07,D08,D09,D10,D11,D12,D13,D14,D15,D16,D17,D18,D19,D20,D21",132,89:110|219:22,"219,89,89,89,89,99"
LAY_044,CFG_049,E,22,"E00,E01,E02,E03,E04,E05,E06,E07,E08,E09,E10,E11,E12,E13,E14,E15,E16,E17,E18,E19,E20,E21",88,74:22|189:22|219:44,"219,219,189,79"
LAY_044,CFG_049,F,22,"F00,F01,F02,F03,F04,F05,F06,F07,F08,F09,F10,F11,F12,F13,F14,F15,F16,F17,F18,F19,F20,F21",176,74:154|119:22,"119,74,74,74,74,74,74,79"
LAY_044,CFG_049,G,22,"G00,G01,G02,G03,G04,G05,G06,G07,G08,G09,G10,G11,G12,G13,G14,G15,G16,G17,G18,G19,G20,G21",110,119:66|164:44,"164,164,119,119,124"
LAY_044,CFG_049,H,22,"H00,H01,H02,H03,H04,H05,H06,H07,H08,H09,H10,H11,H12,H13,H14,H15,H16,H17,H18,H19,H20,H21",110,119:66|164:44,"164,164,119,119,124"
LAY_044,CFG_049,I,22,"I00,I01,I02,I03,I04,I05,I06,I07,I08,I09,I10,I11,I12,I13,I14,I15,I16,I17,I18,I19,I20,I21",88,164:44|189:44,"189,189,164,164"
LAY_044,CFG_049,J,22,"J00,J01,J02,J03,J04,J05,J06,J07,J08,J09,J10,J11,J12,J13,J14,J15,J16,J17,J18,J19,J20,J21",88,164:44|189:44,"189,189,164,164"
LAY_044,CFG_049,K,22,"K00,K01,K02,K03,K04,K05,K06,K07,K08,K09,K10,K11,K12,K13,K14,K15,K16,K17,K18,K19,K20,K21",88,74:22|164:22|219:22|239:22,"239,219,164,84"
LAY_045,CFG_050,A,16,"A00,A01,A02,A03,A04,A05,A06,A07,A08,A09,A10,A11,A12,A13,A14,A15",96,89:32|104:32|139:32,"139,139,104,104,89,99"
LAY_045,CFG_050,B,22,"B00,B01,B02,B03,B04,B05,B06,B07,B08,B09,B10,B11,B12,B13,B14,B15,B16,B17,B18,B19,B20,B21",154,74:88|104:22|119:22|139:22,"139,119,104,74,74,74,74"
LAY_045,CFG_050,D,22,"D00,D01,D02,D03,D04,D05,D06,D07,D08,D09,D10,D11,D12,D13,D14,D15,D16,D17,D18,D19,D20,D21",176,74:110|89:66,"89,89,89,74,74,74,74,79"
LAY_045,CFG_050,E,22,"E00,E01,E02,E03,E04,E05,E06,E07,E08,E09,E10,E11,E12,E13,E14,E15,E16,E17,E18,E19,E20,E21",110,89:22|119:66|239:22,"239,119,119,119,94"
LAY_045,CFG_050,F,22,"F00,F01,F02,F03,F04,F05,F06,F07,F08,F09,F10,F11,F12,F13,F14,F15,F16,F17,F18,F19,F20,F21",110,119:66|164:44,"164,164,119,119,124"
LAY_045,CFG_050,G,22,"G00,G01,G02,G03,G04,G05,G06,G07,G08,G09,G10,G11,G12,G13,G14,G15,G16,G17,G18,G19,G20,G21",88,149:44|164:22|239:22,"239,164,149,154"
LAY_045,CFG_050,H,22,"H00,H01,H02,H03,H04,H05,H06,H07,H08,H09,H10,H11,H12,H13,H14,H15,H16,H17,H18,H19,H20,H21",88,149:22|164:44|219:22,"219,164,164,159"
LAY_045,CFG_050,I,22,"I00,I01,I02,I03,I04,I05,I06,I07,I08,I09,I10,I11,I12,I13,I14,I15,I16,I17,I18,I19,I20,I21",88,149:44|189:22|219:22,"219,189,149,149"
LAY_045,CFG_050,J,22,"J00,J01,J02,J03,J04,J05,J06,J07,J08,J09,J10,J11,J12,J13,J14,J15,J16,J17,J18,J19,J20,J21",88,104:22|189:44|219:22,"219,189,189,109"
LAY_045,CFG_050,K,22,"K00,K01,K02,K03,K04,K05,K06,K07,K08,K09,K10,K11,K12,K13,K14,K15,K16,K17,K18,K19,K20,K21",88,89:22|189:44|239:22,"239,189,189,89"
LAY_046,CFG_052,A,16,"A00,A01,A02,A03,A04,A05,A06,A07,A08,A09,A10,A11,A12,A13,A14,A15",64,114:32|239:32,"239,239,114,114"
LAY_046,CFG_052,B,22,"B00,B01,B02,B03,B04,B05,B06,B07,B08,B09,B10,B11,B12,B13,B14,B15,B16,B17,B18,B19,B20,B21",88,114:44|239:44,"239,239,114,114"
LAY_046,CFG_052,D,22,"D00,D01,D02,D03,D04,D05,D06,D07,D08,D09,D10,D11,D12,D13,D14,D15,D16,D17,D18,D19,D20,D21",88,114:44|239:44,"239,239,114,114"
LAY_046,CFG_052,E,22,"E00,E01,E02,E03,E04,E05,E06,E07,E08,E09,E10,E11,E12,E13,E14,E15,E16,E17,E18,E19,E20,E21",88,114:44|239:44,"239,239,114,114"
LAY_046,CFG_052,F,22,"F00,F01,F02,F03,F04,F05,F06,F07,F08,F09,F10,F11,F12,F13,F14,F15,F16,F17,F18,F19,F20,F21",88,114:44|239:44,"239,239,114,114"
LAY_046,CFG_052,G,22,"G00,G01,G02,G03,G04,G05,G06,G07,G08,G09,G10,G11,G12,G13,G14,G15,G16,G17,G18,G19,G20,G21",88,114:44|239:44,"239,239,114,114"
LAY_046,CFG_052,H,22,"H00,H01,H02,H03,H04,H05,H06,H07,H08,H09,H10,H11,H12,H13,H14,H15,H16,H17,H18,H19,H20,H21",88,114:44|239:44,"239,239,114,114"
LAY_046,CFG_052,I,22,"I00,I01,I02,I03,I04,I05,I06,I07,I08,I09,I10,I11,I12,I13,I14,I15,I16,I17,I18,I19,I20,I21",88,114:44|239:44,"239,239,114,114"
LAY_046,CFG_052,J,22,"J00,J01,J02,J03,J04,J05,J06,J07,J08,J09,J10,J11,J12,J13,J14,J15,J16,J17,J18,J19,J20,J21",88,114:44|239:44,"239,239,114,114"
LAY_046,CFG_052,K,22,"K00,K01,K02,K03,K04,K05,K06,K07,K08,K09,K10,K11,K12,K13,K14,K15,K16,K17,K18,K19,K20,K21",88,114:44|239:44,"239,239,114,114"
LAY_047,CFG_053,A,16,"A00,A01,A02,A03,A04,A05,A06,A07,A08,A09,A10,A11,A12,A13,A14,A15",80,114:64|189:16,"189,114,114,114,159"
LAY_047,CFG_053,B,22,"B00,B01,B02,B03,B04,B05,B06,B07,B08,B09,B10,B11,B12,B13,B14,B15,B16,B17,B18,B19,B20,B21",88,114:22|189:66,"189,189,189,139"
LAY_047,CFG_053,D,22,"D00,D01,D02,D03,D04,D05,D06,D07,D08,D09,D10,D11,D12,D13,D14,D15,D16,D17,D18,D19,D20,D21",88,114:22|189:66,"189,189,189,139"
LAY_047,CFG_053,E,22,"E00,E01,E02,E03,E04,E05,E06,E07,E08,E09,E10,E11,E12,E13,E14,E15,E16,E17,E18,E19,E20,E21",88,114:22|189:66,"189,189,189,139"
LAY_047,CFG_053,F,22,"F00,F01,F02,F03,F04,F05,F06,F07,F08,F09,F10,F11,F12,F13,F14,F15,F16,F17,F18,F19,F20,F21",88,114:22|189:66,"189,189,189,139"
LAY_047,CFG_053,G,22,"G00,G01,G02,G03,G04,G05,G06,G07,G08,G09,G10,G11,G12,G13,G14,G15,G16,G17,G18,G19,G20,G21",88,114:44|239:44,"239,239,114,114"
LAY_047,CFG_053,H,22,"H00,H01,H02,H03,H04,H05,H06,H07,H08,H09,H10,H11,H12,H13,H14,H15,H16,H17,H18,H19,H20,H21",88,114:44|239:44,"239,239,114,114"
LAY_047,CFG_053,I,22,"I00,I01,I02,I03,I04,I05,I06,I07,I08,I09,I10,I11,I12,I13,I14,I15,I16,I17,I18,I19,I20,I21",110,114:88|189:22,"189,114,114,114,159"
LAY_047,CFG_053,J,22,"J00,J01,J02,J03,J04,J05,J06,J07,J08,J09,J10,J11,J12,J13,J14,J15,J16,J17,J18,J19,J20,J21",110,114:88|189:22,"189,114,114,114,159"
LAY_047,CFG_053,K,22,"K00,K01,K02,K03,K04,K05,K06,K07,K08,K09,K10,K11,K12,K13,K14,K15,K16,K17,K18,K19,K20,K21",110,114:88|189:22,"189,114,114,114,159"
LAY_048,CFG_054,A,16,"A00,A01,A02,A03,A04,A05,A06,A07,A08,A09,A10,A11,A12,A13,A14,A15",64,114:16|189:48,"189,189,189,139"
LAY_048,CFG_054,B,22,"B00,B01,B02,B03,B04,B05,B06,B07,B08,B09,B10,B11,B12,B13,B14,B15,B16,B17,B18,B19,B20,B21",88,114:44|239:44,"239,239,114,114"
LAY_048,CFG_054,D,22,"D00,D01,D02,D03,D04,D05,D06,D07,D08,D09,D10,D11,D12,D13,D14,D15,D16,D17,D18,D19,D20,D21",88,114:44|239:44,"239,239,114,114"
LAY_048,CFG_054,E,22,"E00,E01,E02,E03,E04,E05,E06,E07,E08,E09,E10,E11,E12,E13,E14,E15,E16,E17,E18,E19,E20,E21",88,114:22|189:66,"189,189,189,139"
LAY_048,CFG_054,F,22,"F00,F01,F02,F03,F04,F05,F06,F07,F08,F09,F10,F11,F12,F13,F14,F15,F16,F17,F18,F19,F20,F21",88,114:22|189:66,"189,189,189,139"
LAY_048,CFG_054,G,22,"G00,G01,G02,G03,G04,G05,G06,G07,G08,G09,G10,G11,G12,G13,G14,G15,G16,G17,G18,G19,G20,G21",88,114:22|189:66,"189,189,189,139"
LAY_048,CFG_054,H,22,"H00,H01,H02,H03,H04,H05,H06,H07,H08,H09,H10,H11,H12,H13,H14,H15,H16,H17,H18,H19,H20,H21",88,114:22|189:66,"189,189,189,139"
LAY_048,CFG_054,I,22,"I00,I01,I02,I03,I04,I05,I06,I07,I08,I09,I10,I11,I12,I13,I14,I15,I16,I17,I18,I19,I20,I21",110,94:44|114:22|189:44,"189,189,114,94,104"
LAY_048,CFG_054,J,22,"J00,J01,J02,J03,J04,J05,J06,J07,J08,J09,J10,J11,J12,J13,J14,J15,J16,J17,J18,J19,J20,J21",154,94:154,"94,94,94,94,94,94,94"
LAY_048,CFG_054,K,22,"K00,K01,K02,K03,K04,K05,K06,K07,K08,K09,K10,K11,K12,K13,K14,K15,K16,K17,K18,K19,K20,K21",154,94:154,"94,94,94,94,94,94,94"
LAY_049,CFG_055,A,16,"A00,A01,A02,A03,A04,A05,A06,A07,A08,A09,A10,A11,A12,A13,A14,A15",80,114:64|189:16,"189,114,114,114,159"
LAY_049,CFG_055,B,22,"B00,B01,B02,B03,B04,B05,B06,B07,B08,B09,B10,B11,B12,B13,B14,B15,B16,B17,B18,B19,B20,B21",110,94:22|114:66|239:22,"239,114,114,114,109"
LAY_049,CFG_055,D,22,"D00,D01,D02,D03,D04,D05,D06,D07,D08,D09,D10,D11,D12,D13,D14,D15,D16,D17,D18,D19,D20,D21",88,114:44|239:44,"239,239,114,114"
LAY_049,CFG_055,E,22,"E00,E01,E02,E03,E04,E05,E06,E07,E08,E09,E10,E11,E12,E13,E14,E15,E16,E17,E18,E19,E20,E21",110,94:66|164:22|239:22,"239,164,94,94,99"
LAY_049,CFG_055,F,22,"F00,F01,F02,F03,F04,F05,F06,F07,F08,F09,F10,F11,F12,F13,F14,F15,F16,F17,F18,F19,F20,F21",154,94:154,"94,94,94,94,94,94,94"
LAY_049,CFG_055,G,22,"G00,G01,G02,G03,G04,G05,G06,G07,G08,G09,G10,G11,G12,G13,G14,G15,G16,G17,G18,G19,G20,G21",110,94:44|164:66,"164,164,164,94,104"
LAY_049,CFG_055,H,22,"H00,H01,H02,H03,H04,H05,H06,H07,H08,H09,H10,H11,H12,H13,H14,H15,H16,H17,H18,H19,H20,H21",110,94:44|164:66,"164,164,164,94,104"
LAY_049,CFG_055,I,22,"I00,I01,I02,I03,I04,I05,I06,I07,I08,I09,I10,I11,I12,I13,I14,I15,I16,I17,I18,I19,I20,I21",88,164:44|189:44,"189,189,164,164"
LAY_049,CFG_055,J,22,"J00,J01,J02,J03,J04,J05,J06,J07,J08,J09,J10,J11,J12,J13,J14,J15,J16,J17,J18,J19,J20,J21",88,164:44|189:44,"189,189,164,164"
LAY_049,CFG_055,K,22,"K00,K01,K02,K03,K04,K05,K06,K07,K08,K09,K10,K11,K12,K13,K14,K15,K16,K17,K18,K19,K20,K21",88,114:22|164:22|189:22|239:22,"239,189,164,114"
LAY_050,CFG_056,A,16,"A00,A01,A02,A03,A04,A05,A06,A07,A08,A09,A10,A11,A12,A13,A14,A15",96,94:32|114:48|144:16,"144,114,114,114,94,94"
LAY_050,CFG_056,B,22,"B00,B01,B02,B03,B04,B05,B06,B07,B08,B09,B10,B11,B12,B13,B14,B15,B16,B17,B18,B19,B20,B21",132,94:88|144:44,"144,144,94,94,94,104"
LAY_050,CFG_056,D,22,"D00,D01,D02,D03,D04,D05,D06,D07,D08,D09,D10,D11,D12,D13,D14,D15,D16,D17,D18,D19,D20,D21",132,94:44|114:66|144:22,"144,114,114,114,94,94"
LAY_050,CFG_056,E,22,"E00,E01,E02,E03,E04,E05,E06,E07,E08,E09,E10,E11,E12,E13,E14,E15,E16,E17,E18,E19,E20,E21",154,94:154,"94,94,94,94,94,94,94"
LAY_050,CFG_056,F,22,"F00,F01,F02,F03,F04,F05,F06,F07,F08,F09,F10,F11,F12,F13,F14,F15,F16,F17,F18,F19,F20,F21",88,114:44|239:44,"239,239,114,114"
LAY_050,CFG_056,G,22,"G00,G01,G02,G03,G04,G05,G06,G07,G08,G09,G10,G11,G12,G13,G14,G15,G16,G17,G18,G19,G20,G21",88,114:44|239:44,"239,239,114,114"
LAY_050,CFG_056,H,22,"H00,H01,H02,H03,H04,H05,H06,H07,H08,H09,H10,H11,H12,H13,H14,H15,H16,H17,H18,H19,H20,H21",88,164:44|189:44,"189,189,164,164"
LAY_050,CFG_056,I,22,"I00,I01,I02,I03,I04,I05,I06,I07,I08,I09,I10,I11,I12,I13,I14,I15,I16,I17,I18,I19,I20,I21",88,164:44|189:44,"189,189,164,164"
LAY_050,CFG_056,J,22,"J00,J01,J02,J03,J04,J05,J06,J07,J08,J09,J10,J11,J12,J13,J14,J15,J16,J17,J18,J19,J20,J21",88,164:44|189:44,"189,189,164,164"
LAY_050,CFG_056,K,22,"K00,K01,K02,K03,K04,K05,K06,K07,K08,K09,K10,K11,K12,K13,K14,K15,K16,K17,K18,K19,K20,K21",88,114:22|164:44|239:22,"239,164,164,139"
LAY_051,CFG_057,A,16,"A00,A01,A02,A03,A04,A05,A06,A07,A08,A09,A10,A11,A12,A13,A14,A15",64,94:16|144:16|229:16|239:16,"239,229,144,94"
LAY_051,CFG_057,B,22,"B00,B01,B02,B03,B04,B05,B06,B07,B08,B09,B10,B11,B12,B13,B14,B15,B16,B17,B18,B19,B20,B21",110,94:22|114:66|239:22,"239,114,114,114,109"
LAY_051,CFG_057,D,22,"D00,D01,D02,D03,D04,D05,D06,D07,D08,D09,D10,D11,D12,D13,D14,D15,D16,D17,D18,D19,D20,D21",132,94:22|114:110,"114,114,114,114,114,104"
LAY_051,CFG_057,E,22,"E00,E01,E02,E03,E04,E05,E06,E07,E08,E09,E10,E11,E12,E13,E14,E15,E16,E17,E18,E19,E20,E21",88,94:22|144:22|229:44,"229,229,144,104"
LAY_051,CFG_057,F,22,"F00,F01,F02,F03,F04,F05,F06,F07,F08,F09,F10,F11,F12,F13,F14,F15,F16,F17,F18,F19,F20,F21",132,94:88|144:44,"144,144,94,94,94,104"
LAY_051,CFG_057,G,22,"G00,G01,G02,G03,G04,G05,G06,G07,G08,G09,G10,G11,G12,G13,G14,G15,G16,G17,G18,G19,G20,G21",154,94:154,"94,94,94,94,94,94,94"
LAY_051,CFG_057,H,22,"H00,H01,H02,H03,H04,H05,H06,H07,H08,H09,H10,H11,H12,H13,H14,H15,H16,H17,H18,H19,H20,H21",88,164:44|189:44,"189,189,164,164"
LAY_051,CFG_057,I,22,"I00,I01,I02,I03,I04,I05,I06,I07,I08,I09,I10,I11,I12,I13,I14,I15,I16,I17,I18,I19,I20,I21",88,164:44|189:44,"189,189,164,164"
LAY_051,CFG_057,J,22,"J00,J01,J02,J03,J04,J05,J06,J07,J08,J09,J10,J11,J12,J13,J14,J15,J16,J17,J18,J19,J20,J21",88,164:44|189:44,"189,189,164,164"
LAY_051,CFG_057,K,22,"K00,K01,K02,K03,K04,K05,K06,K07,K08,K09,K10,K11,K12,K13,K14,K15,K16,K17,K18,K19,K20,K21",88,114:22|164:44|239:22,"239,164,164,139"
LAY_052,CFG_058,A,16,"A00,A01,A02,A03,A04,A05,A06,A07,A08,A09,A10,A11,A12,A13,A14,A15",80,74:16|94:16|144:32|229:16,"229,144,144,94,79"
LAY_052,CFG_058,B,22,"B00,B01,B02,B03,B04,B05,B06,B07,B08,B09,B10,B11,B12,B13,B14,B15,B16,B17,B18,B19,B20,B21",154,74:22|94:110|114:22,"114,94,94,94,94,94,74"
LAY_052,CFG_058,D,22,"D00,D01,D02,D03,D04,D05,D06,D07,D08,D09,D10,D11,D12,D13,D14,D15,D16,D17,D18,D19,D20,D21",176,74:154|114:22,"114,74,74,74,74,74,74,84"
LAY_052,CFG_058,E,22,"E00,E01,E02,E03,E04,E05,E06,E07,E08,E09,E10,E11,E12,E13,E14,E15,E16,E17,E18,E19,E20,E21",110,114:44|144:44|164:22,"164,144,144,114,124"
LAY_052,CFG_058,F,22,"F00,F01,F02,F03,F04,F05,F06,F07,F08,F09,F10,F11,F12,F13,F14,F15,F16,F17,F18,F19,F20,F21",88,114:44|229:44,"229,229,114,134"
LAY_052,CFG_058,G,22,"G00,G01,G02,G03,G04,G05,G06,G07,G08,G09,G10,G11,G12,G13,G14,G15,G16,G17,G18,G19,G20,G21",88,114:44|239:44,"239,239,114,114"
LAY_052,CFG_058,H,22,"H00,H01,H02,H03,H04,H05,H06,H07,H08,H09,H10,H11,H12,H13,H14,H15,H16,H17,H18,H19,H20,H21",88,164:44|189:44,"189,189,164,164"
LAY_052,CFG_058,I,22,"I00,I01,I02,I03,I04,I05,I06,I07,I08,I09,I10,I11,I12,I13,I14,I15,I16,I17,I18,I19,I20,I21",88,164:44|189:44,"189,189,164,164"
LAY_052,CFG_058,J,22,"J00,J01,J02,J03,J04,J05,J06,J07,J08,J09,J10,J11,J12,J13,J14,J15,J16,J17,J18,J19,J20,J21",88,164:44|189:44,"189,189,164,164"
LAY_052,CFG_058,K,22,"K00,K01,K02,K03,K04,K05,K06,K07,K08,K09,K10,K11,K12,K13,K14,K15,K16,K17,K18,K19,K20,K21",88,74:22|164:22|229:22|239:22,"239,229,164,74"
LAY_053,CFG_059,A,16,"A00,A01,A02,A03,A04,A05,A06,A07,A08,A09,A10,A11,A12,A13,A14,A15",80,54:16|94:16|144:32|239:16,"239,144,144,94,69"
LAY_053,CFG_059,B,22,"B00,B01,B02,B03,B04,B05,B06,B07,B08,B09,B10,B11,B12,B13,B14,B15,B16,B17,B18,B19,B20,B21",110,74:44|144:44|239:22,"239,144,144,74,89"
LAY_053,CFG_059,D,22,"D00,D01,D02,D03,D04,D05,D06,D07,D08,D09,D10,D11,D12,D13,D14,D15,D16,D17,D18,D19,D20,D21",176,74:132|94:44,"94,94,74,74,74,74,74,84"
LAY_053,CFG_059,E,22,"E00,E01,E02,E03,E04,E05,E06,E07,E08,E09,E10,E11,E12,E13,E14,E15,E16,E17,E18,E19,E20,E21",132,94:66|114:44|164:22,"164,114,114,94,94,94"
LAY_053,CFG_059,F,22,"F00,F01,F02,F03,F04,F05,F06,F07,F08,F09,F10,F11,F12,F13,F14,F15,F16,F17,F18,F19,F20,F21",110,114:88|229:22,"229,114,114,114,119"
LAY_053,CFG_059,G,22,"G00,G01,G02,G03,G04,G05,G06,G07,G08,G09,G10,G11,G12,G13,G14,G15,G16,G17,G18,G19,G20,G21",88,114:44|229:44,"229,229,114,134"
LAY_053,CFG_059,H,22,"H00,H01,H02,H03,H04,H05,H06,H07,H08,H09,H10,H11,H12,H13,H14,H15,H16,H17,H18,H19,H20,H21",88,164:44|189:44,"189,189,164,164"
LAY_053,CFG_059,I,22,"I00,I01,I02,I03,I04,I05,I06,I07,I08,I09,I10,I11,I12,I13,I14,I15,I16,I17,I18,I19,I20,I21",88,164:44|189:44,"189,189,164,164"
LAY_053,CFG_059,J,22,"J00,J01,J02,J03,J04,J05,J06,J07,J08,J09,J10,J11,J12,J13,J14,J15,J16,J17,J18,J19,J20,J21",88,164:44|189:44,"189,189,164,164"
LAY_053,CFG_059,K,22,"K00,K01,K02,K03,K04,K05,K06,K07,K08,K09,K10,K11,K12,K13,K14,K15,K16,K17,K18,K19,K20,K21",88,54:22|164:22|239:44,"239,239,164,64"
LAY_054,CFG_060,A,16,"A00,A01,A02,A03,A04,A05,A06,A07,A08,A09,A10,A11,A12,A13,A14,A15",96,54:16|109:32|114:16|144:32,"144,144,114,109,109,54"
LAY_054,CFG_060,B,22,"B00,B01,B02,B03,B04,B05,B06,B07,B08,B09,B10,B11,B12,B13,B14,B15,B16,B17,B18,B19,B20,B21",154,74:110|144:44,"144,144,74,74,74,74,74"
LAY_054,CFG_060,D,22,"D00,D01,D02,D03,D04,D05,D06,D07,D08,D09,D10,D11,D12,D13,D14,D15,D16,D17,D18,D19,D20,D21",132,74:66|94:22|114:22|239:22,"239,114,94,74,74,79"
LAY_054,CFG_060,E,22,"E00,E01,E02,E03,E04,E05,E06,E07,E08,E09,E10,E11,E12,E13,E14,E15,E16,E17,E18,E19,E20,E21",132,94:22|114:110,"114,114,114,114,114,104"
LAY_054,CFG_060,F,22,"F00,F01,F02,F03,F04,F05,F06,F07,F08,F09,F10,F11,F12,F13,F14,F15,F16,F17,F18,F19,F20,F21",110,94:66|164:22|239:22,"239,164,94,94,99"
LAY_054,CFG_060,G,22,"G00,G01,G02,G03,G04,G05,G06,G07,G08,G09,G10,G11,G12,G13,G14,G15,G16,G17,G18,G19,G20,G21",88,94:22|189:44|229:22,"229,189,189,99"
LAY_054,CFG_060,H,22,"H00,H01,H02,H03,H04,H05,H06,H07,H08,H09,H10,H11,H12,H13,H14,H15,H16,H17,H18,H19,H20,H21",88,164:44|189:44,"189,189,164,164"
LAY_054,CFG_060,I,22,"I00,I01,I02,I03,I04,I05,I06,I07,I08,I09,I10,I11,I12,I13,I14,I15,I16,I17,I18,I19,I20,I21",88,164:44|189:44,"189,189,164,164"
LAY_054,CFG_060,J,22,"J00,J01,J02,J03,J04,J05,J06,J07,J08,J09,J10,J11,J12,J13,J14,J15,J16,J17,J18,J19,J20,J21",88,74:22|164:22|229:44,"229,229,164,84"
LAY_054,CFG_060,K,22,"K00,K01,K02,K03,K04,K05,K06,K07,K08,K09,K10,K11,K12,K13,K14,K15,K16,K17,K18,K19,K20,K21",88,114:22|164:44|239:22,"239,164,164,139"
LAY_055,CFG_062,A,16,"A00,A01,A02,A03,A04,A05,A06,A07,A08,A09,A10,A11,A12,A13,A14,A15",64,114:32|239:32,"239,239,114,114"
LAY_055,CFG_062,B,22,"B00,B01,B02,B03,B04,B05,B06,B07,B08,B09,B10,B11,B12,B13,B14,B15,B16,B17,B18,B19,B20,B21",88,114:44|239:44,"239,239,114,114"
LAY_055,CFG_062,D,22,"D00,D01,D02,D03,D04,D05,D06,D07,D08,D09,D10,D11,D12,D13,D14,D15,D16,D17,D18,D19,D20,D21",88,114:44|239:44,"239,239,114,114"
LAY_055,CFG_062,E,22,"E00,E01,E02,E03,E04,E05,E06,E07,E08,E09,E10,E11,E12,E13,E14,E15,E16,E17,E18,E19,E20,E21",88,114:44|239:44,"239,239,114,114"
LAY_055,CFG_062,F,22,"F00,F01,F02,F03,F04,F05,F06,F07,F08,F09,F10,F11,F12,F13,F14,F15,F16,F17,F18,F19,F20,F21",88,114:44|239:44,"239,239,114,114"
LAY_055,CFG_062,G,22,"G00,G01,G02,G03,G04,G05,G06,G07,G08,G09,G10,G11,G12,G13,G14,G15,G16,G17,G18,G19,G20,G21",88,114:44|239:44,"239,239,114,114"
LAY_055,CFG_062,H,22,"H00,H01,H02,H03,H04,H05,H06,H07,H08,H09,H10,H11,H12,H13,H14,H15,H16,H17,H18,H19,H20,H21",88,114:44|239:44,"239,239,114,114"
LAY_055,CFG_062,I,22,"I00,I01,I02,I03,I04,I05,I06,I07,I08,I09,I10,I11,I12,I13,I14,I15,I16,I17,I18,I19,I20,I21",88,114:44|239:44,"239,239,114,114"
LAY_055,CFG_062,J,22,"J00,J01,J02,J03,J04,J05,J06,J07,J08,J09,J10,J11,J12,J13,J14,J15,J16,J17,J18,J19,J20,J21",88,114:44|239:44,"239,239,114,114"
LAY_055,CFG_062,K,22,"K00,K01,K02,K03,K04,K05,K06,K07,K08,K09,K10,K11,K12,K13,K14,K15,K16,K17,K18,K19,K20,K21",88,114:44|239:44,"239,239,114,114"
LAY_056,CFG_063,A,16,"A00,A01,A02,A03,A04,A05,A06,A07,A08,A09,A10,A11,A12,A13,A14,A15",64,69:16|139:16|239:32,"239,239,139,89"
LAY_056,CFG_063,B,22,"B00,B01,B02,B03,B04,B05,B06,B07,B08,B09,B10,B11,B12,B13,B14,B15,B16,B17,B18,B19,B20,B21",88,69:22|139:22|239:44,"239,239,139,89"
LAY_056,CFG_063,D,22,"D00,D01,D02,D03,D04,D05,D06,D07,D08,D09,D10,D11,D12,D13,D14,D15,D16,D17,D18,D19,D20,D21",88,69:22|139:22|239:44,"239,239,139,89"
LAY_056,CFG_063,E,22,"E00,E01,E02,E03,E04,E05,E06,E07,E08,E09,E10,E11,E12,E13,E14,E15,E16,E17,E18,E19,E20,E21",88,69:22|139:22|239:44,"239,239,139,89"
LAY_056,CFG_063,F,22,"F00,F01,F02,F03,F04,F05,F06,F07,F08,F09,F10,F11,F12,F13,F14,F15,F16,F17,F18,F19,F20,F21",88,69:22|139:22|239:44,"239,239,139,89"
LAY_056,CFG_063,G,22,"G00,G01,G02,G03,G04,G05,G06,G07,G08,G09,G10,G11,G12,G13,G14,G15,G16,G17,G18,G19,G20,G21",88,69:22|139:22|239:44,"239,239,139,89"
LAY_056,CFG_063,H,22,"H00,H01,H02,H03,H04,H05,H06,H07,H08,H09,H10,H11,H12,H13,H14,H15,H16,H17,H18,H19,H20,H21",110,69:22|139:88,"139,139,139,139,134"
LAY_056,CFG_063,I,22,"I00,I01,I02,I03,I04,I05,I06,I07,I08,I09,I10,I11,I12,I13,I14,I15,I16,I17,I18,I19,I20,I21",110,69:22|139:88,"139,139,139,139,134"
LAY_056,CFG_063,J,22,"J00,J01,J02,J03,J04,J05,J06,J07,J08,J09,J10,J11,J12,J13,J14,J15,J16,J17,J18,J19,J20,J21",132,69:66|139:66,"139,139,139,69,69,119"
LAY_056,CFG_063,K,22,"K00,K01,K02,K03,K04,K05,K06,K07,K08,K09,K10,K11,K12,K13,K14,K15,K16,K17,K18,K19,K20,K21",198,69:198,"69,69,69,69,69,69,69,69,74"
LAY_057,CFG_064,A,16,"A00,A01,A02,A03,A04,A05,A06,A07,A08,A09,A10,A11,A12,A13,A14,A15",64,104:32|239:32,"239,239,104,124"
LAY_057,CFG_064,B,22,"B00,B01,B02,B03,B04,B05,B06,B07,B08,B09,B10,B11,B12,B13,B14,B15,B16,B17,B18,B19,B20,B21",88,104:44|239:44,"239,239,104,124"
LAY_057,CFG_064,D,22,"D00,D01,D02,D03,D04,D05,D06,D07,D08,D09,D10,D11,D12,D13,D14,D15,D16,D17,D18,D19,D20,D21",88,104:44|239:44,"239,239,104,124"
LAY_057,CFG_064,E,22,"E00,E01,E02,E03,E04,E05,E06,E07,E08,E09,E10,E11,E12,E13,E14,E15,E16,E17,E18,E19,E20,E21",88,104:44|239:44,"239,239,104,124"
LAY_057,CFG_064,F,22,"F00,F01,F02,F03,F04,F05,F06,F07,F08,F09,F10,F11,F12,F13,F14,F15,F16,F17,F18,F19,F20,F21",88,104:44|239:44,"239,239,104,124"
LAY_057,CFG_064,G,22,"G00,G01,G02,G03,G04,G05,G06,G07,G08,G09,G10,G11,G12,G13,G14,G15,G16,G17,G18,G19,G20,G21",88,104:22|169:44|239:22,"239,169,169,129"
LAY_057,CFG_064,H,22,"H00,H01,H02,H03,H04,H05,H06,H07,H08,H09,H10,H11,H12,H13,H14,H15,H16,H17,H18,H19,H20,H21",88,169:88,"169,169,169,199"
LAY_057,CFG_064,I,22,"I00,I01,I02,I03,I04,I05,I06,I07,I08,I09,I10,I11,I12,I13,I14,I15,I16,I17,I18,I19,I20,I21",132,64:44|104:44|169:44,"169,169,104,104,64,64"
LAY_057,CFG_064,J,22,"J00,J01,J02,J03,J04,J05,J06,J07,J08,J09,J10,J11,J12,J13,J14,J15,J16,J17,J18,J19,J20,J21",198,64:176|104:22,"104,64,64,64,64,64,64,64,74"
LAY_057,CFG_064,K,22,"K00,K01,K02,K03,K04,K05,K06,K07,K08,K09,K10,K11,K12,K13,K14,K15,K16,K17,K18,K19,K20,K21",198,64:176|104:22,"104,64,64,64,64,64,64,64,74"
LAY_058,CFG_065,A,16,"A00,A01,A02,A03,A04,A05,A06,A07,A08,A09,A10,A11,A12,A13,A14,A15",112,49:32|79:64|239:16,"239,79,79,79,79,49,54"
LAY_058,CFG_065,B,22,"B00,B01,B02,B03,B04,B05,B06,B07,B08,B09,B10,B11,B12,B13,B14,B15,B16,B17,B18,B19,B20,B21",220,49:176|79:22|119:22,"119,79,49,49,49,49,49,49,49,69"
LAY_058,CFG_065,D,22,"D00,D01,D02,D03,D04,D05,D06,D07,D08,D09,D10,D11,D12,D13,D14,D15,D16,D17,D18,D19,D20,D21",176,79:176,"79,79,79,79,79,79,79,89"
LAY_058,CFG_065,E,22,"E00,E01,E02,E03,E04,E05,E06,E07,E08,E09,E10,E11,E12,E13,E14,E15,E16,E17,E18,E19,E20,E21",132,79:22|119:110,"119,119,119,119,119,79"
LAY_058,CFG_065,F,22,"F00,F01,F02,F03,F04,F05,F06,F07,F08,F09,F10,F11,F12,F13,F14,F15,F16,F17,F18,F19,F20,F21",132,79:22|119:110,"119,119,119,119,119,79"
LAY_058,CFG_065,G,22,"G00,G01,G02,G03,G04,G05,G06,G07,G08,G09,G10,G11,G12,G13,G14,G15,G16,G17,G18,G19,G20,G21",88,119:22|174:44|239:22,"239,174,174,119"
LAY_058,CFG_065,H,22,"H00,H01,H02,H03,H04,H05,H06,H07,H08,H09,H10,H11,H12,H13,H14,H15,H16,H17,H18,H19,H20,H21",88,174:88,"174,174,174,184"
LAY_058,CFG_065,I,22,"I00,I01,I02,I03,I04,I05,I06,I07,I08,I09,I10,I11,I12,I13,I14,I15,I16,I17,I18,I19,I20,I21",88,49:22|174:22|239:44,"239,239,174,54"
LAY_058,CFG_065,J,22,"J00,J01,J02,J03,J04,J05,J06,J07,J08,J09,J10,J11,J12,J13,J14,J15,J16,J17,J18,J19,J20,J21",88,174:88,"174,174,174,184"
LAY_058,CFG_065,K,22,"K00,K01,K02,K03,K04,K05,K06,K07,K08,K09,K10,K11,K12,K13,K14,K15,K16,K17,K18,K19,K20,K21",88,174:88,"174,174,174,184"
LAY_059,CFG_066,A,16,"A00,A01,A02,A03,A04,A05,A06,A07,A08,A09,A10,A11,A12,A13,A14,A15",192,44:160|69:32,"69,69,44,44,44,44,44,44,44,44,44,44"
LAY_059,CFG_066,B,22,"B00,B01,B02,B03,B04,B05,B06,B07,B08,B09,B10,B11,B12,B13,B14,B15,B16,B17,B18,B19,B20,B21",198,44:22|69:154|99:22,"99,69,69,69,69,69,69,69,44"
LAY_059,CFG_066,D,22,"D00,D01,D02,D03,D04,D05,D06,D07,D08,D09,D10,D11,D12,D13,D14,D15,D16,D17,D18,D19,D20,D21",154,69:66|99:66|134:22,"134,99,99,99,69,69,89"
LAY_059,CFG_066,E,22,"E00,E01,E02,E03,E04,E05,E06,E07,E08,E09,E10,E11,E12,E13,E14,E15,E16,E17,E18,E19,E20,E21",110,134:110,"134,134,134,134,154"
LAY_059,CFG_066,F,22,"F00,F01,F02,F03,F04,F05,F06,F07,F08,F09,F10,F11,F12,F13,F14,F15,F16,F17,F18,F19,F20,F21",132,99:110|179:22,"179,99,99,99,99,99"
LAY_059,CFG_066,G,22,"G00,G01,G02,G03,G04,G05,G06,G07,G08,G09,G10,G11,G12,G13,G14,G15,G16,G17,G18,G19,G20,G21",88,99:22|179:44|239:22,"239,179,179,109"
LAY_059,CFG_066,H,22,"H00,H01,H02,H03,H04,H05,H06,H07,H08,H09,H10,H11,H12,H13,H14,H15,H16,H17,H18,H19,H20,H21",88,44:22|179:22|239:44,"239,239,179,49"
LAY_059,CFG_066,I,22,"I00,I01,I02,I03,I04,I05,I06,I07,I08,I09,I10,I11,I12,I13,I14,I15,I16,I17,I18,I19,I20,I21",88,44:22|179:22|239:44,"239,239,179,49"
LAY_059,CFG_066,J,22,"J00,J01,J02,J03,J04,J05,J06,J07,J08,J09,J10,J11,J12,J13,J14,J15,J16,J17,J18,J19,J20,J21",88,134:22|179:66,"179,179,179,169"
LAY_059,CFG_066,K,22,"K00,K01,K02,K03,K04,K05,K06,K07,K08,K09,K10,K11,K12,K13,K14,K15,K16,K17,K18,K19,K20,K21",88,134:22|179:66,"179,179,179,169"
LAY_060,CFG_067,A,16,"A00,A01,A02,A03,A04,A05,A06,A07,A08,A09,A10,A11,A12,A13,A14,A15",144,39:48|79:80|104:16,"104,79,79,79,79,79,39,39,49"
LAY_060,CFG_067,B,22,"B00,B01,B02,B03,B04,B05,B06,B07,B08,B09,B10,B11,B12,B13,B14,B15,B16,B17,B18,B19,B20,B21",220,39:88|54:22|79:110,"79,79,79,79,79,54,39,39,39,44"
LAY_060,CFG_067,D,22,"D00,D01,D02,D03,D04,D05,D06,D07,D08,D09,D10,D11,D12,D13,D14,D15,D16,D17,D18,D19,D20,D21",198,54:154|104:22|134:22,"134,104,54,54,54,54,54,54,64"
LAY_060,CFG_067,E,22,"E00,E01,E02,E03,E04,E05,E06,E07,E08,E09,E10,E11,E12,E13,E14,E15,E16,E17,E18,E19,E20,E21",132,104:110|134:22,"134,104,104,104,104,124"
LAY_060,CFG_067,F,22,"F00,F01,F02,F03,F04,F05,F06,F07,F08,F09,F10,F11,F12,F13,F14,F15,F16,F17,F18,F19,F20,F21",110,104:22|134:66|179:22,"179,134,134,134,109"
LAY_060,CFG_067,G,22,"G00,G01,G02,G03,G04,G05,G06,G07,G08,G09,G10,G11,G12,G13,G14,G15,G16,G17,G18,G19,G20,G21",88,104:22|179:44|239:22,"239,179,179,109"
LAY_060,CFG_067,H,22,"H00,H01,H02,H03,H04,H05,H06,H07,H08,H09,H10,H11,H12,H13,H14,H15,H16,H17,H18,H19,H20,H21",88,39:22|179:22|239:44,"239,239,179,49"
LAY_060,CFG_067,I,22,"I00,I01,I02,I03,I04,I05,I06,I07,I08,I09,I10,I11,I12,I13,I14,I15,I16,I17,I18,I19,I20,I21",88,39:22|179:22|239:44,"239,239,179,49"
LAY_060,CFG_067,J,22,"J00,J01,J02,J03,J04,J05,J06,J07,J08,J09,J10,J11,J12,J13,J14,J15,J16,J17,J18,J19,J20,J21",88,134:22|179:66,"179,179,179,169"
LAY_060,CFG_067,K,22,"K00,K01,K02,K03,K04,K05,K06,K07,K08,K09,K10,K11,K12,K13,K14,K15,K16,K17,K18,K19,K20,K21",88,134:22|179:66,"179,179,179,169"
LAY_061,CFG_068,A,16,"A00,A01,A02,A03,A04,A05,A06,A07,A08,A09,A10,A11,A12,A13,A14,A15",192,34:96|49:64|84:32,"84,84,49,49,49,49,34,34,34,34,34,44"
LAY_061,CFG_068,B,22,"B00,B01,B02,B03,B04,B05,B06,B07,B08,B09,B10,B11,B12,B13,B14,B15,B16,B17,B18,B19,B20,B21",220,49:44|64:176,"64,64,64,64,64,64,64,64,49,49"
LAY_061,CFG_068,D,22,"D00,D01,D02,D03,D04,D05,D06,D07,D08,D09,D10,D11,D12,D13,D14,D15,D16,D17,D18,D19,D20,D21",154,34:22|104:132,"104,104,104,104,104,104,34"
LAY_061,CFG_068,E,22,"E00,E01,E02,E03,E04,E05,E06,E07,E08,E09,E10,E11,E12,E13,E14,E15,E16,E17,E18,E19,E20,E21",154,84:110|104:22|134:22,"134,104,84,84,84,84,84"
LAY_061,CFG_068,F,22,"F00,F01,F02,F03,F04,F05,F06,F07,F08,F09,F10,F11,F12,F13,F14,F15,F16,F17,F18,F19,F20,F21",88,134:44|179:22|239:22,"239,179,134,154"
LAY_061,CFG_068,G,22,"G00,G01,G02,G03,G04,G05,G06,G07,G08,G09,G10,G11,G12,G13,G14,G15,G16,G17,G18,G19,G20,G21",88,134:44|179:22|239:22,"239,179,134,154"
LAY_061,CFG_068,H,22,"H00,H01,H02,H03,H04,H05,H06,H07,H08,H09,H10,H11,H12,H13,H14,H15,H16,H17,H18,H19,H20,H21",88,104:22|179:44|239:22,"239,179,179,109"
LAY_061,CFG_068,I,22,"I00,I01,I02,I03,I04,I05,I06,I07,I08,I09,I10,I11,I12,I13,I14,I15,I16,I17,I18,I19,I20,I21",88,49:22|179:22|239:44,"239,239,179,49"
LAY_061,CFG_068,J,22,"J00,J01,J02,J03,J04,J05,J06,J07,J08,J09,J10,J11,J12,J13,J14,J15,J16,J17,J18,J19,J20,J21",88,134:22|179:66,"179,179,179,169"
LAY_061,CFG_068,K,22,"K00,K01,K02,K03,K04,K05,K06,K07,K08,K09,K10,K11,K12,K13,K14,K15,K16,K17,K18,K19,K20,K21",88,134:22|179:66,"179,179,179,169"
LAY_062,CFG_069,A,16,"A00,A01,A02,A03,A04,A05,A06,A07,A08,A09,A10,A11,A12,A13,A14,A15",176,34:112|59:16|84:16|104:32,"104,104,84,59,34,34,34,34,34,34,39"
LAY_062,CFG_069,B,22,"B00,B01,B02,B03,B04,B05,B06,B07,B08,B09,B10,B11,B12,B13,B14,B15,B16,B17,B18,B19,B20,B21",220,44:88|59:88|84:22|104:22,"104,84,59,59,59,59,44,44,44,54"
LAY_062,CFG_069,D,22,"D00,D01,D02,D03,D04,D05,D06,D07,D08,D09,D10,D11,D12,D13,D14,D15,D16,D17,D18,D19,D20,D21",176,69:132|84:22|134:22,"134,84,69,69,69,69,69,79"
LAY_062,CFG_069,E,22,"E00,E01,E02,E03,E04,E05,E06,E07,E08,E09,E10,E11,E12,E13,E14,E15,E16,E17,E18,E19,E20,E21",132,84:66|104:22|134:22|179:22,"179,134,104,84,84,89"
LAY_062,CFG_069,F,22,"F00,F01,F02,F03,F04,F05,F06,F07,F08,F09,F10,F11,F12,F13,F14,F15,F16,F17,F18,F19,F20,F21",110,104:66|134:22|239:22,"239,134,104,104,109"
LAY_062,CFG_069,G,22,"G00,G01,G02,G03,G04,G05,G06,G07,G08,G09,G10,G11,G12,G13,G14,G15,G16,G17,G18,G19,G20,G21",88,134:44|179:22|239:22,"239,179,134,154"
LAY_062,CFG_069,H,22,"H00,H01,H02,H03,H04,H05,H06,H07,H08,H09,H10,H11,H12,H13,H14,H15,H16,H17,H18,H19,H20,H21",88,104:22|179:44|239:22,"239,179,179,109"
LAY_062,CFG_069,I,22,"I00,I01,I02,I03,I04,I05,I06,I07,I08,I09,I10,I11,I12,I13,I14,I15,I16,I17,I18,I19,I20,I21",88,44:22|179:22|239:44,"239,239,179,49"
LAY_062,CFG_069,J,22,"J00,J01,J02,J03,J04,J05,J06,J07,J08,J09,J10,J11,J12,J13,J14,J15,J16,J17,J18,J19,J20,J21",88,134:22|179:66,"179,179,179,169"
LAY_062,CFG_069,K,22,"K00,K01,K02,K03,K04,K05,K06,K07,K08,K09,K10,K11,K12,K13,K14,K15,K16,K17,K18,K19,K20,K21",88,134:22|179:66,"179,179,179,169"
LAY_063,CFG_070,A,16,"A00,A01,A02,A03,A04,A05,A06,A07,A08,A09,A10,A11,A12,A13,A14,A15",160,44:80|54:32|84:16|99:32,"99,99,84,54,54,44,44,44,44,44"
LAY_063,CFG_070,B,22,"B00,B01,B02,B03,B04,B05,B06,B07,B08,B09,B10,B11,B12,B13,B14,B15,B16,B17,B18,B19,B20,B21",242,34:110|54:88|69:22|139:22,"139,69,54,54,54,54,34,34,34,34,34"
LAY_063,CFG_070,D,22,"D00,D01,D02,D03,D04,D05,D06,D07,D08,D09,D10,D11,D12,D13,D14,D15,D16,D17,D18,D19,D20,D21",132,99:88|139:44,"139,139,99,99,99,99"
LAY_063,CFG_070,E,22,"E00,E01,E02,E03,E04,E05,E06,E07,E08,E09,E10,E11,E12,E13,E14,E15,E16,E17,E18,E19,E20,E21",154,69:44|84:88|179:22,"179,84,84,84,84,69,74"
LAY_063,CFG_070,F,22,"F00,F01,F02,F03,F04,F05,F06,F07,F08,F09,F10,F11,F12,F13,F14,F15,F16,F17,F18,F19,F20,F21",132,69:66|114:44|239:22,"239,114,114,69,69,69"
LAY_063,CFG_070,G,22,"G00,G01,G02,G03,G04,G05,G06,G07,G08,G09,G10,G11,G12,G13,G14,G15,G16,G17,G18,G19,G20,G21",88,114:44|239:44,"239,239,114,114"
LAY_063,CFG_070,H,22,"H00,H01,H02,H03,H04,H05,H06,H07,H08,H09,H10,H11,H12,H13,H14,H15,H16,H17,H18,H19,H20,H21",88,99:22|179:44|239:22,"239,179,179,109"
LAY_063,CFG_070,I,22,"I00,I01,I02,I03,I04,I05,I06,I07,I08,I09,I10,I11,I12,I13,I14,I15,I16,I17,I18,I19,I20,I21",88,44:22|179:22|239:44,"239,239,179,49"
LAY_063,CFG_070,J,22,"J00,J01,J02,J03,J04,J05,J06,J07,J08,J09,J10,J11,J12,J13,J14,J15,J16,J17,J18,J19,J20,J21",88,139:22|179:66,"179,179,179,169"
LAY_063,CFG_070,K,22,"K00,K01,K02,K03,K04,K05,K06,K07,K08,K09,K10,K11,K12,K13,K14,K15,K16,K17,K18,K19,K20,K21",88,139:22|179:66,"179,179,179,169"
LAY_065,CFG_073,A,16,"A00,A01,A02,A03,A04,A05,A06,A07,A08,A09,A10,A11,A12,A13,A14,A15",64,84:32|239:32,"239,239,84,144"
LAY_065,CFG_073,B,22,"B00,B01,B02,B03,B04,B05,B06,B07,B08,B09,B10,B11,B12,B13,B14,B15,B16,B17,B18,B19,B20,B21",88,84:44|239:44,"239,239,84,144"
LAY_065,CFG_073,D,22,"D00,D01,D02,D03,D04,D05,D06,D07,D08,D09,D10,D11,D12,D13,D14,D15,D16,D17,D18,D19,D20,D21",88,84:44|239:44,"239,239,84,144"
LAY_065,CFG_073,E,22,"E00,E01,E02,E03,E04,E05,E06,E07,E08,E09,E10,E11,E12,E13,E14,E15,E16,E17,E18,E19,E20,E21",88,84:44|239:44,"239,239,84,144"
LAY_065,CFG_073,F,22,"F00,F01,F02,F03,F04,F05,F06,F07,F08,F09,F10,F11,F12,F13,F14,F15,F16,F17,F18,F19,F20,F21",88,154:66|239:22,"239,154,154,159"
LAY_065,CFG_073,G,22,"G00,G01,G02,G03,G04,G05,G06,G07,G08,G09,G10,G11,G12,G13,G14,G15,G16,G17,G18,G19,G20,G21",110,84:44|154:66,"154,154,154,84,144"
LAY_065,CFG_073,H,22,"H00,H01,H02,H03,H04,H05,H06,H07,H08,H09,H10,H11,H12,H13,H14,H15,H16,H17,H18,H19,H20,H21",110,84:44|154:66,"154,154,154,84,144"
LAY_065,CFG_073,I,22,"I00,I01,I02,I03,I04,I05,I06,I07,I08,I09,I10,I11,I12,I13,I14,I15,I16,I17,I18,I19,I20,I21",110,84:44|154:66,"154,154,154,84,144"
LAY_065,CFG_073,J,22,"J00,J01,J02,J03,J04,J05,J06,J07,J08,J09,J10,J11,J12,J13,J14,J15,J16,J17,J18,J19,J20,J21",132,84:88|154:44,"154,154,84,84,84,114"
LAY_065,CFG_073,K,22,"K00,K01,K02,K03,K04,K05,K06,K07,K08,K09,K10,K11,K12,K13,K14,K15,K16,K17,K18,K19,K20,K21",154,84:132|154:22,"154,84,84,84,84,84,84"
LAY_066,CFG_074,A,16,"A00,A01,A02,A03,A04,A05,A06,A07,A08,A09,A10,A11,A12,A13,A14,A15",64,79:16|119:16|239:32,"239,239,119,109"
LAY_066,CFG_074,B,22,"B00,B01,B02,B03,B04,B05,B06,B07,B08,B09,B10,B11,B12,B13,B14,B15,B16,B17,B18,B19,B20,B21",88,79:22|119:22|239:44,"239,239,119,109"
LAY_066,CFG_074,D,22,"D00,D01,D02,D03,D04,D05,D06,D07,D08,D09,D10,D11,D12,D13,D14,D15,D16,D17,D18,D19,D20,D21",88,79:22|119:22|239:44,"239,239,119,109"
LAY_066,CFG_074,E,22,"E00,E01,E02,E03,E04,E05,E06,E07,E08,E09,E10,E11,E12,E13,E14,E15,E16,E17,E18,E19,E20,E21",88,79:22|119:22|239:44,"239,239,119,109"
LAY_066,CFG_074,F,22,"F00,F01,F02,F03,F04,F05,F06,F07,F08,F09,F10,F11,F12,F13,F14,F15,F16,F17,F18,F19,F20,F21",88,79:22|179:44|239:22,"239,179,179,109"
LAY_066,CFG_074,G,22,"G00,G01,G02,G03,G04,G05,G06,G07,G08,G09,G10,G11,G12,G13,G14,G15,G16,G17,G18,G19,G20,G21",88,119:22|179:66,"179,179,179,169"
LAY_066,CFG_074,H,22,"H00,H01,H02,H03,H04,H05,H06,H07,H08,H09,H10,H11,H12,H13,H14,H15,H16,H17,H18,H19,H20,H21",132,79:88|179:44,"179,179,79,79,79,79"
LAY_066,CFG_074,I,22,"I00,I01,I02,I03,I04,I05,I06,I07,I08,I09,I10,I11,I12,I13,I14,I15,I16,I17,I18,I19,I20,I21",132,79:22|119:110,"119,119,119,119,119,79"
LAY_066,CFG_074,J,22,"J00,J01,J02,J03,J04,J05,J06,J07,J08,J09,J10,J11,J12,J13,J14,J15,J16,J17,J18,J19,J20,J21",132,79:22|119:110,"119,119,119,119,119,79"
LAY_066,CFG_074,K,22,"K00,K01,K02,K03,K04,K05,K06,K07,K08,K09,K10,K11,K12,K13,K14,K15,K16,K17,K18,K19,K20,K21",176,79:176,"79,79,79,79,79,79,79,89"
LAY_067,CFG_075,A,16,"A00,A01,A02,A03,A04,A05,A06,A07,A08,A09,A10,A11,A12,A13,A14,A15",80,64:48|239:32,"239,239,64,64,84"
LAY_067,CFG_075,B,22,"B00,B01,B02,B03,B04,B05,B06,B07,B08,B09,B10,B11,B12,B13,B14,B15,B16,B17,B18,B19,B20,B21",110,64:66|239:44,"239,239,64,64,84"
LAY_067,CFG_075,D,22,"D00,D01,D02,D03,D04,D05,D06,D07,D08,D09,D10,D11,D12,D13,D14,D15,D16,D17,D18,D19,D20,D21",176,64:154|179:22,"179,64,64,64,64,64,64,79"
LAY_067,CFG_075,E,22,"E00,E01,E02,E03,E04,E05,E06,E07,E08,E09,E10,E11,E12,E13,E14,E15,E16,E17,E18,E19,E20,E21",110,94:44|129:22|179:44,"179,179,129,94,109"
LAY_067,CFG_075,F,22,"F00,F01,F02,F03,F04,F05,F06,F07,F08,F09,F10,F11,F12,F13,F14,F15,F16,F17,F18,F19,F20,F21",88,129:22|179:66,"179,179,179,169"
LAY_067,CFG_075,G,22,"G00,G01,G02,G03,G04,G05,G06,G07,G08,G09,G10,G11,G12,G13,G14,G15,G16,G17,G18,G19,G20,G21",132,94:66|129:66,"129,129,129,94,94,99"
LAY_067,CFG_075,H,22,"H00,H01,H02,H03,H04,H05,H06,H07,H08,H09,H10,H11,H12,H13,H14,H15,H16,H17,H18,H19,H20,H21",110,129:110,"129,129,129,129,174"
LAY_067,CFG_075,I,22,"I00,I01,I02,I03,I04,I05,I06,I07,I08,I09,I10,I11,I12,I13,I14,I15,I16,I17,I18,I19,I20,I21",154,94:154,"94,94,94,94,94,94,94"
LAY_067,CFG_075,J,22,"J00,J01,J02,J03,J04,J05,J06,J07,J08,J09,J10,J11,J12,J13,J14,J15,J16,J17,J18,J19,J20,J21",88,94:22|129:22|239:44,"239,239,129,99"
LAY_067,CFG_075,K,22,"K00,K01,K02,K03,K04,K05,K06,K07,K08,K09,K10,K11,K12,K13,K14,K15,K16,K17,K18,K19,K20,K21",88,129:22|179:66,"179,179,179,169"
LAY_068,CFG_076,A,16,"A00,A01,A02,A03,A04,A05,A06,A07,A08,A09,A10,A11,A12,A13,A14,A15",128,54:32|74:48|99:48,"99,99,99,74,74,74,54,69"
LAY_068,CFG_076,B,22,"B00,B01,B02,B03,B04,B05,B06,B07,B08,B09,B10,B11,B12,B13,B14,B15,B16,B17,B18,B19,B20,B21",198,54:132|99:66,"99,99,99,54,54,54,54,54,59"
LAY_068,CFG_076,D,22,"D00,D01,D02,D03,D04,D05,D06,D07,D08,D09,D10,D11,D12,D13,D14,D15,D16,D17,D18,D19,D20,D21",154,74:66|99:66|134:22,"134,99,99,99,74,74,79"
LAY_068,CFG_076,E,22,"E00,E01,E02,E03,E04,E05,E06,E07,E08,E09,E10,E11,E12,E13,E14,E15,E16,E17,E18,E19,E20,E21",132,74:88|184:44,"184,184,74,74,74,84"
LAY_068,CFG_076,F,22,"F00,F01,F02,F03,F04,F05,F06,F07,F08,F09,F10,F11,F12,F13,F14,F15,F16,F17,F18,F19,F20,F21",88,134:22|184:66,"184,184,184,154"
LAY_068,CFG_076,G,22,"G00,G01,G02,G03,G04,G05,G06,G07,G08,G09,G10,G11,G12,G13,G14,G15,G16,G17,G18,G19,G20,G21",88,74:22|134:22|239:44,"239,239,134,94"
LAY_068,CFG_076,H,22,"H00,H01,H02,H03,H04,H05,H06,H07,H08,H09,H10,H11,H12,H13,H14,H15,H16,H17,H18,H19,H20,H21",88,74:22|134:22|239:44,"239,239,134,94"
LAY_068,CFG_076,I,22,"I00,I01,I02,I03,I04,I05,I06,I07,I08,I09,I10,I11,I12,I13,I14,I15,I16,I17,I18,I19,I20,I21",110,134:110,"134,134,134,134,154"
LAY_068,CFG_076,J,22,"J00,J01,J02,J03,J04,J05,J06,J07,J08,J09,J10,J11,J12,J13,J14,J15,J16,J17,J18,J19,J20,J21",88,134:22|184:66,"184,184,184,154"
LAY_068,CFG_076,K,22,"K00,K01,K02,K03,K04,K05,K06,K07,K08,K09,K10,K11,K12,K13,K14,K15,K16,K17,K18,K19,K20,K21",88,134:22|184:66,"184,184,184,154"
LAY_069,CFG_077,A,16,"A00,A01,A02,A03,A04,A05,A06,A07,A08,A09,A10,A11,A12,A13,A14,A15",128,49:48|64:32|79:16|104:16|184:16,"184,104,79,64,64,49,49,49"
LAY_069,CFG_077,B,22,"B00,B01,B02,B03,B04,B05,B06,B07,B08,B09,B10,B11,B12,B13,B14,B15,B16,B17,B18,B19,B20,B21",220,49:66|64:132|79:22,"79,64,64,64,64,64,64,49,49,49"
LAY_069,CFG_077,D,22,"D00,D01,D02,D03,D04,D05,D06,D07,D08,D09,D10,D11,D12,D13,D14,D15,D16,D17,D18,D19,D20,D21",154,79:132|184:22,"184,79,79,79,79,79,79"
LAY_069,CFG_077,E,22,"E00,E01,E02,E03,E04,E05,E06,E07,E08,E09,E10,E11,E12,E13,E14,E15,E16,E17,E18,E19,E20,E21",88,134:22|184:66,"184,184,184,154"
LAY_069,CFG_077,F,22,"F00,F01,F02,F03,F04,F05,F06,F07,F08,F09,F10,F11,F12,F13,F14,F15,F16,F17,F18,F19,F20,F21",110,104:66|134:22|239:22,"239,134,104,104,109"
LAY_069,CFG_077,G,22,"G00,G01,G02,G03,G04,G05,G06,G07,G08,G09,G10,G11,G12,G13,G14,G15,G16,G17,G18,G19,G20,G21",110,104:66|134:22|239:22,"239,134,104,104,109"
LAY_069,CFG_077,H,22,"H00,H01,H02,H03,H04,H05,H06,H07,H08,H09,H10,H11,H12,H13,H14,H15,H16,H17,H18,H19,H20,H21",110,134:110,"134,134,134,134,154"
LAY_069,CFG_077,I,22,"I00,I01,I02,I03,I04,I05,I06,I07,I08,I09,I10,I11,I12,I13,I14,I15,I16,I17,I18,I19,I20,I21",88,79:22|134:22|239:44,"239,239,134,94"
LAY_069,CFG_077,J,22,"J00,J01,J02,J03,J04,J05,J06,J07,J08,J09,J10,J11,J12,J13,J14,J15,J16,J17,J18,J19,J20,J21",88,134:22|184:66,"184,184,184,154"
LAY_069,CFG_077,K,22,"K00,K01,K02,K03,K04,K05,K06,K07,K08,K09,K10,K11,K12,K13,K14,K15,K16,K17,K18,K19,K20,K21",88,134:22|184:66,"184,184,184,154"
LAY_070,CFG_078,A,16,"A00,A01,A02,A03,A04,A05,A06,A07,A08,A09,A10,A11,A12,A13,A14,A15",144,44:48|59:32|79:32|99:16|119:16,"119,99,79,79,59,59,44,44,44"
LAY_070,CFG_078,B,22,"B00,B01,B02,B03,B04,B05,B06,B07,B08,B09,B10,B11,B12,B13,B14,B15,B16,B17,B18,B19,B20,B21",220,44:66|59:110|79:22|99:22,"99,79,59,59,59,59,59,44,44,49"
LAY_070,CFG_078,D,22,"D00,D01,D02,D03,D04,D05,D06,D07,D08,D09,D10,D11,D12,D13,D14,D15,D16,D17,D18,D19,D20,D21",154,79:44|99:110,"99,99,99,99,99,79,84"
LAY_070,CFG_078,E,22,"E00,E01,E02,E03,E04,E05,E06,E07,E08,E09,E10,E11,E12,E13,E14,E15,E16,E17,E18,E19,E20,E21",132,79:66|144:66,"144,144,144,79,79,84"
LAY_070,CFG_078,F,22,"F00,F01,F02,F03,F04,F05,F06,F07,F08,F09,F10,F11,F12,F13,F14,F15,F16,F17,F18,F19,F20,F21",110,119:66|144:22|184:22,"184,144,119,119,124"
LAY_070,CFG_078,G,22,"G00,G01,G02,G03,G04,G05,G06,G07,G08,G09,G10,G11,G12,G13,G14,G15,G16,G17,G18,G19,G20,G21",110,119:66|144:22|184:22,"184,144,119,119,124"
LAY_070,CFG_078,H,22,"H00,H01,H02,H03,H04,H05,H06,H07,H08,H09,H10,H11,H12,H13,H14,H15,H16,H17,H18,H19,H20,H21",88,44:22|184:22|239:44,"239,239,184,44"
LAY_070,CFG_078,I,22,"I00,I01,I02,I03,I04,I05,I06,I07,I08,I09,I10,I11,I12,I13,I14,I15,I16,I17,I18,I19,I20,I21",88,44:22|184:22|239:44,"239,239,184,44"
LAY_070,CFG_078,J,22,"J00,J01,J02,J03,J04,J05,J06,J07,J08,J09,J10,J11,J12,J13,J14,J15,J16,J17,J18,J19,J20,J21",88,144:22|184:66,"184,184,184,154"
LAY_070,CFG_078,K,22,"K00,K01,K02,K03,K04,K05,K06,K07,K08,K09,K10,K11,K12,K13,K14,K15,K16,K17,K18,K19,K20,K21",88,144:22|184:66,"184,184,184,154"
LAY_071,CFG_079,A,16,"A00,A01,A02,A03,A04,A05,A06,A07,A08,A09,A10,A11,A12,A13,A14,A15",144,44:32|59:64|69:16|84:16|149:16,"149,84,69,59,59,59,59,44,44"
LAY_071,CFG_079,B,22,"B00,B01,B02,B03,B04,B05,B06,B07,B08,B09,B10,B11,B12,B13,B14,B15,B16,B17,B18,B19,B20,B21",220,44:66|59:44|69:88|84:22,"84,69,69,69,69,59,59,44,44,44"
LAY_071,CFG_079,D,22,"D00,D01,D02,D03,D04,D05,D06,D07,D08,D09,D10,D11,D12,D13,D14,D15,D16,D17,D18,D19,D20,D21",132,69:44|84:22|149:66,"149,149,149,84,69,74"
LAY_071,CFG_079,E,22,"E00,E01,E02,E03,E04,E05,E06,E07,E08,E09,E10,E11,E12,E13,E14,E15,E16,E17,E18,E19,E20,E21",154,84:66|99:88,"99,99,99,99,84,84,94"
LAY_071,CFG_079,F,22,"F00,F01,F02,F03,F04,F05,F06,F07,F08,F09,F10,F11,F12,F13,F14,F15,F16,F17,F18,F19,F20,F21",88,124:22|189:66,"189,189,189,139"
LAY_071,CFG_079,G,22,"G00,G01,G02,G03,G04,G05,G06,G07,G08,G09,G10,G11,G12,G13,G14,G15,G16,G17,G18,G19,G20,G21",88,99:22|124:22|239:44,"239,239,124,104"
LAY_071,CFG_079,H,22,"H00,H01,H02,H03,H04,H05,H06,H07,H08,H09,H10,H11,H12,H13,H14,H15,H16,H17,H18,H19,H20,H21",88,99:22|124:22|239:44,"239,239,124,104"
LAY_071,CFG_079,I,22,"I00,I01,I02,I03,I04,I05,I06,I07,I08,I09,I10,I11,I12,I13,I14,I15,I16,I17,I18,I19,I20,I21",110,124:88|189:22,"189,124,124,124,129"
LAY_071,CFG_079,J,22,"J00,J01,J02,J03,J04,J05,J06,J07,J08,J09,J10,J11,J12,J13,J14,J15,J16,J17,J18,J19,J20,J21",88,149:44|189:44,"189,189,149,179"
LAY_071,CFG_079,K,22,"K00,K01,K02,K03,K04,K05,K06,K07,K08,K09,K10,K11,K12,K13,K14,K15,K16,K17,K18,K19,K20,K21",88,149:44|189:44,"189,189,149,179"
LAY_072,CFG_080,A,16,"A00,A01,A02,A03,A04,A05,A06,A07,A08,A09,A10,A11,A12,A13,A14,A15",160,44:64|54:48|64:16|104:32,"104,104,64,54,54,54,44,44,44,44"
LAY_072,CFG_080,B,22,"B00,B01,B02,B03,B04,B05,B06,B07,B08,B09,B10,B11,B12,B13,B14,B15,B16,B17,B18,B19,B20,B21",198,44:22|54:44|79:132,"79,79,79,79,79,79,54,54,44"
LAY_072,CFG_080,D,22,"D00,D01,D02,D03,D04,D05,D06,D07,D08,D09,D10,D11,D12,D13,D14,D15,D16,D17,D18,D19,D20,D21",154,64:88|124:44|149:22,"149,124,124,64,64,64,69"
LAY_072,CFG_080,E,22,"E00,E01,E02,E03,E04,E05,E06,E07,E08,E09,E10,E11,E12,E13,E14,E15,E16,E17,E18,E19,E20,E21",154,89:132|124:22,"124,89,89,89,89,89,89"
LAY_072,CFG_080,F,22,"F00,F01,F02,F03,F04,F05,F06,F07,F08,F09,F10,F11,F12,F13,F14,F15,F16,F17,F18,F19,F20,F21",110,104:66|124:22|239:22,"239,124,104,104,119"
LAY_072,CFG_080,G,22,"G00,G01,G02,G03,G04,G05,G06,G07,G08,G09,G10,G11,G12,G13,G14,G15,G16,G17,G18,G19,G20,G21",88,124:22|189:66,"189,189,189,139"
LAY_072,CFG_080,H,22,"H00,H01,H02,H03,H04,H05,H06,H07,H08,H09,H10,H11,H12,H13,H14,H15,H16,H17,H18,H19,H20,H21",88,149:66|239:22,"239,149,149,169"
LAY_072,CFG_080,I,22,"I00,I01,I02,I03,I04,I05,I06,I07,I08,I09,I10,I11,I12,I13,I14,I15,I16,I17,I18,I19,I20,I21",88,79:22|149:22|239:44,"239,239,149,79"
LAY_072,CFG_080,J,22,"J00,J01,J02,J03,J04,J05,J06,J07,J08,J09,J10,J11,J12,J13,J14,J15,J16,J17,J18,J19,J20,J21",88,149:44|189:44,"189,189,149,179"
LAY_072,CFG_080,K,22,"K00,K01,K02,K03,K04,K05,K06,K07,K08,K09,K10,K11,K12,K13,K14,K15,K16,K17,K18,K19,K20,K21",88,149:44|189:44,"189,189,149,179"
LAY_073,CFG_082,A,16,"A00,A01,A02,A03,A04,A05,A06,A07,A08,A09,A10,A11,A12,A13,A14,A15",64,114:32|239:32,"239,239,114,114"
LAY_073,CFG_082,B,22,"B00,B01,B02,B03,B04,B05,B06,B07,B08,B09,B10,B11,B12,B13,B14,B15,B16,B17,B18,B19,B20,B21",88,114:44|239:44,"239,239,114,114"
LAY_073,CFG_082,D,22,"D00,D01,D02,D03,D04,D05,D06,D07,D08,D09,D10,D11,D12,D13,D14,D15,D16,D17,D18,D19,D20,D21",88,114:44|239:44,"239,239,114,114"
LAY_073,CFG_082,E,22,"E00,E01,E02,E03,E04,E05,E06,E07,E08,E09,E10,E11,E12,E13,E14,E15,E16,E17,E18,E19,E20,E21",88,114:44|239:44,"239,239,114,114"
LAY_073,CFG_082,F,22,"F00,F01,F02,F03,F04,F05,F06,F07,F08,F09,F10,F11,F12,F13,F14,F15,F16,F17,F18,F19,F20,F21",88,114:44|239:44,"239,239,114,114"
LAY_073,CFG_082,G,22,"G00,G01,G02,G03,G04,G05,G06,G07,G08,G09,G10,G11,G12,G13,G14,G15,G16,G17,G18,G19,G20,G21",88,114:44|239:44,"239,239,114,114"
LAY_073,CFG_082,H,22,"H00,H01,H02,H03,H04,H05,H06,H07,H08,H09,H10,H11,H12,H13,H14,H15,H16,H17,H18,H19,H20,H21",88,114:44|239:44,"239,239,114,114"
LAY_073,CFG_082,I,22,"I00,I01,I02,I03,I04,I05,I06,I07,I08,I09,I10,I11,I12,I13,I14,I15,I16,I17,I18,I19,I20,I21",88,114:44|239:44,"239,239,114,114"
LAY_073,CFG_082,J,22,"J00,J01,J02,J03,J04,J05,J06,J07,J08,J09,J10,J11,J12,J13,J14,J15,J16,J17,J18,J19,J20,J21",88,114:44|239:44,"239,239,114,114"
LAY_073,CFG_082,K,22,"K00,K01,K02,K03,K04,K05,K06,K07,K08,K09,K10,K11,K12,K13,K14,K15,K16,K17,K18,K19,K20,K21",88,114:44|239:44,"239,239,114,114"
LAY_074,CFG_083,A,16,"A00,A01,A02,A03,A04,A05,A06,A07,A08,A09,A10,A11,A12,A13,A14,A15",64,94:32|239:32,"239,239,94,134"
LAY_074,CFG_083,B,22,"B00,B01,B02,B03,B04,B05,B06,B07,B08,B09,B10,B11,B12,B13,B14,B15,B16,B17,B18,B19,B20,B21",88,94:44|239:44,"239,239,94,134"
LAY_074,CFG_083,D,22,"D00,D01,D02,D03,D04,D05,D06,D07,D08,D09,D10,D11,D12,D13,D14,D15,D16,D17,D18,D19,D20,D21",88,94:44|239:44,"239,239,94,134"
LAY_074,CFG_083,E,22,"E00,E01,E02,E03,E04,E05,E06,E07,E08,E09,E10,E11,E12,E13,E14,E15,E16,E17,E18,E19,E20,E21",88,94:44|239:44,"239,239,94,134"
LAY_074,CFG_083,F,22,"F00,F01,F02,F03,F04,F05,F06,F07,F08,F09,F10,F11,F12,F13,F14,F15,F16,F17,F18,F19,F20,F21",110,94:44|159:66,"159,159,159,94,119"
LAY_074,CFG_083,G,22,"G00,G01,G02,G03,G04,G05,G06,G07,G08,G09,G10,G11,G12,G13,G14,G15,G16,G17,G18,G19,G20,G21",110,94:44|159:66,"159,159,159,94,119"
LAY_074,CFG_083,H,22,"H00,H01,H02,H03,H04,H05,H06,H07,H08,H09,H10,H11,H12,H13,H14,H15,H16,H17,H18,H19,H20,H21",110,94:44|159:66,"159,159,159,94,119"
LAY_074,CFG_083,I,22,"I00,I01,I02,I03,I04,I05,I06,I07,I08,I09,I10,I11,I12,I13,I14,I15,I16,I17,I18,I19,I20,I21",110,94:44|159:66,"159,159,159,94,119"
LAY_074,CFG_083,J,22,"J00,J01,J02,J03,J04,J05,J06,J07,J08,J09,J10,J11,J12,J13,J14,J15,J16,J17,J18,J19,J20,J21",110,94:44|159:66,"159,159,159,94,119"
LAY_074,CFG_083,K,22,"K00,K01,K02,K03,K04,K05,K06,K07,K08,K09,K10,K11,K12,K13,K14,K15,K16,K17,K18,K19,K20,K21",132,94:110|159:22,"159,94,94,94,94,139"
LAY_075,CFG_084,A,16,"A00,A01,A02,A03,A04,A05,A06,A07,A08,A09,A10,A11,A12,A13,A14,A15",64,114:32|239:32,"239,239,114,114"
LAY_075,CFG_084,B,22,"B00,B01,B02,B03,B04,B05,B06,B07,B08,B09,B10,B11,B12,B13,B14,B15,B16,B17,B18,B19,B20,B21",88,114:44|239:44,"239,239,114,114"
LAY_075,CFG_084,D,22,"D00,D01,D02,D03,D04,D05,D06,D07,D08,D09,D10,D11,D12,D13,D14,D15,D16,D17,D18,D19,D20,D21",88,114:44|239:44,"239,239,114,114"
LAY_075,CFG_084,E,22,"E00,E01,E02,E03,E04,E05,E06,E07,E08,E09,E10,E11,E12,E13,E14,E15,E16,E17,E18,E19,E20,E21",88,114:44|239:44,"239,239,114,114"
LAY_075,CFG_084,F,22,"F00,F01,F02,F03,F04,F05,F06,F07,F08,F09,F10,F11,F12,F13,F14,F15,F16,F17,F18,F19,F20,F21",88,114:22|169:44|239:22,"239,169,169,129"
LAY_075,CFG_084,G,22,"G00,G01,G02,G03,G04,G05,G06,G07,G08,G09,G10,G11,G12,G13,G14,G15,G16,G17,G18,G19,G20,G21",88,169:88,"169,169,169,199"
LAY_075,CFG_084,H,22,"H00,H01,H02,H03,H04,H05,H06,H07,H08,H09,H10,H11,H12,H13,H14,H15,H16,H17,H18,H19,H20,H21",88,169:88,"169,169,169,199"
LAY_075,CFG_084,I,22,"I00,I01,I02,I03,I04,I05,I06,I07,I08,I09,I10,I11,I12,I13,I14,I15,I16,I17,I18,I19,I20,I21",110,114:66|169:44,"169,169,114,114,124"
LAY_075,CFG_084,J,22,"J00,J01,J02,J03,J04,J05,J06,J07,J08,J09,J10,J11,J12,J13,J14,J15,J16,J17,J18,J19,J20,J21",176,79:176,"79,79,79,79,79,79,79,89"
LAY_075,CFG_084,K,22,"K00,K01,K02,K03,K04,K05,K06,K07,K08,K09,K10,K11,K12,K13,K14,K15,K16,K17,K18,K19,K20,K21",176,79:176,"79,79,79,79,79,79,79,89"
LAY_076,CFG_085,A,16,"A00,A01,A02,A03,A04,A05,A06,A07,A08,A09,A10,A11,A12,A13,A14,A15",64,139:32|184:16|239:16,"239,184,139,144"
LAY_076,CFG_085,B,22,"B00,B01,B02,B03,B04,B05,B06,B07,B08,B09,B10,B11,B12,B13,B14,B15,B16,B17,B18,B19,B20,B21",176,74:154|104:22,"104,74,74,74,74,74,74,94"
LAY_076,CFG_085,D,22,"D00,D01,D02,D03,D04,D05,D06,D07,D08,D09,D10,D11,D12,D13,D14,D15,D16,D17,D18,D19,D20,D21",176,74:154|104:22,"104,74,74,74,74,74,74,94"
LAY_076,CFG_085,E,22,"E00,E01,E02,E03,E04,E05,E06,E07,E08,E09,E10,E11,E12,E13,E14,E15,E16,E17,E18,E19,E20,E21",132,104:110|139:22,"139,104,104,104,104,119"
LAY_076,CFG_085,F,22,"F00,F01,F02,F03,F04,F05,F06,F07,F08,F09,F10,F11,F12,F13,F14,F15,F16,F17,F18,F19,F20,F21",110,104:66|139:22|239:22,"239,139,104,104,104"
LAY_076,CFG_085,G,22,"G00,G01,G02,G03,G04,G05,G06,G07,G08,G09,G10,G11,G12,G13,G14,G15,G16,G17,G18,G19,G20,G21",88,139:44|184:22|239:22,"239,184,139,144"
LAY_076,CFG_085,H,22,"H00,H01,H02,H03,H04,H05,H06,H07,H08,H09,H10,H11,H12,H13,H14,H15,H16,H17,H18,H19,H20,H21",88,139:44|184:22|239:22,"239,184,139,144"
LAY_076,CFG_085,I,22,"I00,I01,I02,I03,I04,I05,I06,I07,I08,I09,I10,I11,I12,I13,I14,I15,I16,I17,I18,I19,I20,I21",88,139:22|184:66,"184,184,184,154"
LAY_076,CFG_085,J,22,"J00,J01,J02,J03,J04,J05,J06,J07,J08,J09,J10,J11,J12,J13,J14,J15,J16,J17,J18,J19,J20,J21",88,139:44|184:22|239:22,"239,184,139,144"
LAY_076,CFG_085,K,22,"K00,K01,K02,K03,K04,K05,K06,K07,K08,K09,K10,K11,K12,K13,K14,K15,K16,K17,K18,K19,K20,K21",88,139:22|184:66,"184,184,184,154"
LAY_077,CFG_086,A,16,"A00,A01,A02,A03,A04,A05,A06,A07,A08,A09,A10,A11,A12,A13,A14,A15",96,64:48|114:32|239:16,"239,114,114,64,64,79"
LAY_077,CFG_086,B,22,"B00,B01,B02,B03,B04,B05,B06,B07,B08,B09,B10,B11,B12,B13,B14,B15,B16,B17,B18,B19,B20,B21",176,64:110|84:22|114:44,"114,114,84,64,64,64,64,74"
LAY_077,CFG_086,D,22,"D00,D01,D02,D03,D04,D05,D06,D07,D08,D09,D10,D11,D12,D13,D14,D15,D16,D17,D18,D19,D20,D21",132,84:22|114:110,"114,114,114,114,114,104"
LAY_077,CFG_086,E,22,"E00,E01,E02,E03,E04,E05,E06,E07,E08,E09,E10,E11,E12,E13,E14,E15,E16,E17,E18,E19,E20,E21",154,84:132|144:22,"144,84,84,84,84,84,94"
LAY_077,CFG_086,F,22,"F00,F01,F02,F03,F04,F05,F06,F07,F08,F09,F10,F11,F12,F13,F14,F15,F16,F17,F18,F19,F20,F21",110,84:66|184:22|239:22,"239,184,84,84,99"
LAY_077,CFG_086,G,22,"G00,G01,G02,G03,G04,G05,G06,G07,G08,G09,G10,G11,G12,G13,G14,G15,G16,G17,G18,G19,G20,G21",88,144:22|184:66,"184,184,184,154"
LAY_077,CFG_086,H,22,"H00,H01,H02,H03,H04,H05,H06,H07,H08,H09,H10,H11,H12,H13,H14,H15,H16,H17,H18,H19,H20,H21",88,144:66|239:22,"239,144,144,179"
LAY_077,CFG_086,I,22,"I00,I01,I02,I03,I04,I05,I06,I07,I08,I09,I10,I11,I12,I13,I14,I15,I16,I17,I18,I19,I20,I21",88,144:66|239:22,"239,144,144,179"
LAY_077,CFG_086,J,22,"J00,J01,J02,J03,J04,J05,J06,J07,J08,J09,J10,J11,J12,J13,J14,J15,J16,J17,J18,J19,J20,J21",88,84:22|144:22|239:44,"239,239,144,84"
LAY_077,CFG_086,K,22,"K00,K01,K02,K03,K04,K05,K06,K07,K08,K09,K10,K11,K12,K13,K14,K15,K16,K17,K18,K19,K20,K21",88,144:22|184:66,"184,184,184,154"
LAY_078,CFG_087,A,16,"A00,A01,A02,A03,A04,A05,A06,A07,A08,A09,A10,A11,A12,A13,A14,A15",128,59:16|74:80|94:16|114:16,"114,94,74,74,74,74,74,64"
LAY_078,CFG_087,B,22,"B00,B01,B02,B03,B04,B05,B06,B07,B08,B09,B10,B11,B12,B13,B14,B15,B16,B17,B18,B19,B20,B21",176,59:22|74:110|94:22|114:22,"114,94,74,74,74,74,74,64"
LAY_078,CFG_087,D,22,"D00,D01,D02,D03,D04,D05,D06,D07,D08,D09,D10,D11,D12,D13,D14,D15,D16,D17,D18,D19,D20,D21",154,59:88|94:22|144:22|184:22,"184,144,94,59,59,59,59"
LAY_078,CFG_087,E,22,"E00,E01,E02,E03,E04,E05,E06,E07,E08,E09,E10,E11,E12,E13,E14,E15,E16,E17,E18,E19,E20,E21",132,94:88|144:44,"144,144,94,94,94,104"
LAY_078,CFG_087,F,22,"F00,F01,F02,F03,F04,F05,F06,F07,F08,F09,F10,F11,F12,F13,F14,F15,F16,F17,F18,F19,F20,F21",88,144:22|184:66,"184,184,184,154"
LAY_078,CFG_087,G,22,"G00,G01,G02,G03,G04,G05,G06,G07,G08,G09,G10,G11,G12,G13,G14,G15,G16,G17,G18,G19,G20,G21",110,114:22|144:88,"144,144,144,144,114"
LAY_078,CFG_087,H,22,"H00,H01,H02,H03,H04,H05,H06,H07,H08,H09,H10,H11,H12,H13,H14,H15,H16,H17,H18,H19,H20,H21",88,114:44|239:44,"239,239,114,114"
LAY_078,CFG_087,I,22,"I00,I01,I02,I03,I04,I05,I06,I07,I08,I09,I10,I11,I12,I13,I14,I15,I16,I17,I18,I19,I20,I21",88,114:44|239:44,"239,239,114,114"
LAY_078,CFG_087,J,22,"J00,J01,J02,J03,J04,J05,J06,J07,J08,J09,J10,J11,J12,J13,J14,J15,J16,J17,J18,J19,J20,J21",88,144:22|184:66,"184,184,184,154"
LAY_078,CFG_087,K,22,"K00,K01,K02,K03,K04,K05,K06,K07,K08,K09,K10,K11,K12,K13,K14,K15,K16,K17,K18,K19,K20,K21",88,144:22|184:66,"184,184,184,154"
LAY_079,CFG_088,A,16,"A00,A01,A02,A03,A04,A05,A06,A07,A08,A09,A10,A11,A12,A13,A14,A15",112,59:16|69:16|84:32|104:32|149:16,"149,104,104,84,84,69,64"
LAY_079,CFG_088,B,22,"B00,B01,B02,B03,B04,B05,B06,B07,B08,B09,B10,B11,B12,B13,B14,B15,B16,B17,B18,B19,B20,B21",198,59:22|69:154|84:22,"84,69,69,69,69,69,69,69,59"
LAY_079,CFG_088,D,22,"D00,D01,D02,D03,D04,D05,D06,D07,D08,D09,D10,D11,D12,D13,D14,D15,D16,D17,D18,D19,D20,D21",176,59:88|84:66|149:22,"149,84,84,84,59,59,59,64"
LAY_079,CFG_088,E,22,"E00,E01,E02,E03,E04,E05,E06,E07,E08,E09,E10,E11,E12,E13,E14,E15,E16,E17,E18,E19,E20,E21",132,104:88|124:44,"124,124,104,104,104,114"
LAY_079,CFG_088,F,22,"F00,F01,F02,F03,F04,F05,F06,F07,F08,F09,F10,F11,F12,F13,F14,F15,F16,F17,F18,F19,F20,F21",110,124:88|184:22,"184,124,124,124,134"
LAY_079,CFG_088,G,22,"G00,G01,G02,G03,G04,G05,G06,G07,G08,G09,G10,G11,G12,G13,G14,G15,G16,G17,G18,G19,G20,G21",88,149:22|184:66,"184,184,184,154"
LAY_079,CFG_088,H,22,"H00,H01,H02,H03,H04,H05,H06,H07,H08,H09,H10,H11,H12,H13,H14,H15,H16,H17,H18,H19,H20,H21",88,149:66|239:22,"239,149,149,169"
LAY_079,CFG_088,I,22,"I00,I01,I02,I03,I04,I05,I06,I07,I08,I09,I10,I11,I12,I13,I14,I15,I16,I17,I18,I19,I20,I21",88,69:22|149:22|239:44,"239,239,149,79"
LAY_079,CFG_088,J,22,"J00,J01,J02,J03,J04,J05,J06,J07,J08,J09,J10,J11,J12,J13,J14,J15,J16,J17,J18,J19,J20,J21",88,69:22|149:22|239:44,"239,239,149,79"
LAY_079,CFG_088,K,22,"K00,K01,K02,K03,K04,K05,K06,K07,K08,K09,K10,K11,K12,K13,K14,K15,K16,K17,K18,K19,K20,K21",88,149:22|184:66,"184,184,184,154"
LAY_080,CFG_089,A,16,"A00,A01,A02,A03,A04,A05,A06,A07,A08,A09,A10,A11,A12,A13,A14,A15",128,54:32|64:16|94:80,"94,94,94,94,94,64,54,54"
LAY_080,CFG_089,B,22,"B00,B01,B02,B03,B04,B05,B06,B07,B08,B09,B10,B11,B12,B13,B14,B15,B16,B17,B18,B19,B20,B21",198,54:66|64:88|94:22|114:22,"114,94,64,64,64,64,54,54,54"
LAY_080,CFG_089,D,22,"D00,D01,D02,D03,D04,D05,D06,D07,D08,D09,D10,D11,D12,D13,D14,D15,D16,D17,D18,D19,D20,D21",154,79:88|94:22|114:22|134:22,"134,114,94,79,79,79,79"
LAY_080,CFG_089,E,22,"E00,E01,E02,E03,E04,E05,E06,E07,E08,E09,E10,E11,E12,E13,E14,E15,E16,E17,E18,E19,E20,E21",132,79:66|114:22|159:44,"159,159,114,79,79,84"
LAY_080,CFG_089,F,22,"F00,F01,F02,F03,F04,F05,F06,F07,F08,F09,F10,F11,F12,F13,F14,F15,F16,F17,F18,F19,F20,F21",88,134:22|159:44|239:22,"239,159,159,149"
LAY_080,CFG_089,G,22,"G00,G01,G02,G03,G04,G05,G06,G07,G08,G09,G10,G11,G12,G13,G14,G15,G16,G17,G18,G19,G20,G21",110,134:110,"134,134,134,134,154"
LAY_080,CFG_089,H,22,"H00,H01,H02,H03,H04,H05,H06,H07,H08,H09,H10,H11,H12,H13,H14,H15,H16,H17,H18,H19,H20,H21",88,114:22|194:66,"194,194,194,124"
LAY_080,CFG_089,I,22,"I00,I01,I02,I03,I04,I05,I06,I07,I08,I09,I10,I11,I12,I13,I14,I15,I16,I17,I18,I19,I20,I21",88,114:44|239:44,"239,239,114,114"
LAY_080,CFG_089,J,22,"J00,J01,J02,J03,J04,J05,J06,J07,J08,J09,J10,J11,J12,J13,J14,J15,J16,J17,J18,J19,J20,J21",88,64:22|159:22|239:44,"239,239,159,69"
LAY_080,CFG_089,K,22,"K00,K01,K02,K03,K04,K05,K06,K07,K08,K09,K10,K11,K12,K13,K14,K15,K16,K17,K18,K19,K20,K21",88,159:44|194:44,"194,194,159,159"
LAY_081,CFG_090,A,16,"A00,A01,A02,A03,A04,A05,A06,A07,A08,A09,A10,A11,A12,A13,A14,A15",144,54:32|64:48|74:16|84:48,"84,84,84,74,64,64,64,54,54"
LAY_081,CFG_090,B,22,"B00,B01,B02,B03,B04,B05,B06,B07,B08,B09,B10,B11,B12,B13,B14,B15,B16,B17,B18,B19,B20,B21",198,54:66|74:88|84:44,"84,84,74,74,74,74,54,54,54"
LAY_081,CFG_090,D,22,"D00,D01,D02,D03,D04,D05,D06,D07,D08,D09,D10,D11,D12,D13,D14,D15,D16,D17,D18,D19,D20,D21",154,64:66|74:22|99:22|134:22|159:22,"159,134,99,74,64,64,64"
LAY_081,CFG_090,E,22,"E00,E01,E02,E03,E04,E05,E06,E07,E08,E09,E10,E11,E12,E13,E14,E15,E16,E17,E18,E19,E20,E21",132,99:88|114:22|159:22,"159,114,99,99,99,104"
LAY_081,CFG_090,F,22,"F00,F01,F02,F03,F04,F05,F06,F07,F08,F09,F10,F11,F12,F13,F14,F15,F16,F17,F18,F19,F20,F21",110,114:44|134:22|159:44,"159,159,134,114,124"
LAY_081,CFG_090,G,22,"G00,G01,G02,G03,G04,G05,G06,G07,G08,G09,G10,G11,G12,G13,G14,G15,G16,G17,G18,G19,G20,G21",110,134:110,"134,134,134,134,154"
LAY_081,CFG_090,H,22,"H00,H01,H02,H03,H04,H05,H06,H07,H08,H09,H10,H11,H12,H13,H14,H15,H16,H17,H18,H19,H20,H21",88,114:22|194:66,"194,194,194,124"
LAY_081,CFG_090,I,22,"I00,I01,I02,I03,I04,I05,I06,I07,I08,I09,I10,I11,I12,I13,I14,I15,I16,I17,I18,I19,I20,I21",88,114:44|239:44,"239,239,114,114"
LAY_081,CFG_090,J,22,"J00,J01,J02,J03,J04,J05,J06,J07,J08,J09,J10,J11,J12,J13,J14,J15,J16,J17,J18,J19,J20,J21",88,64:22|159:22|239:44,"239,239,159,69"
LAY_081,CFG_090,K,22,"K00,K01,K02,K03,K04,K05,K06,K07,K08,K09,K10,K11,K12,K13,K14,K15,K16,K17,K18,K19,K20,K21",88,159:44|194:44,"194,194,159,159"
LAY_083,CFG_093,A,16,"A00,A01,A02,A03,A04,A05,A06,A07,A08,A09,A10,A11,A12,A13,A14,A15",64,104:32|239:32,"239,239,104,124"
LAY_083,CFG_093,B,22,"B00,B01,B02,B03,B04,B05,B06,B07,B08,B09,B10,B11,B12,B13,B14,B15,B16,B17,B18,B19,B20,B21",88,104:44|239:44,"239,239,104,124"
LAY_083,CFG_093,D,22,"D00,D01,D02,D03,D04,D05,D06,D07,D08,D09,D10,D11,D12,D13,D14,D15,D16,D17,D18,D19,D20,D21",88,104:44|239:44,"239,239,104,124"
LAY_083,CFG_093,E,22,"E00,E01,E02,E03,E04,E05,E06,E07,E08,E09,E10,E11,E12,E13,E14,E15,E16,E17,E18,E19,E20,E21",88,104:22|169:44|239:22,"239,169,169,129"
LAY_083,CFG_093,F,22,"F00,F01,F02,F03,F04,F05,F06,F07,F08,F09,F10,F11,F12,F13,F14,F15,F16,F17,F18,F19,F20,F21",88,169:88,"169,169,169,199"
LAY_083,CFG_093,G,22,"G00,G01,G02,G03,G04,G05,G06,G07,G08,G09,G10,G11,G12,G13,G14,G15,G16,G17,G18,G19,G20,G21",88,169:88,"169,169,169,199"
LAY_083,CFG_093,H,22,"H00,H01,H02,H03,H04,H05,H06,H07,H08,H09,H10,H11,H12,H13,H14,H15,H16,H17,H18,H19,H20,H21",88,169:88,"169,169,169,199"
LAY_083,CFG_093,I,22,"I00,I01,I02,I03,I04,I05,I06,I07,I08,I09,I10,I11,I12,I13,I14,I15,I16,I17,I18,I19,I20,I21",110,104:66|169:44,"169,169,104,104,144"
LAY_083,CFG_093,J,22,"J00,J01,J02,J03,J04,J05,J06,J07,J08,J09,J10,J11,J12,J13,J14,J15,J16,J17,J18,J19,J20,J21",132,104:132,"104,104,104,104,104,154"
LAY_083,CFG_093,K,22,"K00,K01,K02,K03,K04,K05,K06,K07,K08,K09,K10,K11,K12,K13,K14,K15,K16,K17,K18,K19,K20,K21",132,104:132,"104,104,104,104,104,154"
LAY_084,CFG_094,A,16,"A00,A01,A02,A03,A04,A05,A06,A07,A08,A09,A10,A11,A12,A13,A14,A15",64,84:16|124:16|239:32,"239,239,124,104"
LAY_084,CFG_094,B,22,"B00,B01,B02,B03,B04,B05,B06,B07,B08,B09,B10,B11,B12,B13,B14,B15,B16,B17,B18,B19,B20,B21",88,84:22|124:22|239:44,"239,239,124,104"
LAY_084,CFG_094,D,22,"D00,D01,D02,D03,D04,D05,D06,D07,D08,D09,D10,D11,D12,D13,D14,D15,D16,D17,D18,D19,D20,D21",88,84:22|124:22|239:44,"239,239,124,104"
LAY_084,CFG_094,E,22,"E00,E01,E02,E03,E04,E05,E06,E07,E08,E09,E10,E11,E12,E13,E14,E15,E16,E17,E18,E19,E20,E21",88,84:22|124:22|239:44,"239,239,124,104"
LAY_084,CFG_094,F,22,"F00,F01,F02,F03,F04,F05,F06,F07,F08,F09,F10,F11,F12,F13,F14,F15,F16,F17,F18,F19,F20,F21",88,174:88,"174,174,174,184"
LAY_084,CFG_094,G,22,"G00,G01,G02,G03,G04,G05,G06,G07,G08,G09,G10,G11,G12,G13,G14,G15,G16,G17,G18,G19,G20,G21",88,174:88,"174,174,174,184"
LAY_084,CFG_094,H,22,"H00,H01,H02,H03,H04,H05,H06,H07,H08,H09,H10,H11,H12,H13,H14,H15,H16,H17,H18,H19,H20,H21",88,174:88,"174,174,174,184"
LAY_084,CFG_094,I,22,"I00,I01,I02,I03,I04,I05,I06,I07,I08,I09,I10,I11,I12,I13,I14,I15,I16,I17,I18,I19,I20,I21",132,84:66|124:44|174:22,"174,124,124,84,84,84"
LAY_084,CFG_094,J,22,"J00,J01,J02,J03,J04,J05,J06,J07,J08,J09,J10,J11,J12,J13,J14,J15,J16,J17,J18,J19,J20,J21",132,84:44|124:88,"124,124,124,124,84,94"
LAY_084,CFG_094,K,22,"K00,K01,K02,K03,K04,K05,K06,K07,K08,K09,K10,K11,K12,K13,K14,K15,K16,K17,K18,K19,K20,K21",154,84:132|124:22,"124,84,84,84,84,84,114"
LAY_085,CFG_095,A,16,"A00,A01,A02,A03,A04,A05,A06,A07,A08,A09,A10,A11,A12,A13,A14,A15",112,84:96|149:16,"149,84,84,84,84,84,89"
LAY_085,CFG_095,B,22,"B00,B01,B02,B03,B04,B05,B06,B07,B08,B09,B10,B11,B12,B13,B14,B15,B16,B17,B18,B19,B20,B21",154,84:132|149:22,"149,84,84,84,84,84,89"
LAY_085,CFG_095,D,22,"D00,D01,D02,D03,D04,D05,D06,D07,D08,D09,D10,D11,D12,D13,D14,D15,D16,D17,D18,D19,D20,D21",132,84:66|114:44|189:22,"189,114,114,84,84,89"
LAY_085,CFG_095,E,22,"E00,E01,E02,E03,E04,E05,E06,E07,E08,E09,E10,E11,E12,E13,E14,E15,E16,E17,E18,E19,E20,E21",110,84:22|114:44|189:44,"189,189,114,114,84"
LAY_085,CFG_095,F,22,"F00,F01,F02,F03,F04,F05,F06,F07,F08,F09,F10,F11,F12,F13,F14,F15,F16,F17,F18,F19,F20,F21",88,149:44|189:44,"189,189,149,179"
LAY_085,CFG_095,G,22,"G00,G01,G02,G03,G04,G05,G06,G07,G08,G09,G10,G11,G12,G13,G14,G15,G16,G17,G18,G19,G20,G21",110,114:44|149:66,"149,149,149,114,129"
LAY_085,CFG_095,H,22,"H00,H01,H02,H03,H04,H05,H06,H07,H08,H09,H10,H11,H12,H13,H14,H15,H16,H17,H18,H19,H20,H21",110,114:44|149:66,"149,149,149,114,129"
LAY_085,CFG_095,I,22,"I00,I01,I02,I03,I04,I05,I06,I07,I08,I09,I10,I11,I12,I13,I14,I15,I16,I17,I18,I19,I20,I21",88,114:44|239:44,"239,239,114,114"
LAY_085,CFG_095,J,22,"J00,J01,J02,J03,J04,J05,J06,J07,J08,J09,J10,J11,J12,J13,J14,J15,J16,J17,J18,J19,J20,J21",88,114:44|239:44,"239,239,114,114"
LAY_085,CFG_095,K,22,"K00,K01,K02,K03,K04,K05,K06,K07,K08,K09,K10,K11,K12,K13,K14,K15,K16,K17,K18,K19,K20,K21",88,149:44|189:44,"189,189,149,179"
LAY_086,CFG_096,A,16,"A00,A01,A02,A03,A04,A05,A06,A07,A08,A09,A10,A11,A12,A13,A14,A15",128,69:112|149:16,"149,69,69,69,69,69,69,79"
LAY_086,CFG_096,B,22,"B00,B01,B02,B03,B04,B05,B06,B07,B08,B09,B10,B11,B12,B13,B14,B15,B16,B17,B18,B19,B20,B21",154,69:66|89:22|119:66,"119,119,119,89,69,69,74"
LAY_086,CFG_096,D,22,"D00,D01,D02,D03,D04,D05,D06,D07,D08,D09,D10,D11,D12,D13,D14,D15,D16,D17,D18,D19,D20,D21",154,89:132|119:22,"119,89,89,89,89,89,94"
LAY_086,CFG_096,E,22,"E00,E01,E02,E03,E04,E05,E06,E07,E08,E09,E10,E11,E12,E13,E14,E15,E16,E17,E18,E19,E20,E21",88,89:22|189:44|239:22,"239,189,189,89"
LAY_086,CFG_096,F,22,"F00,F01,F02,F03,F04,F05,F06,F07,F08,F09,F10,F11,F12,F13,F14,F15,F16,F17,F18,F19,F20,F21",88,119:22|189:66,"189,189,189,139"
LAY_086,CFG_096,G,22,"G00,G01,G02,G03,G04,G05,G06,G07,G08,G09,G10,G11,G12,G13,G14,G15,G16,G17,G18,G19,G20,G21",110,119:44|149:66,"149,149,149,119,124"
LAY_086,CFG_096,H,22,"H00,H01,H02,H03,H04,H05,H06,H07,H08,H09,H10,H11,H12,H13,H14,H15,H16,H17,H18,H19,H20,H21",110,119:44|149:66,"149,149,149,119,124"
LAY_086,CFG_096,I,22,"I00,I01,I02,I03,I04,I05,I06,I07,I08,I09,I10,I11,I12,I13,I14,I15,I16,I17,I18,I19,I20,I21",88,149:66|239:22,"239,149,149,169"
LAY_086,CFG_096,J,22,"J00,J01,J02,J03,J04,J05,J06,J07,J08,J09,J10,J11,J12,J13,J14,J15,J16,J17,J18,J19,J20,J21",88,69:22|149:22|239:44,"239,239,149,79"
LAY_086,CFG_096,K,22,"K00,K01,K02,K03,K04,K05,K06,K07,K08,K09,K10,K11,K12,K13,K14,K15,K16,K17,K18,K19,K20,K21",88,149:44|189:44,"189,189,149,179"
LAY_087,CFG_097,A,16,"A00,A01,A02,A03,A04,A05,A06,A07,A08,A09,A10,A11,A12,A13,A14,A15",128,64:32|84:96,"84,84,84,84,84,84,64,74"
LAY_087,CFG_097,B,22,"B00,B01,B02,B03,B04,B05,B06,B07,B08,B09,B10,B11,B12,B13,B14,B15,B16,B17,B18,B19,B20,B21",154,64:22|84:88|129:44,"129,129,84,84,84,84,64"
LAY_087,CFG_097,D,22,"D00,D01,D02,D03,D04,D05,D06,D07,D08,D09,D10,D11,D12,D13,D14,D15,D16,D17,D18,D19,D20,D21",154,64:88|129:66,"129,129,129,64,64,64,79"
LAY_087,CFG_097,E,22,"E00,E01,E02,E03,E04,E05,E06,E07,E08,E09,E10,E11,E12,E13,E14,E15,E16,E17,E18,E19,E20,E21",132,104:110|154:22,"154,104,104,104,104,104"
LAY_087,CFG_097,F,22,"F00,F01,F02,F03,F04,F05,F06,F07,F08,F09,F10,F11,F12,F13,F14,F15,F16,F17,F18,F19,F20,F21",88,104:44|239:44,"239,239,104,124"
LAY_087,CFG_097,G,22,"G00,G01,G02,G03,G04,G05,G06,G07,G08,G09,G10,G11,G12,G13,G14,G15,G16,G17,G18,G19,G20,G21",88,154:66|239:22,"239,154,154,159"
LAY_087,CFG_097,H,22,"H00,H01,H02,H03,H04,H05,H06,H07,H08,H09,H10,H11,H12,H13,H14,H15,H16,H17,H18,H19,H20,H21",88,154:66|239:22,"239,154,154,159"
LAY_087,CFG_097,I,22,"I00,I01,I02,I03,I04,I05,I06,I07,I08,I09,I10,I11,I12,I13,I14,I15,I16,I17,I18,I19,I20,I21",88,154:44|189:44,"189,189,154,174"
LAY_087,CFG_097,J,22,"J00,J01,J02,J03,J04,J05,J06,J07,J08,J09,J10,J11,J12,J13,J14,J15,J16,J17,J18,J19,J20,J21",88,84:22|189:44|239:22,"239,189,189,89"
LAY_087,CFG_097,K,22,"K00,K01,K02,K03,K04,K05,K06,K07,K08,K09,K10,K11,K12,K13,K14,K15,K16,K17,K18,K19,K20,K21",88,154:44|189:44,"189,189,154,174"
LAY_088,CFG_098,A,16,"A00,A01,A02,A03,A04,A05,A06,A07,A08,A09,A10,A11,A12,A13,A14,A15",112,64:48|89:32|129:16|154:16,"154,129,89,89,64,64,69"
LAY_088,CFG_098,B,22,"B00,B01,B02,B03,B04,B05,B06,B07,B08,B09,B10,B11,B12,B13,B14,B15,B16,B17,B18,B19,B20,B21",176,64:66|74:22|89:66|109:22,"109,89,89,89,74,64,64,64"
LAY_088,CFG_098,D,22,"D00,D01,D02,D03,D04,D05,D06,D07,D08,D09,D10,D11,D12,D13,D14,D15,D16,D17,D18,D19,D20,D21",132,74:44|129:88,"129,129,129,129,74,84"
LAY_088,CFG_098,E,22,"E00,E01,E02,E03,E04,E05,E06,E07,E08,E09,E10,E11,E12,E13,E14,E15,E16,E17,E18,E19,E20,E21",132,74:88|189:44,"189,189,74,74,74,74"
LAY_088,CFG_098,F,22,"F00,F01,F02,F03,F04,F05,F06,F07,F08,F09,F10,F11,F12,F13,F14,F15,F16,F17,F18,F19,F20,F21",88,154:44|189:44,"189,189,154,174"
LAY_088,CFG_098,G,22,"G00,G01,G02,G03,G04,G05,G06,G07,G08,G09,G10,G11,G12,G13,G14,G15,G16,G17,G18,G19,G20,G21",110,109:44|154:66,"154,154,154,109,119"
LAY_088,CFG_098,H,22,"H00,H01,H02,H03,H04,H05,H06,H07,H08,H09,H10,H11,H12,H13,H14,H15,H16,H17,H18,H19,H20,H21",110,109:44|154:66,"154,154,154,109,119"
LAY_088,CFG_098,I,22,"I00,I01,I02,I03,I04,I05,I06,I07,I08,I09,I10,I11,I12,I13,I14,I15,I16,I17,I18,I19,I20,I21",88,109:44|239:44,"239,239,109,119"
LAY_088,CFG_098,J,22,"J00,J01,J02,J03,J04,J05,J06,J07,J08,J09,J10,J11,J12,J13,J14,J15,J16,J17,J18,J19,J20,J21",88,74:22|154:22|239:44,"239,239,154,74"
LAY_088,CFG_098,K,22,"K00,K01,K02,K03,K04,K05,K06,K07,K08,K09,K10,K11,K12,K13,K14,K15,K16,K17,K18,K19,K20,K21",88,154:44|189:44,"189,189,154,174"
LAY_089,CFG_099,A,16,"A00,A01,A02,A03,A04,A05,A06,A07,A08,A09,A10,A11,A12,A13,A14,A15",112,64:16|74:48|89:16|119:16|159:16,"159,119,89,74,74,74,69"
LAY_089,CFG_099,B,22,"B00,B01,B02,B03,B04,B05,B06,B07,B08,B09,B10,B11,B12,B13,B14,B15,B16,B17,B18,B19,B20,B21",198,64:88|74:110,"74,74,74,74,74,64,64,64,64"
LAY_089,CFG_099,D,22,"D00,D01,D02,D03,D04,D05,D06,D07,D08,D09,D10,D11,D12,D13,D14,D15,D16,D17,D18,D19,D20,D21",132,89:66|104:22|139:22|159:22,"159,139,104,89,89,94"
LAY_089,CFG_099,E,22,"E00,E01,E02,E03,E04,E05,E06,E07,E08,E09,E10,E11,E12,E13,E14,E15,E16,E17,E18,E19,E20,E21",132,104:88|119:22|139:22,"139,119,104,104,104,104"
LAY_089,CFG_099,F,22,"F00,F01,F02,F03,F04,F05,F06,F07,F08,F09,F10,F11,F12,F13,F14,F15,F16,F17,F18,F19,F20,F21",110,119:66|159:44,"159,159,119,119,134"
LAY_089,CFG_099,G,22,"G00,G01,G02,G03,G04,G05,G06,G07,G08,G09,G10,G11,G12,G13,G14,G15,G16,G17,G18,G19,G20,G21",88,139:22|159:44|239:22,"239,159,159,149"
LAY_089,CFG_099,H,22,"H00,H01,H02,H03,H04,H05,H06,H07,H08,H09,H10,H11,H12,H13,H14,H15,H16,H17,H18,H19,H20,H21",88,139:44|189:22|239:22,"239,189,139,139"
LAY_089,CFG_099,I,22,"I00,I01,I02,I03,I04,I05,I06,I07,I08,I09,I10,I11,I12,I13,I14,I15,I16,I17,I18,I19,I20,I21",88,89:22|139:22|239:44,"239,239,139,89"
LAY_089,CFG_099,J,22,"J00,J01,J02,J03,J04,J05,J06,J07,J08,J09,J10,J11,J12,J13,J14,J15,J16,J17,J18,J19,J20,J21",88,89:22|189:44|239:22,"239,189,189,89"
LAY_089,CFG_099,K,22,"K00,K01,K02,K03,K04,K05,K06,K07,K08,K09,K10,K11,K12,K13,K14,K15,K16,K17,K18,K19,K20,K21",88,159:44|189:44,"189,189,159,169"
LAY_090,CFG_100,A,16,"A00,A01,A02,A03,A04,A05,A06,A07,A08,A09,A10,A11,A12,A13,A14,A15",128,59:16|69:16|79:64|94:16|104:16,"104,94,79,79,79,79,69,59"
LAY_090,CFG_100,B,22,"B00,B01,B02,B03,B04,B05,B06,B07,B08,B09,B10,B11,B12,B13,B14,B15,B16,B17,B18,B19,B20,B21",198,59:66|69:88|79:22|94:22,"94,79,69,69,69,69,59,59,59"
LAY_090,CFG_100,D,22,"D00,D01,D02,D03,D04,D05,D06,D07,D08,D09,D10,D11,D12,D13,D14,D15,D16,D17,D18,D19,D20,D21",132,79:22|94:44|104:44|189:22,"189,104,104,94,94,89"
LAY_090,CFG_100,E,22,"E00,E01,E02,E03,E04,E05,E06,E07,E08,E09,E10,E11,E12,E13,E14,E15,E16,E17,E18,E19,E20,E21",110,104:44|159:66,"159,159,159,104,109"
LAY_090,CFG_100,F,22,"F00,F01,F02,F03,F04,F05,F06,F07,F08,F09,F10,F11,F12,F13,F14,F15,F16,F17,F18,F19,F20,F21",88,159:44|189:44,"189,189,159,169"
LAY_090,CFG_100,G,22,"G00,G01,G02,G03,G04,G05,G06,G07,G08,G09,G10,G11,G12,G13,G14,G15,G16,G17,G18,G19,G20,G21",110,124:44|139:44|159:22,"159,139,139,124,129"
LAY_090,CFG_100,H,22,"H00,H01,H02,H03,H04,H05,H06,H07,H08,H09,H10,H11,H12,H13,H14,H15,H16,H17,H18,H19,H20,H21",110,124:22|139:88,"139,139,139,139,134"
LAY_090,CFG_100,I,22,"I00,I01,I02,I03,I04,I05,I06,I07,I08,I09,I10,I11,I12,I13,I14,I15,I16,I17,I18,I19,I20,I21",88,104:22|124:22|239:44,"239,239,124,104"
LAY_090,CFG_100,J,22,"J00,J01,J02,J03,J04,J05,J06,J07,J08,J09,J10,J11,J12,J13,J14,J15,J16,J17,J18,J19,J20,J21",88,69:22|159:22|239:44,"239,239,159,69"
LAY_090,CFG_100,K,22,"K00,K01,K02,K03,K04,K05,K06,K07,K08,K09,K10,K11,K12,K13,K14,K15,K16,K17,K18,K19,K20,K21",88,159:44|189:44,"189,189,159,169"
LAY_092,CFG_103,A,16,"A00,A01,A02,A03,A04,A05,A06,A07,A08,A09,A10,A11,A12,A13,A14,A15",64,164:64,"164,164,164,214"
LAY_092,CFG_103,B,22,"B00,B01,B02,B03,B04,B05,B06,B07,B08,B09,B10,B11,B12,B13,B14,B15,B16,B17,B18,B19,B20,B21",88,164:88,"164,164,164,214"
LAY_092,CFG_103,D,22,"D00,D01,D02,D03,D04,D05,D06,D07,D08,D09,D10,D11,D12,D13,D14,D15,D16,D17,D18,D19,D20,D21",88,164:88,"164,164,164,214"
LAY_092,CFG_103,E,22,"E00,E01,E02,E03,E04,E05,E06,E07,E08,E09,E10,E11,E12,E13,E14,E15,E16,E17,E18,E19,E20,E21",88,164:88,"164,164,164,214"
LAY_092,CFG_103,F,22,"F00,F01,F02,F03,F04,F05,F06,F07,F08,F09,F10,F11,F12,F13,F14,F15,F16,F17,F18,F19,F20,F21",88,104:22|164:44|239:22,"239,164,164,139"
LAY_092,CFG_103,G,22,"G00,G01,G02,G03,G04,G05,G06,G07,G08,G09,G10,G11,G12,G13,G14,G15,G16,G17,G18,G19,G20,G21",88,104:44|239:44,"239,239,104,124"
LAY_092,CFG_103,H,22,"H00,H01,H02,H03,H04,H05,H06,H07,H08,H09,H10,H11,H12,H13,H14,H15,H16,H17,H18,H19,H20,H21",88,104:44|239:44,"239,239,104,124"
LAY_092,CFG_103,I,22,"I00,I01,I02,I03,I04,I05,I06,I07,I08,I09,I10,I11,I12,I13,I14,I15,I16,I17,I18,I19,I20,I21",88,104:44|239:44,"239,239,104,124"
LAY_092,CFG_103,J,22,"J00,J01,J02,J03,J04,J05,J06,J07,J08,J09,J10,J11,J12,J13,J14,J15,J16,J17,J18,J19,J20,J21",110,104:88|239:22,"239,104,104,104,139"
LAY_092,CFG_103,K,22,"K00,K01,K02,K03,K04,K05,K06,K07,K08,K09,K10,K11,K12,K13,K14,K15,K16,K17,K18,K19,K20,K21",132,104:132,"104,104,104,104,104,154"
LAY_093,CFG_104,A,16,"A00,A01,A02,A03,A04,A05,A06,A07,A08,A09,A10,A11,A12,A13,A14,A15",64,89:16|134:16|239:32,"239,239,134,94"
LAY_093,CFG_104,B,22,"B00,B01,B02,B03,B04,B05,B06,B07,B08,B09,B10,B11,B12,B13,B14,B15,B16,B17,B18,B19,B20,B21",88,89:22|134:22|239:44,"239,239,134,94"
LAY_093,CFG_104,D,22,"D00,D01,D02,D03,D04,D05,D06,D07,D08,D09,D10,D11,D12,D13,D14,D15,D16,D17,D18,D19,D20,D21",88,89:22|134:22|239:44,"239,239,134,94"
LAY_093,CFG_104,E,22,"E00,E01,E02,E03,E04,E05,E06,E07,E08,E09,E10,E11,E12,E13,E14,E15,E16,E17,E18,E19,E20,E21",88,134:22|189:66,"189,189,189,139"
LAY_093,CFG_104,F,22,"F00,F01,F02,F03,F04,F05,F06,F07,F08,F09,F10,F11,F12,F13,F14,F15,F16,F17,F18,F19,F20,F21",88,134:22|189:66,"189,189,189,139"
LAY_093,CFG_104,G,22,"G00,G01,G02,G03,G04,G05,G06,G07,G08,G09,G10,G11,G12,G13,G14,G15,G16,G17,G18,G19,G20,G21",88,134:22|189:66,"189,189,189,139"
LAY_093,CFG_104,H,22,"H00,H01,H02,H03,H04,H05,H06,H07,H08,H09,H10,H11,H12,H13,H14,H15,H16,H17,H18,H19,H20,H21",88,134:22|189:66,"189,189,189,139"
LAY_093,CFG_104,I,22,"I00,I01,I02,I03,I04,I05,I06,I07,I08,I09,I10,I11,I12,I13,I14,I15,I16,I17,I18,I19,I20,I21",110,89:44|134:22|189:44,"189,189,134,89,89"
LAY_093,CFG_104,J,22,"J00,J01,J02,J03,J04,J05,J06,J07,J08,J09,J10,J11,J12,J13,J14,J15,J16,J17,J18,J19,J20,J21",132,89:66|134:66,"134,134,134,89,89,94"
LAY_093,CFG_104,K,22,"K00,K01,K02,K03,K04,K05,K06,K07,K08,K09,K10,K11,K12,K13,K14,K15,K16,K17,K18,K19,K20,K21",154,89:154,"89,89,89,89,89,89,124"
LAY_094,CFG_105,A,16,"A00,A01,A02,A03,A04,A05,A06,A07,A08,A09,A10,A11,A12,A13,A14,A15",112,74:64|94:16|134:32,"134,134,94,74,74,74,74"
LAY_094,CFG_105,B,22,"B00,B01,B02,B03,B04,B05,B06,B07,B08,B09,B10,B11,B12,B13,B14,B15,B16,B17,B18,B19,B20,B21",176,74:132|94:44,"94,94,74,74,74,74,74,84"
LAY_094,CFG_105,D,22,"D00,D01,D02,D03,D04,D05,D06,D07,D08,D09,D10,D11,D12,D13,D14,D15,D16,D17,D18,D19,D20,D21",110,74:22|94:44|189:22|239:22,"239,189,94,94,74"
LAY_094,CFG_105,E,22,"E00,E01,E02,E03,E04,E05,E06,E07,E08,E09,E10,E11,E12,E13,E14,E15,E16,E17,E18,E19,E20,E21",88,94:22|134:22|239:44,"239,239,134,94"
LAY_094,CFG_105,F,22,"F00,F01,F02,F03,F04,F05,F06,F07,F08,F09,F10,F11,F12,F13,F14,F15,F16,F17,F18,F19,F20,F21",88,134:44|189:22|239:22,"239,189,134,144"
LAY_094,CFG_105,G,22,"G00,G01,G02,G03,G04,G05,G06,G07,G08,G09,G10,G11,G12,G13,G14,G15,G16,G17,G18,G19,G20,G21",88,134:22|189:66,"189,189,189,139"
LAY_094,CFG_105,H,22,"H00,H01,H02,H03,H04,H05,H06,H07,H08,H09,H10,H11,H12,H13,H14,H15,H16,H17,H18,H19,H20,H21",88,134:22|189:66,"189,189,189,139"
LAY_094,CFG_105,I,22,"I00,I01,I02,I03,I04,I05,I06,I07,I08,I09,I10,I11,I12,I13,I14,I15,I16,I17,I18,I19,I20,I21",88,134:22|189:66,"189,189,189,139"
LAY_094,CFG_105,J,22,"J00,J01,J02,J03,J04,J05,J06,J07,J08,J09,J10,J11,J12,J13,J14,J15,J16,J17,J18,J19,J20,J21",88,134:22|189:66,"189,189,189,139"
LAY_094,CFG_105,K,22,"K00,K01,K02,K03,K04,K05,K06,K07,K08,K09,K10,K11,K12,K13,K14,K15,K16,K17,K18,K19,K20,K21",88,134:44|189:22|239:22,"239,189,134,144"
LAY_095,CFG_106,A,16,"A00,A01,A02,A03,A04,A05,A06,A07,A08,A09,A10,A11,A12,A13,A14,A15",96,74:16|94:48|129:16|189:16,"189,129,94,94,94,74"
LAY_095,CFG_106,B,22,"B00,B01,B02,B03,B04,B05,B06,B07,B08,B09,B10,B11,B12,B13,B14,B15,B16,B17,B18,B19,B20,B21",132,74:44|94:66|239:22,"239,94,94,94,74,79"
LAY_095,CFG_106,D,22,"D00,D01,D02,D03,D04,D05,D06,D07,D08,D09,D10,D11,D12,D13,D14,D15,D16,D17,D18,D19,D20,D21",154,74:110|129:22|159:22,"159,129,74,74,74,74,74"
LAY_095,CFG_106,E,22,"E00,E01,E02,E03,E04,E05,E06,E07,E08,E09,E10,E11,E12,E13,E14,E15,E16,E17,E18,E19,E20,E21",110,74:44|159:22|189:44,"189,189,159,74,79"
LAY_095,CFG_106,F,22,"F00,F01,F02,F03,F04,F05,F06,F07,F08,F09,F10,F11,F12,F13,F14,F15,F16,F17,F18,F19,F20,F21",88,159:44|189:44,"189,189,159,169"
LAY_095,CFG_106,G,22,"G00,G01,G02,G03,G04,G05,G06,G07,G08,G09,G10,G11,G12,G13,G14,G15,G16,G17,G18,G19,G20,G21",88,129:22|159:44|239:22,"239,159,159,149"
LAY_095,CFG_106,H,22,"H00,H01,H02,H03,H04,H05,H06,H07,H08,H09,H10,H11,H12,H13,H14,H15,H16,H17,H18,H19,H20,H21",88,94:22|129:22|239:44,"239,239,129,99"
LAY_095,CFG_106,I,22,"I00,I01,I02,I03,I04,I05,I06,I07,I08,I09,I10,I11,I12,I13,I14,I15,I16,I17,I18,I19,I20,I21",110,129:88|159:22,"159,129,129,129,144"
LAY_095,CFG_106,J,22,"J00,J01,J02,J03,J04,J05,J06,J07,J08,J09,J10,J11,J12,J13,J14,J15,J16,J17,J18,J19,J20,J21",110,74:22|129:22|159:66,"159,159,159,129,84"
LAY_095,CFG_106,K,22,"K00,K01,K02,K03,K04,K05,K06,K07,K08,K09,K10,K11,K12,K13,K14,K15,K16,K17,K18,K19,K20,K21",88,94:22|159:22|189:22|239:22,"239,189,159,119"
LAY_096,CFG_107,A,16,"A00,A01,A02,A03,A04,A05,A06,A07,A08,A09,A10,A11,A12,A13,A14,A15",112,94:112,"94,94,94,94,94,94,94"
LAY_096,CFG_107,B,22,"B00,B01,B02,B03,B04,B05,B06,B07,B08,B09,B10,B11,B12,B13,B14,B15,B16,B17,B18,B19,B20,B21",154,74:110|144:44,"144,144,74,74,74,74,74"
LAY_096,CFG_107,D,22,"D00,D01,D02,D03,D04,D05,D06,D07,D08,D09,D10,D11,D12,D13,D14,D15,D16,D17,D18,D19,D20,D21",154,74:110|144:44,"144,144,74,74,74,74,74"
LAY_096,CFG_107,E,22,"E00,E01,E02,E03,E04,E05,E06,E07,E08,E09,E10,E11,E12,E13,E14,E15,E16,E17,E18,E19,E20,E21",88,119:22|189:66,"189,189,189,139"
LAY_096,CFG_107,F,22,"F00,F01,F02,F03,F04,F05,F06,F07,F08,F09,F10,F11,F12,F13,F14,F15,F16,F17,F18,F19,F20,F21",88,164:44|189:44,"189,189,164,164"
LAY_096,CFG_107,G,22,"G00,G01,G02,G03,G04,G05,G06,G07,G08,G09,G10,G11,G12,G13,G14,G15,G16,G17,G18,G19,G20,G21",110,119:66|164:44,"164,164,119,119,124"
LAY_096,CFG_107,H,22,"H00,H01,H02,H03,H04,H05,H06,H07,H08,H09,H10,H11,H12,H13,H14,H15,H16,H17,H18,H19,H20,H21",110,119:66|164:44,"164,164,119,119,124"
LAY_096,CFG_107,I,22,"I00,I01,I02,I03,I04,I05,I06,I07,I08,I09,I10,I11,I12,I13,I14,I15,I16,I17,I18,I19,I20,I21",88,119:22|164:44|239:22,"239,164,164,139"
LAY_096,CFG_107,J,22,"J00,J01,J02,J03,J04,J05,J06,J07,J08,J09,J10,J11,J12,J13,J14,J15,J16,J17,J18,J19,J20,J21",88,94:22|119:22|239:44,"239,239,119,109"
LAY_096,CFG_107,K,22,"K00,K01,K02,K03,K04,K05,K06,K07,K08,K09,K10,K11,K12,K13,K14,K15,K16,K17,K18,K19,K20,K21",88,74:22|144:22|239:44,"239,239,144,84"
LAY_097,CFG_108,A,16,"A00,A01,A02,A03,A04,A05,A06,A07,A08,A09,A10,A11,A12,A13,A14,A15",112,69:32|94:48|119:32,"119,119,94,94,94,69,69"
LAY_097,CFG_108,B,22,"B00,B01,B02,B03,B04,B05,B06,B07,B08,B09,B10,B11,B12,B13,B14,B15,B16,B17,B18,B19,B20,B21",154,69:66|94:44|119:22|144:22,"144,119,94,94,69,69,69"
LAY_097,CFG_108,D,22,"D00,D01,D02,D03,D04,D05,D06,D07,D08,D09,D10,D11,D12,D13,D14,D15,D16,D17,D18,D19,D20,D21",132,79:66|144:66,"144,144,144,79,79,84"
LAY_097,CFG_108,E,22,"E00,E01,E02,E03,E04,E05,E06,E07,E08,E09,E10,E11,E12,E13,E14,E15,E16,E17,E18,E19,E20,E21",132,79:88|119:22|239:22,"239,119,79,79,79,79"
LAY_097,CFG_108,F,22,"F00,F01,F02,F03,F04,F05,F06,F07,F08,F09,F10,F11,F12,F13,F14,F15,F16,F17,F18,F19,F20,F21",88,119:22|164:44|239:22,"239,164,164,139"
LAY_097,CFG_108,G,22,"G00,G01,G02,G03,G04,G05,G06,G07,G08,G09,G10,G11,G12,G13,G14,G15,G16,G17,G18,G19,G20,G21",88,94:22|119:22|239:44,"239,239,119,109"
LAY_097,CFG_108,H,22,"H00,H01,H02,H03,H04,H05,H06,H07,H08,H09,H10,H11,H12,H13,H14,H15,H16,H17,H18,H19,H20,H21",110,119:66|164:44,"164,164,119,119,124"
LAY_097,CFG_108,I,22,"I00,I01,I02,I03,I04,I05,I06,I07,I08,I09,I10,I11,I12,I13,I14,I15,I16,I17,I18,I19,I20,I21",88,164:44|189:44,"189,189,164,164"
LAY_097,CFG_108,J,22,"J00,J01,J02,J03,J04,J05,J06,J07,J08,J09,J10,J11,J12,J13,J14,J15,J16,J17,J18,J19,J20,J21",88,164:44|189:44,"189,189,164,164"
LAY_097,CFG_108,K,22,"K00,K01,K02,K03,K04,K05,K06,K07,K08,K09,K10,K11,K12,K13,K14,K15,K16,K17,K18,K19,K20,K21",88,79:22|189:44|239:22,"239,189,189,89"
LAY_098,CFG_109,A,16,"A00,A01,A02,A03,A04,A05,A06,A07,A08,A09,A10,A11,A12,A13,A14,A15",112,54:16|74:48|104:32|164:16,"164,104,104,74,74,74,64"
LAY_098,CFG_109,B,22,"B00,B01,B02,B03,B04,B05,B06,B07,B08,B09,B10,B11,B12,B13,B14,B15,B16,B17,B18,B19,B20,B21",154,89:110|104:44,"104,104,89,89,89,89,94"
LAY_098,CFG_109,D,22,"D00,D01,D02,D03,D04,D05,D06,D07,D08,D09,D10,D11,D12,D13,D14,D15,D16,D17,D18,D19,D20,D21",176,74:154|124:22,"124,74,74,74,74,74,74,74"
LAY_098,CFG_109,E,22,"E00,E01,E02,E03,E04,E05,E06,E07,E08,E09,E10,E11,E12,E13,E14,E15,E16,E17,E18,E19,E20,E21",110,124:66|144:22|164:22,"164,144,124,124,134"
LAY_098,CFG_109,F,22,"F00,F01,F02,F03,F04,F05,F06,F07,F08,F09,F10,F11,F12,F13,F14,F15,F16,F17,F18,F19,F20,F21",110,124:44|144:66,"144,144,144,124,134"
LAY_098,CFG_109,G,22,"G00,G01,G02,G03,G04,G05,G06,G07,G08,G09,G10,G11,G12,G13,G14,G15,G16,G17,G18,G19,G20,G21",88,54:22|164:22|239:44,"239,239,164,64"
LAY_098,CFG_109,H,22,"H00,H01,H02,H03,H04,H05,H06,H07,H08,H09,H10,H11,H12,H13,H14,H15,H16,H17,H18,H19,H20,H21",88,54:22|164:22|239:44,"239,239,164,64"
LAY_098,CFG_109,I,22,"I00,I01,I02,I03,I04,I05,I06,I07,I08,I09,I10,I11,I12,I13,I14,I15,I16,I17,I18,I19,I20,I21",88,164:44|189:44,"189,189,164,164"
LAY_098,CFG_109,J,22,"J00,J01,J02,J03,J04,J05,J06,J07,J08,J09,J10,J11,J12,J13,J14,J15,J16,J17,J18,J19,J20,J21",88,164:44|189:44,"189,189,164,164"
LAY_098,CFG_109,K,22,"K00,K01,K02,K03,K04,K05,K06,K07,K08,K09,K10,K11,K12,K13,K14,K15,K16,K17,K18,K19,K20,K21",88,89:22|189:44|239:22,"239,189,189,89"
LAY_099,CFG_110,A,16,"A00,A01,A02,A03,A04,A05,A06,A07,A08,A09,A10,A11,A12,A13,A14,A15",112,54:16|74:16|89:16|104:48|119:16,"119,104,104,104,89,74,64"
LAY_099,CFG_110,B,22,"B00,B01,B02,B03,B04,B05,B06,B07,B08,B09,B10,B11,B12,B13,B14,B15,B16,B17,B18,B19,B20,B21",154,74:22|89:88|104:22|119:22,"119,104,89,89,89,89,79"
LAY_099,CFG_110,D,22,"D00,D01,D02,D03,D04,D05,D06,D07,D08,D09,D10,D11,D12,D13,D14,D15,D16,D17,D18,D19,D20,D21",176,74:154|119:22,"119,74,74,74,74,74,74,79"
LAY_099,CFG_110,E,22,"E00,E01,E02,E03,E04,E05,E06,E07,E08,E09,E10,E11,E12,E13,E14,E15,E16,E17,E18,E19,E20,E21",110,119:66|139:22|189:22,"189,139,119,119,124"
LAY_099,CFG_110,F,22,"F00,F01,F02,F03,F04,F05,F06,F07,F08,F09,F10,F11,F12,F13,F14,F15,F16,F17,F18,F19,F20,F21",88,139:44|189:22|239:22,"239,189,139,139"
LAY_099,CFG_110,G,22,"G00,G01,G02,G03,G04,G05,G06,G07,G08,G09,G10,G11,G12,G13,G14,G15,G16,G17,G18,G19,G20,G21",88,149:44|164:22|239:22,"239,164,149,154"
LAY_099,CFG_110,H,22,"H00,H01,H02,H03,H04,H05,H06,H07,H08,H09,H10,H11,H12,H13,H14,H15,H16,H17,H18,H19,H20,H21",88,149:44|164:22|239:22,"239,164,149,154"
LAY_099,CFG_110,I,22,"I00,I01,I02,I03,I04,I05,I06,I07,I08,I09,I10,I11,I12,I13,I14,I15,I16,I17,I18,I19,I20,I21",88,104:22|164:22|189:22|239:22,"239,189,164,114"
LAY_099,CFG_110,J,22,"J00,J01,J02,J03,J04,J05,J06,J07,J08,J09,J10,J11,J12,J13,J14,J15,J16,J17,J18,J19,J20,J21",88,164:44|189:44,"189,189,164,164"
LAY_099,CFG_110,K,22,"K00,K01,K02,K03,K04,K05,K06,K07,K08,K09,K10,K11,K12,K13,K14,K15,K16,K17,K18,K19,K20,K21",88,54:22|164:22|239:44,"239,239,164,64"
LAY_100,CFG_112,A,16,"A00,A01,A02,A03,A04,A05,A06,A07,A08,A09,A10,A11,A12,A13,A14,A15",64,114:32|239:32,"239,239,114,114"
LAY_100,CFG_112,B,22,"B00,B01,B02,B03,B04,B05,B06,B07,B08,B09,B10,B11,B12,B13,B14,B15,B16,B17,B18,B19,B20,B21",88,114:44|239:44,"239,239,114,114"
LAY_100,CFG_112,D,22,"D00,D01,D02,D03,D04,D05,D06,D07,D08,D09,D10,D11,D12,D13,D14,D15,D16,D17,D18,D19,D20,D21",88,114:44|239:44,"239,239,114,114"
LAY_100,CFG_112,E,22,"E00,E01,E02,E03,E04,E05,E06,E07,E08,E09,E10,E11,E12,E13,E14,E15,E16,E17,E18,E19,E20,E21",88,114:44|239:44,"239,239,114,114"
LAY_100,CFG_112,F,22,"F00,F01,F02,F03,F04,F05,F06,F07,F08,F09,F10,F11,F12,F13,F14,F15,F16,F17,F18,F19,F20,F21",88,114:44|239:44,"239,239,114,114"
LAY_100,CFG_112,G,22,"G00,G01,G02,G03,G04,G05,G06,G07,G08,G09,G10,G11,G12,G13,G14,G15,G16,G17,G18,G19,G20,G21",88,114:44|239:44,"239,239,114,114"
LAY_100,CFG_112,H,22,"H00,H01,H02,H03,H04,H05,H06,H07,H08,H09,H10,H11,H12,H13,H14,H15,H16,H17,H18,H19,H20,H21",88,114:44|239:44,"239,239,114,114"
LAY_100,CFG_112,I,22,"I00,I01,I02,I03,I04,I05,I06,I07,I08,I09,I10,I11,I12,I13,I14,I15,I16,I17,I18,I19,I20,I21",88,114:44|239:44,"239,239,114,114"
LAY_100,CFG_112,J,22,"J00,J01,J02,J03,J04,J05,J06,J07,J08,J09,J10,J11,J12,J13,J14,J15,J16,J17,J18,J19,J20,J21",88,114:44|239:44,"239,239,114,114"
LAY_100,CFG_112,K,22,"K00,K01,K02,K03,K04,K05,K06,K07,K08,K09,K10,K11,K12,K13,K14,K15,K16,K17,K18,K19,K20,K21",88,114:44|239:44,"239,239,114,114"
LAY_101,CFG_113,A,16,"A00,A01,A02,A03,A04,A05,A06,A07,A08,A09,A10,A11,A12,A13,A14,A15",96,94:64|144:32,"144,144,94,94,94,104"
LAY_101,CFG_113,B,22,"B00,B01,B02,B03,B04,B05,B06,B07,B08,B09,B10,B11,B12,B13,B14,B15,B16,B17,B18,B19,B20,B21",110,94:22|144:88,"144,144,144,144,114"
LAY_101,CFG_113,D,22,"D00,D01,D02,D03,D04,D05,D06,D07,D08,D09,D10,D11,D12,D13,D14,D15,D16,D17,D18,D19,D20,D21",88,144:66|239:22,"239,144,144,179"
LAY_101,CFG_113,E,22,"E00,E01,E02,E03,E04,E05,E06,E07,E08,E09,E10,E11,E12,E13,E14,E15,E16,E17,E18,E19,E20,E21",88,144:66|239:22,"239,144,144,179"
LAY_101,CFG_113,F,22,"F00,F01,F02,F03,F04,F05,F06,F07,F08,F09,F10,F11,F12,F13,F14,F15,F16,F17,F18,F19,F20,F21",88,94:44|239:44,"239,239,94,134"
LAY_101,CFG_113,G,22,"G00,G01,G02,G03,G04,G05,G06,G07,G08,G09,G10,G11,G12,G13,G14,G15,G16,G17,G18,G19,G20,G21",88,94:44|239:44,"239,239,94,134"
LAY_101,CFG_113,H,22,"H00,H01,H02,H03,H04,H05,H06,H07,H08,H09,H10,H11,H12,H13,H14,H15,H16,H17,H18,H19,H20,H21",88,94:44|239:44,"239,239,94,134"
LAY_101,CFG_113,I,22,"I00,I01,I02,I03,I04,I05,I06,I07,I08,I09,I10,I11,I12,I13,I14,I15,I16,I17,I18,I19,I20,I21",88,94:44|239:44,"239,239,94,134"
LAY_101,CFG_113,J,22,"J00,J01,J02,J03,J04,J05,J06,J07,J08,J09,J10,J11,J12,J13,J14,J15,J16,J17,J18,J19,J20,J21",88,94:44|239:44,"239,239,94,134"
LAY_101,CFG_113,K,22,"K00,K01,K02,K03,K04,K05,K06,K07,K08,K09,K10,K11,K12,K13,K14,K15,K16,K17,K18,K19,K20,K21",88,94:44|239:44,"239,239,94,134"
LAY_102,CFG_114,A,16,"A00,A01,A02,A03,A04,A05,A06,A07,A08,A09,A10,A11,A12,A13,A14,A15",64,94:16|129:16|239:32,"239,239,129,99"
LAY_102,CFG_114,B,22,"B00,B01,B02,B03,B04,B05,B06,B07,B08,B09,B10,B11,B12,B13,B14,B15,B16,B17,B18,B19,B20,B21",88,94:22|129:22|239:44,"239,239,129,99"
LAY_102,CFG_114,D,22,"D00,D01,D02,D03,D04,D05,D06,D07,D08,D09,D10,D11,D12,D13,D14,D15,D16,D17,D18,D19,D20,D21",88,94:22|129:22|239:44,"239,239,129,99"
LAY_102,CFG_114,E,22,"E00,E01,E02,E03,E04,E05,E06,E07,E08,E09,E10,E11,E12,E13,E14,E15,E16,E17,E18,E19,E20,E21",88,94:22|129:22|239:44,"239,239,129,99"
LAY_102,CFG_114,F,22,"F00,F01,F02,F03,F04,F05,F06,F07,F08,F09,F10,F11,F12,F13,F14,F15,F16,F17,F18,F19,F20,F21",88,94:22|174:44|239:22,"239,174,174,119"
LAY_102,CFG_114,G,22,"G00,G01,G02,G03,G04,G05,G06,G07,G08,G09,G10,G11,G12,G13,G14,G15,G16,G17,G18,G19,G20,G21",110,94:44|129:22|174:44,"174,174,129,94,119"
LAY_102,CFG_114,H,22,"H00,H01,H02,H03,H04,H05,H06,H07,H08,H09,H10,H11,H12,H13,H14,H15,H16,H17,H18,H19,H20,H21",110,94:44|129:22|174:44,"174,174,129,94,119"
LAY_102,CFG_114,I,22,"I00,I01,I02,I03,I04,I05,I06,I07,I08,I09,I10,I11,I12,I13,I14,I15,I16,I17,I18,I19,I20,I21",110,94:44|129:22|174:44,"174,174,129,94,119"
LAY_102,CFG_114,J,22,"J00,J01,J02,J03,J04,J05,J06,J07,J08,J09,J10,J11,J12,J13,J14,J15,J16,J17,J18,J19,J20,J21",110,94:44|129:22|174:44,"174,174,129,94,119"
LAY_102,CFG_114,K,22,"K00,K01,K02,K03,K04,K05,K06,K07,K08,K09,K10,K11,K12,K13,K14,K15,K16,K17,K18,K19,K20,K21",110,94:44|129:22|174:44,"174,174,129,94,119"
LAY_103,CFG_115,A,16,"A00,A01,A02,A03,A04,A05,A06,A07,A08,A09,A10,A11,A12,A13,A14,A15",96,74:16|94:48|139:16|179:16,"179,139,94,94,94,74"
LAY_103,CFG_115,B,22,"B00,B01,B02,B03,B04,B05,B06,B07,B08,B09,B10,B11,B12,B13,B14,B15,B16,B17,B18,B19,B20,B21",176,74:132|94:44,"94,94,74,74,74,74,74,84"
LAY_103,CFG_115,D,22,"D00,D01,D02,D03,D04,D05,D06,D07,D08,D09,D10,D11,D12,D13,D14,D15,D16,D17,D18,D19,D20,D21",110,74:44|179:66,"179,179,179,74,79"
LAY_103,CFG_115,E,22,"E00,E01,E02,E03,E04,E05,E06,E07,E08,E09,E10,E11,E12,E13,E14,E15,E16,E17,E18,E19,E20,E21",110,74:44|179:66,"179,179,179,74,79"
LAY_103,CFG_115,F,22,"F00,F01,F02,F03,F04,F05,F06,F07,F08,F09,F10,F11,F12,F13,F14,F15,F16,F17,F18,F19,F20,F21",88,139:44|179:22|239:22,"239,179,139,149"
LAY_103,CFG_115,G,22,"G00,G01,G02,G03,G04,G05,G06,G07,G08,G09,G10,G11,G12,G13,G14,G15,G16,G17,G18,G19,G20,G21",88,139:22|179:66,"179,179,179,169"
LAY_103,CFG_115,H,22,"H00,H01,H02,H03,H04,H05,H06,H07,H08,H09,H10,H11,H12,H13,H14,H15,H16,H17,H18,H19,H20,H21",88,74:22|139:22|239:44,"239,239,139,89"
LAY_103,CFG_115,I,22,"I00,I01,I02,I03,I04,I05,I06,I07,I08,I09,I10,I11,I12,I13,I14,I15,I16,I17,I18,I19,I20,I21",88,74:22|139:22|239:44,"239,239,139,89"
LAY_103,CFG_115,J,22,"J00,J01,J02,J03,J04,J05,J06,J07,J08,J09,J10,J11,J12,J13,J14,J15,J16,J17,J18,J19,J20,J21",88,74:22|139:22|239:44,"239,239,139,89"
LAY_103,CFG_115,K,22,"K00,K01,K02,K03,K04,K05,K06,K07,K08,K09,K10,K11,K12,K13,K14,K15,K16,K17,K18,K19,K20,K21",110,94:22|139:88,"139,139,139,139,134"
LAY_104,CFG_116,A,16,"A00,A01,A02,A03,A04,A05,A06,A07,A08,A09,A10,A11,A12,A13,A14,A15",96,94:64|144:32,"144,144,94,94,94,104"
LAY_104,CFG_116,B,22,"B00,B01,B02,B03,B04,B05,B06,B07,B08,B09,B10,B11,B12,B13,B14,B15,B16,B17,B18,B19,B20,B21",154,74:110|144:44,"144,144,74,74,74,74,74"
LAY_104,CFG_116,D,22,"D00,D01,D02,D03,D04,D05,D06,D07,D08,D09,D10,D11,D12,D13,D14,D15,D16,D17,D18,D19,D20,D21",154,74:44|94:66|114:44,"114,114,94,94,94,74,74"
LAY_104,CFG_116,E,22,"E00,E01,E02,E03,E04,E05,E06,E07,E08,E09,E10,E11,E12,E13,E14,E15,E16,E17,E18,E19,E20,E21",110,74:44|179:66,"179,179,179,74,79"
LAY_104,CFG_116,F,22,"F00,F01,F02,F03,F04,F05,F06,F07,F08,F09,F10,F11,F12,F13,F14,F15,F16,F17,F18,F19,F20,F21",88,114:44|239:44,"239,239,114,114"
LAY_104,CFG_116,G,22,"G00,G01,G02,G03,G04,G05,G06,G07,G08,G09,G10,G11,G12,G13,G14,G15,G16,G17,G18,G19,G20,G21",88,114:44|239:44,"239,239,114,114"
LAY_104,CFG_116,H,22,"H00,H01,H02,H03,H04,H05,H06,H07,H08,H09,H10,H11,H12,H13,H14,H15,H16,H17,H18,H19,H20,H21",88,114:44|239:44,"239,239,114,114"
LAY_104,CFG_116,I,22,"I00,I01,I02,I03,I04,I05,I06,I07,I08,I09,I10,I11,I12,I13,I14,I15,I16,I17,I18,I19,I20,I21",88,94:22|179:44|239:22,"239,179,179,109"
LAY_104,CFG_116,J,22,"J00,J01,J02,J03,J04,J05,J06,J07,J08,J09,J10,J11,J12,J13,J14,J15,J16,J17,J18,J19,J20,J21",88,144:22|179:66,"179,179,179,169"
LAY_104,CFG_116,K,22,"K00,K01,K02,K03,K04,K05,K06,K07,K08,K09,K10,K11,K12,K13,K14,K15,K16,K17,K18,K19,K20,K21",88,94:22|179:44|239:22,"239,179,179,109"
LAY_105,CFG_117,A,16,"A00,A01,A02,A03,A04,A05,A06,A07,A08,A09,A10,A11,A12,A13,A14,A15",96,74:16|89:48|164:32,"164,164,89,89,89,79"
LAY_105,CFG_117,B,22,"B00,B01,B02,B03,B04,B05,B06,B07,B08,B09,B10,B11,B12,B13,B14,B15,B16,B17,B18,B19,B20,B21",176,74:110|89:66,"89,89,89,74,74,74,74,79"
LAY_105,CFG_117,D,22,"D00,D01,D02,D03,D04,D05,D06,D07,D08,D09,D10,D11,D12,D13,D14,D15,D16,D17,D18,D19,D20,D21",132,74:66|139:44|164:22,"164,139,139,74,74,84"
LAY_105,CFG_117,E,22,"E00,E01,E02,E03,E04,E05,E06,E07,E08,E09,E10,E11,E12,E13,E14,E15,E16,E17,E18,E19,E20,E21",110,109:44|139:22|164:44,"164,164,139,109,114"
LAY_105,CFG_117,F,22,"F00,F01,F02,F03,F04,F05,F06,F07,F08,F09,F10,F11,F12,F13,F14,F15,F16,F17,F18,F19,F20,F21",88,139:22|164:44|239:22,"239,164,164,139"
LAY_105,CFG_117,G,22,"G00,G01,G02,G03,G04,G05,G06,G07,G08,G09,G10,G11,G12,G13,G14,G15,G16,G17,G18,G19,G20,G21",88,139:22|164:44|239:22,"239,164,164,139"
LAY_105,CFG_117,H,22,"H00,H01,H02,H03,H04,H05,H06,H07,H08,H09,H10,H11,H12,H13,H14,H15,H16,H17,H18,H19,H20,H21",88,139:44|189:22|239:22,"239,189,139,139"
LAY_105,CFG_117,I,22,"I00,I01,I02,I03,I04,I05,I06,I07,I08,I09,I10,I11,I12,I13,I14,I15,I16,I17,I18,I19,I20,I21",88,139:44|189:22|239:22,"239,189,139,139"
LAY_105,CFG_117,J,22,"J00,J01,J02,J03,J04,J05,J06,J07,J08,J09,J10,J11,J12,J13,J14,J15,J16,J17,J18,J19,J20,J21",88,139:22|189:66,"189,189,189,139"
LAY_105,CFG_117,K,22,"K00,K01,K02,K03,K04,K05,K06,K07,K08,K09,K10,K11,K12,K13,K14,K15,K16,K17,K18,K19,K20,K21",88,89:22|189:44|239:22,"239,189,189,89"
LAY_106,CFG_118,A,16,"A00,A01,A02,A03,A04,A05,A06,A07,A08,A09,A10,A11,A12,A13,A14,A15",112,74:80|144:32,"144,144,74,74,74,74,74"
LAY_106,CFG_118,B,22,"B00,B01,B02,B03,B04,B05,B06,B07,B08,B09,B10,B11,B12,B13,B14,B15,B16,B17,B18,B19,B20,B21",154,74:110|144:44,"144,144,74,74,74,74,74"
LAY_106,CFG_118,D,22,"D00,D01,D02,D03,D04,D05,D06,D07,D08,D09,D10,D11,D12,D13,D14,D15,D16,D17,D18,D19,D20,D21",154,79:44|94:88|114:22,"114,94,94,94,94,79,89"
LAY_106,CFG_118,E,22,"E00,E01,E02,E03,E04,E05,E06,E07,E08,E09,E10,E11,E12,E13,E14,E15,E16,E17,E18,E19,E20,E21",132,79:44|114:66|164:22,"164,114,114,114,79,89"
LAY_106,CFG_118,F,22,"F00,F01,F02,F03,F04,F05,F06,F07,F08,F09,F10,F11,F12,F13,F14,F15,F16,F17,F18,F19,F20,F21",88,114:44|239:44,"239,239,114,114"
LAY_106,CFG_118,G,22,"G00,G01,G02,G03,G04,G05,G06,G07,G08,G09,G10,G11,G12,G13,G14,G15,G16,G17,G18,G19,G20,G21",88,114:44|239:44,"239,239,114,114"
LAY_106,CFG_118,H,22,"H00,H01,H02,H03,H04,H05,H06,H07,H08,H09,H10,H11,H12,H13,H14,H15,H16,H17,H18,H19,H20,H21",88,164:44|189:44,"189,189,164,164"
LAY_106,CFG_118,I,22,"I00,I01,I02,I03,I04,I05,I06,I07,I08,I09,I10,I11,I12,I13,I14,I15,I16,I17,I18,I19,I20,I21",88,164:44|189:44,"189,189,164,164"
LAY_106,CFG_118,J,22,"J00,J01,J02,J03,J04,J05,J06,J07,J08,J09,J10,J11,J12,J13,J14,J15,J16,J17,J18,J19,J20,J21",88,164:44|189:44,"189,189,164,164"
LAY_106,CFG_118,K,22,"K00,K01,K02,K03,K04,K05,K06,K07,K08,K09,K10,K11,K12,K13,K14,K15,K16,K17,K18,K19,K20,K21",88,114:22|164:22|189:22|239:22,"239,189,164,114"
LAY_107,CFG_119,A,16,"A00,A01,A02,A03,A04,A05,A06,A07,A08,A09,A10,A11,A12,A13,A14,A15",112,74:16|79:32|94:16|109:32|114:16,"114,109,109,94,79,79,74"
LAY_107,CFG_119,B,22,"B00,B01,B02,B03,B04,B05,B06,B07,B08,B09,B10,B11,B12,B13,B14,B15,B16,B17,B18,B19,B20,B21",154,74:22|79:22|94:66|109:22|114:22,"114,109,94,94,94,79,74"
LAY_107,CFG_119,D,22,"D00,D01,D02,D03,D04,D05,D06,D07,D08,D09,D10,D11,D12,D13,D14,D15,D16,D17,D18,D19,D20,D21",154,74:88|109:44|144:22,"144,109,109,74,74,74,74"
LAY_107,CFG_119,E,22,"E00,E01,E02,E03,E04,E05,E06,E07,E08,E09,E10,E11,E12,E13,E14,E15,E16,E17,E18,E19,E20,E21",132,74:66|144:44|164:22,"164,144,144,74,74,74"
LAY_107,CFG_119,F,22,"F00,F01,F02,F03,F04,F05,F06,F07,F08,F09,F10,F11,F12,F13,F14,F15,F16,F17,F18,F19,F20,F21",88,114:44|239:44,"239,239,114,114"
LAY_107,CFG_119,G,22,"G00,G01,G02,G03,G04,G05,G06,G07,G08,G09,G10,G11,G12,G13,G14,G15,G16,G17,G18,G19,G20,G21",88,79:22|144:22|239:44,"239,239,144,84"
LAY_107,CFG_119,H,22,"H00,H01,H02,H03,H04,H05,H06,H07,H08,H09,H10,H11,H12,H13,H14,H15,H16,H17,H18,H19,H20,H21",88,164:44|189:44,"189,189,164,164"
LAY_107,CFG_119,I,22,"I00,I01,I02,I03,I04,I05,I06,I07,I08,I09,I10,I11,I12,I13,I14,I15,I16,I17,I18,I19,I20,I21",88,164:44|189:44,"189,189,164,164"
LAY_107,CFG_119,J,22,"J00,J01,J02,J03,J04,J05,J06,J07,J08,J09,J10,J11,J12,J13,J14,J15,J16,J17,J18,J19,J20,J21",88,164:44|189:44,"189,189,164,164"
LAY_107,CFG_119,K,22,"K00,K01,K02,K03,K04,K05,K06,K07,K08,K09,K10,K11,K12,K13,K14,K15,K16,K17,K18,K19,K20,K21",88,114:22|164:22|189:22|239:22,"239,189,164,114"
LAY_108,CFG_120,A,16,"A00,A01,A02,A03,A04,A05,A06,A07,A08,A09,A10,A11,A12,A13,A14,A15",96,89:48|114:16|144:32,"144,144,114,89,89,94"
LAY_108,CFG_120,B,22,"B00,B01,B02,B03,B04,B05,B06,B07,B08,B09,B10,B11,B12,B13,B14,B15,B16,B17,B18,B19,B20,B21",154,79:44|89:44|104:44|114:22,"114,104,104,89,89,79,79"
LAY_108,CFG_120,D,22,"D00,D01,D02,D03,D04,D05,D06,D07,D08,D09,D10,D11,D12,D13,D14,D15,D16,D17,D18,D19,D20,D21",154,74:110|144:44,"144,144,74,74,74,74,74"
LAY_108,CFG_120,E,22,"E00,E01,E02,E03,E04,E05,E06,E07,E08,E09,E10,E11,E12,E13,E14,E15,E16,E17,E18,E19,E20,E21",132,74:88|174:22|204:22,"204,174,74,74,74,74"
LAY_108,CFG_120,F,22,"F00,F01,F02,F03,F04,F05,F06,F07,F08,F09,F10,F11,F12,F13,F14,F15,F16,F17,F18,F19,F20,F21",110,114:66|174:44,"174,174,114,114,114"
LAY_108,CFG_120,G,22,"G00,G01,G02,G03,G04,G05,G06,G07,G08,G09,G10,G11,G12,G13,G14,G15,G16,G17,G18,G19,G20,G21",88,114:44|239:44,"239,239,114,114"
LAY_108,CFG_120,H,22,"H00,H01,H02,H03,H04,H05,H06,H07,H08,H09,H10,H11,H12,H13,H14,H15,H16,H17,H18,H19,H20,H21",88,154:66|239:22,"239,154,154,159"
LAY_108,CFG_120,I,22,"I00,I01,I02,I03,I04,I05,I06,I07,I08,I09,I10,I11,I12,I13,I14,I15,I16,I17,I18,I19,I20,I21",88,154:66|239:22,"239,154,154,159"
LAY_108,CFG_120,J,22,"J00,J01,J02,J03,J04,J05,J06,J07,J08,J09,J10,J11,J12,J13,J14,J15,J16,J17,J18,J19,J20,J21",88,89:22|204:66,"204,204,204,94"
LAY_108,CFG_120,K,22,"K00,K01,K02,K03,K04,K05,K06,K07,K08,K09,K10,K11,K12,K13,K14,K15,K16,K17,K18,K19,K20,K21",88,89:22|174:22|204:22|239:22,"239,204,174,89"
LAY_110,CFG_123,A,16,"A00,A01,A02,A03,A04,A05,A06,A07,A08,A09,A10,A11,A12,A13,A14,A15",64,94:32|239:32,"239,239,94,134"
LAY_110,CFG_123,B,22,"B00,B01,B02,B03,B04,B05,B06,B07,B08,B09,B10,B11,B12,B13,B14,B15,B16,B17,B18,B19,B20,B21",88,94:44|239:44,"239,239,94,134"
LAY_110,CFG_123,D,22,"D00,D01,D02,D03,D04,D05,D06,D07,D08,D09,D10,D11,D12,D13,D14,D15,D16,D17,D18,D19,D20,D21",88,94:44|239:44,"239,239,94,134"
LAY_110,CFG_123,E,22,"E00,E01,E02,E03,E04,E05,E06,E07,E08,E09,E10,E11,E12,E13,E14,E15,E16,E17,E18,E19,E20,E21",88,94:44|239:44,"239,239,94,134"
LAY_110,CFG_123,F,22,"F00,F01,F02,F03,F04,F05,F06,F07,F08,F09,F10,F11,F12,F13,F14,F15,F16,F17,F18,F19,F20,F21",88,94:44|239:44,"239,239,94,134"
LAY_110,CFG_123,G,22,"G00,G01,G02,G03,G04,G05,G06,G07,G08,G09,G10,G11,G12,G13,G14,G15,G16,G17,G18,G19,G20,G21",88,94:44|239:44,"239,239,94,134"
LAY_110,CFG_123,H,22,"H00,H01,H02,H03,H04,H05,H06,H07,H08,H09,H10,H11,H12,H13,H14,H15,H16,H17,H18,H19,H20,H21",88,94:44|239:44,"239,239,94,134"
LAY_110,CFG_123,I,22,"I00,I01,I02,I03,I04,I05,I06,I07,I08,I09,I10,I11,I12,I13,I14,I15,I16,I17,I18,I19,I20,I21",88,94:44|239:44,"239,239,94,134"
LAY_110,CFG_123,J,22,"J00,J01,J02,J03,J04,J05,J06,J07,J08,J09,J10,J11,J12,J13,J14,J15,J16,J17,J18,J19,J20,J21",154,59:110|94:22|239:22,"239,94,59,59,59,59,89"
LAY_110,CFG_123,K,22,"K00,K01,K02,K03,K04,K05,K06,K07,K08,K09,K10,K11,K12,K13,K14,K15,K16,K17,K18,K19,K20,K21",220,59:220,"59,59,59,59,59,59,59,59,59,79"
LAY_111,CFG_124,A,16,"A00,A01,A02,A03,A04,A05,A06,A07,A08,A09,A10,A11,A12,A13,A14,A15",64,109:32|239:32,"239,239,109,119"
LAY_111,CFG_124,B,22,"B00,B01,B02,B03,B04,B05,B06,B07,B08,B09,B10,B11,B12,B13,B14,B15,B16,B17,B18,B19,B20,B21",88,109:44|239:44,"239,239,109,119"
LAY_111,CFG_124,D,22,"D00,D01,D02,D03,D04,D05,D06,D07,D08,D09,D10,D11,D12,D13,D14,D15,D16,D17,D18,D19,D20,D21",88,109:44|239:44,"239,239,109,119"
LAY_111,CFG_124,E,22,"E00,E01,E02,E03,E04,E05,E06,E07,E08,E09,E10,E11,E12,E13,E14,E15,E16,E17,E18,E19,E20,E21",88,109:44|239:44,"239,239,109,119"
LAY_111,CFG_124,F,22,"F00,F01,F02,F03,F04,F05,F06,F07,F08,F09,F10,F11,F12,F13,F14,F15,F16,F17,F18,F19,F20,F21",88,109:44|239:44,"239,239,109,119"
LAY_111,CFG_124,G,22,"G00,G01,G02,G03,G04,G05,G06,G07,G08,G09,G10,G11,G12,G13,G14,G15,G16,G17,G18,G19,G20,G21",88,109:44|239:44,"239,239,109,119"
LAY_111,CFG_124,H,22,"H00,H01,H02,H03,H04,H05,H06,H07,H08,H09,H10,H11,H12,H13,H14,H15,H16,H17,H18,H19,H20,H21",110,49:44|109:22|239:44,"239,239,109,49,54"
LAY_111,CFG_124,I,22,"I00,I01,I02,I03,I04,I05,I06,I07,I08,I09,I10,I11,I12,I13,I14,I15,I16,I17,I18,I19,I20,I21",110,49:44|109:22|239:44,"239,239,109,49,54"
LAY_111,CFG_124,J,22,"J00,J01,J02,J03,J04,J05,J06,J07,J08,J09,J10,J11,J12,J13,J14,J15,J16,J17,J18,J19,J20,J21",198,49:44|74:154,"74,74,74,74,74,74,74,49,59"
LAY_111,CFG_124,K,22,"K00,K01,K02,K03,K04,K05,K06,K07,K08,K09,K10,K11,K12,K13,K14,K15,K16,K17,K18,K19,K20,K21",220,49:132|74:88,"74,74,74,74,49,49,49,49,49,69"
LAY_112,CFG_125,A,16,"A00,A01,A02,A03,A04,A05,A06,A07,A08,A09,A10,A11,A12,A13,A14,A15",112,44:32|64:32|84:16|119:16|239:16,"239,119,84,64,64,44,44"
LAY_112,CFG_125,B,22,"B00,B01,B02,B03,B04,B05,B06,B07,B08,B09,B10,B11,B12,B13,B14,B15,B16,B17,B18,B19,B20,B21",242,44:154|64:66|84:22,"84,64,64,64,44,44,44,44,44,44,54"
LAY_112,CFG_125,D,22,"D00,D01,D02,D03,D04,D05,D06,D07,D08,D09,D10,D11,D12,D13,D14,D15,D16,D17,D18,D19,D20,D21",176,64:88|84:66|119:22,"119,84,84,84,64,64,64,79"
LAY_112,CFG_125,E,22,"E00,E01,E02,E03,E04,E05,E06,E07,E08,E09,E10,E11,E12,E13,E14,E15,E16,E17,E18,E19,E20,E21",132,84:44|119:88,"119,119,119,119,84,114"
LAY_112,CFG_125,F,22,"F00,F01,F02,F03,F04,F05,F06,F07,F08,F09,F10,F11,F12,F13,F14,F15,F16,F17,F18,F19,F20,F21",110,44:22|84:44|239:44,"239,239,84,84,44"
LAY_112,CFG_125,G,22,"G00,G01,G02,G03,G04,G05,G06,G07,G08,G09,G10,G11,G12,G13,G14,G15,G16,G17,G18,G19,G20,G21",88,84:22|119:22|239:44,"239,239,119,109"
LAY_112,CFG_125,H,22,"H00,H01,H02,H03,H04,H05,H06,H07,H08,H09,H10,H11,H12,H13,H14,H15,H16,H17,H18,H19,H20,H21",88,84:22|119:22|239:44,"239,239,119,109"
LAY_112,CFG_125,I,22,"I00,I01,I02,I03,I04,I05,I06,I07,I08,I09,I10,I11,I12,I13,I14,I15,I16,I17,I18,I19,I20,I21",88,84:22|119:22|239:44,"239,239,119,109"
LAY_112,CFG_125,J,22,"J00,J01,J02,J03,J04,J05,J06,J07,J08,J09,J10,J11,J12,J13,J14,J15,J16,J17,J18,J19,J20,J21",88,84:22|119:22|239:44,"239,239,119,109"
LAY_112,CFG_125,K,22,"K00,K01,K02,K03,K04,K05,K06,K07,K08,K09,K10,K11,K12,K13,K14,K15,K16,K17,K18,K19,K20,K21",88,84:22|119:22|239:44,"239,239,119,109"
LAY_113,CFG_126,A,16,"A00,A01,A02,A03,A04,A05,A06,A07,A08,A09,A10,A11,A12,A13,A14,A15",192,39:160|94:32,"94,94,39,39,39,39,39,39,39,39,39,39"
LAY_113,CFG_126,B,22,"B00,B01,B02,B03,B04,B05,B06,B07,B08,B09,B10,B11,B12,B13,B14,B15,B16,B17,B18,B19,B20,B21",198,59:154|74:22|129:22,"129,74,59,59,59,59,59,59,69"
LAY_113,CFG_126,D,22,"D00,D01,D02,D03,D04,D05,D06,D07,D08,D09,D10,D11,D12,D13,D14,D15,D16,D17,D18,D19,D20,D21",176,74:132|94:44,"94,94,74,74,74,74,74,84"
LAY_113,CFG_126,E,22,"E00,E01,E02,E03,E04,E05,E06,E07,E08,E09,E10,E11,E12,E13,E14,E15,E16,E17,E18,E19,E20,E21",132,94:66|129:66,"129,129,129,94,94,99"
LAY_113,CFG_126,F,22,"F00,F01,F02,F03,F04,F05,F06,F07,F08,F09,F10,F11,F12,F13,F14,F15,F16,F17,F18,F19,F20,F21",88,94:22|129:22|239:44,"239,239,129,99"
LAY_113,CFG_126,G,22,"G00,G01,G02,G03,G04,G05,G06,G07,G08,G09,G10,G11,G12,G13,G14,G15,G16,G17,G18,G19,G20,G21",88,94:22|129:22|239:44,"239,239,129,99"
LAY_113,CFG_126,H,22,"H00,H01,H02,H03,H04,H05,H06,H07,H08,H09,H10,H11,H12,H13,H14,H15,H16,H17,H18,H19,H20,H21",88,94:22|129:22|239:44,"239,239,129,99"
LAY_113,CFG_126,I,22,"I00,I01,I02,I03,I04,I05,I06,I07,I08,I09,I10,I11,I12,I13,I14,I15,I16,I17,I18,I19,I20,I21",88,94:22|129:22|239:44,"239,239,129,99"
LAY_113,CFG_126,J,22,"J00,J01,J02,J03,J04,J05,J06,J07,J08,J09,J10,J11,J12,J13,J14,J15,J16,J17,J18,J19,J20,J21",88,129:66|239:22,"239,129,129,209"
LAY_113,CFG_126,K,22,"K00,K01,K02,K03,K04,K05,K06,K07,K08,K09,K10,K11,K12,K13,K14,K15,K16,K17,K18,K19,K20,K21",88,129:66|239:22,"239,129,129,209"
LAY_114,CFG_127,A,16,"A00,A01,A02,A03,A04,A05,A06,A07,A08,A09,A10,A11,A12,A13,A14,A15",160,54:48|64:112,"64,64,64,64,64,64,64,54,54,54"
LAY_114,CFG_127,B,22,"B00,B01,B02,B03,B04,B05,B06,B07,B08,B09,B10,B11,B12,B13,B14,B15,B16,B17,B18,B19,B20,B21",242,39:132|54:44|64:22|84:22|99:22,"99,84,64,54,54,39,39,39,39,39,44"
LAY_114,CFG_127,D,22,"D00,D01,D02,D03,D04,D05,D06,D07,D08,D09,D10,D11,D12,D13,D14,D15,D16,D17,D18,D19,D20,D21",176,54:44|84:88|99:44,"99,99,84,84,84,84,54,54"
LAY_114,CFG_127,E,22,"E00,E01,E02,E03,E04,E05,E06,E07,E08,E09,E10,E11,E12,E13,E14,E15,E16,E17,E18,E19,E20,E21",110,99:66|139:22|239:22,"239,139,99,99,114"
LAY_114,CFG_127,F,22,"F00,F01,F02,F03,F04,F05,F06,F07,F08,F09,F10,F11,F12,F13,F14,F15,F16,F17,F18,F19,F20,F21",88,84:22|139:22|239:44,"239,239,139,89"
LAY_114,CFG_127,G,22,"G00,G01,G02,G03,G04,G05,G06,G07,G08,G09,G10,G11,G12,G13,G14,G15,G16,G17,G18,G19,G20,G21",88,139:66|239:22,"239,139,139,189"
LAY_114,CFG_127,H,22,"H00,H01,H02,H03,H04,H05,H06,H07,H08,H09,H10,H11,H12,H13,H14,H15,H16,H17,H18,H19,H20,H21",88,84:22|139:22|239:44,"239,239,139,89"
LAY_114,CFG_127,I,22,"I00,I01,I02,I03,I04,I05,I06,I07,I08,I09,I10,I11,I12,I13,I14,I15,I16,I17,I18,I19,I20,I21",88,84:22|139:22|239:44,"239,239,139,89"
LAY_114,CFG_127,J,22,"J00,J01,J02,J03,J04,J05,J06,J07,J08,J09,J10,J11,J12,J13,J14,J15,J16,J17,J18,J19,J20,J21",88,139:66|239:22,"239,139,139,189"
LAY_114,CFG_127,K,22,"K00,K01,K02,K03,K04,K05,K06,K07,K08,K09,K10,K11,K12,K13,K14,K15,K16,K17,K18,K19,K20,K21",88,139:66|239:22,"239,139,139,189"
LAY_115,CFG_128,A,16,"A00,A01,A02,A03,A04,A05,A06,A07,A08,A09,A10,A11,A12,A13,A14,A15",176,34:96|49:48|89:16|149:16,"149,89,49,49,49,34,34,34,34,34,39"
LAY_115,CFG_128,B,22,"B00,B01,B02,B03,B04,B05,B06,B07,B08,B09,B10,B11,B12,B13,B14,B15,B16,B17,B18,B19,B20,B21",198,34:22|49:66|89:110,"89,89,89,89,89,49,49,49,34"
LAY_115,CFG_128,D,22,"D00,D01,D02,D03,D04,D05,D06,D07,D08,D09,D10,D11,D12,D13,D14,D15,D16,D17,D18,D19,D20,D21",198,59:110|74:66|109:22,"109,74,74,74,59,59,59,59,59"
LAY_115,CFG_128,E,22,"E00,E01,E02,E03,E04,E05,E06,E07,E08,E09,E10,E11,E12,E13,E14,E15,E16,E17,E18,E19,E20,E21",132,74:66|149:66,"149,149,149,74,74,79"
LAY_115,CFG_128,F,22,"F00,F01,F02,F03,F04,F05,F06,F07,F08,F09,F10,F11,F12,F13,F14,F15,F16,F17,F18,F19,F20,F21",110,34:22|109:22|149:44|239:22,"239,149,149,109,44"
LAY_115,CFG_128,G,22,"G00,G01,G02,G03,G04,G05,G06,G07,G08,G09,G10,G11,G12,G13,G14,G15,G16,G17,G18,G19,G20,G21",88,109:44|239:44,"239,239,109,119"
LAY_115,CFG_128,H,22,"H00,H01,H02,H03,H04,H05,H06,H07,H08,H09,H10,H11,H12,H13,H14,H15,H16,H17,H18,H19,H20,H21",88,109:44|239:44,"239,239,109,119"
LAY_115,CFG_128,I,22,"I00,I01,I02,I03,I04,I05,I06,I07,I08,I09,I10,I11,I12,I13,I14,I15,I16,I17,I18,I19,I20,I21",88,74:22|149:22|239:44,"239,239,149,79"
LAY_115,CFG_128,J,22,"J00,J01,J02,J03,J04,J05,J06,J07,J08,J09,J10,J11,J12,J13,J14,J15,J16,J17,J18,J19,J20,J21",88,149:66|239:22,"239,149,149,169"
LAY_115,CFG_128,K,22,"K00,K01,K02,K03,K04,K05,K06,K07,K08,K09,K10,K11,K12,K13,K14,K15,K16,K17,K18,K19,K20,K21",88,149:66|239:22,"239,149,149,169"
LAY_116,CFG_129,A,16,"A00,A01,A02,A03,A04,A05,A06,A07,A08,A09,A10,A11,A12,A13,A14,A15",160,34:16|49:112|79:16|149:16,"149,79,49,49,49,49,49,49,49,39"
LAY_116,CFG_129,B,22,"B00,B01,B02,B03,B04,B05,B06,B07,B08,B09,B10,B11,B12,B13,B14,B15,B16,B17,B18,B19,B20,B21",242,34:88|59:110|69:22|94:22,"94,69,59,59,59,59,59,34,34,34,34"
LAY_116,CFG_129,D,22,"D00,D01,D02,D03,D04,D05,D06,D07,D08,D09,D10,D11,D12,D13,D14,D15,D16,D17,D18,D19,D20,D21",176,69:88|79:44|94:22|114:22,"114,94,79,79,69,69,69,69"
LAY_116,CFG_129,E,22,"E00,E01,E02,E03,E04,E05,E06,E07,E08,E09,E10,E11,E12,E13,E14,E15,E16,E17,E18,E19,E20,E21",132,79:44|94:22|114:22|149:44,"149,149,114,94,79,89"
LAY_116,CFG_129,F,22,"F00,F01,F02,F03,F04,F05,F06,F07,F08,F09,F10,F11,F12,F13,F14,F15,F16,F17,F18,F19,F20,F21",110,94:44|114:22|149:22|239:22,"239,149,114,94,94"
LAY_116,CFG_129,G,22,"G00,G01,G02,G03,G04,G05,G06,G07,G08,G09,G10,G11,G12,G13,G14,G15,G16,G17,G18,G19,G20,G21",88,114:44|239:44,"239,239,114,114"
LAY_116,CFG_129,H,22,"H00,H01,H02,H03,H04,H05,H06,H07,H08,H09,H10,H11,H12,H13,H14,H15,H16,H17,H18,H19,H20,H21",88,79:22|149:22|239:44,"239,239,149,79"
LAY_116,CFG_129,I,22,"I00,I01,I02,I03,I04,I05,I06,I07,I08,I09,I10,I11,I12,I13,I14,I15,I16,I17,I18,I19,I20,I21",88,149:66|239:22,"239,149,149,169"
LAY_116,CFG_129,J,22,"J00,J01,J02,J03,J04,J05,J06,J07,J08,J09,J10,J11,J12,J13,J14,J15,J16,J17,J18,J19,J20,J21",88,149:66|239:22,"239,149,149,169"
LAY_116,CFG_129,K,22,"K00,K01,K02,K03,K04,K05,K06,K07,K08,K09,K10,K11,K12,K13,K14,K15,K16,K17,K18,K19,K20,K21",88,149:66|239:22,"239,149,149,169"
LAY_117,CFG_130,A,16,"A00,A01,A02,A03,A04,A05,A06,A07,A08,A09,A10,A11,A12,A13,A14,A15",192,29:96|44:32|64:16|74:32|99:16,"99,74,74,64,44,44,29,29,29,29,29,34"
LAY_117,CFG_130,B,22,"B00,B01,B02,B03,B04,B05,B06,B07,B08,B09,B10,B11,B12,B13,B14,B15,B16,B17,B18,B19,B20,B21",220,44:66|64:88|74:66,"74,74,74,64,64,64,64,44,44,44"
LAY_117,CFG_130,D,22,"D00,D01,D02,D03,D04,D05,D06,D07,D08,D09,D10,D11,D12,D13,D14,D15,D16,D17,D18,D19,D20,D21",176,54:66|84:22|99:88,"99,99,99,99,84,54,54,54"
LAY_117,CFG_130,E,22,"E00,E01,E02,E03,E04,E05,E06,E07,E08,E09,E10,E11,E12,E13,E14,E15,E16,E17,E18,E19,E20,E21",132,54:44|84:22|159:66,"159,159,159,84,54,59"
LAY_117,CFG_130,F,22,"F00,F01,F02,F03,F04,F05,F06,F07,F08,F09,F10,F11,F12,F13,F14,F15,F16,F17,F18,F19,F20,F21",110,119:66|159:44,"159,159,119,119,134"
LAY_117,CFG_130,G,22,"G00,G01,G02,G03,G04,G05,G06,G07,G08,G09,G10,G11,G12,G13,G14,G15,G16,G17,G18,G19,G20,G21",132,29:22|84:44|119:44|239:22,"239,119,119,84,84,29"
LAY_117,CFG_130,H,22,"H00,H01,H02,H03,H04,H05,H06,H07,H08,H09,H10,H11,H12,H13,H14,H15,H16,H17,H18,H19,H20,H21",110,29:22|84:22|99:22|239:44,"239,239,99,84,29"
LAY_117,CFG_130,I,22,"I00,I01,I02,I03,I04,I05,I06,I07,I08,I09,I10,I11,I12,I13,I14,I15,I16,I17,I18,I19,I20,I21",88,64:22|159:22|239:44,"239,239,159,69"
LAY_117,CFG_130,J,22,"J00,J01,J02,J03,J04,J05,J06,J07,J08,J09,J10,J11,J12,J13,J14,J15,J16,J17,J18,J19,J20,J21",88,119:22|159:44|239:22,"239,159,159,149"
LAY_117,CFG_130,K,22,"K00,K01,K02,K03,K04,K05,K06,K07,K08,K09,K10,K11,K12,K13,K14,K15,K16,K17,K18,K19,K20,K21",88,119:22|159:44|239:22,"239,159,159,149"
LAY_119,CFG_133,A,16,"A00,A01,A02,A03,A04,A05,A06,A07,A08,A09,A10,A11,A12,A13,A14,A15",64,109:32|239:32,"239,239,109,119"
LAY_119,CFG_133,B,22,"B00,B01,B02,B03,B04,B05,B06,B07,B08,B09,B10,B11,B12,B13,B14,B15,B16,B17,B18,B19,B20,B21",88,109:44|239:44,"239,239,109,119"
LAY_119,CFG_133,D,22,"D00,D01,D02,D03,D04,D05,D06,D07,D08,D09,D10,D11,D12,D13,D14,D15,D16,D17,D18,D19,D20,D21",88,109:44|239:44,"239,239,109,119"
LAY_119,CFG_133,E,22,"E00,E01,E02,E03,E04,E05,E06,E07,E08,E09,E10,E11,E12,E13,E14,E15,E16,E17,E18,E19,E20,E21",88,109:44|239:44,"239,239,109,119"
LAY_119,CFG_133,F,22,"F00,F01,F02,F03,F04,F05,F06,F07,F08,F09,F10,F11,F12,F13,F14,F15,F16,F17,F18,F19,F20,F21",88,109:44|239:44,"239,239,109,119"
LAY_119,CFG_133,G,22,"G00,G01,G02,G03,G04,G05,G06,G07,G08,G09,G10,G11,G12,G13,G14,G15,G16,G17,G18,G19,G20,G21",88,109:44|239:44,"239,239,109,119"
LAY_119,CFG_133,H,22,"H00,H01,H02,H03,H04,H05,H06,H07,H08,H09,H10,H11,H12,H13,H14,H15,H16,H17,H18,H19,H20,H21",88,109:44|239:44,"239,239,109,119"
LAY_119,CFG_133,I,22,"I00,I01,I02,I03,I04,I05,I06,I07,I08,I09,I10,I11,I12,I13,I14,I15,I16,I17,I18,I19,I20,I21",88,109:44|239:44,"239,239,109,119"
LAY_119,CFG_133,J,22,"J00,J01,J02,J03,J04,J05,J06,J07,J08,J09,J10,J11,J12,J13,J14,J15,J16,J17,J18,J19,J20,J21",154,64:132|239:22,"239,64,64,64,64,64,99"
LAY_119,CFG_133,K,22,"K00,K01,K02,K03,K04,K05,K06,K07,K08,K09,K10,K11,K12,K13,K14,K15,K16,K17,K18,K19,K20,K21",198,64:176|109:22,"109,64,64,64,64,64,64,64,69"
LAY_120,CFG_134,A,16,"A00,A01,A02,A03,A04,A05,A06,A07,A08,A09,A10,A11,A12,A13,A14,A15",64,84:16|119:16|239:32,"239,239,119,109"
LAY_120,CFG_134,B,22,"B00,B01,B02,B03,B04,B05,B06,B07,B08,B09,B10,B11,B12,B13,B14,B15,B16,B17,B18,B19,B20,B21",88,84:22|119:22|239:44,"239,239,119,109"
LAY_120,CFG_134,D,22,"D00,D01,D02,D03,D04,D05,D06,D07,D08,D09,D10,D11,D12,D13,D14,D15,D16,D17,D18,D19,D20,D21",88,84:22|119:22|239:44,"239,239,119,109"
LAY_120,CFG_134,E,22,"E00,E01,E02,E03,E04,E05,E06,E07,E08,E09,E10,E11,E12,E13,E14,E15,E16,E17,E18,E19,E20,E21",88,84:22|119:22|239:44,"239,239,119,109"
LAY_120,CFG_134,F,22,"F00,F01,F02,F03,F04,F05,F06,F07,F08,F09,F10,F11,F12,F13,F14,F15,F16,F17,F18,F19,F20,F21",88,84:22|119:22|239:44,"239,239,119,109"
LAY_120,CFG_134,G,22,"G00,G01,G02,G03,G04,G05,G06,G07,G08,G09,G10,G11,G12,G13,G14,G15,G16,G17,G18,G19,G20,G21",88,84:22|119:22|239:44,"239,239,119,109"
LAY_120,CFG_134,H,22,"H00,H01,H02,H03,H04,H05,H06,H07,H08,H09,H10,H11,H12,H13,H14,H15,H16,H17,H18,H19,H20,H21",88,84:22|119:22|239:44,"239,239,119,109"
LAY_120,CFG_134,I,22,"I00,I01,I02,I03,I04,I05,I06,I07,I08,I09,I10,I11,I12,I13,I14,I15,I16,I17,I18,I19,I20,I21",88,84:22|119:22|239:44,"239,239,119,109"
LAY_120,CFG_134,J,22,"J00,J01,J02,J03,J04,J05,J06,J07,J08,J09,J10,J11,J12,J13,J14,J15,J16,J17,J18,J19,J20,J21",176,59:88|84:44|119:44,"119,119,84,84,59,59,59,59"
LAY_120,CFG_134,K,22,"K00,K01,K02,K03,K04,K05,K06,K07,K08,K09,K10,K11,K12,K13,K14,K15,K16,K17,K18,K19,K20,K21",198,59:154|84:22|119:22,"119,84,59,59,59,59,59,59,69"
LAY_121,CFG_135,A,16,"A00,A01,A02,A03,A04,A05,A06,A07,A08,A09,A10,A11,A12,A13,A14,A15",112,54:16|74:32|99:32|129:32,"129,129,99,99,74,74,54"
LAY_121,CFG_135,B,22,"B00,B01,B02,B03,B04,B05,B06,B07,B08,B09,B10,B11,B12,B13,B14,B15,B16,B17,B18,B19,B20,B21",220,54:176|74:22|99:22,"99,74,54,54,54,54,54,54,54,59"
LAY_121,CFG_135,D,22,"D00,D01,D02,D03,D04,D05,D06,D07,D08,D09,D10,D11,D12,D13,D14,D15,D16,D17,D18,D19,D20,D21",176,74:132|99:44,"99,99,74,74,74,74,74,74"
LAY_121,CFG_135,E,22,"E00,E01,E02,E03,E04,E05,E06,E07,E08,E09,E10,E11,E12,E13,E14,E15,E16,E17,E18,E19,E20,E21",110,99:66|129:22|239:22,"239,129,99,99,124"
LAY_121,CFG_135,F,22,"F00,F01,F02,F03,F04,F05,F06,F07,F08,F09,F10,F11,F12,F13,F14,F15,F16,F17,F18,F19,F20,F21",88,99:22|129:22|239:44,"239,239,129,99"
LAY_121,CFG_135,G,22,"G00,G01,G02,G03,G04,G05,G06,G07,G08,G09,G10,G11,G12,G13,G14,G15,G16,G17,G18,G19,G20,G21",88,129:66|239:22,"239,129,129,209"
LAY_121,CFG_135,H,22,"H00,H01,H02,H03,H04,H05,H06,H07,H08,H09,H10,H11,H12,H13,H14,H15,H16,H17,H18,H19,H20,H21",88,99:22|129:22|239:44,"239,239,129,99"
LAY_121,CFG_135,I,22,"I00,I01,I02,I03,I04,I05,I06,I07,I08,I09,I10,I11,I12,I13,I14,I15,I16,I17,I18,I19,I20,I21",88,99:22|129:22|239:44,"239,239,129,99"
LAY_121,CFG_135,J,22,"J00,J01,J02,J03,J04,J05,J06,J07,J08,J09,J10,J11,J12,J13,J14,J15,J16,J17,J18,J19,J20,J21",88,99:22|129:22|239:44,"239,239,129,99"
LAY_121,CFG_135,K,22,"K00,K01,K02,K03,K04,K05,K06,K07,K08,K09,K10,K11,K12,K13,K14,K15,K16,K17,K18,K19,K20,K21",88,129:66|239:22,"239,129,129,209"
LAY_122,CFG_136,A,16,"A00,A01,A02,A03,A04,A05,A06,A07,A08,A09,A10,A11,A12,A13,A14,A15",112,54:48|84:48|239:16,"239,84,84,84,54,54,59"
LAY_122,CFG_136,B,22,"B00,B01,B02,B03,B04,B05,B06,B07,B08,B09,B10,B11,B12,B13,B14,B15,B16,B17,B18,B19,B20,B21",220,54:66|64:154,"64,64,64,64,64,64,64,54,54,54"
LAY_122,CFG_136,D,22,"D00,D01,D02,D03,D04,D05,D06,D07,D08,D09,D10,D11,D12,D13,D14,D15,D16,D17,D18,D19,D20,D21",176,54:44|84:110|109:22,"109,84,84,84,84,84,54,59"
LAY_122,CFG_136,E,22,"E00,E01,E02,E03,E04,E05,E06,E07,E08,E09,E10,E11,E12,E13,E14,E15,E16,E17,E18,E19,E20,E21",110,109:22|139:88,"139,139,139,139,134"
LAY_122,CFG_136,F,22,"F00,F01,F02,F03,F04,F05,F06,F07,F08,F09,F10,F11,F12,F13,F14,F15,F16,F17,F18,F19,F20,F21",88,139:66|239:22,"239,139,139,189"
LAY_122,CFG_136,G,22,"G00,G01,G02,G03,G04,G05,G06,G07,G08,G09,G10,G11,G12,G13,G14,G15,G16,G17,G18,G19,G20,G21",88,109:44|239:44,"239,239,109,119"
LAY_122,CFG_136,H,22,"H00,H01,H02,H03,H04,H05,H06,H07,H08,H09,H10,H11,H12,H13,H14,H15,H16,H17,H18,H19,H20,H21",88,109:44|239:44,"239,239,109,119"
LAY_122,CFG_136,I,22,"I00,I01,I02,I03,I04,I05,I06,I07,I08,I09,I10,I11,I12,I13,I14,I15,I16,I17,I18,I19,I20,I21",88,109:44|239:44,"239,239,109,119"
LAY_122,CFG_136,J,22,"J00,J01,J02,J03,J04,J05,J06,J07,J08,J09,J10,J11,J12,J13,J14,J15,J16,J17,J18,J19,J20,J21",88,139:66|239:22,"239,139,139,189"
LAY_122,CFG_136,K,22,"K00,K01,K02,K03,K04,K05,K06,K07,K08,K09,K10,K11,K12,K13,K14,K15,K16,K17,K18,K19,K20,K21",88,139:66|239:22,"239,139,139,189"
LAY_123,CFG_137,A,16,"A00,A01,A02,A03,A04,A05,A06,A07,A08,A09,A10,A11,A12,A13,A14,A15",144,64:128|114:16,"114,64,64,64,64,64,64,64,64"
LAY_123,CFG_137,B,22,"B00,B01,B02,B03,B04,B05,B06,B07,B08,B09,B10,B11,B12,B13,B14,B15,B16,B17,B18,B19,B20,B21",220,49:132|64:22|74:44|94:22,"94,74,74,64,49,49,49,49,49,59"
LAY_123,CFG_137,D,22,"D00,D01,D02,D03,D04,D05,D06,D07,D08,D09,D10,D11,D12,D13,D14,D15,D16,D17,D18,D19,D20,D21",154,74:22|94:110|114:22,"114,94,94,94,94,94,74"
LAY_123,CFG_137,E,22,"E00,E01,E02,E03,E04,E05,E06,E07,E08,E09,E10,E11,E12,E13,E14,E15,E16,E17,E18,E19,E20,E21",132,74:66|149:66,"149,149,149,74,74,79"
LAY_123,CFG_137,F,22,"F00,F01,F02,F03,F04,F05,F06,F07,F08,F09,F10,F11,F12,F13,F14,F15,F16,F17,F18,F19,F20,F21",110,114:44|149:66,"149,149,149,114,129"
LAY_123,CFG_137,G,22,"G00,G01,G02,G03,G04,G05,G06,G07,G08,G09,G10,G11,G12,G13,G14,G15,G16,G17,G18,G19,G20,G21",88,114:44|239:44,"239,239,114,114"
LAY_123,CFG_137,H,22,"H00,H01,H02,H03,H04,H05,H06,H07,H08,H09,H10,H11,H12,H13,H14,H15,H16,H17,H18,H19,H20,H21",88,114:44|239:44,"239,239,114,114"
LAY_123,CFG_137,I,22,"I00,I01,I02,I03,I04,I05,I06,I07,I08,I09,I10,I11,I12,I13,I14,I15,I16,I17,I18,I19,I20,I21",88,74:22|149:22|239:44,"239,239,149,79"
LAY_123,CFG_137,J,22,"J00,J01,J02,J03,J04,J05,J06,J07,J08,J09,J10,J11,J12,J13,J14,J15,J16,J17,J18,J19,J20,J21",88,149:66|239:22,"239,149,149,169"
LAY_123,CFG_137,K,22,"K00,K01,K02,K03,K04,K05,K06,K07,K08,K09,K10,K11,K12,K13,K14,K15,K16,K17,K18,K19,K20,K21",88,149:66|239:22,"239,149,149,169"
LAY_124,CFG_138,A,16,"A00,A01,A02,A03,A04,A05,A06,A07,A08,A09,A10,A11,A12,A13,A14,A15",144,49:32|59:32|69:32|84:32|104:16,"104,84,84,69,69,59,59,49,49"
LAY_124,CFG_138,B,22,"B00,B01,B02,B03,B04,B05,B06,B07,B08,B09,B10,B11,B12,B13,B14,B15,B16,B17,B18,B19,B20,B21",220,49:44|59:88|69:88,"69,69,69,69,59,59,59,59,49,49"
LAY_124,CFG_138,D,22,"D00,D01,D02,D03,D04,D05,D06,D07,D08,D09,D10,D11,D12,D13,D14,D15,D16,D17,D18,D19,D20,D21",176,49:44|84:88|104:44,"104,104,84,84,84,84,49,49"
LAY_124,CFG_138,E,22,"E00,E01,E02,E03,E04,E05,E06,E07,E08,E09,E10,E11,E12,E13,E14,E15,E16,E17,E18,E19,E20,E21",110,104:44|119:44|239:22,"239,119,119,104,109"
LAY_124,CFG_138,F,22,"F00,F01,F02,F03,F04,F05,F06,F07,F08,F09,F10,F11,F12,F13,F14,F15,F16,F17,F18,F19,F20,F21",88,104:22|119:22|239:44,"239,239,119,109"
LAY_124,CFG_138,G,22,"G00,G01,G02,G03,G04,G05,G06,G07,G08,G09,G10,G11,G12,G13,G14,G15,G16,G17,G18,G19,G20,G21",110,119:66|154:44,"154,154,119,119,144"
LAY_124,CFG_138,H,22,"H00,H01,H02,H03,H04,H05,H06,H07,H08,H09,H10,H11,H12,H13,H14,H15,H16,H17,H18,H19,H20,H21",88,154:66|239:22,"239,154,154,159"
LAY_124,CFG_138,I,22,"I00,I01,I02,I03,I04,I05,I06,I07,I08,I09,I10,I11,I12,I13,I14,I15,I16,I17,I18,I19,I20,I21",88,69:22|154:22|239:44,"239,239,154,74"
LAY_124,CFG_138,J,22,"J00,J01,J02,J03,J04,J05,J06,J07,J08,J09,J10,J11,J12,J13,J14,J15,J16,J17,J18,J19,J20,J21",88,154:66|239:22,"239,154,154,159"
LAY_124,CFG_138,K,22,"K00,K01,K02,K03,K04,K05,K06,K07,K08,K09,K10,K11,K12,K13,K14,K15,K16,K17,K18,K19,K20,K21",88,154:66|239:22,"239,154,154,159"
LAY_125,CFG_139,A,16,"A00,A01,A02,A03,A04,A05,A06,A07,A08,A09,A10,A11,A12,A13,A14,A15",160,44:16|59:112|64:16|89:16,"89,64,59,59,59,59,59,59,59,44"
LAY_125,CFG_139,B,22,"B00,B01,B02,B03,B04,B05,B06,B07,B08,B09,B10,B11,B12,B13,B14,B15,B16,B17,B18,B19,B20,B21",220,44:88|64:88|79:22|89:22,"89,79,64,64,64,64,44,44,44,54"
LAY_125,CFG_139,D,22,"D00,D01,D02,D03,D04,D05,D06,D07,D08,D09,D10,D11,D12,D13,D14,D15,D16,D17,D18,D19,D20,D21",154,79:88|89:44|159:22,"159,89,89,79,79,79,84"
LAY_125,CFG_139,E,22,"E00,E01,E02,E03,E04,E05,E06,E07,E08,E09,E10,E11,E12,E13,E14,E15,E16,E17,E18,E19,E20,E21",110,89:22|109:22|124:44|239:22,"239,124,124,109,94"
LAY_125,CFG_139,F,22,"F00,F01,F02,F03,F04,F05,F06,F07,F08,F09,F10,F11,F12,F13,F14,F15,F16,F17,F18,F19,F20,F21",110,124:66|159:44,"159,159,124,124,124"
LAY_125,CFG_139,G,22,"G00,G01,G02,G03,G04,G05,G06,G07,G08,G09,G10,G11,G12,G13,G14,G15,G16,G17,G18,G19,G20,G21",88,109:44|239:44,"239,239,109,119"
LAY_125,CFG_139,H,22,"H00,H01,H02,H03,H04,H05,H06,H07,H08,H09,H10,H11,H12,H13,H14,H15,H16,H17,H18,H19,H20,H21",88,109:44|239:44,"239,239,109,119"
LAY_125,CFG_139,I,22,"I00,I01,I02,I03,I04,I05,I06,I07,I08,I09,I10,I11,I12,I13,I14,I15,I16,I17,I18,I19,I20,I21",88,124:22|159:44|239:22,"239,159,159,149"
LAY_125,CFG_139,J,22,"J00,J01,J02,J03,J04,J05,J06,J07,J08,J09,J10,J11,J12,J13,J14,J15,J16,J17,J18,J19,J20,J21",88,124:22|159:44|239:22,"239,159,159,149"
LAY_125,CFG_139,K,22,"K00,K01,K02,K03,K04,K05,K06,K07,K08,K09,K10,K11,K12,K13,K14,K15,K16,K17,K18,K19,K20,K21",88,124:22|159:44|239:22,"239,159,159,149"
LAY_126,CFG_140,A,16,"A00,A01,A02,A03,A04,A05,A06,A07,A08,A09,A10,A11,A12,A13,A14,A15",160,44:96|74:32|99:32,"99,99,74,74,44,44,44,44,44,44"
LAY_126,CFG_140,B,22,"B00,B01,B02,B03,B04,B05,B06,B07,B08,B09,B10,B11,B12,B13,B14,B15,B16,B17,B18,B19,B20,B21",220,54:110|64:88|84:22,"84,64,64,64,64,54,54,54,54,54"
LAY_126,CFG_140,D,22,"D00,D01,D02,D03,D04,D05,D06,D07,D08,D09,D10,D11,D12,D13,D14,D15,D16,D17,D18,D19,D20,D21",154,74:66|99:44|109:22|129:22,"129,109,99,99,74,74,74"
LAY_126,CFG_140,E,22,"E00,E01,E02,E03,E04,E05,E06,E07,E08,E09,E10,E11,E12,E13,E14,E15,E16,E17,E18,E19,E20,E21",132,84:88|99:22|239:22,"239,99,84,84,84,84"
LAY_126,CFG_140,F,22,"F00,F01,F02,F03,F04,F05,F06,F07,F08,F09,F10,F11,F12,F13,F14,F15,F16,F17,F18,F19,F20,F21",110,129:88|164:22,"164,129,129,129,139"
LAY_126,CFG_140,G,22,"G00,G01,G02,G03,G04,G05,G06,G07,G08,G09,G10,G11,G12,G13,G14,G15,G16,G17,G18,G19,G20,G21",88,109:44|239:44,"239,239,109,119"
LAY_126,CFG_140,H,22,"H00,H01,H02,H03,H04,H05,H06,H07,H08,H09,H10,H11,H12,H13,H14,H15,H16,H17,H18,H19,H20,H21",88,109:44|239:44,"239,239,109,119"
LAY_126,CFG_140,I,22,"I00,I01,I02,I03,I04,I05,I06,I07,I08,I09,I10,I11,I12,I13,I14,I15,I16,I17,I18,I19,I20,I21",88,164:88,"164,164,164,214"
LAY_126,CFG_140,J,22,"J00,J01,J02,J03,J04,J05,J06,J07,J08,J09,J10,J11,J12,J13,J14,J15,J16,J17,J18,J19,J20,J21",88,164:88,"164,164,164,214"
LAY_126,CFG_140,K,22,"K00,K01,K02,K03,K04,K05,K06,K07,K08,K09,K10,K11,K12,K13,K14,K15,K16,K17,K18,K19,K20,K21",88,164:88,"164,164,164,214"
LAY_127,CFG_142,A,16,"A00,A01,A02,A03,A04,A05,A06,A07,A08,A09,A10,A11,A12,A13,A14,A15",112,94:112,"94,94,94,94,94,94,94"
LAY_127,CFG_142,B,22,"B00,B01,B02,B03,B04,B05,B06,B07,B08,B09,B10,B11,B12,B13,B14,B15,B16,B17,B18,B19,B20,B21",154,94:154,"94,94,94,94,94,94,94"
LAY_127,CFG_142,D,22,"D00,D01,D02,D03,D04,D05,D06,D07,D08,D09,D10,D11,D12,D13,D14,D15,D16,D17,D18,D19,D20,D21",154,94:154,"94,94,94,94,94,94,94"
LAY_127,CFG_142,E,22,"E00,E01,E02,E03,E04,E05,E06,E07,E08,E09,E10,E11,E12,E13,E14,E15,E16,E17,E18,E19,E20,E21",154,94:154,"94,94,94,94,94,94,94"
LAY_127,CFG_142,F,22,"F00,F01,F02,F03,F04,F05,F06,F07,F08,F09,F10,F11,F12,F13,F14,F15,F16,F17,F18,F19,F20,F21",154,94:154,"94,94,94,94,94,94,94"
LAY_127,CFG_142,G,22,"G00,G01,G02,G03,G04,G05,G06,G07,G08,G09,G10,G11,G12,G13,G14,G15,G16,G17,G18,G19,G20,G21",154,94:154,"94,94,94,94,94,94,94"
LAY_127,CFG_142,H,22,"H00,H01,H02,H03,H04,H05,H06,H07,H08,H09,H10,H11,H12,H13,H14,H15,H16,H17,H18,H19,H20,H21",154,94:154,"94,94,94,94,94,94,94"
LAY_127,CFG_142,I,22,"I00,I01,I02,I03,I04,I05,I06,I07,I08,I09,I10,I11,I12,I13,I14,I15,I16,I17,I18,I19,I20,I21",154,94:154,"94,94,94,94,94,94,94"
LAY_127,CFG_142,J,22,"J00,J01,J02,J03,J04,J05,J06,J07,J08,J09,J10,J11,J12,J13,J14,J15,J16,J17,J18,J19,J20,J21",154,94:154,"94,94,94,94,94,94,94"
LAY_127,CFG_142,K,22,"K00,K01,K02,K03,K04,K05,K06,K07,K08,K09,K10,K11,K12,K13,K14,K15,K16,K17,K18,K19,K20,K21",154,94:154,"94,94,94,94,94,94,94"
LAY_128,CFG_143,A,16,"A00,A01,A02,A03,A04,A05,A06,A07,A08,A09,A10,A11,A12,A13,A14,A15",64,74:16|119:16|239:32,"239,239,119,109"
LAY_128,CFG_143,B,22,"B00,B01,B02,B03,B04,B05,B06,B07,B08,B09,B10,B11,B12,B13,B14,B15,B16,B17,B18,B19,B20,B21",88,74:22|119:22|239:44,"239,239,119,109"
LAY_128,CFG_143,D,22,"D00,D01,D02,D03,D04,D05,D06,D07,D08,D09,D10,D11,D12,D13,D14,D15,D16,D17,D18,D19,D20,D21",88,74:22|119:22|239:44,"239,239,119,109"
LAY_128,CFG_143,E,22,"E00,E01,E02,E03,E04,E05,E06,E07,E08,E09,E10,E11,E12,E13,E14,E15,E16,E17,E18,E19,E20,E21",88,74:22|119:22|239:44,"239,239,119,109"
LAY_128,CFG_143,F,22,"F00,F01,F02,F03,F04,F05,F06,F07,F08,F09,F10,F11,F12,F13,F14,F15,F16,F17,F18,F19,F20,F21",88,74:22|119:22|239:44,"239,239,119,109"
LAY_128,CFG_143,G,22,"G00,G01,G02,G03,G04,G05,G06,G07,G08,G09,G10,G11,G12,G13,G14,G15,G16,G17,G18,G19,G20,G21",88,74:22|119:22|239:44,"239,239,119,109"
LAY_128,CFG_143,H,22,"H00,H01,H02,H03,H04,H05,H06,H07,H08,H09,H10,H11,H12,H13,H14,H15,H16,H17,H18,H19,H20,H21",88,74:22|119:22|239:44,"239,239,119,109"
LAY_128,CFG_143,I,22,"I00,I01,I02,I03,I04,I05,I06,I07,I08,I09,I10,I11,I12,I13,I14,I15,I16,I17,I18,I19,I20,I21",110,74:22|119:66|239:22,"239,119,119,119,94"
LAY_128,CFG_143,J,22,"J00,J01,J02,J03,J04,J05,J06,J07,J08,J09,J10,J11,J12,J13,J14,J15,J16,J17,J18,J19,J20,J21",132,74:22|119:110,"119,119,119,119,119,79"
LAY_128,CFG_143,K,22,"K00,K01,K02,K03,K04,K05,K06,K07,K08,K09,K10,K11,K12,K13,K14,K15,K16,K17,K18,K19,K20,K21",176,74:154|119:22,"119,74,74,74,74,74,74,79"
LAY_129,CFG_144,A,16,"A00,A01,A02,A03,A04,A05,A06,A07,A08,A09,A10,A11,A12,A13,A14,A15",64,94:16|129:16|239:32,"239,239,129,99"
LAY_129,CFG_144,B,22,"B00,B01,B02,B03,B04,B05,B06,B07,B08,B09,B10,B11,B12,B13,B14,B15,B16,B17,B18,B19,B20,B21",88,94:22|129:22|239:44,"239,239,129,99"
LAY_129,CFG_144,D,22,"D00,D01,D02,D03,D04,D05,D06,D07,D08,D09,D10,D11,D12,D13,D14,D15,D16,D17,D18,D19,D20,D21",88,94:22|129:22|239:44,"239,239,129,99"
LAY_129,CFG_144,E,22,"E00,E01,E02,E03,E04,E05,E06,E07,E08,E09,E10,E11,E12,E13,E14,E15,E16,E17,E18,E19,E20,E21",88,94:22|129:22|239:44,"239,239,129,99"
LAY_129,CFG_144,F,22,"F00,F01,F02,F03,F04,F05,F06,F07,F08,F09,F10,F11,F12,F13,F14,F15,F16,F17,F18,F19,F20,F21",88,94:22|129:22|239:44,"239,239,129,99"
LAY_129,CFG_144,G,22,"G00,G01,G02,G03,G04,G05,G06,G07,G08,G09,G10,G11,G12,G13,G14,G15,G16,G17,G18,G19,G20,G21",88,94:22|129:22|239:44,"239,239,129,99"
LAY_129,CFG_144,H,22,"H00,H01,H02,H03,H04,H05,H06,H07,H08,H09,H10,H11,H12,H13,H14,H15,H16,H17,H18,H19,H20,H21",88,94:22|129:22|239:44,"239,239,129,99"
LAY_129,CFG_144,I,22,"I00,I01,I02,I03,I04,I05,I06,I07,I08,I09,I10,I11,I12,I13,I14,I15,I16,I17,I18,I19,I20,I21",88,129:66|239:22,"239,129,129,209"
LAY_129,CFG_144,J,22,"J00,J01,J02,J03,J04,J05,J06,J07,J08,J09,J10,J11,J12,J13,J14,J15,J16,J17,J18,J19,J20,J21",154,69:44|94:88|129:22,"129,94,94,94,94,69,84"
LAY_129,CFG_144,K,22,"K00,K01,K02,K03,K04,K05,K06,K07,K08,K09,K10,K11,K12,K13,K14,K15,K16,K17,K18,K19,K20,K21",198,69:198,"69,69,69,69,69,69,69,69,74"
LAY_130,CFG_145,A,16,"A00,A01,A02,A03,A04,A05,A06,A07,A08,A09,A10,A11,A12,A13,A14,A15",112,64:32|84:32|109:32|139:16,"139,109,109,84,84,64,69"
LAY_130,CFG_145,B,22,"B00,B01,B02,B03,B04,B05,B06,B07,B08,B09,B10,B11,B12,B13,B14,B15,B16,B17,B18,B19,B20,B21",198,64:154|84:44,"84,84,64,64,64,64,64,64,74"
LAY_130,CFG_145,D,22,"D00,D01,D02,D03,D04,D05,D06,D07,D08,D09,D10,D11,D12,D13,D14,D15,D16,D17,D18,D19,D20,D21",132,84:110|239:22,"239,84,84,84,84,99"
LAY_130,CFG_145,E,22,"E00,E01,E02,E03,E04,E05,E06,E07,E08,E09,E10,E11,E12,E13,E14,E15,E16,E17,E18,E19,E20,E21",110,109:22|139:88,"139,139,139,139,134"
LAY_130,CFG_145,F,22,"F00,F01,F02,F03,F04,F05,F06,F07,F08,F09,F10,F11,F12,F13,F14,F15,F16,F17,F18,F19,F20,F21",110,109:22|139:88,"139,139,139,139,134"
LAY_130,CFG_145,G,22,"G00,G01,G02,G03,G04,G05,G06,G07,G08,G09,G10,G11,G12,G13,G14,G15,G16,G17,G18,G19,G20,G21",88,109:44|239:44,"239,239,109,119"
LAY_130,CFG_145,H,22,"H00,H01,H02,H03,H04,H05,H06,H07,H08,H09,H10,H11,H12,H13,H14,H15,H16,H17,H18,H19,H20,H21",88,109:44|239:44,"239,239,109,119"
LAY_130,CFG_145,I,22,"I00,I01,I02,I03,I04,I05,I06,I07,I08,I09,I10,I11,I12,I13,I14,I15,I16,I17,I18,I19,I20,I21",88,109:44|239:44,"239,239,109,119"
LAY_130,CFG_145,J,22,"J00,J01,J02,J03,J04,J05,J06,J07,J08,J09,J10,J11,J12,J13,J14,J15,J16,J17,J18,J19,J20,J21",88,84:22|139:22|239:44,"239,239,139,89"
LAY_130,CFG_145,K,22,"K00,K01,K02,K03,K04,K05,K06,K07,K08,K09,K10,K11,K12,K13,K14,K15,K16,K17,K18,K19,K20,K21",88,139:66|239:22,"239,139,139,189"
LAY_131,CFG_146,A,16,"A00,A01,A02,A03,A04,A05,A06,A07,A08,A09,A10,A11,A12,A13,A14,A15",128,59:48|74:48|119:32,"119,119,74,74,74,59,59,64"
LAY_131,CFG_146,B,22,"B00,B01,B02,B03,B04,B05,B06,B07,B08,B09,B10,B11,B12,B13,B14,B15,B16,B17,B18,B19,B20,B21",176,59:110|74:22|119:22|149:22,"149,119,74,59,59,59,59,64"
LAY_131,CFG_146,D,22,"D00,D01,D02,D03,D04,D05,D06,D07,D08,D09,D10,D11,D12,D13,D14,D15,D16,D17,D18,D19,D20,D21",154,94:154,"94,94,94,94,94,94,94"
LAY_131,CFG_146,E,22,"E00,E01,E02,E03,E04,E05,E06,E07,E08,E09,E10,E11,E12,E13,E14,E15,E16,E17,E18,E19,E20,E21",132,74:22|119:110,"119,119,119,119,119,79"
LAY_131,CFG_146,F,22,"F00,F01,F02,F03,F04,F05,F06,F07,F08,F09,F10,F11,F12,F13,F14,F15,F16,F17,F18,F19,F20,F21",110,74:44|149:44|239:22,"239,149,149,74,79"
LAY_131,CFG_146,G,22,"G00,G01,G02,G03,G04,G05,G06,G07,G08,G09,G10,G11,G12,G13,G14,G15,G16,G17,G18,G19,G20,G21",88,74:22|149:22|239:44,"239,239,149,79"
LAY_131,CFG_146,H,22,"H00,H01,H02,H03,H04,H05,H06,H07,H08,H09,H10,H11,H12,H13,H14,H15,H16,H17,H18,H19,H20,H21",88,149:66|239:22,"239,149,149,169"
LAY_131,CFG_146,I,22,"I00,I01,I02,I03,I04,I05,I06,I07,I08,I09,I10,I11,I12,I13,I14,I15,I16,I17,I18,I19,I20,I21",88,74:22|149:22|239:44,"239,239,149,79"
LAY_131,CFG_146,J,22,"J00,J01,J02,J03,J04,J05,J06,J07,J08,J09,J10,J11,J12,J13,J14,J15,J16,J17,J18,J19,J20,J21",88,74:22|149:22|239:44,"239,239,149,79"
LAY_131,CFG_146,K,22,"K00,K01,K02,K03,K04,K05,K06,K07,K08,K09,K10,K11,K12,K13,K14,K15,K16,K17,K18,K19,K20,K21",88,149:66|239:22,"239,149,149,169"
LAY_132,CFG_147,A,16,"A00,A01,A02,A03,A04,A05,A06,A07,A08,A09,A10,A11,A12,A13,A14,A15",144,59:48|69:64|84:32,"84,84,69,69,69,69,59,59,64"
LAY_132,CFG_147,B,22,"B00,B01,B02,B03,B04,B05,B06,B07,B08,B09,B10,B11,B12,B13,B14,B15,B16,B17,B18,B19,B20,B21",176,59:22|69:66|84:44|104:44,"104,104,84,84,69,69,69,59"
LAY_132,CFG_147,D,22,"D00,D01,D02,D03,D04,D05,D06,D07,D08,D09,D10,D11,D12,D13,D14,D15,D16,D17,D18,D19,D20,D21",154,59:44|104:88|124:22,"124,104,104,104,104,59,59"
LAY_132,CFG_147,E,22,"E00,E01,E02,E03,E04,E05,E06,E07,E08,E09,E10,E11,E12,E13,E14,E15,E16,E17,E18,E19,E20,E21",132,59:22|84:66|124:22|239:22,"239,124,84,84,84,59"
LAY_132,CFG_147,F,22,"F00,F01,F02,F03,F04,F05,F06,F07,F08,F09,F10,F11,F12,F13,F14,F15,F16,F17,F18,F19,F20,F21",88,154:66|239:22,"239,154,154,159"
LAY_132,CFG_147,G,22,"G00,G01,G02,G03,G04,G05,G06,G07,G08,G09,G10,G11,G12,G13,G14,G15,G16,G17,G18,G19,G20,G21",88,154:66|239:22,"239,154,154,159"
LAY_132,CFG_147,H,22,"H00,H01,H02,H03,H04,H05,H06,H07,H08,H09,H10,H11,H12,H13,H14,H15,H16,H17,H18,H19,H20,H21",110,69:22|124:66|239:22,"239,124,124,124,79"
LAY_132,CFG_147,I,22,"I00,I01,I02,I03,I04,I05,I06,I07,I08,I09,I10,I11,I12,I13,I14,I15,I16,I17,I18,I19,I20,I21",88,104:22|124:22|239:44,"239,239,124,104"
LAY_132,CFG_147,J,22,"J00,J01,J02,J03,J04,J05,J06,J07,J08,J09,J10,J11,J12,J13,J14,J15,J16,J17,J18,J19,J20,J21",88,104:22|124:22|239:44,"239,239,124,104"
LAY_132,CFG_147,K,22,"K00,K01,K02,K03,K04,K05,K06,K07,K08,K09,K10,K11,K12,K13,K14,K15,K16,K17,K18,K19,K20,K21",88,154:66|239:22,"239,154,154,159"
LAY_133,CFG_148,A,16,"A00,A01,A02,A03,A04,A05,A06,A07,A08,A09,A10,A11,A12,A13,A14,A15",128,59:32|79:80|129:16,"129,79,79,79,79,79,59,59"
LAY_133,CFG_148,B,22,"B00,B01,B02,B03,B04,B05,B06,B07,B08,B09,B10,B11,B12,B13,B14,B15,B16,B17,B18,B19,B20,B21",198,59:44|69:110|79:44,"79,79,69,69,69,69,69,59,64"
LAY_133,CFG_148,D,22,"D00,D01,D02,D03,D04,D05,D06,D07,D08,D09,D10,D11,D12,D13,D14,D15,D16,D17,D18,D19,D20,D21",154,59:44|94:66|129:44,"129,129,94,94,94,59,59"
LAY_133,CFG_148,E,22,"E00,E01,E02,E03,E04,E05,E06,E07,E08,E09,E10,E11,E12,E13,E14,E15,E16,E17,E18,E19,E20,E21",132,94:66|129:66,"129,129,129,94,94,99"
LAY_133,CFG_148,F,22,"F00,F01,F02,F03,F04,F05,F06,F07,F08,F09,F10,F11,F12,F13,F14,F15,F16,F17,F18,F19,F20,F21",88,114:44|239:44,"239,239,114,114"
LAY_133,CFG_148,G,22,"G00,G01,G02,G03,G04,G05,G06,G07,G08,G09,G10,G11,G12,G13,G14,G15,G16,G17,G18,G19,G20,G21",88,114:44|239:44,"239,239,114,114"
LAY_133,CFG_148,H,22,"H00,H01,H02,H03,H04,H05,H06,H07,H08,H09,H10,H11,H12,H13,H14,H15,H16,H17,H18,H19,H20,H21",88,114:44|239:44,"239,239,114,114"
LAY_133,CFG_148,I,22,"I00,I01,I02,I03,I04,I05,I06,I07,I08,I09,I10,I11,I12,I13,I14,I15,I16,I17,I18,I19,I20,I21",88,164:88,"164,164,164,214"
LAY_133,CFG_148,J,22,"J00,J01,J02,J03,J04,J05,J06,J07,J08,J09,J10,J11,J12,J13,J14,J15,J16,J17,J18,J19,J20,J21",88,129:22|164:44|239:22,"239,164,164,139"
LAY_133,CFG_148,K,22,"K00,K01,K02,K03,K04,K05,K06,K07,K08,K09,K10,K11,K12,K13,K14,K15,K16,K17,K18,K19,K20,K21",88,164:88,"164,164,164,214"
LAY_134,CFG_149,A,16,"A00,A01,A02,A03,A04,A05,A06,A07,A08,A09,A10,A11,A12,A13,A14,A15",144,54:32|64:80|89:16|104:16,"104,89,64,64,64,64,64,54,59"
LAY_134,CFG_149,B,22,"B00,B01,B02,B03,B04,B05,B06,B07,B08,B09,B10,B11,B12,B13,B14,B15,B16,B17,B18,B19,B20,B21",198,54:88|64:22|74:44|89:22|104:22,"104,89,74,74,64,54,54,54,59"
LAY_134,CFG_149,D,22,"D00,D01,D02,D03,D04,D05,D06,D07,D08,D09,D10,D11,D12,D13,D14,D15,D16,D17,D18,D19,D20,D21",154,74:22|89:66|104:66,"104,104,104,89,89,89,79"
LAY_134,CFG_149,E,22,"E00,E01,E02,E03,E04,E05,E06,E07,E08,E09,E10,E11,E12,E13,E14,E15,E16,E17,E18,E19,E20,E21",132,74:44|119:22|134:66,"134,134,134,119,74,79"
LAY_134,CFG_149,F,22,"F00,F01,F02,F03,F04,F05,F06,F07,F08,F09,F10,F11,F12,F13,F14,F15,F16,F17,F18,F19,F20,F21",88,134:44|169:22|239:22,"239,169,134,164"
LAY_134,CFG_149,G,22,"G00,G01,G02,G03,G04,G05,G06,G07,G08,G09,G10,G11,G12,G13,G14,G15,G16,G17,G18,G19,G20,G21",88,119:22|169:44|239:22,"239,169,169,129"
LAY_134,CFG_149,H,22,"H00,H01,H02,H03,H04,H05,H06,H07,H08,H09,H10,H11,H12,H13,H14,H15,H16,H17,H18,H19,H20,H21",88,119:22|169:44|239:22,"239,169,169,129"
LAY_134,CFG_149,I,22,"I00,I01,I02,I03,I04,I05,I06,I07,I08,I09,I10,I11,I12,I13,I14,I15,I16,I17,I18,I19,I20,I21",88,104:22|119:22|239:44,"239,239,119,109"
LAY_134,CFG_149,J,22,"J00,J01,J02,J03,J04,J05,J06,J07,J08,J09,J10,J11,J12,J13,J14,J15,J16,J17,J18,J19,J20,J21",88,104:22|119:22|239:44,"239,239,119,109"
LAY_134,CFG_149,K,22,"K00,K01,K02,K03,K04,K05,K06,K07,K08,K09,K10,K11,K12,K13,K14,K15,K16,K17,K18,K19,K20,K21",88,169:88,"169,169,169,199"
LAY_135,CFG_150,A,16,"A00,A01,A02,A03,A04,A05,A06,A07,A08,A09,A10,A11,A12,A13,A14,A15",144,54:48|64:32|69:16|84:32|94:16,"94,84,84,69,64,64,54,54,59"
LAY_135,CFG_150,B,22,"B00,B01,B02,B03,B04,B05,B06,B07,B08,B09,B10,B11,B12,B13,B14,B15,B16,B17,B18,B19,B20,B21",198,54:44|64:66|69:22|84:66,"84,84,84,69,64,64,64,54,59"
LAY_135,CFG_150,D,22,"D00,D01,D02,D03,D04,D05,D06,D07,D08,D09,D10,D11,D12,D13,D14,D15,D16,D17,D18,D19,D20,D21",154,69:44|94:88|139:22,"139,94,94,94,94,69,74"
LAY_135,CFG_150,E,22,"E00,E01,E02,E03,E04,E05,E06,E07,E08,E09,E10,E11,E12,E13,E14,E15,E16,E17,E18,E19,E20,E21",132,109:110|124:22,"124,109,109,109,109,114"
LAY_135,CFG_150,F,22,"F00,F01,F02,F03,F04,F05,F06,F07,F08,F09,F10,F11,F12,F13,F14,F15,F16,F17,F18,F19,F20,F21",110,69:22|124:66|239:22,"239,124,124,124,79"
LAY_135,CFG_150,G,22,"G00,G01,G02,G03,G04,G05,G06,G07,G08,G09,G10,G11,G12,G13,G14,G15,G16,G17,G18,G19,G20,G21",110,124:22|139:88,"139,139,139,139,134"
LAY_135,CFG_150,H,22,"H00,H01,H02,H03,H04,H05,H06,H07,H08,H09,H10,H11,H12,H13,H14,H15,H16,H17,H18,H19,H20,H21",88,174:88,"174,174,174,184"
LAY_135,CFG_150,I,22,"I00,I01,I02,I03,I04,I05,I06,I07,I08,I09,I10,I11,I12,I13,I14,I15,I16,I17,I18,I19,I20,I21",88,54:22|174:22|239:44,"239,239,174,54"
LAY_135,CFG_150,J,22,"J00,J01,J02,J03,J04,J05,J06,J07,J08,J09,J10,J11,J12,J13,J14,J15,J16,J17,J18,J19,J20,J21",88,54:22|174:22|239:44,"239,239,174,54"
LAY_135,CFG_150,K,22,"K00,K01,K02,K03,K04,K05,K06,K07,K08,K09,K10,K11,K12,K13,K14,K15,K16,K17,K18,K19,K20,K21",88,174:88,"174,174,174,184"
LAY_137,CFG_153,A,16,"A00,A01,A02,A03,A04,A05,A06,A07,A08,A09,A10,A11,A12,A13,A14,A15",64,84:16|134:16|239:32,"239,239,134,94"
LAY_137,CFG_153,B,22,"B00,B01,B02,B03,B04,B05,B06,B07,B08,B09,B10,B11,B12,B13,B14,B15,B16,B17,B18,B19,B20,B21",88,84:22|134:22|239:44,"239,239,134,94"
LAY_137,CFG_153,D,22,"D00,D01,D02,D03,D04,D05,D06,D07,D08,D09,D10,D11,D12,D13,D14,D15,D16,D17,D18,D19,D20,D21",88,84:22|134:22|239:44,"239,239,134,94"
LAY_137,CFG_153,E,22,"E00,E01,E02,E03,E04,E05,E06,E07,E08,E09,E10,E11,E12,E13,E14,E15,E16,E17,E18,E19,E20,E21",88,84:22|134:22|239:44,"239,239,134,94"
LAY_137,CFG_153,F,22,"F00,F01,F02,F03,F04,F05,F06,F07,F08,F09,F10,F11,F12,F13,F14,F15,F16,F17,F18,F19,F20,F21",88,84:22|134:22|239:44,"239,239,134,94"
LAY_137,CFG_153,G,22,"G00,G01,G02,G03,G04,G05,G06,G07,G08,G09,G10,G11,G12,G13,G14,G15,G16,G17,G18,G19,G20,G21",88,84:22|134:22|239:44,"239,239,134,94"
LAY_137,CFG_153,H,22,"H00,H01,H02,H03,H04,H05,H06,H07,H08,H09,H10,H11,H12,H13,H14,H15,H16,H17,H18,H19,H20,H21",88,84:22|134:22|239:44,"239,239,134,94"
LAY_137,CFG_153,I,22,"I00,I01,I02,I03,I04,I05,I06,I07,I08,I09,I10,I11,I12,I13,I14,I15,I16,I17,I18,I19,I20,I21",110,84:44|134:44|239:22,"239,134,134,84,99"
LAY_137,CFG_153,J,22,"J00,J01,J02,J03,J04,J05,J06,J07,J08,J09,J10,J11,J12,J13,J14,J15,J16,J17,J18,J19,J20,J21",110,134:110,"134,134,134,134,154"
LAY_137,CFG_153,K,22,"K00,K01,K02,K03,K04,K05,K06,K07,K08,K09,K10,K11,K12,K13,K14,K15,K16,K17,K18,K19,K20,K21",154,84:132|134:22,"134,84,84,84,84,84,104"
LAY_138,CFG_154,A,16,"A00,A01,A02,A03,A04,A05,A06,A07,A08,A09,A10,A11,A12,A13,A14,A15",64,74:16|144:16|239:32,"239,239,144,84"
LAY_138,CFG_154,B,22,"B00,B01,B02,B03,B04,B05,B06,B07,B08,B09,B10,B11,B12,B13,B14,B15,B16,B17,B18,B19,B20,B21",88,74:22|144:22|239:44,"239,239,144,84"
LAY_138,CFG_154,D,22,"D00,D01,D02,D03,D04,D05,D06,D07,D08,D09,D10,D11,D12,D13,D14,D15,D16,D17,D18,D19,D20,D21",88,74:22|144:22|239:44,"239,239,144,84"
LAY_138,CFG_154,E,22,"E00,E01,E02,E03,E04,E05,E06,E07,E08,E09,E10,E11,E12,E13,E14,E15,E16,E17,E18,E19,E20,E21",88,74:22|144:22|239:44,"239,239,144,84"
LAY_138,CFG_154,F,22,"F00,F01,F02,F03,F04,F05,F06,F07,F08,F09,F10,F11,F12,F13,F14,F15,F16,F17,F18,F19,F20,F21",88,74:22|144:22|239:44,"239,239,144,84"
LAY_138,CFG_154,G,22,"G00,G01,G02,G03,G04,G05,G06,G07,G08,G09,G10,G11,G12,G13,G14,G15,G16,G17,G18,G19,G20,G21",88,74:22|144:22|239:44,"239,239,144,84"
LAY_138,CFG_154,H,22,"H00,H01,H02,H03,H04,H05,H06,H07,H08,H09,H10,H11,H12,H13,H14,H15,H16,H17,H18,H19,H20,H21",88,144:66|239:22,"239,144,144,179"
LAY_138,CFG_154,I,22,"I00,I01,I02,I03,I04,I05,I06,I07,I08,I09,I10,I11,I12,I13,I14,I15,I16,I17,I18,I19,I20,I21",132,74:22|104:66|144:44,"144,144,104,104,104,74"
LAY_138,CFG_154,J,22,"J00,J01,J02,J03,J04,J05,J06,J07,J08,J09,J10,J11,J12,J13,J14,J15,J16,J17,J18,J19,J20,J21",154,74:66|104:88,"104,104,104,104,74,74,94"
LAY_138,CFG_154,K,22,"K00,K01,K02,K03,K04,K05,K06,K07,K08,K09,K10,K11,K12,K13,K14,K15,K16,K17,K18,K19,K20,K21",154,74:66|104:88,"104,104,104,104,74,74,94"
LAY_139,CFG_155,A,16,"A00,A01,A02,A03,A04,A05,A06,A07,A08,A09,A10,A11,A12,A13,A14,A15",128,69:96|94:16|124:16,"124,94,69,69,69,69,69,79"
LAY_139,CFG_155,B,22,"B00,B01,B02,B03,B04,B05,B06,B07,B08,B09,B10,B11,B12,B13,B14,B15,B16,B17,B18,B19,B20,B21",154,69:88|124:66,"124,124,124,69,69,69,79"
LAY_139,CFG_155,D,22,"D00,D01,D02,D03,D04,D05,D06,D07,D08,D09,D10,D11,D12,D13,D14,D15,D16,D17,D18,D19,D20,D21",132,94:66|124:66,"124,124,124,94,94,114"
LAY_139,CFG_155,E,22,"E00,E01,E02,E03,E04,E05,E06,E07,E08,E09,E10,E11,E12,E13,E14,E15,E16,E17,E18,E19,E20,E21",110,94:44|124:44|239:22,"239,124,124,94,109"
LAY_139,CFG_155,F,22,"F00,F01,F02,F03,F04,F05,F06,F07,F08,F09,F10,F11,F12,F13,F14,F15,F16,F17,F18,F19,F20,F21",110,94:66|149:22|239:22,"239,149,94,94,114"
LAY_139,CFG_155,G,22,"G00,G01,G02,G03,G04,G05,G06,G07,G08,G09,G10,G11,G12,G13,G14,G15,G16,G17,G18,G19,G20,G21",88,149:66|239:22,"239,149,149,169"
LAY_139,CFG_155,H,22,"H00,H01,H02,H03,H04,H05,H06,H07,H08,H09,H10,H11,H12,H13,H14,H15,H16,H17,H18,H19,H20,H21",88,149:66|239:22,"239,149,149,169"
LAY_139,CFG_155,I,22,"I00,I01,I02,I03,I04,I05,I06,I07,I08,I09,I10,I11,I12,I13,I14,I15,I16,I17,I18,I19,I20,I21",88,69:22|149:22|239:44,"239,239,149,79"
LAY_139,CFG_155,J,22,"J00,J01,J02,J03,J04,J05,J06,J07,J08,J09,J10,J11,J12,J13,J14,J15,J16,J17,J18,J19,J20,J21",88,69:22|149:22|239:44,"239,239,149,79"
LAY_139,CFG_155,K,22,"K00,K01,K02,K03,K04,K05,K06,K07,K08,K09,K10,K11,K12,K13,K14,K15,K16,K17,K18,K19,K20,K21",88,69:22|149:22|239:44,"239,239,149,79"
LAY_140,CFG_156,A,16,"A00,A01,A02,A03,A04,A05,A06,A07,A08,A09,A10,A11,A12,A13,A14,A15",96,84:16|104:48|134:32,"134,134,104,104,104,94"
LAY_140,CFG_156,B,22,"B00,B01,B02,B03,B04,B05,B06,B07,B08,B09,B10,B11,B12,B13,B14,B15,B16,B17,B18,B19,B20,B21",176,69:154|154:22,"154,69,69,69,69,69,69,74"
LAY_140,CFG_156,D,22,"D00,D01,D02,D03,D04,D05,D06,D07,D08,D09,D10,D11,D12,D13,D14,D15,D16,D17,D18,D19,D20,D21",132,104:110|154:22,"154,104,104,104,104,104"
LAY_140,CFG_156,E,22,"E00,E01,E02,E03,E04,E05,E06,E07,E08,E09,E10,E11,E12,E13,E14,E15,E16,E17,E18,E19,E20,E21",154,84:132|154:22,"154,84,84,84,84,84,84"
LAY_140,CFG_156,F,22,"F00,F01,F02,F03,F04,F05,F06,F07,F08,F09,F10,F11,F12,F13,F14,F15,F16,F17,F18,F19,F20,F21",88,84:22|134:22|239:44,"239,239,134,94"
LAY_140,CFG_156,G,22,"G00,G01,G02,G03,G04,G05,G06,G07,G08,G09,G10,G11,G12,G13,G14,G15,G16,G17,G18,G19,G20,G21",110,134:88|154:22,"154,134,134,134,134"
LAY_140,CFG_156,H,22,"H00,H01,H02,H03,H04,H05,H06,H07,H08,H09,H10,H11,H12,H13,H14,H15,H16,H17,H18,H19,H20,H21",88,154:66|239:22,"239,154,154,159"
LAY_140,CFG_156,I,22,"I00,I01,I02,I03,I04,I05,I06,I07,I08,I09,I10,I11,I12,I13,I14,I15,I16,I17,I18,I19,I20,I21",88,84:22|134:22|239:44,"239,239,134,94"
LAY_140,CFG_156,J,22,"J00,J01,J02,J03,J04,J05,J06,J07,J08,J09,J10,J11,J12,J13,J14,J15,J16,J17,J18,J19,J20,J21",88,69:22|154:22|239:44,"239,239,154,74"
LAY_140,CFG_156,K,22,"K00,K01,K02,K03,K04,K05,K06,K07,K08,K09,K10,K11,K12,K13,K14,K15,K16,K17,K18,K19,K20,K21",88,154:66|239:22,"239,154,154,159"
LAY_141,CFG_157,A,16,"A00,A01,A02,A03,A04,A05,A06,A07,A08,A09,A10,A11,A12,A13,A14,A15",112,94:112,"94,94,94,94,94,94,94"
LAY_141,CFG_157,B,22,"B00,B01,B02,B03,B04,B05,B06,B07,B08,B09,B10,B11,B12,B13,B14,B15,B16,B17,B18,B19,B20,B21",198,64:132|74:44|94:22,"94,74,74,64,64,64,64,64,64"
LAY_141,CFG_157,D,22,"D00,D01,D02,D03,D04,D05,D06,D07,D08,D09,D10,D11,D12,D13,D14,D15,D16,D17,D18,D19,D20,D21",154,74:88|119:66,"119,119,119,74,74,74,79"
LAY_141,CFG_157,E,22,"E00,E01,E02,E03,E04,E05,E06,E07,E08,E09,E10,E11,E12,E13,E14,E15,E16,E17,E18,E19,E20,E21",110,119:66|164:44,"164,164,119,119,124"
LAY_141,CFG_157,F,22,"F00,F01,F02,F03,F04,F05,F06,F07,F08,F09,F10,F11,F12,F13,F14,F15,F16,F17,F18,F19,F20,F21",110,119:22|139:88,"139,139,139,139,134"
LAY_141,CFG_157,G,22,"G00,G01,G02,G03,G04,G05,G06,G07,G08,G09,G10,G11,G12,G13,G14,G15,G16,G17,G18,G19,G20,G21",88,139:22|164:44|239:22,"239,164,164,139"
LAY_141,CFG_157,H,22,"H00,H01,H02,H03,H04,H05,H06,H07,H08,H09,H10,H11,H12,H13,H14,H15,H16,H17,H18,H19,H20,H21",88,139:22|164:44|239:22,"239,164,164,139"
LAY_141,CFG_157,I,22,"I00,I01,I02,I03,I04,I05,I06,I07,I08,I09,I10,I11,I12,I13,I14,I15,I16,I17,I18,I19,I20,I21",88,74:22|139:22|239:44,"239,239,139,89"
LAY_141,CFG_157,J,22,"J00,J01,J02,J03,J04,J05,J06,J07,J08,J09,J10,J11,J12,J13,J14,J15,J16,J17,J18,J19,J20,J21",88,64:22|164:22|239:44,"239,239,164,64"
LAY_141,CFG_157,K,22,"K00,K01,K02,K03,K04,K05,K06,K07,K08,K09,K10,K11,K12,K13,K14,K15,K16,K17,K18,K19,K20,K21",88,164:88,"164,164,164,214"
LAY_142,CFG_158,A,16,"A00,A01,A02,A03,A04,A05,A06,A07,A08,A09,A10,A11,A12,A13,A14,A15",112,64:48|89:16|104:32|169:16,"169,104,104,89,64,64,64"
LAY_142,CFG_158,B,22,"B00,B01,B02,B03,B04,B05,B06,B07,B08,B09,B10,B11,B12,B13,B14,B15,B16,B17,B18,B19,B20,B21",176,64:66|89:110,"89,89,89,89,89,64,64,69"
LAY_142,CFG_158,D,22,"D00,D01,D02,D03,D04,D05,D06,D07,D08,D09,D10,D11,D12,D13,D14,D15,D16,D17,D18,D19,D20,D21",132,104:88|129:44,"129,129,104,104,104,104"
LAY_142,CFG_158,E,22,"E00,E01,E02,E03,E04,E05,E06,E07,E08,E09,E10,E11,E12,E13,E14,E15,E16,E17,E18,E19,E20,E21",110,129:88|169:22,"169,129,129,129,134"
LAY_142,CFG_158,F,22,"F00,F01,F02,F03,F04,F05,F06,F07,F08,F09,F10,F11,F12,F13,F14,F15,F16,F17,F18,F19,F20,F21",88,169:88,"169,169,169,199"
LAY_142,CFG_158,G,22,"G00,G01,G02,G03,G04,G05,G06,G07,G08,G09,G10,G11,G12,G13,G14,G15,G16,G17,G18,G19,G20,G21",154,74:110|144:44,"144,144,74,74,74,74,74"
LAY_142,CFG_158,H,22,"H00,H01,H02,H03,H04,H05,H06,H07,H08,H09,H10,H11,H12,H13,H14,H15,H16,H17,H18,H19,H20,H21",88,74:22|144:22|239:44,"239,239,144,84"
LAY_142,CFG_158,I,22,"I00,I01,I02,I03,I04,I05,I06,I07,I08,I09,I10,I11,I12,I13,I14,I15,I16,I17,I18,I19,I20,I21",88,74:22|144:22|239:44,"239,239,144,84"
LAY_142,CFG_158,J,22,"J00,J01,J02,J03,J04,J05,J06,J07,J08,J09,J10,J11,J12,J13,J14,J15,J16,J17,J18,J19,J20,J21",88,74:22|144:22|239:44,"239,239,144,84"
LAY_142,CFG_158,K,22,"K00,K01,K02,K03,K04,K05,K06,K07,K08,K09,K10,K11,K12,K13,K14,K15,K16,K17,K18,K19,K20,K21",88,74:22|144:22|239:44,"239,239,144,84"
LAY_143,CFG_159,A,16,"A00,A01,A02,A03,A04,A05,A06,A07,A08,A09,A10,A11,A12,A13,A14,A15",112,84:80|99:16|134:16,"134,99,84,84,84,84,89"
LAY_143,CFG_159,B,22,"B00,B01,B02,B03,B04,B05,B06,B07,B08,B09,B10,B11,B12,B13,B14,B15,B16,B17,B18,B19,B20,B21",176,69:110|84:22|99:22|114:22,"114,99,84,69,69,69,69,69"
LAY_143,CFG_159,D,22,"D00,D01,D02,D03,D04,D05,D06,D07,D08,D09,D10,D11,D12,D13,D14,D15,D16,D17,D18,D19,D20,D21",154,64:110|99:22|239:22,"239,99,64,64,64,64,64"
LAY_143,CFG_159,E,22,"E00,E01,E02,E03,E04,E05,E06,E07,E08,E09,E10,E11,E12,E13,E14,E15,E16,E17,E18,E19,E20,E21",132,99:44|114:66|134:22,"134,114,114,114,99,99"
LAY_143,CFG_159,F,22,"F00,F01,F02,F03,F04,F05,F06,F07,F08,F09,F10,F11,F12,F13,F14,F15,F16,F17,F18,F19,F20,F21",110,114:22|134:66|174:22,"174,134,134,134,114"
LAY_143,CFG_159,G,22,"G00,G01,G02,G03,G04,G05,G06,G07,G08,G09,G10,G11,G12,G13,G14,G15,G16,G17,G18,G19,G20,G21",88,174:88,"174,174,174,184"
LAY_143,CFG_159,H,22,"H00,H01,H02,H03,H04,H05,H06,H07,H08,H09,H10,H11,H12,H13,H14,H15,H16,H17,H18,H19,H20,H21",88,149:66|239:22,"239,149,149,169"
LAY_143,CFG_159,I,22,"I00,I01,I02,I03,I04,I05,I06,I07,I08,I09,I10,I11,I12,I13,I14,I15,I16,I17,I18,I19,I20,I21",88,149:66|239:22,"239,149,149,169"
LAY_143,CFG_159,J,22,"J00,J01,J02,J03,J04,J05,J06,J07,J08,J09,J10,J11,J12,J13,J14,J15,J16,J17,J18,J19,J20,J21",88,69:22|149:22|239:44,"239,239,149,79"
LAY_143,CFG_159,K,22,"K00,K01,K02,K03,K04,K05,K06,K07,K08,K09,K10,K11,K12,K13,K14,K15,K16,K17,K18,K19,K20,K21",88,174:88,"174,174,174,184"
LAY_144,CFG_160,A,16,"A00,A01,A02,A03,A04,A05,A06,A07,A08,A09,A10,A11,A12,A13,A14,A15",128,64:16|69:48|79:16|94:32|104:16,"104,94,94,79,69,69,69,64"
LAY_144,CFG_160,B,22,"B00,B01,B02,B03,B04,B05,B06,B07,B08,B09,B10,B11,B12,B13,B14,B15,B16,B17,B18,B19,B20,B21",176,64:22|69:44|79:44|94:66,"94,94,94,79,79,69,69,64"
LAY_144,CFG_160,D,22,"D00,D01,D02,D03,D04,D05,D06,D07,D08,D09,D10,D11,D12,D13,D14,D15,D16,D17,D18,D19,D20,D21",154,64:22|79:44|104:66|124:22,"124,104,104,104,79,79,64"
LAY_144,CFG_160,E,22,"E00,E01,E02,E03,E04,E05,E06,E07,E08,E09,E10,E11,E12,E13,E14,E15,E16,E17,E18,E19,E20,E21",132,64:44|104:22|124:22|139:22|179:22,"179,139,124,104,64,64"
LAY_144,CFG_160,F,22,"F00,F01,F02,F03,F04,F05,F06,F07,F08,F09,F10,F11,F12,F13,F14,F15,F16,F17,F18,F19,F20,F21",110,124:66|139:22|179:22,"179,139,124,124,124"
LAY_144,CFG_160,G,22,"G00,G01,G02,G03,G04,G05,G06,G07,G08,G09,G10,G11,G12,G13,G14,G15,G16,G17,G18,G19,G20,G21",88,149:22|179:66,"179,179,179,169"
LAY_144,CFG_160,H,22,"H00,H01,H02,H03,H04,H05,H06,H07,H08,H09,H10,H11,H12,H13,H14,H15,H16,H17,H18,H19,H20,H21",110,124:22|139:66|149:22,"149,139,139,139,124"
LAY_144,CFG_160,I,22,"I00,I01,I02,I03,I04,I05,I06,I07,I08,I09,I10,I11,I12,I13,I14,I15,I16,I17,I18,I19,I20,I21",88,149:66|239:22,"239,149,149,169"
LAY_144,CFG_160,J,22,"J00,J01,J02,J03,J04,J05,J06,J07,J08,J09,J10,J11,J12,J13,J14,J15,J16,J17,J18,J19,J20,J21",88,79:22|149:22|239:44,"239,239,149,79"
LAY_144,CFG_160,K,22,"K00,K01,K02,K03,K04,K05,K06,K07,K08,K09,K10,K11,K12,K13,K14,K15,K16,K17,K18,K19,K20,K21",88,79:22|149:22|239:44,"239,239,149,79"
LAY_145,CFG_162,A,16,"A00,A01,A02,A03,A04,A05,A06,A07,A08,A09,A10,A11,A12,A13,A14,A15",64,114:32|239:32,"239,239,114,114"
LAY_145,CFG_162,B,22,"B00,B01,B02,B03,B04,B05,B06,B07,B08,B09,B10,B11,B12,B13,B14,B15,B16,B17,B18,B19,B20,B21",88,114:44|239:44,"239,239,114,114"
LAY_145,CFG_162,D,22,"D00,D01,D02,D03,D04,D05,D06,D07,D08,D09,D10,D11,D12,D13,D14,D15,D16,D17,D18,D19,D20,D21",88,114:44|239:44,"239,239,114,114"
LAY_145,CFG_162,E,22,"E00,E01,E02,E03,E04,E05,E06,E07,E08,E09,E10,E11,E12,E13,E14,E15,E16,E17,E18,E19,E20,E21",88,114:44|239:44,"239,239,114,114"
LAY_145,CFG_162,F,22,"F00,F01,F02,F03,F04,F05,F06,F07,F08,F09,F10,F11,F12,F13,F14,F15,F16,F17,F18,F19,F20,F21",88,114:44|239:44,"239,239,114,114"
LAY_145,CFG_162,G,22,"G00,G01,G02,G03,G04,G05,G06,G07,G08,G09,G10,G11,G12,G13,G14,G15,G16,G17,G18,G19,G20,G21",88,114:44|239:44,"239,239,114,114"
LAY_145,CFG_162,H,22,"H00,H01,H02,H03,H04,H05,H06,H07,H08,H09,H10,H11,H12,H13,H14,H15,H16,H17,H18,H19,H20,H21",88,114:44|239:44,"239,239,114,114"
LAY_145,CFG_162,I,22,"I00,I01,I02,I03,I04,I05,I06,I07,I08,I09,I10,I11,I12,I13,I14,I15,I16,I17,I18,I19,I20,I21",88,114:44|239:44,"239,239,114,114"
LAY_145,CFG_162,J,22,"J00,J01,J02,J03,J04,J05,J06,J07,J08,J09,J10,J11,J12,J13,J14,J15,J16,J17,J18,J19,J20,J21",88,114:44|239:44,"239,239,114,114"
LAY_145,CFG_162,K,22,"K00,K01,K02,K03,K04,K05,K06,K07,K08,K09,K10,K11,K12,K13,K14,K15,K16,K17,K18,K19,K20,K21",88,114:44|239:44,"239,239,114,114"
LAY_146,CFG_163,A,16,"A00,A01,A02,A03,A04,A05,A06,A07,A08,A09,A10,A11,A12,A13,A14,A15",80,89:48|149:16|239:16,"239,149,89,89,124"
LAY_146,CFG_163,B,22,"B00,B01,B02,B03,B04,B05,B06,B07,B08,B09,B10,B11,B12,B13,B14,B15,B16,B17,B18,B19,B20,B21",88,89:44|239:44,"239,239,89,139"
LAY_146,CFG_163,D,22,"D00,D01,D02,D03,D04,D05,D06,D07,D08,D09,D10,D11,D12,D13,D14,D15,D16,D17,D18,D19,D20,D21",88,89:44|239:44,"239,239,89,139"
LAY_146,CFG_163,E,22,"E00,E01,E02,E03,E04,E05,E06,E07,E08,E09,E10,E11,E12,E13,E14,E15,E16,E17,E18,E19,E20,E21",88,89:44|239:44,"239,239,89,139"
LAY_146,CFG_163,F,22,"F00,F01,F02,F03,F04,F05,F06,F07,F08,F09,F10,F11,F12,F13,F14,F15,F16,F17,F18,F19,F20,F21",88,89:44|239:44,"239,239,89,139"
LAY_146,CFG_163,G,22,"G00,G01,G02,G03,G04,G05,G06,G07,G08,G09,G10,G11,G12,G13,G14,G15,G16,G17,G18,G19,G20,G21",88,89:44|239:44,"239,239,89,139"
LAY_146,CFG_163,H,22,"H00,H01,H02,H03,H04,H05,H06,H07,H08,H09,H10,H11,H12,H13,H14,H15,H16,H17,H18,H19,H20,H21",88,149:66|239:22,"239,149,149,169"
LAY_146,CFG_163,I,22,"I00,I01,I02,I03,I04,I05,I06,I07,I08,I09,I10,I11,I12,I13,I14,I15,I16,I17,I18,I19,I20,I21",88,149:66|239:22,"239,149,149,169"
LAY_146,CFG_163,J,22,"J00,J01,J02,J03,J04,J05,J06,J07,J08,J09,J10,J11,J12,J13,J14,J15,J16,J17,J18,J19,J20,J21",110,89:22|149:88,"149,149,149,149,94"
LAY_146,CFG_163,K,22,"K00,K01,K02,K03,K04,K05,K06,K07,K08,K09,K10,K11,K12,K13,K14,K15,K16,K17,K18,K19,K20,K21",110,89:22|149:88,"149,149,149,149,94"
LAY_147,CFG_164,A,16,"A00,A01,A02,A03,A04,A05,A06,A07,A08,A09,A10,A11,A12,A13,A14,A15",64,74:16|154:16|239:32,"239,239,154,74"
LAY_147,CFG_164,B,22,"B00,B01,B02,B03,B04,B05,B06,B07,B08,B09,B10,B11,B12,B13,B14,B15,B16,B17,B18,B19,B20,B21",88,74:22|154:22|239:44,"239,239,154,74"
LAY_147,CFG_164,D,22,"D00,D01,D02,D03,D04,D05,D06,D07,D08,D09,D10,D11,D12,D13,D14,D15,D16,D17,D18,D19,D20,D21",88,74:22|154:22|239:44,"239,239,154,74"
LAY_147,CFG_164,E,22,"E00,E01,E02,E03,E04,E05,E06,E07,E08,E09,E10,E11,E12,E13,E14,E15,E16,E17,E18,E19,E20,E21",88,74:22|154:22|239:44,"239,239,154,74"
LAY_147,CFG_164,F,22,"F00,F01,F02,F03,F04,F05,F06,F07,F08,F09,F10,F11,F12,F13,F14,F15,F16,F17,F18,F19,F20,F21",88,74:22|154:22|239:44,"239,239,154,74"
LAY_147,CFG_164,G,22,"G00,G01,G02,G03,G04,G05,G06,G07,G08,G09,G10,G11,G12,G13,G14,G15,G16,G17,G18,G19,G20,G21",88,74:22|154:22|239:44,"239,239,154,74"
LAY_147,CFG_164,H,22,"H00,H01,H02,H03,H04,H05,H06,H07,H08,H09,H10,H11,H12,H13,H14,H15,H16,H17,H18,H19,H20,H21",88,154:66|239:22,"239,154,154,159"
LAY_147,CFG_164,I,22,"I00,I01,I02,I03,I04,I05,I06,I07,I08,I09,I10,I11,I12,I13,I14,I15,I16,I17,I18,I19,I20,I21",132,74:66|114:22|154:44,"154,154,114,74,74,104"
LAY_147,CFG_164,J,22,"J00,J01,J02,J03,J04,J05,J06,J07,J08,J09,J10,J11,J12,J13,J14,J15,J16,J17,J18,J19,J20,J21",132,74:22|114:110,"114,114,114,114,114,104"
LAY_147,CFG_164,K,22,"K00,K01,K02,K03,K04,K05,K06,K07,K08,K09,K10,K11,K12,K13,K14,K15,K16,K17,K18,K19,K20,K21",132,74:22|114:110,"114,114,114,114,114,104"
LAY_148,CFG_165,A,16,"A00,A01,A02,A03,A04,A05,A06,A07,A08,A09,A10,A11,A12,A13,A14,A15",112,69:64|104:16|139:32,"139,139,104,69,69,69,69"
LAY_148,CFG_165,B,22,"B00,B01,B02,B03,B04,B05,B06,B07,B08,B09,B10,B11,B12,B13,B14,B15,B16,B17,B18,B19,B20,B21",176,69:132|104:44,"104,104,69,69,69,69,69,89"
LAY_148,CFG_165,D,22,"D00,D01,D02,D03,D04,D05,D06,D07,D08,D09,D10,D11,D12,D13,D14,D15,D16,D17,D18,D19,D20,D21",132,104:110|139:22,"139,104,104,104,104,119"
LAY_148,CFG_165,E,22,"E00,E01,E02,E03,E04,E05,E06,E07,E08,E09,E10,E11,E12,E13,E14,E15,E16,E17,E18,E19,E20,E21",110,104:22|139:66|159:22,"159,139,139,139,114"
LAY_148,CFG_165,F,22,"F00,F01,F02,F03,F04,F05,F06,F07,F08,F09,F10,F11,F12,F13,F14,F15,F16,F17,F18,F19,F20,F21",88,139:22|159:44|239:22,"239,159,159,149"
LAY_148,CFG_165,G,22,"G00,G01,G02,G03,G04,G05,G06,G07,G08,G09,G10,G11,G12,G13,G14,G15,G16,G17,G18,G19,G20,G21",88,139:22|159:44|239:22,"239,159,159,149"
LAY_148,CFG_165,H,22,"H00,H01,H02,H03,H04,H05,H06,H07,H08,H09,H10,H11,H12,H13,H14,H15,H16,H17,H18,H19,H20,H21",88,139:22|159:44|239:22,"239,159,159,149"
LAY_148,CFG_165,I,22,"I00,I01,I02,I03,I04,I05,I06,I07,I08,I09,I10,I11,I12,I13,I14,I15,I16,I17,I18,I19,I20,I21",88,69:22|159:22|239:44,"239,239,159,69"
LAY_148,CFG_165,J,22,"J00,J01,J02,J03,J04,J05,J06,J07,J08,J09,J10,J11,J12,J13,J14,J15,J16,J17,J18,J19,J20,J21",88,69:22|159:22|239:44,"239,239,159,69"
LAY_148,CFG_165,K,22,"K00,K01,K02,K03,K04,K05,K06,K07,K08,K09,K10,K11,K12,K13,K14,K15,K16,K17,K18,K19,K20,K21",88,69:22|159:22|239:44,"239,239,159,69"
LAY_149,CFG_166,A,16,"A00,A01,A02,A03,A04,A05,A06,A07,A08,A09,A10,A11,A12,A13,A14,A15",112,69:32|89:32|114:48,"114,114,114,89,89,69,69"
LAY_149,CFG_166,B,22,"B00,B01,B02,B03,B04,B05,B06,B07,B08,B09,B10,B11,B12,B13,B14,B15,B16,B17,B18,B19,B20,B21",176,69:132|114:44,"114,114,69,69,69,69,69,69"
LAY_149,CFG_166,D,22,"D00,D01,D02,D03,D04,D05,D06,D07,D08,D09,D10,D11,D12,D13,D14,D15,D16,D17,D18,D19,D20,D21",132,89:44|114:66|149:22,"149,114,114,114,89,94"
LAY_149,CFG_166,E,22,"E00,E01,E02,E03,E04,E05,E06,E07,E08,E09,E10,E11,E12,E13,E14,E15,E16,E17,E18,E19,E20,E21",132,89:88|149:22|169:22,"169,149,89,89,89,89"
LAY_149,CFG_166,F,22,"F00,F01,F02,F03,F04,F05,F06,F07,F08,F09,F10,F11,F12,F13,F14,F15,F16,F17,F18,F19,F20,F21",88,149:44|169:22|239:22,"239,169,149,149"
LAY_149,CFG_166,G,22,"G00,G01,G02,G03,G04,G05,G06,G07,G08,G09,G10,G11,G12,G13,G14,G15,G16,G17,G18,G19,G20,G21",88,149:44|169:22|239:22,"239,169,149,149"
LAY_149,CFG_166,H,22,"H00,H01,H02,H03,H04,H05,H06,H07,H08,H09,H10,H11,H12,H13,H14,H15,H16,H17,H18,H19,H20,H21",88,149:44|169:22|239:22,"239,169,149,149"
LAY_149,CFG_166,I,22,"I00,I01,I02,I03,I04,I05,I06,I07,I08,I09,I10,I11,I12,I13,I14,I15,I16,I17,I18,I19,I20,I21",88,169:88,"169,169,169,199"
LAY_149,CFG_166,J,22,"J00,J01,J02,J03,J04,J05,J06,J07,J08,J09,J10,J11,J12,J13,J14,J15,J16,J17,J18,J19,J20,J21",88,69:22|149:22|239:44,"239,239,149,79"
LAY_149,CFG_166,K,22,"K00,K01,K02,K03,K04,K05,K06,K07,K08,K09,K10,K11,K12,K13,K14,K15,K16,K17,K18,K19,K20,K21",88,69:22|149:22|239:44,"239,239,149,79"
LAY_150,CFG_167,A,16,"A00,A01,A02,A03,A04,A05,A06,A07,A08,A09,A10,A11,A12,A13,A14,A15",96,79:32|109:16|134:48,"134,134,134,109,79,84"
LAY_150,CFG_167,B,22,"B00,B01,B02,B03,B04,B05,B06,B07,B08,B09,B10,B11,B12,B13,B14,B15,B16,B17,B18,B19,B20,B21",176,69:44|79:110|109:22,"109,79,79,79,79,79,69,69"
LAY_150,CFG_167,D,22,"D00,D01,D02,D03,D04,D05,D06,D07,D08,D09,D10,D11,D12,D13,D14,D15,D16,D17,D18,D19,D20,D21",132,69:44|134:88,"134,134,134,134,69,69"
LAY_150,CFG_167,E,22,"E00,E01,E02,E03,E04,E05,E06,E07,E08,E09,E10,E11,E12,E13,E14,E15,E16,E17,E18,E19,E20,E21",110,69:44|154:44|239:22,"239,154,154,69,74"
LAY_150,CFG_167,F,22,"F00,F01,F02,F03,F04,F05,F06,F07,F08,F09,F10,F11,F12,F13,F14,F15,F16,F17,F18,F19,F20,F21",110,69:22|154:88,"154,154,154,154,74"
LAY_150,CFG_167,G,22,"G00,G01,G02,G03,G04,G05,G06,G07,G08,G09,G10,G11,G12,G13,G14,G15,G16,G17,G18,G19,G20,G21",88,109:22|174:44|239:22,"239,174,174,119"
LAY_150,CFG_167,H,22,"H00,H01,H02,H03,H04,H05,H06,H07,H08,H09,H10,H11,H12,H13,H14,H15,H16,H17,H18,H19,H20,H21",88,174:88,"174,174,174,184"
LAY_150,CFG_167,I,22,"I00,I01,I02,I03,I04,I05,I06,I07,I08,I09,I10,I11,I12,I13,I14,I15,I16,I17,I18,I19,I20,I21",88,109:44|239:44,"239,239,109,119"
LAY_150,CFG_167,J,22,"J00,J01,J02,J03,J04,J05,J06,J07,J08,J09,J10,J11,J12,J13,J14,J15,J16,J17,J18,J19,J20,J21",88,109:44|239:44,"239,239,109,119"
LAY_150,CFG_167,K,22,"K00,K01,K02,K03,K04,K05,K06,K07,K08,K09,K10,K11,K12,K13,K14,K15,K16,K17,K18,K19,K20,K21",88,69:22|154:22|239:44,"239,239,154,74"
LAY_151,CFG_168,A,16,"A00,A01,A02,A03,A04,A05,A06,A07,A08,A09,A10,A11,A12,A13,A14,A15",112,69:32|74:32|114:32|144:16,"144,114,114,74,74,69,69"
LAY_151,CFG_168,B,22,"B00,B01,B02,B03,B04,B05,B06,B07,B08,B09,B10,B11,B12,B13,B14,B15,B16,B17,B18,B19,B20,B21",176,69:88|74:66|144:22,"144,74,74,74,69,69,69,69"
LAY_151,CFG_168,D,22,"D00,D01,D02,D03,D04,D05,D06,D07,D08,D09,D10,D11,D12,D13,D14,D15,D16,D17,D18,D19,D20,D21",132,74:22|114:88|144:22,"144,114,114,114,114,74"
LAY_151,CFG_168,E,22,"E00,E01,E02,E03,E04,E05,E06,E07,E08,E09,E10,E11,E12,E13,E14,E15,E16,E17,E18,E19,E20,E21",110,99:66|154:22|239:22,"239,154,99,99,99"
LAY_151,CFG_168,F,22,"F00,F01,F02,F03,F04,F05,F06,F07,F08,F09,F10,F11,F12,F13,F14,F15,F16,F17,F18,F19,F20,F21",110,99:66|144:22|239:22,"239,144,99,99,109"
LAY_151,CFG_168,G,22,"G00,G01,G02,G03,G04,G05,G06,G07,G08,G09,G10,G11,G12,G13,G14,G15,G16,G17,G18,G19,G20,G21",88,144:44|179:22|239:22,"239,179,144,144"
LAY_151,CFG_168,H,22,"H00,H01,H02,H03,H04,H05,H06,H07,H08,H09,H10,H11,H12,H13,H14,H15,H16,H17,H18,H19,H20,H21",88,154:66|239:22,"239,154,154,159"
LAY_151,CFG_168,I,22,"I00,I01,I02,I03,I04,I05,I06,I07,I08,I09,I10,I11,I12,I13,I14,I15,I16,I17,I18,I19,I20,I21",88,74:22|154:22|239:44,"239,239,154,74"
LAY_151,CFG_168,J,22,"J00,J01,J02,J03,J04,J05,J06,J07,J08,J09,J10,J11,J12,J13,J14,J15,J16,J17,J18,J19,J20,J21",88,154:22|179:66,"179,179,179,169"
LAY_151,CFG_168,K,22,"K00,K01,K02,K03,K04,K05,K06,K07,K08,K09,K10,K11,K12,K13,K14,K15,K16,K17,K18,K19,K20,K21",88,99:22|179:44|239:22,"239,179,179,109"
LAY_152,CFG_169,A,16,"A00,A01,A02,A03,A04,A05,A06,A07,A08,A09,A10,A11,A12,A13,A14,A15",112,69:64|89:16|109:16|184:16,"184,109,89,69,69,69,69"
LAY_152,CFG_169,B,22,"B00,B01,B02,B03,B04,B05,B06,B07,B08,B09,B10,B11,B12,B13,B14,B15,B16,B17,B18,B19,B20,B21",176,69:44|74:44|89:88,"89,89,89,89,74,74,69,69"
LAY_152,CFG_169,D,22,"D00,D01,D02,D03,D04,D05,D06,D07,D08,D09,D10,D11,D12,D13,D14,D15,D16,D17,D18,D19,D20,D21",154,74:66|109:88,"109,109,109,109,74,74,74"
LAY_152,CFG_169,E,22,"E00,E01,E02,E03,E04,E05,E06,E07,E08,E09,E10,E11,E12,E13,E14,E15,E16,E17,E18,E19,E20,E21",110,129:88|159:22,"159,129,129,129,144"
LAY_152,CFG_169,F,22,"F00,F01,F02,F03,F04,F05,F06,F07,F08,F09,F10,F11,F12,F13,F14,F15,F16,F17,F18,F19,F20,F21",88,129:22|149:22|184:22|239:22,"239,184,149,134"
LAY_152,CFG_169,G,22,"G00,G01,G02,G03,G04,G05,G06,G07,G08,G09,G10,G11,G12,G13,G14,G15,G16,G17,G18,G19,G20,G21",88,149:22|184:66,"184,184,184,154"
LAY_152,CFG_169,H,22,"H00,H01,H02,H03,H04,H05,H06,H07,H08,H09,H10,H11,H12,H13,H14,H15,H16,H17,H18,H19,H20,H21",88,149:22|159:44|239:22,"239,159,159,149"
LAY_152,CFG_169,I,22,"I00,I01,I02,I03,I04,I05,I06,I07,I08,I09,I10,I11,I12,I13,I14,I15,I16,I17,I18,I19,I20,I21",88,149:22|159:44|239:22,"239,159,159,149"
LAY_152,CFG_169,J,22,"J00,J01,J02,J03,J04,J05,J06,J07,J08,J09,J10,J11,J12,J13,J14,J15,J16,J17,J18,J19,J20,J21",88,74:22|149:22|239:44,"239,239,149,79"
LAY_152,CFG_169,K,22,"K00,K01,K02,K03,K04,K05,K06,K07,K08,K09,K10,K11,K12,K13,K14,K15,K16,K17,K18,K19,K20,K21",88,159:44|184:44,"184,184,159,179"
LAY_153,CFG_170,A,16,"A00,A01,A02,A03,A04,A05,A06,A07,A08,A09,A10,A11,A12,A13,A14,A15",112,69:16|79:48|104:32|139:16,"139,104,104,79,79,79,74"
LAY_153,CFG_170,B,22,"B00,B01,B02,B03,B04,B05,B06,B07,B08,B09,B10,B11,B12,B13,B14,B15,B16,B17,B18,B19,B20,B21",154,69:22|79:44|104:66|114:22,"114,104,104,104,79,79,74"
LAY_153,CFG_170,D,22,"D00,D01,D02,D03,D04,D05,D06,D07,D08,D09,D10,D11,D12,D13,D14,D15,D16,D17,D18,D19,D20,D21",176,69:154|159:22,"159,69,69,69,69,69,69,69"
LAY_153,CFG_170,E,22,"E00,E01,E02,E03,E04,E05,E06,E07,E08,E09,E10,E11,E12,E13,E14,E15,E16,E17,E18,E19,E20,E21",110,114:22|139:88,"139,139,139,139,134"
LAY_153,CFG_170,F,22,"F00,F01,F02,F03,F04,F05,F06,F07,F08,F09,F10,F11,F12,F13,F14,F15,F16,F17,F18,F19,F20,F21",110,114:44|149:66,"149,149,149,114,129"
LAY_153,CFG_170,G,22,"G00,G01,G02,G03,G04,G05,G06,G07,G08,G09,G10,G11,G12,G13,G14,G15,G16,G17,G18,G19,G20,G21",88,114:22|149:22|184:22|239:22,"239,184,149,134"
LAY_153,CFG_170,H,22,"H00,H01,H02,H03,H04,H05,H06,H07,H08,H09,H10,H11,H12,H13,H14,H15,H16,H17,H18,H19,H20,H21",88,149:22|159:44|239:22,"239,159,159,149"
LAY_153,CFG_170,I,22,"I00,I01,I02,I03,I04,I05,I06,I07,I08,I09,I10,I11,I12,I13,I14,I15,I16,I17,I18,I19,I20,I21",88,159:44|184:44,"184,184,159,179"
LAY_153,CFG_170,J,22,"J00,J01,J02,J03,J04,J05,J06,J07,J08,J09,J10,J11,J12,J13,J14,J15,J16,J17,J18,J19,J20,J21",88,79:22|184:44|239:22,"239,184,184,99"
LAY_153,CFG_170,K,22,"K00,K01,K02,K03,K04,K05,K06,K07,K08,K09,K10,K11,K12,K13,K14,K15,K16,K17,K18,K19,K20,K21",88,69:22|159:22|239:44,"239,239,159,69"
LAY_154,CFG_172,A,16,"A00,A01,A02,A03,A04,A05,A06,A07,A08,A09,A10,A11,A12,A13,A14,A15",64,114:32|239:32,"239,239,114,114"
LAY_154,CFG_172,B,22,"B00,B01,B02,B03,B04,B05,B06,B07,B08,B09,B10,B11,B12,B13,B14,B15,B16,B17,B18,B19,B20,B21",88,114:44|239:44,"239,239,114,114"
LAY_154,CFG_172,D,22,"D00,D01,D02,D03,D04,D05,D06,D07,D08,D09,D10,D11,D12,D13,D14,D15,D16,D17,D18,D19,D20,D21",88,114:44|239:44,"239,239,114,114"
LAY_154,CFG_172,E,22,"E00,E01,E02,E03,E04,E05,E06,E07,E08,E09,E10,E11,E12,E13,E14,E15,E16,E17,E18,E19,E20,E21",88,114:44|239:44,"239,239,114,114"
LAY_154,CFG_172,F,22,"F00,F01,F02,F03,F04,F05,F06,F07,F08,F09,F10,F11,F12,F13,F14,F15,F16,F17,F18,F19,F20,F21",88,114:44|239:44,"239,239,114,114"
LAY_154,CFG_172,G,22,"G00,G01,G02,G03,G04,G05,G06,G07,G08,G09,G10,G11,G12,G13,G14,G15,G16,G17,G18,G19,G20,G21",88,114:44|239:44,"239,239,114,114"
LAY_154,CFG_172,H,22,"H00,H01,H02,H03,H04,H05,H06,H07,H08,H09,H10,H11,H12,H13,H14,H15,H16,H17,H18,H19,H20,H21",88,114:44|239:44,"239,239,114,114"
LAY_154,CFG_172,I,22,"I00,I01,I02,I03,I04,I05,I06,I07,I08,I09,I10,I11,I12,I13,I14,I15,I16,I17,I18,I19,I20,I21",88,114:44|239:44,"239,239,114,114"
LAY_154,CFG_172,J,22,"J00,J01,J02,J03,J04,J05,J06,J07,J08,J09,J10,J11,J12,J13,J14,J15,J16,J17,J18,J19,J20,J21",88,114:44|239:44,"239,239,114,114"
LAY_154,CFG_172,K,22,"K00,K01,K02,K03,K04,K05,K06,K07,K08,K09,K10,K11,K12,K13,K14,K15,K16,K17,K18,K19,K20,K21",88,114:44|239:44,"239,239,114,114"
LAY_155,CFG_173,A,16,"A00,A01,A02,A03,A04,A05,A06,A07,A08,A09,A10,A11,A12,A13,A14,A15",112,89:112,"89,89,89,89,89,89,124"
LAY_155,CFG_173,B,22,"B00,B01,B02,B03,B04,B05,B06,B07,B08,B09,B10,B11,B12,B13,B14,B15,B16,B17,B18,B19,B20,B21",88,149:66|239:22,"239,149,149,169"
LAY_155,CFG_173,D,22,"D00,D01,D02,D03,D04,D05,D06,D07,D08,D09,D10,D11,D12,D13,D14,D15,D16,D17,D18,D19,D20,D21",88,149:66|239:22,"239,149,149,169"
LAY_155,CFG_173,E,22,"E00,E01,E02,E03,E04,E05,E06,E07,E08,E09,E10,E11,E12,E13,E14,E15,E16,E17,E18,E19,E20,E21",88,149:66|239:22,"239,149,149,169"
LAY_155,CFG_173,F,22,"F00,F01,F02,F03,F04,F05,F06,F07,F08,F09,F10,F11,F12,F13,F14,F15,F16,F17,F18,F19,F20,F21",88,149:66|239:22,"239,149,149,169"
LAY_155,CFG_173,G,22,"G00,G01,G02,G03,G04,G05,G06,G07,G08,G09,G10,G11,G12,G13,G14,G15,G16,G17,G18,G19,G20,G21",88,89:44|239:44,"239,239,89,139"
LAY_155,CFG_173,H,22,"H00,H01,H02,H03,H04,H05,H06,H07,H08,H09,H10,H11,H12,H13,H14,H15,H16,H17,H18,H19,H20,H21",88,89:44|239:44,"239,239,89,139"
LAY_155,CFG_173,I,22,"I00,I01,I02,I03,I04,I05,I06,I07,I08,I09,I10,I11,I12,I13,I14,I15,I16,I17,I18,I19,I20,I21",88,89:44|239:44,"239,239,89,139"
LAY_155,CFG_173,J,22,"J00,J01,J02,J03,J04,J05,J06,J07,J08,J09,J10,J11,J12,J13,J14,J15,J16,J17,J18,J19,J20,J21",88,89:44|239:44,"239,239,89,139"
LAY_155,CFG_173,K,22,"K00,K01,K02,K03,K04,K05,K06,K07,K08,K09,K10,K11,K12,K13,K14,K15,K16,K17,K18,K19,K20,K21",88,89:44|239:44,"239,239,89,139"
LAY_156,CFG_174,A,16,"A00,A01,A02,A03,A04,A05,A06,A07,A08,A09,A10,A11,A12,A13,A14,A15",64,114:32|239:32,"239,239,114,114"
LAY_156,CFG_174,B,22,"B00,B01,B02,B03,B04,B05,B06,B07,B08,B09,B10,B11,B12,B13,B14,B15,B16,B17,B18,B19,B20,B21",88,114:44|239:44,"239,239,114,114"
LAY_156,CFG_174,D,22,"D00,D01,D02,D03,D04,D05,D06,D07,D08,D09,D10,D11,D12,D13,D14,D15,D16,D17,D18,D19,D20,D21",88,114:44|239:44,"239,239,114,114"
LAY_156,CFG_174,E,22,"E00,E01,E02,E03,E04,E05,E06,E07,E08,E09,E10,E11,E12,E13,E14,E15,E16,E17,E18,E19,E20,E21",88,114:44|239:44,"239,239,114,114"
LAY_156,CFG_174,F,22,"F00,F01,F02,F03,F04,F05,F06,F07,F08,F09,F10,F11,F12,F13,F14,F15,F16,F17,F18,F19,F20,F21",88,114:44|239:44,"239,239,114,114"
LAY_156,CFG_174,G,22,"G00,G01,G02,G03,G04,G05,G06,G07,G08,G09,G10,G11,G12,G13,G14,G15,G16,G17,G18,G19,G20,G21",88,154:66|239:22,"239,154,154,159"
LAY_156,CFG_174,H,22,"H00,H01,H02,H03,H04,H05,H06,H07,H08,H09,H10,H11,H12,H13,H14,H15,H16,H17,H18,H19,H20,H21",88,154:66|239:22,"239,154,154,159"
LAY_156,CFG_174,I,22,"I00,I01,I02,I03,I04,I05,I06,I07,I08,I09,I10,I11,I12,I13,I14,I15,I16,I17,I18,I19,I20,I21",88,154:66|239:22,"239,154,154,159"
LAY_156,CFG_174,J,22,"J00,J01,J02,J03,J04,J05,J06,J07,J08,J09,J10,J11,J12,J13,J14,J15,J16,J17,J18,J19,J20,J21",154,79:88|114:66,"114,114,114,79,79,79,79"
LAY_156,CFG_174,K,22,"K00,K01,K02,K03,K04,K05,K06,K07,K08,K09,K10,K11,K12,K13,K14,K15,K16,K17,K18,K19,K20,K21",176,79:176,"79,79,79,79,79,79,79,89"
LAY_157,CFG_175,A,16,"A00,A01,A02,A03,A04,A05,A06,A07,A08,A09,A10,A11,A12,A13,A14,A15",96,69:32|109:32|144:16|174:16,"174,144,109,109,69,69"
LAY_157,CFG_175,B,22,"B00,B01,B02,B03,B04,B05,B06,B07,B08,B09,B10,B11,B12,B13,B14,B15,B16,B17,B18,B19,B20,B21",176,69:154|144:22,"144,69,69,69,69,69,69,84"
LAY_157,CFG_175,D,22,"D00,D01,D02,D03,D04,D05,D06,D07,D08,D09,D10,D11,D12,D13,D14,D15,D16,D17,D18,D19,D20,D21",110,109:88|239:22,"239,109,109,109,124"
LAY_157,CFG_175,E,22,"E00,E01,E02,E03,E04,E05,E06,E07,E08,E09,E10,E11,E12,E13,E14,E15,E16,E17,E18,E19,E20,E21",88,109:44|239:44,"239,239,109,119"
LAY_157,CFG_175,F,22,"F00,F01,F02,F03,F04,F05,F06,F07,F08,F09,F10,F11,F12,F13,F14,F15,F16,F17,F18,F19,F20,F21",88,144:44|174:22|239:22,"239,174,144,149"
LAY_157,CFG_175,G,22,"G00,G01,G02,G03,G04,G05,G06,G07,G08,G09,G10,G11,G12,G13,G14,G15,G16,G17,G18,G19,G20,G21",88,144:44|174:22|239:22,"239,174,144,149"
LAY_157,CFG_175,H,22,"H00,H01,H02,H03,H04,H05,H06,H07,H08,H09,H10,H11,H12,H13,H14,H15,H16,H17,H18,H19,H20,H21",88,144:44|174:22|239:22,"239,174,144,149"
LAY_157,CFG_175,I,22,"I00,I01,I02,I03,I04,I05,I06,I07,I08,I09,I10,I11,I12,I13,I14,I15,I16,I17,I18,I19,I20,I21",88,144:44|174:22|239:22,"239,174,144,149"
LAY_157,CFG_175,J,22,"J00,J01,J02,J03,J04,J05,J06,J07,J08,J09,J10,J11,J12,J13,J14,J15,J16,J17,J18,J19,J20,J21",88,174:88,"174,174,174,184"
LAY_157,CFG_175,K,22,"K00,K01,K02,K03,K04,K05,K06,K07,K08,K09,K10,K11,K12,K13,K14,K15,K16,K17,K18,K19,K20,K21",88,69:22|144:22|239:44,"239,239,144,84"
LAY_158,CFG_176,A,16,"A00,A01,A02,A03,A04,A05,A06,A07,A08,A09,A10,A11,A12,A13,A14,A15",128,69:96|114:32,"114,114,69,69,69,69,69,69"
LAY_158,CFG_176,B,22,"B00,B01,B02,B03,B04,B05,B06,B07,B08,B09,B10,B11,B12,B13,B14,B15,B16,B17,B18,B19,B20,B21",154,69:88|114:44|149:22,"149,114,114,69,69,69,74"
LAY_158,CFG_176,D,22,"D00,D01,D02,D03,D04,D05,D06,D07,D08,D09,D10,D11,D12,D13,D14,D15,D16,D17,D18,D19,D20,D21",132,89:22|114:110,"114,114,114,114,114,104"
LAY_158,CFG_176,E,22,"E00,E01,E02,E03,E04,E05,E06,E07,E08,E09,E10,E11,E12,E13,E14,E15,E16,E17,E18,E19,E20,E21",88,149:66|239:22,"239,149,149,169"
LAY_158,CFG_176,F,22,"F00,F01,F02,F03,F04,F05,F06,F07,F08,F09,F10,F11,F12,F13,F14,F15,F16,F17,F18,F19,F20,F21",110,89:66|179:22|239:22,"239,179,89,89,94"
LAY_158,CFG_176,G,22,"G00,G01,G02,G03,G04,G05,G06,G07,G08,G09,G10,G11,G12,G13,G14,G15,G16,G17,G18,G19,G20,G21",88,89:22|179:44|239:22,"239,179,179,109"
LAY_158,CFG_176,H,22,"H00,H01,H02,H03,H04,H05,H06,H07,H08,H09,H10,H11,H12,H13,H14,H15,H16,H17,H18,H19,H20,H21",88,89:22|179:44|239:22,"239,179,179,109"
LAY_158,CFG_176,I,22,"I00,I01,I02,I03,I04,I05,I06,I07,I08,I09,I10,I11,I12,I13,I14,I15,I16,I17,I18,I19,I20,I21",88,89:22|179:44|239:22,"239,179,179,109"
LAY_158,CFG_176,J,22,"J00,J01,J02,J03,J04,J05,J06,J07,J08,J09,J10,J11,J12,J13,J14,J15,J16,J17,J18,J19,J20,J21",88,149:22|179:66,"179,179,179,169"
LAY_158,CFG_176,K,22,"K00,K01,K02,K03,K04,K05,K06,K07,K08,K09,K10,K11,K12,K13,K14,K15,K16,K17,K18,K19,K20,K21",88,69:22|149:22|239:44,"239,239,149,79"
LAY_159,CFG_177,A,16,"A00,A01,A02,A03,A04,A05,A06,A07,A08,A09,A10,A11,A12,A13,A14,A15",96,79:32|109:48|179:16,"179,109,109,109,79,89"
LAY_159,CFG_177,B,22,"B00,B01,B02,B03,B04,B05,B06,B07,B08,B09,B10,B11,B12,B13,B14,B15,B16,B17,B18,B19,B20,B21",198,69:198,"69,69,69,69,69,69,69,69,74"
LAY_159,CFG_177,D,22,"D00,D01,D02,D03,D04,D05,D06,D07,D08,D09,D10,D11,D12,D13,D14,D15,D16,D17,D18,D19,D20,D21",132,109:132,"109,109,109,109,109,129"
LAY_159,CFG_177,E,22,"E00,E01,E02,E03,E04,E05,E06,E07,E08,E09,E10,E11,E12,E13,E14,E15,E16,E17,E18,E19,E20,E21",110,79:22|134:44|154:22|179:22,"179,154,134,134,89"
LAY_159,CFG_177,F,22,"F00,F01,F02,F03,F04,F05,F06,F07,F08,F09,F10,F11,F12,F13,F14,F15,F16,F17,F18,F19,F20,F21",110,134:88|154:22,"154,134,134,134,134"
LAY_159,CFG_177,G,22,"G00,G01,G02,G03,G04,G05,G06,G07,G08,G09,G10,G11,G12,G13,G14,G15,G16,G17,G18,G19,G20,G21",88,154:22|179:66,"179,179,179,169"
LAY_159,CFG_177,H,22,"H00,H01,H02,H03,H04,H05,H06,H07,H08,H09,H10,H11,H12,H13,H14,H15,H16,H17,H18,H19,H20,H21",88,154:66|239:22,"239,154,154,159"
LAY_159,CFG_177,I,22,"I00,I01,I02,I03,I04,I05,I06,I07,I08,I09,I10,I11,I12,I13,I14,I15,I16,I17,I18,I19,I20,I21",88,69:22|154:22|239:44,"239,239,154,74"
LAY_159,CFG_177,J,22,"J00,J01,J02,J03,J04,J05,J06,J07,J08,J09,J10,J11,J12,J13,J14,J15,J16,J17,J18,J19,J20,J21",88,69:22|154:22|239:44,"239,239,154,74"
LAY_159,CFG_177,K,22,"K00,K01,K02,K03,K04,K05,K06,K07,K08,K09,K10,K11,K12,K13,K14,K15,K16,K17,K18,K19,K20,K21",88,69:22|154:22|239:44,"239,239,154,74"
LAY_160,CFG_178,A,16,"A00,A01,A02,A03,A04,A05,A06,A07,A08,A09,A10,A11,A12,A13,A14,A15",112,69:32|79:16|109:48|114:16,"114,109,109,109,79,69,69"
LAY_160,CFG_178,B,22,"B00,B01,B02,B03,B04,B05,B06,B07,B08,B09,B10,B11,B12,B13,B14,B15,B16,B17,B18,B19,B20,B21",132,79:44|109:66|184:22,"184,109,109,109,79,84"
LAY_160,CFG_178,D,22,"D00,D01,D02,D03,D04,D05,D06,D07,D08,D09,D10,D11,D12,D13,D14,D15,D16,D17,D18,D19,D20,D21",176,69:154|154:22,"154,69,69,69,69,69,69,74"
LAY_160,CFG_178,E,22,"E00,E01,E02,E03,E04,E05,E06,E07,E08,E09,E10,E11,E12,E13,E14,E15,E16,E17,E18,E19,E20,E21",110,114:44|149:22|154:44,"154,154,149,114,119"
LAY_160,CFG_178,F,22,"F00,F01,F02,F03,F04,F05,F06,F07,F08,F09,F10,F11,F12,F13,F14,F15,F16,F17,F18,F19,F20,F21",110,114:44|149:66,"149,149,149,114,129"
LAY_160,CFG_178,G,22,"G00,G01,G02,G03,G04,G05,G06,G07,G08,G09,G10,G11,G12,G13,G14,G15,G16,G17,G18,G19,G20,G21",88,114:44|239:44,"239,239,114,114"
LAY_160,CFG_178,H,22,"H00,H01,H02,H03,H04,H05,H06,H07,H08,H09,H10,H11,H12,H13,H14,H15,H16,H17,H18,H19,H20,H21",88,69:22|154:22|239:44,"239,239,154,74"
LAY_160,CFG_178,I,22,"I00,I01,I02,I03,I04,I05,I06,I07,I08,I09,I10,I11,I12,I13,I14,I15,I16,I17,I18,I19,I20,I21",88,154:22|184:66,"184,184,184,154"
LAY_160,CFG_178,J,22,"J00,J01,J02,J03,J04,J05,J06,J07,J08,J09,J10,J11,J12,J13,J14,J15,J16,J17,J18,J19,J20,J21",88,154:22|184:66,"184,184,184,154"
LAY_160,CFG_178,K,22,"K00,K01,K02,K03,K04,K05,K06,K07,K08,K09,K10,K11,K12,K13,K14,K15,K16,K17,K18,K19,K20,K21",88,79:22|184:44|239:22,"239,184,184,99"
LAY_161,CFG_179,A,16,"A00,A01,A02,A03,A04,A05,A06,A07,A08,A09,A10,A11,A12,A13,A14,A15",112,74:48|89:32|129:32,"129,129,89,89,74,74,74"
LAY_161,CFG_179,B,22,"B00,B01,B02,B03,B04,B05,B06,B07,B08,B09,B10,B11,B12,B13,B14,B15,B16,B17,B18,B19,B20,B21",132,69:44|129:66|149:22,"149,129,129,129,69,69"
LAY_161,CFG_179,D,22,"D00,D01,D02,D03,D04,D05,D06,D07,D08,D09,D10,D11,D12,D13,D14,D15,D16,D17,D18,D19,D20,D21",176,74:110|89:66,"89,89,89,74,74,74,74,79"
LAY_161,CFG_179,E,22,"E00,E01,E02,E03,E04,E05,E06,E07,E08,E09,E10,E11,E12,E13,E14,E15,E16,E17,E18,E19,E20,E21",110,109:44|149:44|164:22,"164,149,149,109,119"
LAY_161,CFG_179,F,22,"F00,F01,F02,F03,F04,F05,F06,F07,F08,F09,F10,F11,F12,F13,F14,F15,F16,F17,F18,F19,F20,F21",110,89:22|109:22|164:66,"164,164,164,109,89"
LAY_161,CFG_179,G,22,"G00,G01,G02,G03,G04,G05,G06,G07,G08,G09,G10,G11,G12,G13,G14,G15,G16,G17,G18,G19,G20,G21",88,109:44|239:44,"239,239,109,119"
LAY_161,CFG_179,H,22,"H00,H01,H02,H03,H04,H05,H06,H07,H08,H09,H10,H11,H12,H13,H14,H15,H16,H17,H18,H19,H20,H21",88,164:44|184:44,"184,184,164,174"
LAY_161,CFG_179,I,22,"I00,I01,I02,I03,I04,I05,I06,I07,I08,I09,I10,I11,I12,I13,I14,I15,I16,I17,I18,I19,I20,I21",88,109:22|164:22|184:22|239:22,"239,184,164,119"
LAY_161,CFG_179,J,22,"J00,J01,J02,J03,J04,J05,J06,J07,J08,J09,J10,J11,J12,J13,J14,J15,J16,J17,J18,J19,J20,J21",88,89:22|184:44|239:22,"239,184,184,99"
LAY_161,CFG_179,K,22,"K00,K01,K02,K03,K04,K05,K06,K07,K08,K09,K10,K11,K12,K13,K14,K15,K16,K17,K18,K19,K20,K21",88,89:22|184:44|239:22,"239,184,184,99"
LAY_162,CFG_180,A,16,"A00,A01,A02,A03,A04,A05,A06,A07,A08,A09,A10,A11,A12,A13,A14,A15",96,69:16|109:32|114:32|154:16,"154,114,114,109,109,74"
LAY_162,CFG_180,B,22,"B00,B01,B02,B03,B04,B05,B06,B07,B08,B09,B10,B11,B12,B13,B14,B15,B16,B17,B18,B19,B20,B21",176,69:44|79:110|109:22,"109,79,79,79,79,79,69,69"
LAY_162,CFG_180,D,22,"D00,D01,D02,D03,D04,D05,D06,D07,D08,D09,D10,D11,D12,D13,D14,D15,D16,D17,D18,D19,D20,D21",176,69:132|114:44,"114,114,69,69,69,69,69,69"
LAY_162,CFG_180,E,22,"E00,E01,E02,E03,E04,E05,E06,E07,E08,E09,E10,E11,E12,E13,E14,E15,E16,E17,E18,E19,E20,E21",110,114:22|144:88,"144,144,144,144,114"
LAY_162,CFG_180,F,22,"F00,F01,F02,F03,F04,F05,F06,F07,F08,F09,F10,F11,F12,F13,F14,F15,F16,F17,F18,F19,F20,F21",88,114:44|239:44,"239,239,114,114"
LAY_162,CFG_180,G,22,"G00,G01,G02,G03,G04,G05,G06,G07,G08,G09,G10,G11,G12,G13,G14,G15,G16,G17,G18,G19,G20,G21",88,174:66|184:22,"184,174,174,174"
LAY_162,CFG_180,H,22,"H00,H01,H02,H03,H04,H05,H06,H07,H08,H09,H10,H11,H12,H13,H14,H15,H16,H17,H18,H19,H20,H21",88,154:66|239:22,"239,154,154,159"
LAY_162,CFG_180,I,22,"I00,I01,I02,I03,I04,I05,I06,I07,I08,I09,I10,I11,I12,I13,I14,I15,I16,I17,I18,I19,I20,I21",88,114:22|154:22|184:22|239:22,"239,184,154,129"
LAY_162,CFG_180,J,22,"J00,J01,J02,J03,J04,J05,J06,J07,J08,J09,J10,J11,J12,J13,J14,J15,J16,J17,J18,J19,J20,J21",88,154:22|184:66,"184,184,184,154"
LAY_162,CFG_180,K,22,"K00,K01,K02,K03,K04,K05,K06,K07,K08,K09,K10,K11,K12,K13,K14,K15,K16,K17,K18,K19,K20,K21",88,174:66|184:22,"184,174,174,174"
