Config_ID,Segment_ID,Initial_Beams_In_Segment,Required_Beams_In_Segment,Beam_Relocations_In_Segment,Removed_Beams_In_Segment,Added_Beams_In_Segment
CFG_003,A[00-03],3,3,3,0,0
CFG_003,A[04-06],3,3,3,0,0
CFG_003,A[07-09],3,3,3,0,0
CFG_003,A[10-12],3,3,3,0,0
CFG_003,A[13-15],3,3,3,0,0
CFG_003,B[00-03],3,3,3,0,0
CFG_003,B[04-06],3,3,3,0,0
CFG_003,B[07-09],3,3,3,0,0
CFG_003,B[10-12],3,3,3,0,0
CFG_003,B[13-15],3,3,3,0,0
CFG_003,B[16-18],3,3,3,0,0
CFG_003,B[19-20],2,0,0,2,0
CFG_003,B[19-21],3,3,3,0,0
CFG_003,D[00-03],5,3,3,2,0
CFG_003,D[04-06],5,3,3,2,0
CFG_003,D[07-09],5,3,3,2,0
CFG_003,D[10-12],5,3,3,2,0
CFG_003,D[13-15],5,3,3,2,0
CFG_003,D[16-18],4,3,3,1,0
CFG_003,D[19-20],1,0,0,1,0
CFG_003,D[19-21],3,3,3,0,0
CFG_003,E[00-03],6,3,3,3,0
CFG_003,E[04-06],6,3,3,3,0
CFG_003,E[07-09],6,3,3,3,0
CFG_003,E[10-12],6,3,3,3,0
CFG_003,E[13-15],6,3,3,3,0
CFG_003,E[16-18],6,3,3,3,0
CFG_003,E[19-20],2,0,0,2,0
CFG_003,E[19-21],4,3,3,1,0
CFG_003,F[00-03],5,3,3,2,0
CFG_003,F[04-06],5,3,3,2,0
CFG_003,F[07-09],6,3,3,3,0
CFG_003,F[10-12],6,3,3,3,0
CFG_003,F[13-15],6,3,3,3,0
CFG_003,F[16-18],6,3,3,3,0
CFG_003,F[19-20],1,0,0,1,0
CFG_003,F[19-21],5,3,3,2,0
CFG_003,G[00-03],5,3,3,2,0
CFG_003,G[04-06],5,3,3,2,0
CFG_003,G[07-09],5,3,3,2,0
CFG_003,G[10-12],5,3,3,2,0
CFG_003,G[13-15],5,3,3,2,0
CFG_003,G[16-18],5,3,3,2,0
CFG_003,G[19-20],1,0,0,1,0
CFG_003,G[19-21],4,3,3,1,0
CFG_003,H[00-03],4,4,4,0,0
CFG_003,H[04-06],4,4,4,0,0
CFG_003,H[07-09],4,4,4,0,0
CFG_003,H[10-12],4,4,4,0,0
CFG_003,H[13-15],4,4,4,0,0
CFG_003,H[16-18],4,4,4,0,0
CFG_003,H[19-20],1,0,0,1,0
CFG_003,H[19-21],3,4,3,0,1
CFG_003,I[00-03],4,4,4,0,0
CFG_003,I[04-06],4,4,4,0,0
CFG_003,I[07-09],4,4,4,0,0
CFG_003,I[10-12],4,4,4,0,0
CFG_003,I[13-15],4,4,4,0,0
CFG_003,I[16-18],4,4,4,0,0
CFG_003,I[19-20],1,0,0,1,0
CFG_003,I[19-21],3,4,3,0,1
CFG_003,J[00-03],5,6,5,0,1
CFG_003,J[04-06],4,6,4,0,2
CFG_003,J[07-09],4,6,4,0,2
CFG_003,J[10-12],4,6,4,0,2
CFG_003,J[13-15],4,6,4,0,2
CFG_003,J[16-18],4,6,4,0,2
CFG_003,J[19-20],1,0,0,1,0
CFG_003,J[19-21],3,6,3,0,3
CFG_003,K[00-03],5,8,5,0,3
CFG_003,K[04-06],4,8,4,0,4
CFG_003,K[07-09],5,8,5,0,3
CFG_003,K[10-12],5,8,5,0,3
CFG_003,K[13-15],5,8,5,0,3
CFG_003,K[16-18],5,8,5,0,3
CFG_003,K[19-21],3,8,3,0,5
CFG_004,A[00-03],3,3,3,0,0
CFG_004,A[04-06],3,3,3,0,0
CFG_004,A[07-09],3,3,3,0,0
CFG_004,A[10-12],3,3,3,0,0
CFG_004,A[13-15],3,3,3,0,0
CFG_004,B[00-03],3,3,3,0,0
CFG_004,B[04-06],3,3,3,0,0
CFG_004,B[07-09],3,3,3,0,0
CFG_004,B[10-12],3,3,3,0,0
CFG_004,B[13-15],3,3,3,0,0
CFG_004,B[16-18],3,3,3,0,0
CFG_004,B[19-20],2,0,0,2,0
CFG_004,B[19-21],3,3,3,0,0
CFG_004,D[00-03],5,3,3,2,0
CFG_004,D[04-06],5,3,3,2,0
CFG_004,D[07-09],5,3,3,2,0
CFG_004,D[10-12],5,3,3,2,0
CFG_004,D[13-15],5,3,3,2,0
CFG_004,D[16-18],4,3,3,1,0
CFG_004,D[19-20],1,0,0,1,0
CFG_004,D[19-21],3,3,3,0,0
CFG_004,E[00-03],6,3,3,3,0
CFG_004,E[04-06],6,3,3,3,0
CFG_004,E[07-09],6,3,3,3,0
CFG_004,E[10-12],6,3,3,3,0
CFG_004,E[13-15],6,3,3,3,0
CFG_004,E[16-18],6,3,3,3,0
CFG_004,E[19-20],2,0,0,2,0
CFG_004,E[19-21],4,3,3,1,0
CFG_004,F[00-03],5,3,3,2,0
CFG_004,F[04-06],5,3,3,2,0
CFG_004,F[07-09],6,3,3,3,0
CFG_004,F[10-12],6,3,3,3,0
CFG_004,F[13-15],6,3,3,3,0
CFG_004,F[16-18],6,3,3,3,0
CFG_004,F[19-20],1,0,0,1,0
CFG_004,F[19-21],5,3,3,2,0
CFG_004,G[00-03],5,4,4,1,0
CFG_004,G[04-06],5,4,4,1,0
CFG_004,G[07-09],5,4,4,1,0
CFG_004,G[10-12],5,4,4,1,0
CFG_004,G[13-15],5,4,4,1,0
CFG_004,G[16-18],5,4,4,1,0
CFG_004,G[19-20],1,0,0,1,0
CFG_004,G[19-21],4,4,4,0,0
CFG_004,H[00-03],4,4,4,0,0
CFG_004,H[04-06],4,4,4,0,0
CFG_004,H[07-09],4,4,4,0,0
CFG_004,H[10-12],4,4,4,0,0
CFG_004,H[13-15],4,4,4,0,0
CFG_004,H[16-18],4,4,4,0,0
CFG_004,H[19-20],1,0,0,1,0
CFG_004,H[19-21],3,4,3,0,1
CFG_004,I[00-03],4,6,4,0,2
CFG_004,I[04-06],4,6,4,0,2
CFG_004,I[07-09],4,6,4,0,2
CFG_004,I[10-12],4,6,4,0,2
CFG_004,I[13-15],4,6,4,0,2
CFG_004,I[16-18],4,6,4,0,2
CFG_004,I[19-20],1,0,0,1,0
CFG_004,I[19-21],3,6,3,0,3
CFG_004,J[00-03],5,6,4,0,1
CFG_004,J[04-06],4,6,4,0,2
CFG_004,J[07-09],4,6,4,0,2
CFG_004,J[10-12],4,6,4,0,2
CFG_004,J[13-15],4,6,4,0,2
CFG_004,J[16-18],4,6,4,0,2
CFG_004,J[19-20],1,0,0,1,0
CFG_004,J[19-21],3,6,3,0,3
CFG_004,K[00-03],5,6,4,0,1
CFG_004,K[04-06],4,6,4,0,2
CFG_004,K[07-09],5,6,4,0,1
CFG_004,K[10-12],5,6,4,0,1
CFG_004,K[13-15],5,6,4,0,1
CFG_004,K[16-18],5,6,4,0,1
CFG_004,K[19-21],3,6,3,0,3
CFG_005,A[00-03],3,5,3,0,2
CFG_005,A[04-06],3,5,3,0,2
CFG_005,A[07-09],3,5,3,0,2
CFG_005,A[10-12],3,5,3,0,2
CFG_005,A[13-15],3,5,3,0,2
CFG_005,B[00-03],3,10,3,0,7
CFG_005,B[04-06],3,10,3,0,7
CFG_005,B[07-09],3,10,3,0,7
CFG_005,B[10-12],3,10,3,0,7
CFG_005,B[13-15],3,10,3,0,7
CFG_005,B[16-18],3,10,3,0,7
CFG_005,B[19-20],2,0,0,2,0
CFG_005,B[19-21],3,10,3,0,7
CFG_005,D[00-03],5,6,5,0,1
CFG_005,D[04-06],5,6,5,0,1
CFG_005,D[07-09],5,6,5,0,1
CFG_005,D[10-12],5,6,5,0,1
CFG_005,D[13-15],5,6,5,0,1
CFG_005,D[16-18],4,6,4,0,2
CFG_005,D[19-20],1,0,0,1,0
CFG_005,D[19-21],3,6,3,0,3
CFG_005,E[00-03],6,4,4,2,0
CFG_005,E[04-06],6,4,4,2,0
CFG_005,E[07-09],6,4,4,2,0
CFG_005,E[10-12],6,4,4,2,0
CFG_005,E[13-15],6,4,4,2,0
CFG_005,E[16-18],6,4,4,2,0
CFG_005,E[19-20],2,0,0,2,0
CFG_005,E[19-21],4,4,4,0,0
CFG_005,F[00-03],5,3,3,2,0
CFG_005,F[04-06],5,3,3,2,0
CFG_005,F[07-09],6,3,3,3,0
CFG_005,F[10-12],6,3,3,3,0
CFG_005,F[13-15],6,3,3,3,0
CFG_005,F[16-18],6,3,3,3,0
CFG_005,F[19-20],1,0,0,1,0
CFG_005,F[19-21],5,3,3,2,0
CFG_005,G[00-03],5,5,5,0,0
CFG_005,G[04-06],5,5,5,0,0
CFG_005,G[07-09],5,5,5,0,0
CFG_005,G[10-12],5,5,5,0,0
CFG_005,G[13-15],5,5,5,0,0
CFG_005,G[16-18],5,5,5,0,0
CFG_005,G[19-20],1,0,0,1,0
CFG_005,G[19-21],4,5,4,0,1
CFG_005,H[00-03],4,5,4,0,1
CFG_005,H[04-06],4,5,4,0,1
CFG_005,H[07-09],4,5,4,0,1
CFG_005,H[10-12],4,5,4,0,1
CFG_005,H[13-15],4,5,4,0,1
CFG_005,H[16-18],4,5,4,0,1
CFG_005,H[19-20],1,0,0,1,0
CFG_005,H[19-21],3,5,3,0,2
CFG_005,I[00-03],4,3,3,1,0
CFG_005,I[04-06],4,3,3,1,0
CFG_005,I[07-09],4,3,3,1,0
CFG_005,I[10-12],4,3,3,1,0
CFG_005,I[13-15],4,3,3,1,0
CFG_005,I[16-18],4,3,3,1,0
CFG_005,I[19-20],1,0,0,1,0
CFG_005,I[19-21],3,3,3,0,0
CFG_005,J[00-03],5,3,3,2,0
CFG_005,J[04-06],4,3,3,1,0
CFG_005,J[07-09],4,3,3,1,0
CFG_005,J[10-12],4,3,3,1,0
CFG_005,J[13-15],4,3,3,1,0
CFG_005,J[16-18],4,3,3,1,0
CFG_005,J[19-20],1,0,0,1,0
CFG_005,J[19-21],3,3,3,0,0
CFG_005,K[00-03],5,3,3,2,0
CFG_005,K[04-06],4,3,3,1,0
CFG_005,K[07-09],5,3,3,2,0
CFG_005,K[10-12],5,3,3,2,0
CFG_005,K[13-15],5,3,3,2,0
CFG_005,K[16-18],5,3,3,2,0
CFG_005,K[19-21],3,3,3,0,0
CFG_006,A[00-03],3,11,3,0,8
CFG_006,A[04-06],3,11,3,0,8
CFG_006,A[07-09],3,11,3,0,8
CFG_006,A[10-12],3,11,3,0,8
CFG_006,A[13-15],3,11,3,0,8
CFG_006,B[00-03],3,8,3,0,5
CFG_006,B[04-06],3,8,3,0,5
CFG_006,B[07-09],3,8,3,0,5
CFG_006,B[10-12],3,8,3,0,5
CFG_006,B[13-15],3,8,3,0,5
CFG_006,B[16-18],3,8,3,0,5
CFG_006,B[19-20],2,0,0,2,0
CFG_006,B[19-21],3,8,3,0,5
CFG_006,D[00-03],5,6,5,0,1
CFG_006,D[04-06],5,6,5,0,1
CFG_006,D[07-09],5,6,5,0,1
CFG_006,D[10-12],5,6,5,0,1
CFG_006,D[13-15],5,6,5,0,1
CFG_006,D[16-18],4,6,4,0,2
CFG_006,D[19-20],1,0,0,1,0
CFG_006,D[19-21],3,6,3,0,3
CFG_006,E[00-03],6,4,4,2,0
CFG_006,E[04-06],6,4,4,2,0
CFG_006,E[07-09],6,4,4,2,0
CFG_006,E[10-12],6,4,4,2,0
CFG_006,E[13-15],6,4,4,2,0
CFG_006,E[16-18],6,4,4,2,0
CFG_006,E[19-20],2,0,0,2,0
CFG_006,E[19-21],4,4,4,0,0
CFG_006,F[00-03],5,4,4,1,0
CFG_006,F[04-06],5,4,4,1,0
CFG_006,F[07-09],6,4,4,2,0
CFG_006,F[10-12],6,4,4,2,0
CFG_006,F[13-15],6,4,4,2,0
CFG_006,F[16-18],6,4,4,2,0
CFG_006,F[19-20],1,0,0,1,0
CFG_006,F[19-21],5,4,4,1,0
CFG_006,G[00-03],5,4,4,1,0
CFG_006,G[04-06],5,4,4,1,0
CFG_006,G[07-09],5,4,4,1,0
CFG_006,G[10-12],5,4,4,1,0
CFG_006,G[13-15],5,4,4,1,0
CFG_006,G[16-18],5,4,4,1,0
CFG_006,G[19-20],1,0,0,1,0
CFG_006,G[19-21],4,4,4,0,0
CFG_006,H[00-03],4,3,3,1,0
CFG_006,H[04-06],4,3,3,1,0
CFG_006,H[07-09],4,3,3,1,0
CFG_006,H[10-12],4,3,3,1,0
CFG_006,H[13-15],4,3,3,1,0
CFG_006,H[16-18],4,3,3,1,0
CFG_006,H[19-20],1,0,0,1,0
CFG_006,H[19-21],3,3,3,0,0
CFG_006,I[00-03],4,3,3,1,0
CFG_006,I[04-06],4,3,3,1,0
CFG_006,I[07-09],4,3,3,1,0
CFG_006,I[10-12],4,3,3,1,0
CFG_006,I[13-15],4,3,3,1,0
CFG_006,I[16-18],4,3,3,1,0
CFG_006,I[19-20],1,0,0,1,0
CFG_006,I[19-21],3,3,3,0,0
CFG_006,J[00-03],5,3,3,2,0
CFG_006,J[04-06],4,3,3,1,0
CFG_006,J[07-09],4,3,3,1,0
CFG_006,J[10-12],4,3,3,1,0
CFG_006,J[13-15],4,3,3,1,0
CFG_006,J[16-18],4,3,3,1,0
CFG_006,J[19-20],1,0,0,1,0
CFG_006,J[19-21],3,3,3,0,0
CFG_006,K[00-03],5,3,3,2,0
CFG_006,K[04-06],4,3,3,1,0
CFG_006,K[07-09],5,3,3,2,0
CFG_006,K[10-12],5,3,3,2,0
CFG_006,K[13-15],5,3,3,2,0
CFG_006,K[16-18],5,3,3,2,0
CFG_006,K[19-21],3,3,3,0,0
CFG_007,A[00-03],3,3,3,0,0
CFG_007,A[04-06],3,3,3,0,0
CFG_007,A[07-09],3,3,3,0,0
CFG_007,A[10-12],3,3,3,0,0
CFG_007,A[13-15],3,3,3,0,0
CFG_007,B[00-03],3,8,3,0,5
CFG_007,B[04-06],3,8,3,0,5
CFG_007,B[07-09],3,8,3,0,5
CFG_007,B[10-12],3,8,3,0,5
CFG_007,B[13-15],3,8,3,0,5
CFG_007,B[16-18],3,8,3,0,5
CFG_007,B[19-20],2,0,0,2,0
CFG_007,B[19-21],3,8,3,0,5
CFG_007,D[00-03],5,8,4,0,3
CFG_007,D[04-06],5,8,4,0,3
CFG_007,D[07-09],5,8,4,0,3
CFG_007,D[10-12],5,8,4,0,3
CFG_007,D[13-15],5,8,4,0,3
CFG_007,D[16-18],4,8,4,0,4
CFG_007,D[19-20],1,0,0,1,0
CFG_007,D[19-21],3,8,3,0,5
CFG_007,E[00-03],6,7,6,0,1
CFG_007,E[04-06],6,7,6,0,1
CFG_007,E[07-09],6,7,6,0,1
CFG_007,E[10-12],6,7,6,0,1
CFG_007,E[13-15],6,7,6,0,1
CFG_007,E[16-18],6,7,6,0,1
CFG_007,E[19-20],2,0,0,2,0
CFG_007,E[19-21],4,7,4,0,3
CFG_007,F[00-03],5,5,5,0,0
CFG_007,F[04-06],5,5,5,0,0
CFG_007,F[07-09],6,5,5,1,0
CFG_007,F[10-12],6,5,5,1,0
CFG_007,F[13-15],6,5,5,1,0
CFG_007,F[16-18],6,5,5,1,0
CFG_007,F[19-20],1,0,0,1,0
CFG_007,F[19-21],5,5,5,0,0
CFG_007,G[00-03],5,4,4,1,0
CFG_007,G[04-06],5,4,4,1,0
CFG_007,G[07-09],5,4,4,1,0
CFG_007,G[10-12],5,4,4,1,0
CFG_007,G[13-15],5,4,4,1,0
CFG_007,G[16-18],5,4,4,1,0
CFG_007,G[19-20],1,0,0,1,0
CFG_007,G[19-21],4,4,4,0,0
CFG_007,H[00-03],4,3,3,1,0
CFG_007,H[04-06],4,3,3,1,0
CFG_007,H[07-09],4,3,3,1,0
CFG_007,H[10-12],4,3,3,1,0
CFG_007,H[13-15],4,3,3,1,0
CFG_007,H[16-18],4,3,3,1,0
CFG_007,H[19-20],1,0,0,1,0
CFG_007,H[19-21],3,3,3,0,0
CFG_007,I[00-03],4,3,3,1,0
CFG_007,I[04-06],4,3,3,1,0
CFG_007,I[07-09],4,3,3,1,0
CFG_007,I[10-12],4,3,3,1,0
CFG_007,I[13-15],4,3,3,1,0
CFG_007,I[16-18],4,3,3,1,0
CFG_007,I[19-20],1,0,0,1,0
CFG_007,I[19-21],3,3,3,0,0
CFG_007,J[00-03],5,3,3,2,0
CFG_007,J[04-06],4,3,3,1,0
CFG_007,J[07-09],4,3,3,1,0
CFG_007,J[10-12],4,3,3,1,0
CFG_007,J[13-15],4,3,3,1,0
CFG_007,J[16-18],4,3,3,1,0
CFG_007,J[19-20],1,0,0,1,0
CFG_007,J[19-21],3,3,3,0,0
CFG_007,K[00-03],5,3,3,2,0
CFG_007,K[04-06],4,3,3,1,0
CFG_007,K[07-09],5,3,3,2,0
CFG_007,K[10-12],5,3,3,2,0
CFG_007,K[13-15],5,3,3,2,0
CFG_007,K[16-18],5,3,3,2,0
CFG_007,K[19-21],3,3,3,0,0
CFG_008,A[00-03],3,5,3,0,2
CFG_008,A[04-06],3,5,3,0,2
CFG_008,A[07-09],3,5,3,0,2
CFG_008,A[10-12],3,5,3,0,2
CFG_008,A[13-15],3,5,3,0,2
CFG_008,B[00-03],3,10,3,0,7
CFG_008,B[04-06],3,10,3,0,7
CFG_008,B[07-09],3,10,3,0,7
CFG_008,B[10-12],3,10,3,0,7
CFG_008,B[13-15],3,10,3,0,7
CFG_008,B[16-18],3,10,3,0,7
CFG_008,B[19-20],2,0,0,2,0
CFG_008,B[19-21],3,10,3,0,7
CFG_008,D[00-03],5,8,5,0,3
CFG_008,D[04-06],5,8,5,0,3
CFG_008,D[07-09],5,8,5,0,3
CFG_008,D[10-12],5,8,5,0,3
CFG_008,D[13-15],5,8,5,0,3
CFG_008,D[16-18],4,8,3,0,4
CFG_008,D[19-20],1,0,0,1,0
CFG_008,D[19-21],3,8,3,0,5
CFG_008,E[00-03],6,5,5,1,0
CFG_008,E[04-06],6,5,5,1,0
CFG_008,E[07-09],6,5,5,1,0
CFG_008,E[10-12],6,5,5,1,0
CFG_008,E[13-15],6,5,5,1,0
CFG_008,E[16-18],6,5,5,1,0
CFG_008,E[19-20],2,0,0,2,0
CFG_008,E[19-21],4,5,4,0,1
CFG_008,F[00-03],5,5,5,0,0
CFG_008,F[04-06],5,5,5,0,0
CFG_008,F[07-09],6,5,5,1,0
CFG_008,F[10-12],6,5,5,1,0
CFG_008,F[13-15],6,5,5,1,0
CFG_008,F[16-18],6,5,5,1,0
CFG_008,F[19-20],1,0,0,1,0
CFG_008,F[19-21],5,5,5,0,0
CFG_008,G[00-03],5,4,4,1,0
CFG_008,G[04-06],5,4,4,1,0
CFG_008,G[07-09],5,4,4,1,0
CFG_008,G[10-12],5,4,4,1,0
CFG_008,G[13-15],5,4,4,1,0
CFG_008,G[16-18],5,4,4,1,0
CFG_008,G[19-20],1,0,0,1,0
CFG_008,G[19-21],4,4,4,0,0
CFG_008,H[00-03],4,3,3,1,0
CFG_008,H[04-06],4,3,3,1,0
CFG_008,H[07-09],4,3,3,1,0
CFG_008,H[10-12],4,3,3,1,0
CFG_008,H[13-15],4,3,3,1,0
CFG_008,H[16-18],4,3,3,1,0
CFG_008,H[19-20],1,0,0,1,0
CFG_008,H[19-21],3,3,3,0,0
CFG_008,I[00-03],4,3,3,1,0
CFG_008,I[04-06],4,3,3,1,0
CFG_008,I[07-09],4,3,3,1,0
CFG_008,I[10-12],4,3,3,1,0
CFG_008,I[13-15],4,3,3,1,0
CFG_008,I[16-18],4,3,3,1,0
CFG_008,I[19-20],1,0,0,1,0
CFG_008,I[19-21],3,3,3,0,0
CFG_008,J[00-03],5,3,3,2,0
CFG_008,J[04-06],4,3,3,1,0
CFG_008,J[07-09],4,3,3,1,0
CFG_008,J[10-12],4,3,3,1,0
CFG_008,J[13-15],4,3,3,1,0
CFG_008,J[16-18],4,3,3,1,0
CFG_008,J[19-20],1,0,0,1,0
CFG_008,J[19-21],3,3,3,0,0
CFG_008,K[00-03],5,3,3,2,0
CFG_008,K[04-06],4,3,3,1,0
CFG_008,K[07-09],5,3,3,2,0
CFG_008,K[10-12],5,3,3,2,0
CFG_008,K[13-15],5,3,3,2,0
CFG_008,K[16-18],5,3,3,2,0
CFG_008,K[19-21],3,3,3,0,0
CFG_009,A[00-03],3,11,3,0,8
CFG_009,A[04-06],3,11,3,0,8
CFG_009,A[07-09],3,11,3,0,8
CFG_009,A[10-12],3,11,3,0,8
CFG_009,A[13-15],3,11,3,0,8
CFG_009,B[00-03],3,9,3,0,6
CFG_009,B[04-06],3,9,3,0,6
CFG_009,B[07-09],3,9,3,0,6
CFG_009,B[10-12],3,9,3,0,6
CFG_009,B[13-15],3,9,3,0,6
CFG_009,B[16-18],3,9,3,0,6
CFG_009,B[19-20],2,0,0,2,0
CFG_009,B[19-21],3,9,3,0,6
CFG_009,D[00-03],5,7,5,0,2
CFG_009,D[04-06],5,7,5,0,2
CFG_009,D[07-09],5,7,5,0,2
CFG_009,D[10-12],5,7,5,0,2
CFG_009,D[13-15],5,7,5,0,2
CFG_009,D[16-18],4,7,4,0,3
CFG_009,D[19-20],1,0,0,1,0
CFG_009,D[19-21],3,7,3,0,4
CFG_009,E[00-03],6,5,5,1,0
CFG_009,E[04-06],6,5,5,1,0
CFG_009,E[07-09],6,5,5,1,0
CFG_009,E[10-12],6,5,5,1,0
CFG_009,E[13-15],6,5,5,1,0
CFG_009,E[16-18],6,5,5,1,0
CFG_009,E[19-20],2,0,0,2,0
CFG_009,E[19-21],4,5,4,0,1
CFG_009,F[00-03],5,4,4,1,0
CFG_009,F[04-06],5,4,4,1,0
CFG_009,F[07-09],6,4,4,2,0
CFG_009,F[10-12],6,4,4,2,0
CFG_009,F[13-15],6,4,4,2,0
CFG_009,F[16-18],6,4,4,2,0
CFG_009,F[19-20],1,0,0,1,0
CFG_009,F[19-21],5,4,4,1,0
CFG_009,G[00-03],5,3,3,2,0
CFG_009,G[04-06],5,3,3,2,0
CFG_009,G[07-09],5,3,3,2,0
CFG_009,G[10-12],5,3,3,2,0
CFG_009,G[13-15],5,3,3,2,0
CFG_009,G[16-18],5,3,3,2,0
CFG_009,G[19-20],1,0,0,1,0
CFG_009,G[19-21],4,3,3,1,0
CFG_009,H[00-03],4,3,3,1,0
CFG_009,H[04-06],4,3,3,1,0
CFG_009,H[07-09],4,3,3,1,0
CFG_009,H[10-12],4,3,3,1,0
CFG_009,H[13-15],4,3,3,1,0
CFG_009,H[16-18],4,3,3,1,0
CFG_009,H[19-20],1,0,0,1,0
CFG_009,H[19-21],3,3,3,0,0
CFG_009,I[00-03],4,3,3,1,0
CFG_009,I[04-06],4,3,3,1,0
CFG_009,I[07-09],4,3,3,1,0
CFG_009,I[10-12],4,3,3,1,0
CFG_009,I[13-15],4,3,3,1,0
CFG_009,I[16-18],4,3,3,1,0
CFG_009,I[19-20],1,0,0,1,0
CFG_009,I[19-21],3,3,3,0,0
CFG_009,J[00-03],5,3,3,2,0
CFG_009,J[04-06],4,3,3,1,0
CFG_009,J[07-09],4,3,3,1,0
CFG_009,J[10-12],4,3,3,1,0
CFG_009,J[13-15],4,3,3,1,0
CFG_009,J[16-18],4,3,3,1,0
CFG_009,J[19-20],1,0,0,1,0
CFG_009,J[19-21],3,3,3,0,0
CFG_009,K[00-03],5,3,3,2,0
CFG_009,K[04-06],4,3,3,1,0
CFG_009,K[07-09],5,3,3,2,0
CFG_009,K[10-12],5,3,3,2,0
CFG_009,K[13-15],5,3,3,2,0
CFG_009,K[16-18],5,3,3,2,0
CFG_009,K[19-21],3,3,3,0,0
CFG_010,A[00-03],3,7,3,0,4
CFG_010,A[04-06],3,7,3,0,4
CFG_010,A[07-09],3,7,3,0,4
CFG_010,A[10-12],3,7,3,0,4
CFG_010,A[13-15],3,7,3,0,4
CFG_010,B[00-03],3,10,3,0,7
CFG_010,B[04-06],3,10,3,0,7
CFG_010,B[07-09],3,10,3,0,7
CFG_010,B[10-12],3,10,3,0,7
CFG_010,B[13-15],3,10,3,0,7
CFG_010,B[16-18],3,10,3,0,7
CFG_010,B[19-20],2,0,0,2,0
CFG_010,B[19-21],3,10,3,0,7
CFG_010,D[00-03],5,7,5,0,2
CFG_010,D[04-06],5,7,5,0,2
CFG_010,D[07-09],5,7,5,0,2
CFG_010,D[10-12],5,7,5,0,2
CFG_010,D[13-15],5,7,5,0,2
CFG_010,D[16-18],4,7,4,0,3
CFG_010,D[19-20],1,0,0,1,0
CFG_010,D[19-21],3,7,3,0,4
CFG_010,E[00-03],6,4,4,2,0
CFG_010,E[04-06],6,4,4,2,0
CFG_010,E[07-09],6,4,4,2,0
CFG_010,E[10-12],6,4,4,2,0
CFG_010,E[13-15],6,4,4,2,0
CFG_010,E[16-18],6,4,4,2,0
CFG_010,E[19-20],2,0,0,2,0
CFG_010,E[19-21],4,4,4,0,0
CFG_010,F[00-03],5,4,4,1,0
CFG_010,F[04-06],5,4,4,1,0
CFG_010,F[07-09],6,4,4,2,0
CFG_010,F[10-12],6,4,4,2,0
CFG_010,F[13-15],6,4,4,2,0
CFG_010,F[16-18],6,4,4,2,0
CFG_010,F[19-20],1,0,0,1,0
CFG_010,F[19-21],5,4,4,1,0
CFG_010,G[00-03],5,4,4,1,0
CFG_010,G[04-06],5,4,4,1,0
CFG_010,G[07-09],5,4,4,1,0
CFG_010,G[10-12],5,4,4,1,0
CFG_010,G[13-15],5,4,4,1,0
CFG_010,G[16-18],5,4,4,1,0
CFG_010,G[19-20],1,0,0,1,0
CFG_010,G[19-21],4,4,4,0,0
CFG_010,H[00-03],4,4,4,0,0
CFG_010,H[04-06],4,4,4,0,0
CFG_010,H[07-09],4,4,4,0,0
CFG_010,H[10-12],4,4,4,0,0
CFG_010,H[13-15],4,4,4,0,0
CFG_010,H[16-18],4,4,4,0,0
CFG_010,H[19-20],1,0,0,1,0
CFG_010,H[19-21],3,4,3,0,1
CFG_010,I[00-03],4,4,4,0,0
CFG_010,I[04-06],4,4,4,0,0
CFG_010,I[07-09],4,4,4,0,0
CFG_010,I[10-12],4,4,4,0,0
CFG_010,I[13-15],4,4,4,0,0
CFG_010,I[16-18],4,4,4,0,0
CFG_010,I[19-20],1,0,0,1,0
CFG_010,I[19-21],3,4,3,0,1
CFG_010,J[00-03],5,3,3,2,0
CFG_010,J[04-06],4,3,3,1,0
CFG_010,J[07-09],4,3,3,1,0
CFG_010,J[10-12],4,3,3,1,0
CFG_010,J[13-15],4,3,3,1,0
CFG_010,J[16-18],4,3,3,1,0
CFG_010,J[19-20],1,0,0,1,0
CFG_010,J[19-21],3,3,3,0,0
CFG_010,K[00-03],5,3,3,2,0
CFG_010,K[04-06],4,3,3,1,0
CFG_010,K[07-09],5,3,3,2,0
CFG_010,K[10-12],5,3,3,2,0
CFG_010,K[13-15],5,3,3,2,0
CFG_010,K[16-18],5,3,3,2,0
CFG_010,K[19-21],3,3,3,0,0
CFG_013,A[00-03],3,3,3,0,0
CFG_013,A[04-06],3,3,3,0,0
CFG_013,A[07-09],3,3,3,0,0
CFG_013,A[10-12],3,3,3,0,0
CFG_013,A[13-15],3,3,3,0,0
CFG_013,B[00-03],3,3,3,0,0
CFG_013,B[04-06],3,3,3,0,0
CFG_013,B[07-09],3,3,3,0,0
CFG_013,B[10-12],3,3,3,0,0
CFG_013,B[13-15],3,3,3,0,0
CFG_013,B[16-18],3,3,3,0,0
CFG_013,B[19-20],2,0,0,2,0
CFG_013,B[19-21],3,3,3,0,0
CFG_013,D[00-03],5,3,3,2,0
CFG_013,D[04-06],5,3,3,2,0
CFG_013,D[07-09],5,3,3,2,0
CFG_013,D[10-12],5,3,3,2,0
CFG_013,D[13-15],5,3,3,2,0
CFG_013,D[16-18],4,3,3,1,0
CFG_013,D[19-20],1,0,0,1,0
CFG_013,D[19-21],3,3,3,0,0
CFG_013,E[00-03],6,3,3,3,0
CFG_013,E[04-06],6,3,3,3,0
CFG_013,E[07-09],6,3,3,3,0
CFG_013,E[10-12],6,3,3,3,0
CFG_013,E[13-15],6,3,3,3,0
CFG_013,E[16-18],6,3,3,3,0
CFG_013,E[19-20],2,0,0,2,0
CFG_013,E[19-21],4,3,3,1,0
CFG_013,F[00-03],5,3,3,2,0
CFG_013,F[04-06],5,3,3,2,0
CFG_013,F[07-09],6,3,3,3,0
CFG_013,F[10-12],6,3,3,3,0
CFG_013,F[13-15],6,3,3,3,0
CFG_013,F[16-18],6,3,3,3,0
CFG_013,F[19-20],1,0,0,1,0
CFG_013,F[19-21],5,3,3,2,0
CFG_013,G[00-03],5,3,3,2,0
CFG_013,G[04-06],5,3,3,2,0
CFG_013,G[07-09],5,3,3,2,0
CFG_013,G[10-12],5,3,3,2,0
CFG_013,G[13-15],5,3,3,2,0
CFG_013,G[16-18],5,3,3,2,0
CFG_013,G[19-20],1,0,0,1,0
CFG_013,G[19-21],4,3,3,1,0
CFG_013,H[00-03],4,4,4,0,0
CFG_013,H[04-06],4,4,4,0,0
CFG_013,H[07-09],4,4,4,0,0
CFG_013,H[10-12],4,4,4,0,0
CFG_013,H[13-15],4,4,4,0,0
CFG_013,H[16-18],4,4,4,0,0
CFG_013,H[19-20],1,0,0,1,0
CFG_013,H[19-21],3,4,3,0,1
CFG_013,I[00-03],4,4,4,0,0
CFG_013,I[04-06],4,4,4,0,0
CFG_013,I[07-09],4,4,4,0,0
CFG_013,I[10-12],4,4,4,0,0
CFG_013,I[13-15],4,4,4,0,0
CFG_013,I[16-18],4,4,4,0,0
CFG_013,I[19-20],1,0,0,1,0
CFG_013,I[19-21],3,4,3,0,1
CFG_013,J[00-03],5,6,5,0,1
CFG_013,J[04-06],4,6,4,0,2
CFG_013,J[07-09],4,6,4,0,2
CFG_013,J[10-12],4,6,4,0,2
CFG_013,J[13-15],4,6,4,0,2
CFG_013,J[16-18],4,6,4,0,2
CFG_013,J[19-20],1,0,0,1,0
CFG_013,J[19-21],3,6,3,0,3
CFG_013,K[00-03],5,7,5,0,2
CFG_013,K[04-06],4,7,4,0,3
CFG_013,K[07-09],5,7,5,0,2
CFG_013,K[10-12],5,7,5,0,2
CFG_013,K[13-15],5,7,5,0,2
CFG_013,K[16-18],5,7,5,0,2
CFG_013,K[19-21],3,7,3,0,4
CFG_014,A[00-03],3,3,3,0,0
CFG_014,A[04-06],3,3,3,0,0
CFG_014,A[07-09],3,3,3,0,0
CFG_014,A[10-12],3,3,3,0,0
CFG_014,A[13-15],3,3,3,0,0
CFG_014,B[00-03],3,3,3,0,0
CFG_014,B[04-06],3,3,3,0,0
CFG_014,B[07-09],3,3,3,0,0
CFG_014,B[10-12],3,3,3,0,0
CFG_014,B[13-15],3,3,3,0,0
CFG_014,B[16-18],3,3,3,0,0
CFG_014,B[19-20],2,0,0,2,0
CFG_014,B[19-21],3,3,3,0,0
CFG_014,D[00-03],5,3,3,2,0
CFG_014,D[04-06],5,3,3,2,0
CFG_014,D[07-09],5,3,3,2,0
CFG_014,D[10-12],5,3,3,2,0
CFG_014,D[13-15],5,3,3,2,0
CFG_014,D[16-18],4,3,3,1,0
CFG_014,D[19-20],1,0,0,1,0
CFG_014,D[19-21],3,3,3,0,0
CFG_014,E[00-03],6,3,3,3,0
CFG_014,E[04-06],6,3,3,3,0
CFG_014,E[07-09],6,3,3,3,0
CFG_014,E[10-12],6,3,3,3,0
CFG_014,E[13-15],6,3,3,3,0
CFG_014,E[16-18],6,3,3,3,0
CFG_014,E[19-20],2,0,0,2,0
CFG_014,E[19-21],4,3,3,1,0
CFG_014,F[00-03],5,3,3,2,0
CFG_014,F[04-06],5,3,3,2,0
CFG_014,F[07-09],6,3,3,3,0
CFG_014,F[10-12],6,3,3,3,0
CFG_014,F[13-15],6,3,3,3,0
CFG_014,F[16-18],6,3,3,3,0
CFG_014,F[19-20],1,0,0,1,0
CFG_014,F[19-21],5,3,3,2,0
CFG_014,G[00-03],5,3,3,2,0
CFG_014,G[04-06],5,3,3,2,0
CFG_014,G[07-09],5,3,3,2,0
CFG_014,G[10-12],5,3,3,2,0
CFG_014,G[13-15],5,3,3,2,0
CFG_014,G[16-18],5,3,3,2,0
CFG_014,G[19-20],1,0,0,1,0
CFG_014,G[19-21],4,3,3,1,0
CFG_014,H[00-03],4,4,4,0,0
CFG_014,H[04-06],4,4,4,0,0
CFG_014,H[07-09],4,4,4,0,0
CFG_014,H[10-12],4,4,4,0,0
CFG_014,H[13-15],4,4,4,0,0
CFG_014,H[16-18],4,4,4,0,0
CFG_014,H[19-20],1,0,0,1,0
CFG_014,H[19-21],3,4,3,0,1
CFG_014,I[00-03],4,5,4,0,1
CFG_014,I[04-06],4,5,4,0,1
CFG_014,I[07-09],4,5,4,0,1
CFG_014,I[10-12],4,5,4,0,1
CFG_014,I[13-15],4,5,4,0,1
CFG_014,I[16-18],4,5,4,0,1
CFG_014,I[19-20],1,0,0,1,0
CFG_014,I[19-21],3,5,3,0,2
CFG_014,J[00-03],5,6,5,0,1
CFG_014,J[04-06],4,6,4,0,2
CFG_014,J[07-09],4,6,4,0,2
CFG_014,J[10-12],4,6,4,0,2
CFG_014,J[13-15],4,6,4,0,2
CFG_014,J[16-18],4,6,4,0,2
CFG_014,J[19-20],1,0,0,1,0
CFG_014,J[19-21],3,6,3,0,3
CFG_014,K[00-03],5,7,5,0,2
CFG_014,K[04-06],4,7,4,0,3
CFG_014,K[07-09],5,7,5,0,2
CFG_014,K[10-12],5,7,5,0,2
CFG_014,K[13-15],5,7,5,0,2
CFG_014,K[16-18],5,7,5,0,2
CFG_014,K[19-21],3,7,3,0,4
CFG_015,A[00-03],3,5,3,0,2
CFG_015,A[04-06],3,5,3,0,2
CFG_015,A[07-09],3,5,3,0,2
CFG_015,A[10-12],3,5,3,0,2
CFG_015,A[13-15],3,5,3,0,2
CFG_015,B[00-03],3,7,3,0,4
CFG_015,B[04-06],3,7,3,0,4
CFG_015,B[07-09],3,7,3,0,4
CFG_015,B[10-12],3,7,3,0,4
CFG_015,B[13-15],3,7,3,0,4
CFG_015,B[16-18],3,7,3,0,4
CFG_015,B[19-20],2,0,0,2,0
CFG_015,B[19-21],3,7,3,0,4
CFG_015,D[00-03],5,7,5,0,2
CFG_015,D[04-06],5,7,5,0,2
CFG_015,D[07-09],5,7,5,0,2
CFG_015,D[10-12],5,7,5,0,2
CFG_015,D[13-15],5,7,5,0,2
CFG_015,D[16-18],4,7,4,0,3
CFG_015,D[19-20],1,0,0,1,0
CFG_015,D[19-21],3,7,3,0,4
CFG_015,E[00-03],6,6,6,0,0
CFG_015,E[04-06],6,6,6,0,0
CFG_015,E[07-09],6,6,6,0,0
CFG_015,E[10-12],6,6,6,0,0
CFG_015,E[13-15],6,6,6,0,0
CFG_015,E[16-18],6,6,6,0,0
CFG_015,E[19-20],2,0,0,2,0
CFG_015,E[19-21],4,6,4,0,2
CFG_015,F[00-03],5,3,3,2,0
CFG_015,F[04-06],5,3,3,2,0
CFG_015,F[07-09],6,3,3,3,0
CFG_015,F[10-12],6,3,3,3,0
CFG_015,F[13-15],6,3,3,3,0
CFG_015,F[16-18],6,3,3,3,0
CFG_015,F[19-20],1,0,0,1,0
CFG_015,F[19-21],5,3,3,2,0
CFG_015,G[00-03],5,4,4,1,0
CFG_015,G[04-06],5,4,4,1,0
CFG_015,G[07-09],5,4,4,1,0
CFG_015,G[10-12],5,4,4,1,0
CFG_015,G[13-15],5,4,4,1,0
CFG_015,G[16-18],5,4,4,1,0
CFG_015,G[19-20],1,0,0,1,0
CFG_015,G[19-21],4,4,4,0,0
CFG_015,H[00-03],4,3,3,1,0
CFG_015,H[04-06],4,3,3,1,0
CFG_015,H[07-09],4,3,3,1,0
CFG_015,H[10-12],4,3,3,1,0
CFG_015,H[13-15],4,3,3,1,0
CFG_015,H[16-18],4,3,3,1,0
CFG_015,H[19-20],1,0,0,1,0
CFG_015,H[19-21],3,3,3,0,0
CFG_015,I[00-03],4,3,3,1,0
CFG_015,I[04-06],4,3,3,1,0
CFG_015,I[07-09],4,3,3,1,0
CFG_015,I[10-12],4,3,3,1,0
CFG_015,I[13-15],4,3,3,1,0
CFG_015,I[16-18],4,3,3,1,0
CFG_015,I[19-20],1,0,0,1,0
CFG_015,I[19-21],3,3,3,0,0
CFG_015,J[00-03],5,3,3,2,0
CFG_015,J[04-06],4,3,3,1,0
CFG_015,J[07-09],4,3,3,1,0
CFG_015,J[10-12],4,3,3,1,0
CFG_015,J[13-15],4,3,3,1,0
CFG_015,J[16-18],4,3,3,1,0
CFG_015,J[19-20],1,0,0,1,0
CFG_015,J[19-21],3,3,3,0,0
CFG_015,K[00-03],5,3,3,2,0
CFG_015,K[04-06],4,3,3,1,0
CFG_015,K[07-09],5,3,3,2,0
CFG_015,K[10-12],5,3,3,2,0
CFG_015,K[13-15],5,3,3,2,0
CFG_015,K[16-18],5,3,3,2,0
CFG_015,K[19-21],3,3,2,0,0
CFG_016,A[00-03],3,4,3,0,1
CFG_016,A[04-06],3,4,3,0,1
CFG_016,A[07-09],3,4,3,0,1
CFG_016,A[10-12],3,4,3,0,1
CFG_016,A[13-15],3,4,3,0,1
CFG_016,B[00-03],3,5,3,0,2
CFG_016,B[04-06],3,5,3,0,2
CFG_016,B[07-09],3,5,3,0,2
CFG_016,B[10-12],3,5,3,0,2
CFG_016,B[13-15],3,5,3,0,2
CFG_016,B[16-18],3,5,3,0,2
CFG_016,B[19-20],2,0,0,2,0
CFG_016,B[19-21],3,5,3,0,2
CFG_016,D[00-03],5,6,5,0,1
CFG_016,D[04-06],5,6,5,0,1
CFG_016,D[07-09],5,6,5,0,1
CFG_016,D[10-12],5,6,5,0,1
CFG_016,D[13-15],5,6,5,0,1
CFG_016,D[16-18],4,6,4,0,2
CFG_016,D[19-20],1,0,0,1,0
CFG_016,D[19-21],3,6,3,0,3
CFG_016,E[00-03],6,4,4,2,0
CFG_016,E[04-06],6,4,4,2,0
CFG_016,E[07-09],6,4,4,2,0
CFG_016,E[10-12],6,4,4,2,0
CFG_016,E[13-15],6,4,4,2,0
CFG_016,E[16-18],6,4,4,2,0
CFG_016,E[19-20],2,0,0,2,0
CFG_016,E[19-21],4,4,4,0,0
CFG_016,F[00-03],5,5,5,0,0
CFG_016,F[04-06],5,5,5,0,0
CFG_016,F[07-09],6,5,5,1,0
CFG_016,F[10-12],6,5,5,1,0
CFG_016,F[13-15],6,5,5,1,0
CFG_016,F[16-18],6,5,5,1,0
CFG_016,F[19-20],1,0,0,1,0
CFG_016,F[19-21],5,5,5,0,0
CFG_016,G[00-03],5,5,5,0,0
CFG_016,G[04-06],5,5,5,0,0
CFG_016,G[07-09],5,5,5,0,0
CFG_016,G[10-12],5,5,5,0,0
CFG_016,G[13-15],5,5,5,0,0
CFG_016,G[16-18],5,5,5,0,0
CFG_016,G[19-20],1,0,0,1,0
CFG_016,G[19-21],4,5,4,0,1
CFG_016,H[00-03],4,5,4,0,1
CFG_016,H[04-06],4,5,4,0,1
CFG_016,H[07-09],4,5,4,0,1
CFG_016,H[10-12],4,5,4,0,1
CFG_016,H[13-15],4,5,4,0,1
CFG_016,H[16-18],4,5,4,0,1
CFG_016,H[19-20],1,0,0,1,0
CFG_016,H[19-21],3,5,3,0,2
CFG_016,I[00-03],4,5,4,0,1
CFG_016,I[04-06],4,5,4,0,1
CFG_016,I[07-09],4,5,4,0,1
CFG_016,I[10-12],4,5,4,0,1
CFG_016,I[13-15],4,5,4,0,1
CFG_016,I[16-18],4,5,4,0,1
CFG_016,I[19-20],1,0,0,1,0
CFG_016,I[19-21],3,5,3,0,2
CFG_016,J[00-03],5,3,3,2,0
CFG_016,J[04-06],4,3,3,1,0
CFG_016,J[07-09],4,3,3,1,0
CFG_016,J[10-12],4,3,3,1,0
CFG_016,J[13-15],4,3,3,1,0
CFG_016,J[16-18],4,3,3,1,0
CFG_016,J[19-20],1,0,0,1,0
CFG_016,J[19-21],3,3,2,0,0
CFG_016,K[00-03],5,3,3,2,0
CFG_016,K[04-06],4,3,3,1,0
CFG_016,K[07-09],5,3,3,2,0
CFG_016,K[10-12],5,3,3,2,0
CFG_016,K[13-15],5,3,3,2,0
CFG_016,K[16-18],5,3,3,2,0
CFG_016,K[19-21],3,3,2,0,0
CFG_017,A[00-03],3,6,3,0,3
CFG_017,A[04-06],3,6,3,0,3
CFG_017,A[07-09],3,6,3,0,3
CFG_017,A[10-12],3,6,3,0,3
CFG_017,A[13-15],3,6,3,0,3
CFG_017,B[00-03],3,6,3,0,3
CFG_017,B[04-06],3,6,3,0,3
CFG_017,B[07-09],3,6,3,0,3
CFG_017,B[10-12],3,6,3,0,3
CFG_017,B[13-15],3,6,3,0,3
CFG_017,B[16-18],3,6,3,0,3
CFG_017,B[19-20],2,0,0,2,0
CFG_017,B[19-21],3,6,3,0,3
CFG_017,D[00-03],5,5,5,0,0
CFG_017,D[04-06],5,5,5,0,0
CFG_017,D[07-09],5,5,5,0,0
CFG_017,D[10-12],5,5,5,0,0
CFG_017,D[13-15],5,5,5,0,0
CFG_017,D[16-18],4,5,3,0,1
CFG_017,D[19-20],1,0,0,1,0
CFG_017,D[19-21],3,5,3,0,2
CFG_017,E[00-03],6,7,5,0,1
CFG_017,E[04-06],6,7,5,0,1
CFG_017,E[07-09],6,7,5,0,1
CFG_017,E[10-12],6,7,5,0,1
CFG_017,E[13-15],6,7,5,0,1
CFG_017,E[16-18],6,7,5,0,1
CFG_017,E[19-20],2,0,0,2,0
CFG_017,E[19-21],4,7,4,0,3
CFG_017,F[00-03],5,6,5,0,1
CFG_017,F[04-06],5,6,5,0,1
CFG_017,F[07-09],6,6,6,0,0
CFG_017,F[10-12],6,6,6,0,0
CFG_017,F[13-15],6,6,6,0,0
CFG_017,F[16-18],6,6,6,0,0
CFG_017,F[19-20],1,0,0,1,0
CFG_017,F[19-21],5,6,5,0,1
CFG_017,G[00-03],5,3,3,2,0
CFG_017,G[04-06],5,3,3,2,0
CFG_017,G[07-09],5,3,3,2,0
CFG_017,G[10-12],5,3,3,2,0
CFG_017,G[13-15],5,3,3,2,0
CFG_017,G[16-18],5,3,3,2,0
CFG_017,G[19-20],1,0,0,1,0
CFG_017,G[19-21],4,3,3,1,0
CFG_017,H[00-03],4,3,3,1,0
CFG_017,H[04-06],4,3,3,1,0
CFG_017,H[07-09],4,3,3,1,0
CFG_017,H[10-12],4,3,3,1,0
CFG_017,H[13-15],4,3,3,1,0
CFG_017,H[16-18],4,3,3,1,0
CFG_017,H[19-20],1,0,0,1,0
CFG_017,H[19-21],3,3,3,0,0
CFG_017,I[00-03],4,5,4,0,1
CFG_017,I[04-06],4,5,4,0,1
CFG_017,I[07-09],4,5,4,0,1
CFG_017,I[10-12],4,5,4,0,1
CFG_017,I[13-15],4,5,4,0,1
CFG_017,I[16-18],4,5,4,0,1
CFG_017,I[19-20],1,0,0,1,0
CFG_017,I[19-21],3,5,3,0,2
CFG_017,J[00-03],5,3,3,2,0
CFG_017,J[04-06],4,3,3,1,0
CFG_017,J[07-09],4,3,3,1,0
CFG_017,J[10-12],4,3,3,1,0
CFG_017,J[13-15],4,3,3,1,0
CFG_017,J[16-18],4,3,3,1,0
CFG_017,J[19-20],1,0,0,1,0
CFG_017,J[19-21],3,3,2,0,0
CFG_017,K[00-03],5,3,3,2,0
CFG_017,K[04-06],4,3,3,1,0
CFG_017,K[07-09],5,3,3,2,0
CFG_017,K[10-12],5,3,3,2,0
CFG_017,K[13-15],5,3,3,2,0
CFG_017,K[16-18],5,3,3,2,0
CFG_017,K[19-21],3,3,2,0,0
CFG_018,A[00-03],3,9,3,0,6
CFG_018,A[04-06],3,9,3,0,6
CFG_018,A[07-09],3,9,3,0,6
CFG_018,A[10-12],3,9,3,0,6
CFG_018,A[13-15],3,9,3,0,6
CFG_018,B[00-03],3,8,3,0,5
CFG_018,B[04-06],3,8,3,0,5
CFG_018,B[07-09],3,8,3,0,5
CFG_018,B[10-12],3,8,3,0,5
CFG_018,B[13-15],3,8,3,0,5
CFG_018,B[16-18],3,8,3,0,5
CFG_018,B[19-20],2,0,0,2,0
CFG_018,B[19-21],3,8,3,0,5
CFG_018,D[00-03],5,6,5,0,1
CFG_018,D[04-06],5,6,5,0,1
CFG_018,D[07-09],5,6,5,0,1
CFG_018,D[10-12],5,6,5,0,1
CFG_018,D[13-15],5,6,5,0,1
CFG_018,D[16-18],4,6,4,0,2
CFG_018,D[19-20],1,0,0,1,0
CFG_018,D[19-21],3,6,3,0,3
CFG_018,E[00-03],6,5,5,1,0
CFG_018,E[04-06],6,5,5,1,0
CFG_018,E[07-09],6,5,5,1,0
CFG_018,E[10-12],6,5,5,1,0
CFG_018,E[13-15],6,5,5,1,0
CFG_018,E[16-18],6,5,5,1,0
CFG_018,E[19-20],2,0,0,2,0
CFG_018,E[19-21],4,5,4,0,1
CFG_018,F[00-03],5,4,4,1,0
CFG_018,F[04-06],5,4,4,1,0
CFG_018,F[07-09],6,4,4,2,0
CFG_018,F[10-12],6,4,4,2,0
CFG_018,F[13-15],6,4,4,2,0
CFG_018,F[16-18],6,4,4,2,0
CFG_018,F[19-20],1,0,0,1,0
CFG_018,F[19-21],5,4,4,1,0
CFG_018,G[00-03],5,3,3,2,0
CFG_018,G[04-06],5,3,3,2,0
CFG_018,G[07-09],5,3,3,2,0
CFG_018,G[10-12],5,3,3,2,0
CFG_018,G[13-15],5,3,3,2,0
CFG_018,G[16-18],5,3,3,2,0
CFG_018,G[19-20],1,0,0,1,0
CFG_018,G[19-21],4,3,3,1,0
CFG_018,H[00-03],4,3,3,1,0
CFG_018,H[04-06],4,3,3,1,0
CFG_018,H[07-09],4,3,3,1,0
CFG_018,H[10-12],4,3,3,1,0
CFG_018,H[13-15],4,3,3,1,0
CFG_018,H[16-18],4,3,3,1,0
CFG_018,H[19-20],1,0,0,1,0
CFG_018,H[19-21],3,3,3,0,0
CFG_018,I[00-03],4,5,4,0,1
CFG_018,I[04-06],4,5,4,0,1
CFG_018,I[07-09],4,5,4,0,1
CFG_018,I[10-12],4,5,4,0,1
CFG_018,I[13-15],4,5,4,0,1
CFG_018,I[16-18],4,5,4,0,1
CFG_018,I[19-20],1,0,0,1,0
CFG_018,I[19-21],3,5,3,0,2
CFG_018,J[00-03],5,3,3,2,0
CFG_018,J[04-06],4,3,3,1,0
CFG_018,J[07-09],4,3,3,1,0
CFG_018,J[10-12],4,3,3,1,0
CFG_018,J[13-15],4,3,3,1,0
CFG_018,J[16-18],4,3,3,1,0
CFG_018,J[19-20],1,0,0,1,0
CFG_018,J[19-21],3,3,2,0,0
CFG_018,K[00-03],5,3,3,2,0
CFG_018,K[04-06],4,3,3,1,0
CFG_018,K[07-09],5,3,3,2,0
CFG_018,K[10-12],5,3,3,2,0
CFG_018,K[13-15],5,3,3,2,0
CFG_018,K[16-18],5,3,3,2,0
CFG_018,K[19-21],3,3,2,0,0
CFG_019,A[00-03],3,4,3,0,1
CFG_019,A[04-06],3,4,3,0,1
CFG_019,A[07-09],3,4,3,0,1
CFG_019,A[10-12],3,4,3,0,1
CFG_019,A[13-15],3,4,3,0,1
CFG_019,B[00-03],3,10,3,0,7
CFG_019,B[04-06],3,10,3,0,7
CFG_019,B[07-09],3,10,3,0,7
CFG_019,B[10-12],3,10,3,0,7
CFG_019,B[13-15],3,10,3,0,7
CFG_019,B[16-18],3,10,3,0,7
CFG_019,B[19-20],2,0,0,2,0
CFG_019,B[19-21],3,10,3,0,7
CFG_019,D[00-03],5,6,4,0,1
CFG_019,D[04-06],5,6,4,0,1
CFG_019,D[07-09],5,6,4,0,1
CFG_019,D[10-12],5,6,4,0,1
CFG_019,D[13-15],5,6,4,0,1
CFG_019,D[16-18],4,6,4,0,2
CFG_019,D[19-20],1,0,0,1,0
CFG_019,D[19-21],3,6,3,0,3
CFG_019,E[00-03],6,5,5,1,0
CFG_019,E[04-06],6,5,5,1,0
CFG_019,E[07-09],6,5,5,1,0
CFG_019,E[10-12],6,5,5,1,0
CFG_019,E[13-15],6,5,5,1,0
CFG_019,E[16-18],6,5,5,1,0
CFG_019,E[19-20],2,0,0,2,0
CFG_019,E[19-21],4,5,4,0,1
CFG_019,F[00-03],5,4,4,1,0
CFG_019,F[04-06],5,4,4,1,0
CFG_019,F[07-09],6,4,4,2,0
CFG_019,F[10-12],6,4,4,2,0
CFG_019,F[13-15],6,4,4,2,0
CFG_019,F[16-18],6,4,4,2,0
CFG_019,F[19-20],1,0,0,1,0
CFG_019,F[19-21],5,4,4,1,0
CFG_019,G[00-03],5,4,4,1,0
CFG_019,G[04-06],5,4,4,1,0
CFG_019,G[07-09],5,4,4,1,0
CFG_019,G[10-12],5,4,4,1,0
CFG_019,G[13-15],5,4,4,1,0
CFG_019,G[16-18],5,4,4,1,0
CFG_019,G[19-20],1,0,0,1,0
CFG_019,G[19-21],4,4,4,0,0
CFG_019,H[00-03],4,5,4,0,1
CFG_019,H[04-06],4,5,4,0,1
CFG_019,H[07-09],4,5,4,0,1
CFG_019,H[10-12],4,5,4,0,1
CFG_019,H[13-15],4,5,4,0,1
CFG_019,H[16-18],4,5,4,0,1
CFG_019,H[19-20],1,0,0,1,0
CFG_019,H[19-21],3,5,3,0,2
CFG_019,I[00-03],4,3,3,1,0
CFG_019,I[04-06],4,3,3,1,0
CFG_019,I[07-09],4,3,3,1,0
CFG_019,I[10-12],4,3,3,1,0
CFG_019,I[13-15],4,3,3,1,0
CFG_019,I[16-18],4,3,3,1,0
CFG_019,I[19-20],1,0,0,1,0
CFG_019,I[19-21],3,3,3,0,0
CFG_019,J[00-03],5,3,3,2,0
CFG_019,J[04-06],4,3,3,1,0
CFG_019,J[07-09],4,3,3,1,0
CFG_019,J[10-12],4,3,3,1,0
CFG_019,J[13-15],4,3,3,1,0
CFG_019,J[16-18],4,3,3,1,0
CFG_019,J[19-20],1,0,0,1,0
CFG_019,J[19-21],3,3,2,0,0
CFG_019,K[00-03],5,3,3,2,0
CFG_019,K[04-06],4,3,3,1,0
CFG_019,K[07-09],5,3,3,2,0
CFG_019,K[10-12],5,3,3,2,0
CFG_019,K[13-15],5,3,3,2,0
CFG_019,K[16-18],5,3,3,2,0
CFG_019,K[19-21],3,3,2,0,0
CFG_020,A[00-03],3,4,3,0,1
CFG_020,A[04-06],3,4,3,0,1
CFG_020,A[07-09],3,4,3,0,1
CFG_020,A[10-12],3,4,3,0,1
CFG_020,A[13-15],3,4,3,0,1
CFG_020,B[00-03],3,10,3,0,7
CFG_020,B[04-06],3,10,3,0,7
CFG_020,B[07-09],3,10,3,0,7
CFG_020,B[10-12],3,10,3,0,7
CFG_020,B[13-15],3,10,3,0,7
CFG_020,B[16-18],3,10,3,0,7
CFG_020,B[19-20],2,0,0,2,0
CFG_020,B[19-21],3,10,3,0,7
CFG_020,D[00-03],5,7,5,0,2
CFG_020,D[04-06],5,7,5,0,2
CFG_020,D[07-09],5,7,5,0,2
CFG_020,D[10-12],5,7,5,0,2
CFG_020,D[13-15],5,7,5,0,2
CFG_020,D[16-18],4,7,4,0,3
CFG_020,D[19-20],1,0,0,1,0
CFG_020,D[19-21],3,7,3,0,4
CFG_020,E[00-03],6,5,5,1,0
CFG_020,E[04-06],6,5,5,1,0
CFG_020,E[07-09],6,5,5,1,0
CFG_020,E[10-12],6,5,5,1,0
CFG_020,E[13-15],6,5,5,1,0
CFG_020,E[16-18],6,5,5,1,0
CFG_020,E[19-20],2,0,0,2,0
CFG_020,E[19-21],4,5,4,0,1
CFG_020,F[00-03],5,5,5,0,0
CFG_020,F[04-06],5,5,5,0,0
CFG_020,F[07-09],6,5,5,1,0
CFG_020,F[10-12],6,5,5,1,0
CFG_020,F[13-15],6,5,5,1,0
CFG_020,F[16-18],6,5,5,1,0
CFG_020,F[19-20],1,0,0,1,0
CFG_020,F[19-21],5,5,5,0,0
CFG_020,G[00-03],5,4,4,1,0
CFG_020,G[04-06],5,4,4,1,0
CFG_020,G[07-09],5,4,4,1,0
CFG_020,G[10-12],5,4,4,1,0
CFG_020,G[13-15],5,4,4,1,0
CFG_020,G[16-18],5,4,4,1,0
CFG_020,G[19-20],1,0,0,1,0
CFG_020,G[19-21],4,4,4,0,0
CFG_020,H[00-03],4,3,3,1,0
CFG_020,H[04-06],4,3,3,1,0
CFG_020,H[07-09],4,3,3,1,0
CFG_020,H[10-12],4,3,3,1,0
CFG_020,H[13-15],4,3,3,1,0
CFG_020,H[16-18],4,3,3,1,0
CFG_020,H[19-20],1,0,0,1,0
CFG_020,H[19-21],3,3,3,0,0
CFG_020,I[00-03],4,3,3,1,0
CFG_020,I[04-06],4,3,3,1,0
CFG_020,I[07-09],4,3,3,1,0
CFG_020,I[10-12],4,3,3,1,0
CFG_020,I[13-15],4,3,3,1,0
CFG_020,I[16-18],4,3,3,1,0
CFG_020,I[19-20],1,0,0,1,0
CFG_020,I[19-21],3,3,3,0,0
CFG_020,J[00-03],5,3,3,2,0
CFG_020,J[04-06],4,3,3,1,0
CFG_020,J[07-09],4,3,3,1,0
CFG_020,J[10-12],4,3,3,1,0
CFG_020,J[13-15],4,3,3,1,0
CFG_020,J[16-18],4,3,3,1,0
CFG_020,J[19-20],1,0,0,1,0
CFG_020,J[19-21],3,3,2,0,0
CFG_020,K[00-03],5,3,3,2,0
CFG_020,K[04-06],4,3,3,1,0
CFG_020,K[07-09],5,3,3,2,0
CFG_020,K[10-12],5,3,3,2,0
CFG_020,K[13-15],5,3,3,2,0
CFG_020,K[16-18],5,3,3,2,0
CFG_020,K[19-21],3,3,2,0,0
CFG_023,A[00-03],3,3,3,0,0
CFG_023,A[04-06],3,3,3,0,0
CFG_023,A[07-09],3,3,3,0,0
CFG_023,A[10-12],3,3,3,0,0
CFG_023,A[13-15],3,3,3,0,0
CFG_023,B[00-03],3,3,3,0,0
CFG_023,B[04-06],3,3,3,0,0
CFG_023,B[07-09],3,3,3,0,0
CFG_023,B[10-12],3,3,3,0,0
CFG_023,B[13-15],3,3,3,0,0
CFG_023,B[16-18],3,3,3,0,0
CFG_023,B[19-20],2,0,0,2,0
CFG_023,B[19-21],3,3,3,0,0
CFG_023,D[00-03],5,3,3,2,0
CFG_023,D[04-06],5,3,3,2,0
CFG_023,D[07-09],5,3,3,2,0
CFG_023,D[10-12],5,3,3,2,0
CFG_023,D[13-15],5,3,3,2,0
CFG_023,D[16-18],4,3,3,1,0
CFG_023,D[19-20],1,0,0,1,0
CFG_023,D[19-21],3,3,3,0,0
CFG_023,E[00-03],6,3,3,3,0
CFG_023,E[04-06],6,3,3,3,0
CFG_023,E[07-09],6,3,3,3,0
CFG_023,E[10-12],6,3,3,3,0
CFG_023,E[13-15],6,3,3,3,0
CFG_023,E[16-18],6,3,3,3,0
CFG_023,E[19-20],2,0,0,2,0
CFG_023,E[19-21],4,3,3,1,0
CFG_023,F[00-03],5,3,3,2,0
CFG_023,F[04-06],5,3,3,2,0
CFG_023,F[07-09],6,3,3,3,0
CFG_023,F[10-12],6,3,3,3,0
CFG_023,F[13-15],6,3,3,3,0
CFG_023,F[16-18],6,3,3,3,0
CFG_023,F[19-20],1,0,0,1,0
CFG_023,F[19-21],5,3,3,2,0
CFG_023,G[00-03],5,4,4,1,0
CFG_023,G[04-06],5,4,4,1,0
CFG_023,G[07-09],5,4,4,1,0
CFG_023,G[10-12],5,4,4,1,0
CFG_023,G[13-15],5,4,4,1,0
CFG_023,G[16-18],5,4,4,1,0
CFG_023,G[19-20],1,0,0,1,0
CFG_023,G[19-21],4,4,4,0,0
CFG_023,H[00-03],4,4,4,0,0
CFG_023,H[04-06],4,4,4,0,0
CFG_023,H[07-09],4,4,4,0,0
CFG_023,H[10-12],4,4,4,0,0
CFG_023,H[13-15],4,4,4,0,0
CFG_023,H[16-18],4,4,4,0,0
CFG_023,H[19-20],1,0,0,1,0
CFG_023,H[19-21],3,4,3,0,1
CFG_023,I[00-03],4,4,4,0,0
CFG_023,I[04-06],4,4,4,0,0
CFG_023,I[07-09],4,4,4,0,0
CFG_023,I[10-12],4,4,4,0,0
CFG_023,I[13-15],4,4,4,0,0
CFG_023,I[16-18],4,4,4,0,0
CFG_023,I[19-20],1,0,0,1,0
CFG_023,I[19-21],3,4,3,0,1
CFG_023,J[00-03],5,4,4,1,0
CFG_023,J[04-06],4,4,3,0,0
CFG_023,J[07-09],4,4,3,0,0
CFG_023,J[10-12],4,4,3,0,0
CFG_023,J[13-15],4,4,3,0,0
CFG_023,J[16-18],4,4,3,0,0
CFG_023,J[19-20],1,0,0,1,0
CFG_023,J[19-21],3,4,3,0,1
CFG_023,K[00-03],5,4,4,1,0
CFG_023,K[04-06],4,4,3,0,0
CFG_023,K[07-09],5,4,4,1,0
CFG_023,K[10-12],5,4,4,1,0
CFG_023,K[13-15],5,4,4,1,0
CFG_023,K[16-18],5,4,4,1,0
CFG_023,K[19-21],3,4,3,0,1
CFG_024,A[00-03],3,3,3,0,0
CFG_024,A[04-06],3,3,3,0,0
CFG_024,A[07-09],3,3,3,0,0
CFG_024,A[10-12],3,3,3,0,0
CFG_024,A[13-15],3,3,3,0,0
CFG_024,B[00-03],3,3,3,0,0
CFG_024,B[04-06],3,3,3,0,0
CFG_024,B[07-09],3,3,3,0,0
CFG_024,B[10-12],3,3,3,0,0
CFG_024,B[13-15],3,3,3,0,0
CFG_024,B[16-18],3,3,3,0,0
CFG_024,B[19-20],2,0,0,2,0
CFG_024,B[19-21],3,3,3,0,0
CFG_024,D[00-03],5,3,3,2,0
CFG_024,D[04-06],5,3,3,2,0
CFG_024,D[07-09],5,3,3,2,0
CFG_024,D[10-12],5,3,3,2,0
CFG_024,D[13-15],5,3,3,2,0
CFG_024,D[16-18],4,3,3,1,0
CFG_024,D[19-20],1,0,0,1,0
CFG_024,D[19-21],3,3,3,0,0
CFG_024,E[00-03],6,5,5,1,0
CFG_024,E[04-06],6,5,5,1,0
CFG_024,E[07-09],6,5,5,1,0
CFG_024,E[10-12],6,5,5,1,0
CFG_024,E[13-15],6,5,5,1,0
CFG_024,E[16-18],6,5,5,1,0
CFG_024,E[19-20],2,0,0,2,0
CFG_024,E[19-21],4,5,4,0,1
CFG_024,F[00-03],5,4,4,1,0
CFG_024,F[04-06],5,4,4,1,0
CFG_024,F[07-09],6,4,4,2,0
CFG_024,F[10-12],6,4,4,2,0
CFG_024,F[13-15],6,4,4,2,0
CFG_024,F[16-18],6,4,4,2,0
CFG_024,F[19-20],1,0,0,1,0
CFG_024,F[19-21],5,4,4,1,0
CFG_024,G[00-03],5,4,4,1,0
CFG_024,G[04-06],5,4,4,1,0
CFG_024,G[07-09],5,4,4,1,0
CFG_024,G[10-12],5,4,4,1,0
CFG_024,G[13-15],5,4,4,1,0
CFG_024,G[16-18],5,4,4,1,0
CFG_024,G[19-20],1,0,0,1,0
CFG_024,G[19-21],4,4,4,0,0
CFG_024,H[00-03],4,4,4,0,0
CFG_024,H[04-06],4,4,4,0,0
CFG_024,H[07-09],4,4,4,0,0
CFG_024,H[10-12],4,4,4,0,0
CFG_024,H[13-15],4,4,4,0,0
CFG_024,H[16-18],4,4,4,0,0
CFG_024,H[19-20],1,0,0,1,0
CFG_024,H[19-21],3,4,3,0,1
CFG_024,I[00-03],4,4,4,0,0
CFG_024,I[04-06],4,4,4,0,0
CFG_024,I[07-09],4,4,4,0,0
CFG_024,I[10-12],4,4,4,0,0
CFG_024,I[13-15],4,4,4,0,0
CFG_024,I[16-18],4,4,4,0,0
CFG_024,I[19-20],1,0,0,1,0
CFG_024,I[19-21],3,4,3,0,1
CFG_024,J[00-03],5,4,4,1,0
CFG_024,J[04-06],4,4,4,0,0
CFG_024,J[07-09],4,4,4,0,0
CFG_024,J[10-12],4,4,4,0,0
CFG_024,J[13-15],4,4,4,0,0
CFG_024,J[16-18],4,4,4,0,0
CFG_024,J[19-20],1,0,0,1,0
CFG_024,J[19-21],3,4,3,0,1
CFG_024,K[00-03],5,4,4,1,0
CFG_024,K[04-06],4,4,4,0,0
CFG_024,K[07-09],5,4,4,1,0
CFG_024,K[10-12],5,4,4,1,0
CFG_024,K[13-15],5,4,4,1,0
CFG_024,K[16-18],5,4,4,1,0
CFG_024,K[19-21],3,4,3,0,1
CFG_025,A[00-03],3,3,3,0,0
CFG_025,A[04-06],3,3,3,0,0
CFG_025,A[07-09],3,3,3,0,0
CFG_025,A[10-12],3,3,3,0,0
CFG_025,A[13-15],3,3,3,0,0
CFG_025,B[00-03],3,3,3,0,0
CFG_025,B[04-06],3,3,3,0,0
CFG_025,B[07-09],3,3,3,0,0
CFG_025,B[10-12],3,3,3,0,0
CFG_025,B[13-15],3,3,3,0,0
CFG_025,B[16-18],3,3,3,0,0
CFG_025,B[19-20],2,0,0,2,0
CFG_025,B[19-21],3,3,3,0,0
CFG_025,D[00-03],5,6,5,0,1
CFG_025,D[04-06],5,6,5,0,1
CFG_025,D[07-09],5,6,5,0,1
CFG_025,D[10-12],5,6,5,0,1
CFG_025,D[13-15],5,6,5,0,1
CFG_025,D[16-18],4,6,4,0,2
CFG_025,D[19-20],1,0,0,1,0
CFG_025,D[19-21],3,6,3,0,3
CFG_025,E[00-03],6,6,6,0,0
CFG_025,E[04-06],6,6,6,0,0
CFG_025,E[07-09],6,6,6,0,0
CFG_025,E[10-12],6,6,6,0,0
CFG_025,E[13-15],6,6,6,0,0
CFG_025,E[16-18],6,6,6,0,0
CFG_025,E[19-20],2,0,0,2,0
CFG_025,E[19-21],4,6,4,0,2
CFG_025,F[00-03],5,5,5,0,0
CFG_025,F[04-06],5,5,5,0,0
CFG_025,F[07-09],6,5,5,1,0
CFG_025,F[10-12],6,5,5,1,0
CFG_025,F[13-15],6,5,5,1,0
CFG_025,F[16-18],6,5,5,1,0
CFG_025,F[19-20],1,0,0,1,0
CFG_025,F[19-21],5,5,5,0,0
CFG_025,G[00-03],5,6,5,0,1
CFG_025,G[04-06],5,6,5,0,1
CFG_025,G[07-09],5,6,5,0,1
CFG_025,G[10-12],5,6,5,0,1
CFG_025,G[13-15],5,6,5,0,1
CFG_025,G[16-18],5,6,5,0,1
CFG_025,G[19-20],1,0,0,1,0
CFG_025,G[19-21],4,6,4,0,2
CFG_025,H[00-03],4,3,3,1,0
CFG_025,H[04-06],4,3,3,1,0
CFG_025,H[07-09],4,3,3,1,0
CFG_025,H[10-12],4,3,3,1,0
CFG_025,H[13-15],4,3,3,1,0
CFG_025,H[16-18],4,3,3,1,0
CFG_025,H[19-20],1,0,0,1,0
CFG_025,H[19-21],3,3,3,0,0
CFG_025,I[00-03],4,3,3,1,0
CFG_025,I[04-06],4,3,3,1,0
CFG_025,I[07-09],4,3,3,1,0
CFG_025,I[10-12],4,3,3,1,0
CFG_025,I[13-15],4,3,3,1,0
CFG_025,I[16-18],4,3,3,1,0
CFG_025,I[19-20],1,0,0,1,0
CFG_025,I[19-21],3,3,3,0,0
CFG_025,J[00-03],5,3,3,2,0
CFG_025,J[04-06],4,3,3,1,0
CFG_025,J[07-09],4,3,3,1,0
CFG_025,J[10-12],4,3,3,1,0
CFG_025,J[13-15],4,3,3,1,0
CFG_025,J[16-18],4,3,3,1,0
CFG_025,J[19-20],1,0,0,1,0
CFG_025,J[19-21],3,3,3,0,0
CFG_025,K[00-03],5,3,3,2,0
CFG_025,K[04-06],4,3,3,1,0
CFG_025,K[07-09],5,3,3,2,0
CFG_025,K[10-12],5,3,3,2,0
CFG_025,K[13-15],5,3,3,2,0
CFG_025,K[16-18],5,3,3,2,0
CFG_025,K[19-21],3,3,3,0,0
CFG_026,A[00-03],3,7,3,0,4
CFG_026,A[04-06],3,7,3,0,4
CFG_026,A[07-09],3,7,3,0,4
CFG_026,A[10-12],3,7,3,0,4
CFG_026,A[13-15],3,7,3,0,4
CFG_026,B[00-03],3,6,3,0,3
CFG_026,B[04-06],3,6,3,0,3
CFG_026,B[07-09],3,6,3,0,3
CFG_026,B[10-12],3,6,3,0,3
CFG_026,B[13-15],3,6,3,0,3
CFG_026,B[16-18],3,6,3,0,3
CFG_026,B[19-20],2,0,0,2,0
CFG_026,B[19-21],3,6,3,0,3
CFG_026,D[00-03],5,6,5,0,1
CFG_026,D[04-06],5,6,5,0,1
CFG_026,D[07-09],5,6,5,0,1
CFG_026,D[10-12],5,6,5,0,1
CFG_026,D[13-15],5,6,5,0,1
CFG_026,D[16-18],4,6,4,0,2
CFG_026,D[19-20],1,0,0,1,0
CFG_026,D[19-21],3,6,3,0,3
CFG_026,E[00-03],6,5,5,1,0
CFG_026,E[04-06],6,5,5,1,0
CFG_026,E[07-09],6,5,5,1,0
CFG_026,E[10-12],6,5,5,1,0
CFG_026,E[13-15],6,5,5,1,0
CFG_026,E[16-18],6,5,5,1,0
CFG_026,E[19-20],2,0,0,2,0
CFG_026,E[19-21],4,5,4,0,1
CFG_026,F[00-03],5,3,3,2,0
CFG_026,F[04-06],5,3,3,2,0
CFG_026,F[07-09],6,3,3,3,0
CFG_026,F[10-12],6,3,3,3,0
CFG_026,F[13-15],6,3,3,3,0
CFG_026,F[16-18],6,3,3,3,0
CFG_026,F[19-20],1,0,0,1,0
CFG_026,F[19-21],5,3,3,2,0
CFG_026,G[00-03],5,4,4,1,0
CFG_026,G[04-06],5,4,4,1,0
CFG_026,G[07-09],5,4,4,1,0
CFG_026,G[10-12],5,4,4,1,0
CFG_026,G[13-15],5,4,4,1,0
CFG_026,G[16-18],5,4,4,1,0
CFG_026,G[19-20],1,0,0,1,0
CFG_026,G[19-21],4,4,4,0,0
CFG_026,H[00-03],4,3,3,1,0
CFG_026,H[04-06],4,3,3,1,0
CFG_026,H[07-09],4,3,3,1,0
CFG_026,H[10-12],4,3,3,1,0
CFG_026,H[13-15],4,3,3,1,0
CFG_026,H[16-18],4,3,3,1,0
CFG_026,H[19-20],1,0,0,1,0
CFG_026,H[19-21],3,3,3,0,0
CFG_026,I[00-03],4,3,3,1,0
CFG_026,I[04-06],4,3,3,1,0
CFG_026,I[07-09],4,3,3,1,0
CFG_026,I[10-12],4,3,3,1,0
CFG_026,I[13-15],4,3,3,1,0
CFG_026,I[16-18],4,3,3,1,0
CFG_026,I[19-20],1,0,0,1,0
CFG_026,I[19-21],3,3,3,0,0
CFG_026,J[00-03],5,3,3,2,0
CFG_026,J[04-06],4,3,3,1,0
CFG_026,J[07-09],4,3,3,1,0
CFG_026,J[10-12],4,3,3,1,0
CFG_026,J[13-15],4,3,3,1,0
CFG_026,J[16-18],4,3,3,1,0
CFG_026,J[19-20],1,0,0,1,0
CFG_026,J[19-21],3,3,3,0,0
CFG_026,K[00-03],5,3,3,2,0
CFG_026,K[04-06],4,3,3,1,0
CFG_026,K[07-09],5,3,3,2,0
CFG_026,K[10-12],5,3,3,2,0
CFG_026,K[13-15],5,3,3,2,0
CFG_026,K[16-18],5,3,3,2,0
CFG_026,K[19-21],3,3,3,0,0
CFG_027,A[00-03],3,8,3,0,5
CFG_027,A[04-06],3,8,3,0,5
CFG_027,A[07-09],3,8,3,0,5
CFG_027,A[10-12],3,8,3,0,5
CFG_027,A[13-15],3,8,3,0,5
CFG_027,B[00-03],3,7,3,0,4
CFG_027,B[04-06],3,7,3,0,4
CFG_027,B[07-09],3,7,3,0,4
CFG_027,B[10-12],3,7,3,0,4
CFG_027,B[13-15],3,7,3,0,4
CFG_027,B[16-18],3,7,3,0,4
CFG_027,B[19-20],2,0,0,2,0
CFG_027,B[19-21],3,7,3,0,4
CFG_027,D[00-03],5,6,5,0,1
CFG_027,D[04-06],5,6,5,0,1
CFG_027,D[07-09],5,6,5,0,1
CFG_027,D[10-12],5,6,5,0,1
CFG_027,D[13-15],5,6,5,0,1
CFG_027,D[16-18],4,6,4,0,2
CFG_027,D[19-20],1,0,0,1,0
CFG_027,D[19-21],3,6,3,0,3
CFG_027,E[00-03],6,4,4,2,0
CFG_027,E[04-06],6,4,4,2,0
CFG_027,E[07-09],6,4,4,2,0
CFG_027,E[10-12],6,4,4,2,0
CFG_027,E[13-15],6,4,4,2,0
CFG_027,E[16-18],6,4,4,2,0
CFG_027,E[19-20],2,0,0,2,0
CFG_027,E[19-21],4,4,4,0,0
CFG_027,F[00-03],5,4,4,1,0
CFG_027,F[04-06],5,4,4,1,0
CFG_027,F[07-09],6,4,4,2,0
CFG_027,F[10-12],6,4,4,2,0
CFG_027,F[13-15],6,4,4,2,0
CFG_027,F[16-18],6,4,4,2,0
CFG_027,F[19-20],1,0,0,1,0
CFG_027,F[19-21],5,4,4,1,0
CFG_027,G[00-03],5,3,3,2,0
CFG_027,G[04-06],5,3,3,2,0
CFG_027,G[07-09],5,3,3,2,0
CFG_027,G[10-12],5,3,3,2,0
CFG_027,G[13-15],5,3,3,2,0
CFG_027,G[16-18],5,3,3,2,0
CFG_027,G[19-20],1,0,0,1,0
CFG_027,G[19-21],4,3,3,1,0
CFG_027,H[00-03],4,3,3,1,0
CFG_027,H[04-06],4,3,3,1,0
CFG_027,H[07-09],4,3,3,1,0
CFG_027,H[10-12],4,3,3,1,0
CFG_027,H[13-15],4,3,3,1,0
CFG_027,H[16-18],4,3,3,1,0
CFG_027,H[19-20],1,0,0,1,0
CFG_027,H[19-21],3,3,3,0,0
CFG_027,I[00-03],4,3,3,1,0
CFG_027,I[04-06],4,3,3,1,0
CFG_027,I[07-09],4,3,3,1,0
CFG_027,I[10-12],4,3,3,1,0
CFG_027,I[13-15],4,3,3,1,0
CFG_027,I[16-18],4,3,3,1,0
CFG_027,I[19-20],1,0,0,1,0
CFG_027,I[19-21],3,3,3,0,0
CFG_027,J[00-03],5,3,3,2,0
CFG_027,J[04-06],4,3,3,1,0
CFG_027,J[07-09],4,3,3,1,0
CFG_027,J[10-12],4,3,3,1,0
CFG_027,J[13-15],4,3,3,1,0
CFG_027,J[16-18],4,3,3,1,0
CFG_027,J[19-20],1,0,0,1,0
CFG_027,J[19-21],3,3,3,0,0
CFG_027,K[00-03],5,3,3,2,0
CFG_027,K[04-06],4,3,3,1,0
CFG_027,K[07-09],5,3,3,2,0
CFG_027,K[10-12],5,3,3,2,0
CFG_027,K[13-15],5,3,3,2,0
CFG_027,K[16-18],5,3,3,2,0
CFG_027,K[19-21],3,3,3,0,0
CFG_028,A[00-03],3,7,3,0,4
CFG_028,A[04-06],3,7,3,0,4
CFG_028,A[07-09],3,7,3,0,4
CFG_028,A[10-12],3,7,3,0,4
CFG_028,A[13-15],3,7,3,0,4
CFG_028,B[00-03],3,6,3,0,3
CFG_028,B[04-06],3,6,3,0,3
CFG_028,B[07-09],3,6,3,0,3
CFG_028,B[10-12],3,6,3,0,3
CFG_028,B[13-15],3,6,3,0,3
CFG_028,B[16-18],3,6,3,0,3
CFG_028,B[19-20],2,0,0,2,0
CFG_028,B[19-21],3,6,3,0,3
CFG_028,D[00-03],5,6,5,0,1
CFG_028,D[04-06],5,6,5,0,1
CFG_028,D[07-09],5,6,5,0,1
CFG_028,D[10-12],5,6,5,0,1
CFG_028,D[13-15],5,6,5,0,1
CFG_028,D[16-18],4,6,4,0,2
CFG_028,D[19-20],1,0,0,1,0
CFG_028,D[19-21],3,6,3,0,3
CFG_028,E[00-03],6,6,6,0,0
CFG_028,E[04-06],6,6,6,0,0
CFG_028,E[07-09],6,6,6,0,0
CFG_028,E[10-12],6,6,6,0,0
CFG_028,E[13-15],6,6,6,0,0
CFG_028,E[16-18],6,6,6,0,0
CFG_028,E[19-20],2,0,0,2,0
CFG_028,E[19-21],4,6,4,0,2
CFG_028,F[00-03],5,3,3,2,0
CFG_028,F[04-06],5,3,3,2,0
CFG_028,F[07-09],6,3,3,3,0
CFG_028,F[10-12],6,3,3,3,0
CFG_028,F[13-15],6,3,3,3,0
CFG_028,F[16-18],6,3,3,3,0
CFG_028,F[19-20],1,0,0,1,0
CFG_028,F[19-21],5,3,3,2,0
CFG_028,G[00-03],5,4,4,1,0
CFG_028,G[04-06],5,4,4,1,0
CFG_028,G[07-09],5,4,4,1,0
CFG_028,G[10-12],5,4,4,1,0
CFG_028,G[13-15],5,4,4,1,0
CFG_028,G[16-18],5,4,4,1,0
CFG_028,G[19-20],1,0,0,1,0
CFG_028,G[19-21],4,4,4,0,0
CFG_028,H[00-03],4,4,4,0,0
CFG_028,H[04-06],4,4,4,0,0
CFG_028,H[07-09],4,4,4,0,0
CFG_028,H[10-12],4,4,4,0,0
CFG_028,H[13-15],4,4,4,0,0
CFG_028,H[16-18],4,4,4,0,0
CFG_028,H[19-20],1,0,0,1,0
CFG_028,H[19-21],3,4,3,0,1
CFG_028,I[00-03],4,3,3,1,0
CFG_028,I[04-06],4,3,3,1,0
CFG_028,I[07-09],4,3,3,1,0
CFG_028,I[10-12],4,3,3,1,0
CFG_028,I[13-15],4,3,3,1,0
CFG_028,I[16-18],4,3,3,1,0
CFG_028,I[19-20],1,0,0,1,0
CFG_028,I[19-21],3,3,3,0,0
CFG_028,J[00-03],5,3,3,2,0
CFG_028,J[04-06],4,3,3,1,0
CFG_028,J[07-09],4,3,3,1,0
CFG_028,J[10-12],4,3,3,1,0
CFG_028,J[13-15],4,3,3,1,0
CFG_028,J[16-18],4,3,3,1,0
CFG_028,J[19-20],1,0,0,1,0
CFG_028,J[19-21],3,3,3,0,0
CFG_028,K[00-03],5,3,3,2,0
CFG_028,K[04-06],4,3,3,1,0
CFG_028,K[07-09],5,3,3,2,0
CFG_028,K[10-12],5,3,3,2,0
CFG_028,K[13-15],5,3,3,2,0
CFG_028,K[16-18],5,3,3,2,0
CFG_028,K[19-21],3,3,3,0,0
CFG_029,A[00-03],3,4,3,0,1
CFG_029,A[04-06],3,4,3,0,1
CFG_029,A[07-09],3,4,3,0,1
CFG_029,A[10-12],3,4,3,0,1
CFG_029,A[13-15],3,4,3,0,1
CFG_029,B[00-03],3,7,3,0,4
CFG_029,B[04-06],3,7,3,0,4
CFG_029,B[07-09],3,7,3,0,4
CFG_029,B[10-12],3,7,3,0,4
CFG_029,B[13-15],3,7,3,0,4
CFG_029,B[16-18],3,7,3,0,4
CFG_029,B[19-20],2,0,0,2,0
CFG_029,B[19-21],3,7,3,0,4
CFG_029,D[00-03],5,5,5,0,0
CFG_029,D[04-06],5,5,5,0,0
CFG_029,D[07-09],5,5,5,0,0
CFG_029,D[10-12],5,5,5,0,0
CFG_029,D[13-15],5,5,5,0,0
CFG_029,D[16-18],4,5,4,0,1
CFG_029,D[19-20],1,0,0,1,0
CFG_029,D[19-21],3,5,3,0,2
CFG_029,E[00-03],6,5,5,1,0
CFG_029,E[04-06],6,5,5,1,0
CFG_029,E[07-09],6,5,5,1,0
CFG_029,E[10-12],6,5,5,1,0
CFG_029,E[13-15],6,5,5,1,0
CFG_029,E[16-18],6,5,5,1,0
CFG_029,E[19-20],2,0,0,2,0
CFG_029,E[19-21],4,5,4,0,1
CFG_029,F[00-03],5,4,4,1,0
CFG_029,F[04-06],5,4,4,1,0
CFG_029,F[07-09],6,4,4,2,0
CFG_029,F[10-12],6,4,4,2,0
CFG_029,F[13-15],6,4,4,2,0
CFG_029,F[16-18],6,4,4,2,0
CFG_029,F[19-20],1,0,0,1,0
CFG_029,F[19-21],5,4,3,1,0
CFG_029,G[00-03],5,4,4,1,0
CFG_029,G[04-06],5,4,4,1,0
CFG_029,G[07-09],5,4,4,1,0
CFG_029,G[10-12],5,4,4,1,0
CFG_029,G[13-15],5,4,4,1,0
CFG_029,G[16-18],5,4,4,1,0
CFG_029,G[19-20],1,0,0,1,0
CFG_029,G[19-21],4,4,3,0,0
CFG_029,H[00-03],4,4,4,0,0
CFG_029,H[04-06],4,4,4,0,0
CFG_029,H[07-09],4,4,4,0,0
CFG_029,H[10-12],4,4,4,0,0
CFG_029,H[13-15],4,4,4,0,0
CFG_029,H[16-18],4,4,4,0,0
CFG_029,H[19-20],1,0,0,1,0
CFG_029,H[19-21],3,4,2,0,1
CFG_029,I[00-03],4,5,4,0,1
CFG_029,I[04-06],4,5,4,0,1
CFG_029,I[07-09],4,5,4,0,1
CFG_029,I[10-12],4,5,4,0,1
CFG_029,I[13-15],4,5,4,0,1
CFG_029,I[16-18],4,5,4,0,1
CFG_029,I[19-20],1,0,0,1,0
CFG_029,I[19-21],3,5,3,0,2
CFG_029,J[00-03],5,3,3,2,0
CFG_029,J[04-06],4,3,3,1,0
CFG_029,J[07-09],4,3,3,1,0
CFG_029,J[10-12],4,3,3,1,0
CFG_029,J[13-15],4,3,3,1,0
CFG_029,J[16-18],4,3,3,1,0
CFG_029,J[19-20],1,0,0,1,0
CFG_029,J[19-21],3,3,3,0,0
CFG_029,K[00-03],5,3,3,2,0
CFG_029,K[04-06],4,3,3,1,0
CFG_029,K[07-09],5,3,3,2,0
CFG_029,K[10-12],5,3,3,2,0
CFG_029,K[13-15],5,3,3,2,0
CFG_029,K[16-18],5,3,3,2,0
CFG_029,K[19-21],3,3,3,0,0
CFG_030,A[00-03],3,7,3,0,4
CFG_030,A[04-06],3,7,3,0,4
CFG_030,A[07-09],3,7,3,0,4
CFG_030,A[10-12],3,7,3,0,4
CFG_030,A[13-15],3,7,3,0,4
CFG_030,B[00-03],3,8,3,0,5
CFG_030,B[04-06],3,8,3,0,5
CFG_030,B[07-09],3,8,3,0,5
CFG_030,B[10-12],3,8,3,0,5
CFG_030,B[13-15],3,8,3,0,5
CFG_030,B[16-18],3,8,3,0,5
CFG_030,B[19-20],2,0,0,2,0
CFG_030,B[19-21],3,8,3,0,5
CFG_030,D[00-03],5,5,5,0,0
CFG_030,D[04-06],5,5,5,0,0
CFG_030,D[07-09],5,5,5,0,0
CFG_030,D[10-12],5,5,5,0,0
CFG_030,D[13-15],5,5,5,0,0
CFG_030,D[16-18],4,5,4,0,1
CFG_030,D[19-20],1,0,0,1,0
CFG_030,D[19-21],3,5,3,0,2
CFG_030,E[00-03],6,5,5,1,0
CFG_030,E[04-06],6,5,5,1,0
CFG_030,E[07-09],6,5,5,1,0
CFG_030,E[10-12],6,5,5,1,0
CFG_030,E[13-15],6,5,5,1,0
CFG_030,E[16-18],6,5,5,1,0
CFG_030,E[19-20],2,0,0,2,0
CFG_030,E[19-21],4,5,4,0,1
CFG_030,F[00-03],5,3,3,2,0
CFG_030,F[04-06],5,3,3,2,0
CFG_030,F[07-09],6,3,3,3,0
CFG_030,F[10-12],6,3,3,3,0
CFG_030,F[13-15],6,3,3,3,0
CFG_030,F[16-18],6,3,3,3,0
CFG_030,F[19-20],1,0,0,1,0
CFG_030,F[19-21],5,3,2,2,0
CFG_030,G[00-03],5,3,3,2,0
CFG_030,G[04-06],5,3,3,2,0
CFG_030,G[07-09],5,3,3,2,0
CFG_030,G[10-12],5,3,3,2,0
CFG_030,G[13-15],5,3,3,2,0
CFG_030,G[16-18],5,3,3,2,0
CFG_030,G[19-20],1,0,0,1,0
CFG_030,G[19-21],4,3,2,1,0
CFG_030,H[00-03],4,4,4,0,0
CFG_030,H[04-06],4,4,4,0,0
CFG_030,H[07-09],4,4,4,0,0
CFG_030,H[10-12],4,4,4,0,0
CFG_030,H[13-15],4,4,4,0,0
CFG_030,H[16-18],4,4,4,0,0
CFG_030,H[19-20],1,0,0,1,0
CFG_030,H[19-21],3,4,3,0,1
CFG_030,I[00-03],4,4,4,0,0
CFG_030,I[04-06],4,4,4,0,0
CFG_030,I[07-09],4,4,4,0,0
CFG_030,I[10-12],4,4,4,0,0
CFG_030,I[13-15],4,4,4,0,0
CFG_030,I[16-18],4,4,4,0,0
CFG_030,I[19-20],1,0,0,1,0
CFG_030,I[19-21],3,4,3,0,1
CFG_030,J[00-03],5,3,3,2,0
CFG_030,J[04-06],4,3,3,1,0
CFG_030,J[07-09],4,3,3,1,0
CFG_030,J[10-12],4,3,3,1,0
CFG_030,J[13-15],4,3,3,1,0
CFG_030,J[16-18],4,3,3,1,0
CFG_030,J[19-20],1,0,0,1,0
CFG_030,J[19-21],3,3,3,0,0
CFG_030,K[00-03],5,3,3,2,0
CFG_030,K[04-06],4,3,3,1,0
CFG_030,K[07-09],5,3,3,2,0
CFG_030,K[10-12],5,3,3,2,0
CFG_030,K[13-15],5,3,3,2,0
CFG_030,K[16-18],5,3,3,2,0
CFG_030,K[19-21],3,3,3,0,0
CFG_033,A[00-03],3,3,3,0,0
CFG_033,A[04-06],3,3,3,0,0
CFG_033,A[07-09],3,3,3,0,0
CFG_033,A[10-12],3,3,3,0,0
CFG_033,A[13-15],3,3,3,0,0
CFG_033,B[00-03],3,3,3,0,0
CFG_033,B[04-06],3,3,3,0,0
CFG_033,B[07-09],3,3,3,0,0
CFG_033,B[10-12],3,3,3,0,0
CFG_033,B[13-15],3,3,3,0,0
CFG_033,B[16-18],3,3,3,0,0
CFG_033,B[19-20],2,0,0,2,0
CFG_033,B[19-21],3,3,3,0,0
CFG_033,D[00-03],5,3,3,2,0
CFG_033,D[04-06],5,3,3,2,0
CFG_033,D[07-09],5,3,3,2,0
CFG_033,D[10-12],5,3,3,2,0
CFG_033,D[13-15],5,3,3,2,0
CFG_033,D[16-18],4,3,3,1,0
CFG_033,D[19-20],1,0,0,1,0
CFG_033,D[19-21],3,3,3,0,0
CFG_033,E[00-03],6,3,3,3,0
CFG_033,E[04-06],6,3,3,3,0
CFG_033,E[07-09],6,3,3,3,0
CFG_033,E[10-12],6,3,3,3,0
CFG_033,E[13-15],6,3,3,3,0
CFG_033,E[16-18],6,3,3,3,0
CFG_033,E[19-20],2,0,0,2,0
CFG_033,E[19-21],4,3,3,1,0
CFG_033,F[00-03],5,3,3,2,0
CFG_033,F[04-06],5,3,3,2,0
CFG_033,F[07-09],6,3,3,3,0
CFG_033,F[10-12],6,3,3,3,0
CFG_033,F[13-15],6,3,3,3,0
CFG_033,F[16-18],6,3,3,3,0
CFG_033,F[19-20],1,0,0,1,0
CFG_033,F[19-21],5,3,3,2,0
CFG_033,G[00-03],5,3,3,2,0
CFG_033,G[04-06],5,3,3,2,0
CFG_033,G[07-09],5,3,3,2,0
CFG_033,G[10-12],5,3,3,2,0
CFG_033,G[13-15],5,3,3,2,0
CFG_033,G[16-18],5,3,3,2,0
CFG_033,G[19-20],1,0,0,1,0
CFG_033,G[19-21],4,3,3,1,0
CFG_033,H[00-03],4,4,4,0,0
CFG_033,H[04-06],4,4,4,0,0
CFG_033,H[07-09],4,4,4,0,0
CFG_033,H[10-12],4,4,4,0,0
CFG_033,H[13-15],4,4,4,0,0
CFG_033,H[16-18],4,4,4,0,0
CFG_033,H[19-20],1,0,0,1,0
CFG_033,H[19-21],3,4,3,0,1
CFG_033,I[00-03],4,4,4,0,0
CFG_033,I[04-06],4,4,4,0,0
CFG_033,I[07-09],4,4,4,0,0
CFG_033,I[10-12],4,4,4,0,0
CFG_033,I[13-15],4,4,4,0,0
CFG_033,I[16-18],4,4,4,0,0
CFG_033,I[19-20],1,0,0,1,0
CFG_033,I[19-21],3,4,3,0,1
CFG_033,J[00-03],5,4,4,1,0
CFG_033,J[04-06],4,4,4,0,0
CFG_033,J[07-09],4,4,4,0,0
CFG_033,J[10-12],4,4,4,0,0
CFG_033,J[13-15],4,4,4,0,0
CFG_033,J[16-18],4,4,4,0,0
CFG_033,J[19-20],1,0,0,1,0
CFG_033,J[19-21],3,4,3,0,1
CFG_033,K[00-03],5,4,4,1,0
CFG_033,K[04-06],4,4,4,0,0
CFG_033,K[07-09],5,4,4,1,0
CFG_033,K[10-12],5,4,4,1,0
CFG_033,K[13-15],5,4,4,1,0
CFG_033,K[16-18],5,4,4,1,0
CFG_033,K[19-21],3,4,3,0,1
CFG_034,A[00-03],3,3,3,0,0
CFG_034,A[04-06],3,3,3,0,0
CFG_034,A[07-09],3,3,3,0,0
CFG_034,A[10-12],3,3,3,0,0
CFG_034,A[13-15],3,3,3,0,0
CFG_034,B[00-03],3,3,3,0,0
CFG_034,B[04-06],3,3,3,0,0
CFG_034,B[07-09],3,3,3,0,0
CFG_034,B[10-12],3,3,3,0,0
CFG_034,B[13-15],3,3,3,0,0
CFG_034,B[16-18],3,3,3,0,0
CFG_034,B[19-20],2,0,0,2,0
CFG_034,B[19-21],3,3,3,0,0
CFG_034,D[00-03],5,3,3,2,0
CFG_034,D[04-06],5,3,3,2,0
CFG_034,D[07-09],5,3,3,2,0
CFG_034,D[10-12],5,3,3,2,0
CFG_034,D[13-15],5,3,3,2,0
CFG_034,D[16-18],4,3,3,1,0
CFG_034,D[19-20],1,0,0,1,0
CFG_034,D[19-21],3,3,3,0,0
CFG_034,E[00-03],6,3,3,3,0
CFG_034,E[04-06],6,3,3,3,0
CFG_034,E[07-09],6,3,3,3,0
CFG_034,E[10-12],6,3,3,3,0
CFG_034,E[13-15],6,3,3,3,0
CFG_034,E[16-18],6,3,3,3,0
CFG_034,E[19-20],2,0,0,2,0
CFG_034,E[19-21],4,3,3,1,0
CFG_034,F[00-03],5,3,3,2,0
CFG_034,F[04-06],5,3,3,2,0
CFG_034,F[07-09],6,3,3,3,0
CFG_034,F[10-12],6,3,3,3,0
CFG_034,F[13-15],6,3,3,3,0
CFG_034,F[16-18],6,3,3,3,0
CFG_034,F[19-20],1,0,0,1,0
CFG_034,F[19-21],5,3,3,2,0
CFG_034,G[00-03],5,3,3,2,0
CFG_034,G[04-06],5,3,3,2,0
CFG_034,G[07-09],5,3,3,2,0
CFG_034,G[10-12],5,3,3,2,0
CFG_034,G[13-15],5,3,3,2,0
CFG_034,G[16-18],5,3,3,2,0
CFG_034,G[19-20],1,0,0,1,0
CFG_034,G[19-21],4,3,3,1,0
CFG_034,H[00-03],4,3,3,1,0
CFG_034,H[04-06],4,3,3,1,0
CFG_034,H[07-09],4,3,3,1,0
CFG_034,H[10-12],4,3,3,1,0
CFG_034,H[13-15],4,3,3,1,0
CFG_034,H[16-18],4,3,3,1,0
CFG_034,H[19-20],1,0,0,1,0
CFG_034,H[19-21],3,3,3,0,0
CFG_034,I[00-03],4,4,4,0,0
CFG_034,I[04-06],4,4,4,0,0
CFG_034,I[07-09],4,4,4,0,0
CFG_034,I[10-12],4,4,4,0,0
CFG_034,I[13-15],4,4,4,0,0
CFG_034,I[16-18],4,4,4,0,0
CFG_034,I[19-20],1,0,0,1,0
CFG_034,I[19-21],3,4,3,0,1
CFG_034,J[00-03],5,5,5,0,0
CFG_034,J[04-06],4,5,4,0,1
CFG_034,J[07-09],4,5,4,0,1
CFG_034,J[10-12],4,5,4,0,1
CFG_034,J[13-15],4,5,4,0,1
CFG_034,J[16-18],4,5,4,0,1
CFG_034,J[19-20],1,0,0,1,0
CFG_034,J[19-21],3,5,3,0,2
CFG_034,K[00-03],5,7,5,0,2
CFG_034,K[04-06],4,7,4,0,3
CFG_034,K[07-09],5,7,5,0,2
CFG_034,K[10-12],5,7,5,0,2
CFG_034,K[13-15],5,7,5,0,2
CFG_034,K[16-18],5,7,5,0,2
CFG_034,K[19-21],3,7,3,0,4
CFG_035,A[00-03],3,4,3,0,1
CFG_035,A[04-06],3,4,3,0,1
CFG_035,A[07-09],3,4,3,0,1
CFG_035,A[10-12],3,4,3,0,1
CFG_035,A[13-15],3,4,3,0,1
CFG_035,B[00-03],3,5,3,0,2
CFG_035,B[04-06],3,5,3,0,2
CFG_035,B[07-09],3,5,3,0,2
CFG_035,B[10-12],3,5,3,0,2
CFG_035,B[13-15],3,5,3,0,2
CFG_035,B[16-18],3,5,3,0,2
CFG_035,B[19-20],2,0,0,2,0
CFG_035,B[19-21],3,5,3,0,2
CFG_035,D[00-03],5,7,5,0,2
CFG_035,D[04-06],5,7,5,0,2
CFG_035,D[07-09],5,7,5,0,2
CFG_035,D[10-12],5,7,5,0,2
CFG_035,D[13-15],5,7,5,0,2
CFG_035,D[16-18],4,7,4,0,3
CFG_035,D[19-20],1,0,0,1,0
CFG_035,D[19-21],3,7,3,0,4
CFG_035,E[00-03],6,4,4,2,0
CFG_035,E[04-06],6,4,4,2,0
CFG_035,E[07-09],6,4,4,2,0
CFG_035,E[10-12],6,4,4,2,0
CFG_035,E[13-15],6,4,4,2,0
CFG_035,E[16-18],6,4,4,2,0
CFG_035,E[19-20],2,0,0,2,0
CFG_035,E[19-21],4,4,4,0,0
CFG_035,F[00-03],5,4,4,1,0
CFG_035,F[04-06],5,4,4,1,0
CFG_035,F[07-09],6,4,4,2,0
CFG_035,F[10-12],6,4,4,2,0
CFG_035,F[13-15],6,4,4,2,0
CFG_035,F[16-18],6,4,4,2,0
CFG_035,F[19-20],1,0,0,1,0
CFG_035,F[19-21],5,4,4,1,0
CFG_035,G[00-03],5,5,5,0,0
CFG_035,G[04-06],5,5,5,0,0
CFG_035,G[07-09],5,5,5,0,0
CFG_035,G[10-12],5,5,5,0,0
CFG_035,G[13-15],5,5,5,0,0
CFG_035,G[16-18],5,5,5,0,0
CFG_035,G[19-20],1,0,0,1,0
CFG_035,G[19-21],4,5,4,0,1
CFG_035,H[00-03],4,3,3,1,0
CFG_035,H[04-06],4,3,3,1,0
CFG_035,H[07-09],4,3,3,1,0
CFG_035,H[10-12],4,3,3,1,0
CFG_035,H[13-15],4,3,3,1,0
CFG_035,H[16-18],4,3,3,1,0
CFG_035,H[19-20],1,0,0,1,0
CFG_035,H[19-21],3,3,3,0,0
CFG_035,I[00-03],4,3,3,1,0
CFG_035,I[04-06],4,3,3,1,0
CFG_035,I[07-09],4,3,3,1,0
CFG_035,I[10-12],4,3,3,1,0
CFG_035,I[13-15],4,3,3,1,0
CFG_035,I[16-18],4,3,3,1,0
CFG_035,I[19-20],1,0,0,1,0
CFG_035,I[19-21],3,3,3,0,0
CFG_035,J[00-03],5,3,3,2,0
CFG_035,J[04-06],4,3,3,1,0
CFG_035,J[07-09],4,3,3,1,0
CFG_035,J[10-12],4,3,3,1,0
CFG_035,J[13-15],4,3,3,1,0
CFG_035,J[16-18],4,3,3,1,0
CFG_035,J[19-20],1,0,0,1,0
CFG_035,J[19-21],3,3,3,0,0
CFG_035,K[00-03],5,3,3,2,0
CFG_035,K[04-06],4,3,3,1,0
CFG_035,K[07-09],5,3,3,2,0
CFG_035,K[10-12],5,3,3,2,0
CFG_035,K[13-15],5,3,3,2,0
CFG_035,K[16-18],5,3,3,2,0
CFG_035,K[19-21],3,3,3,0,0
CFG_036,A[00-03],3,4,3,0,1
CFG_036,A[04-06],3,4,3,0,1
CFG_036,A[07-09],3,4,3,0,1
CFG_036,A[10-12],3,4,3,0,1
CFG_036,A[13-15],3,4,3,0,1
CFG_036,B[00-03],3,4,3,0,1
CFG_036,B[04-06],3,4,3,0,1
CFG_036,B[07-09],3,4,3,0,1
CFG_036,B[10-12],3,4,3,0,1
CFG_036,B[13-15],3,4,3,0,1
CFG_036,B[16-18],3,4,3,0,1
CFG_036,B[19-20],2,0,0,2,0
CFG_036,B[19-21],3,4,3,0,1
CFG_036,D[00-03],5,6,5,0,1
CFG_036,D[04-06],5,6,5,0,1
CFG_036,D[07-09],5,6,5,0,1
CFG_036,D[10-12],5,6,5,0,1
CFG_036,D[13-15],5,6,5,0,1
CFG_036,D[16-18],4,6,4,0,2
CFG_036,D[19-20],1,0,0,1,0
CFG_036,D[19-21],3,6,3,0,3
CFG_036,E[00-03],6,7,6,0,1
CFG_036,E[04-06],6,7,6,0,1
CFG_036,E[07-09],6,7,6,0,1
CFG_036,E[10-12],6,7,6,0,1
CFG_036,E[13-15],6,7,6,0,1
CFG_036,E[16-18],6,7,6,0,1
CFG_036,E[19-20],2,0,0,2,0
CFG_036,E[19-21],4,7,4,0,3
CFG_036,F[00-03],5,5,5,0,0
CFG_036,F[04-06],5,5,5,0,0
CFG_036,F[07-09],6,5,5,1,0
CFG_036,F[10-12],6,5,5,1,0
CFG_036,F[13-15],6,5,5,1,0
CFG_036,F[16-18],6,5,5,1,0
CFG_036,F[19-20],1,0,0,1,0
CFG_036,F[19-21],5,5,5,0,0
CFG_036,G[00-03],5,4,4,1,0
CFG_036,G[04-06],5,4,4,1,0
CFG_036,G[07-09],5,4,4,1,0
CFG_036,G[10-12],5,4,4,1,0
CFG_036,G[13-15],5,4,4,1,0
CFG_036,G[16-18],5,4,4,1,0
CFG_036,G[19-20],1,0,0,1,0
CFG_036,G[19-21],4,4,4,0,0
CFG_036,H[00-03],4,3,3,1,0
CFG_036,H[04-06],4,3,3,1,0
CFG_036,H[07-09],4,3,3,1,0
CFG_036,H[10-12],4,3,3,1,0
CFG_036,H[13-15],4,3,3,1,0
CFG_036,H[16-18],4,3,3,1,0
CFG_036,H[19-20],1,0,0,1,0
CFG_036,H[19-21],3,3,3,0,0
CFG_036,I[00-03],4,3,3,1,0
CFG_036,I[04-06],4,3,3,1,0
CFG_036,I[07-09],4,3,3,1,0
CFG_036,I[10-12],4,3,3,1,0
CFG_036,I[13-15],4,3,3,1,0
CFG_036,I[16-18],4,3,3,1,0
CFG_036,I[19-20],1,0,0,1,0
CFG_036,I[19-21],3,3,3,0,0
CFG_036,J[00-03],5,3,3,2,0
CFG_036,J[04-06],4,3,3,1,0
CFG_036,J[07-09],4,3,3,1,0
CFG_036,J[10-12],4,3,3,1,0
CFG_036,J[13-15],4,3,3,1,0
CFG_036,J[16-18],4,3,3,1,0
CFG_036,J[19-20],1,0,0,1,0
CFG_036,J[19-21],3,3,3,0,0
CFG_036,K[00-03],5,3,3,2,0
CFG_036,K[04-06],4,3,3,1,0
CFG_036,K[07-09],5,3,3,2,0
CFG_036,K[10-12],5,3,3,2,0
CFG_036,K[13-15],5,3,3,2,0
CFG_036,K[16-18],5,3,3,2,0
CFG_036,K[19-21],3,3,3,0,0
CFG_037,A[00-03],3,4,3,0,1
CFG_037,A[04-06],3,4,3,0,1
CFG_037,A[07-09],3,4,3,0,1
CFG_037,A[10-12],3,4,3,0,1
CFG_037,A[13-15],3,4,3,0,1
CFG_037,B[00-03],3,6,3,0,3
CFG_037,B[04-06],3,6,3,0,3
CFG_037,B[07-09],3,6,3,0,3
CFG_037,B[10-12],3,6,3,0,3
CFG_037,B[13-15],3,6,3,0,3
CFG_037,B[16-18],3,6,3,0,3
CFG_037,B[19-20],2,0,0,2,0
CFG_037,B[19-21],3,6,3,0,3
CFG_037,D[00-03],5,4,4,1,0
CFG_037,D[04-06],5,4,4,1,0
CFG_037,D[07-09],5,4,4,1,0
CFG_037,D[10-12],5,4,4,1,0
CFG_037,D[13-15],5,4,4,1,0
CFG_037,D[16-18],4,4,4,0,0
CFG_037,D[19-20],1,0,0,1,0
CFG_037,D[19-21],3,4,3,0,1
CFG_037,E[00-03],6,5,5,1,0
CFG_037,E[04-06],6,5,5,1,0
CFG_037,E[07-09],6,5,5,1,0
CFG_037,E[10-12],6,5,5,1,0
CFG_037,E[13-15],6,5,5,1,0
CFG_037,E[16-18],6,5,5,1,0
CFG_037,E[19-20],2,0,0,2,0
CFG_037,E[19-21],4,5,3,0,1
CFG_037,F[00-03],5,4,4,1,0
CFG_037,F[04-06],5,4,4,1,0
CFG_037,F[07-09],6,4,4,2,0
CFG_037,F[10-12],6,4,4,2,0
CFG_037,F[13-15],6,4,4,2,0
CFG_037,F[16-18],6,4,4,2,0
CFG_037,F[19-20],1,0,0,1,0
CFG_037,F[19-21],5,4,4,1,0
CFG_037,G[00-03],5,5,5,0,0
CFG_037,G[04-06],5,5,5,0,0
CFG_037,G[07-09],5,5,5,0,0
CFG_037,G[10-12],5,5,5,0,0
CFG_037,G[13-15],5,5,5,0,0
CFG_037,G[16-18],5,5,5,0,0
CFG_037,G[19-20],1,0,0,1,0
CFG_037,G[19-21],4,5,4,0,1
CFG_037,H[00-03],4,5,4,0,1
CFG_037,H[04-06],4,5,4,0,1
CFG_037,H[07-09],4,5,4,0,1
CFG_037,H[10-12],4,5,4,0,1
CFG_037,H[13-15],4,5,4,0,1
CFG_037,H[16-18],4,5,4,0,1
CFG_037,H[19-20],1,0,0,1,0
CFG_037,H[19-21],3,5,3,0,2
CFG_037,I[00-03],4,3,3,1,0
CFG_037,I[04-06],4,3,3,1,0
CFG_037,I[07-09],4,3,3,1,0
CFG_037,I[10-12],4,3,3,1,0
CFG_037,I[13-15],4,3,3,1,0
CFG_037,I[16-18],4,3,3,1,0
CFG_037,I[19-20],1,0,0,1,0
CFG_037,I[19-21],3,3,3,0,0
CFG_037,J[00-03],5,4,4,1,0
CFG_037,J[04-06],4,4,4,0,0
CFG_037,J[07-09],4,4,4,0,0
CFG_037,J[10-12],4,4,4,0,0
CFG_037,J[13-15],4,4,4,0,0
CFG_037,J[16-18],4,4,4,0,0
CFG_037,J[19-20],1,0,0,1,0
CFG_037,J[19-21],3,4,3,0,1
CFG_037,K[00-03],5,3,3,2,0
CFG_037,K[04-06],4,3,3,1,0
CFG_037,K[07-09],5,3,3,2,0
CFG_037,K[10-12],5,3,3,2,0
CFG_037,K[13-15],5,3,3,2,0
CFG_037,K[16-18],5,3,3,2,0
CFG_037,K[19-21],3,3,3,0,0
CFG_038,A[00-03],3,4,3,0,1
CFG_038,A[04-06],3,4,3,0,1
CFG_038,A[07-09],3,4,3,0,1
CFG_038,A[10-12],3,4,3,0,1
CFG_038,A[13-15],3,4,3,0,1
CFG_038,B[00-03],3,7,3,0,4
CFG_038,B[04-06],3,7,3,0,4
CFG_038,B[07-09],3,7,3,0,4
CFG_038,B[10-12],3,7,3,0,4
CFG_038,B[13-15],3,7,3,0,4
CFG_038,B[16-18],3,7,3,0,4
CFG_038,B[19-20],2,0,0,2,0
CFG_038,B[19-21],3,7,3,0,4
CFG_038,D[00-03],5,7,5,0,2
CFG_038,D[04-06],5,7,5,0,2
CFG_038,D[07-09],5,7,5,0,2
CFG_038,D[10-12],5,7,5,0,2
CFG_038,D[13-15],5,7,5,0,2
CFG_038,D[16-18],4,7,4,0,3
CFG_038,D[19-20],1,0,0,1,0
CFG_038,D[19-21],3,7,3,0,4
CFG_038,E[00-03],6,4,4,2,0
CFG_038,E[04-06],6,4,4,2,0
CFG_038,E[07-09],6,4,4,2,0
CFG_038,E[10-12],6,4,4,2,0
CFG_038,E[13-15],6,4,4,2,0
CFG_038,E[16-18],6,4,4,2,0
CFG_038,E[19-20],2,0,0,2,0
CFG_038,E[19-21],4,4,3,0,0
CFG_038,F[00-03],5,3,3,2,0
CFG_038,F[04-06],5,3,3,2,0
CFG_038,F[07-09],6,3,3,3,0
CFG_038,F[10-12],6,3,3,3,0
CFG_038,F[13-15],6,3,3,3,0
CFG_038,F[16-18],6,3,3,3,0
CFG_038,F[19-20],1,0,0,1,0
CFG_038,F[19-21],5,3,3,2,0
CFG_038,G[00-03],5,3,3,2,0
CFG_038,G[04-06],5,3,3,2,0
CFG_038,G[07-09],5,3,3,2,0
CFG_038,G[10-12],5,3,3,2,0
CFG_038,G[13-15],5,3,3,2,0
CFG_038,G[16-18],5,3,3,2,0
CFG_038,G[19-20],1,0,0,1,0
CFG_038,G[19-21],4,3,3,1,0
CFG_038,H[00-03],4,5,4,0,1
CFG_038,H[04-06],4,5,4,0,1
CFG_038,H[07-09],4,5,4,0,1
CFG_038,H[10-12],4,5,4,0,1
CFG_038,H[13-15],4,5,4,0,1
CFG_038,H[16-18],4,5,4,0,1
CFG_038,H[19-20],1,0,0,1,0
CFG_038,H[19-21],3,5,3,0,2
CFG_038,I[00-03],4,4,4,0,0
CFG_038,I[04-06],4,4,4,0,0
CFG_038,I[07-09],4,4,4,0,0
CFG_038,I[10-12],4,4,4,0,0
CFG_038,I[13-15],4,4,4,0,0
CFG_038,I[16-18],4,4,4,0,0
CFG_038,I[19-20],1,0,0,1,0
CFG_038,I[19-21],3,4,3,0,1
CFG_038,J[00-03],5,3,3,2,0
CFG_038,J[04-06],4,3,3,1,0
CFG_038,J[07-09],4,3,3,1,0
CFG_038,J[10-12],4,3,3,1,0
CFG_038,J[13-15],4,3,3,1,0
CFG_038,J[16-18],4,3,3,1,0
CFG_038,J[19-20],1,0,0,1,0
CFG_038,J[19-21],3,3,3,0,0
CFG_038,K[00-03],5,3,3,2,0
CFG_038,K[04-06],4,3,3,1,0
CFG_038,K[07-09],5,3,3,2,0
CFG_038,K[10-12],5,3,3,2,0
CFG_038,K[13-15],5,3,3,2,0
CFG_038,K[16-18],5,3,3,2,0
CFG_038,K[19-21],3,3,3,0,0
CFG_039,A[00-03],3,6,3,0,3
CFG_039,A[04-06],3,6,3,0,3
CFG_039,A[07-09],3,6,3,0,3
CFG_039,A[10-12],3,6,3,0,3
CFG_039,A[13-15],3,6,3,0,3
CFG_039,B[00-03],3,7,3,0,4
CFG_039,B[04-06],3,7,3,0,4
CFG_039,B[07-09],3,7,3,0,4
CFG_039,B[10-12],3,7,3,0,4
CFG_039,B[13-15],3,7,3,0,4
CFG_039,B[16-18],3,7,3,0,4
CFG_039,B[19-20],2,0,0,2,0
CFG_039,B[19-21],3,7,3,0,4
CFG_039,D[00-03],5,6,4,0,1
CFG_039,D[04-06],5,6,4,0,1
CFG_039,D[07-09],5,6,4,0,1
CFG_039,D[10-12],5,6,4,0,1
CFG_039,D[13-15],5,6,4,0,1
CFG_039,D[16-18],4,6,4,0,2
CFG_039,D[19-20],1,0,0,1,0
CFG_039,D[19-21],3,6,3,0,3
CFG_039,E[00-03],6,4,4,2,0
CFG_039,E[04-06],6,4,4,2,0
CFG_039,E[07-09],6,4,4,2,0
CFG_039,E[10-12],6,4,4,2,0
CFG_039,E[13-15],6,4,4,2,0
CFG_039,E[16-18],6,4,4,2,0
CFG_039,E[19-20],2,0,0,2,0
CFG_039,E[19-21],4,4,4,0,0
CFG_039,F[00-03],5,3,3,2,0
CFG_039,F[04-06],5,3,3,2,0
CFG_039,F[07-09],6,3,3,3,0
CFG_039,F[10-12],6,3,3,3,0
CFG_039,F[13-15],6,3,3,3,0
CFG_039,F[16-18],6,3,3,3,0
CFG_039,F[19-20],1,0,0,1,0
CFG_039,F[19-21],5,3,3,2,0
CFG_039,G[00-03],5,3,3,2,0
CFG_039,G[04-06],5,3,3,2,0
CFG_039,G[07-09],5,3,3,2,0
CFG_039,G[10-12],5,3,3,2,0
CFG_039,G[13-15],5,3,3,2,0
CFG_039,G[16-18],5,3,3,2,0
CFG_039,G[19-20],1,0,0,1,0
CFG_039,G[19-21],4,3,3,1,0
CFG_039,H[00-03],4,4,4,0,0
CFG_039,H[04-06],4,4,4,0,0
CFG_039,H[07-09],4,4,4,0,0
CFG_039,H[10-12],4,4,4,0,0
CFG_039,H[13-15],4,4,4,0,0
CFG_039,H[16-18],4,4,4,0,0
CFG_039,H[19-20],1,0,0,1,0
CFG_039,H[19-21],3,4,3,0,1
CFG_039,I[00-03],4,4,4,0,0
CFG_039,I[04-06],4,4,4,0,0
CFG_039,I[07-09],4,4,4,0,0
CFG_039,I[10-12],4,4,4,0,0
CFG_039,I[13-15],4,4,4,0,0
CFG_039,I[16-18],4,4,4,0,0
CFG_039,I[19-20],1,0,0,1,0
CFG_039,I[19-21],3,4,3,0,1
CFG_039,J[00-03],5,3,3,2,0
CFG_039,J[04-06],4,3,3,1,0
CFG_039,J[07-09],4,3,3,1,0
CFG_039,J[10-12],4,3,3,1,0
CFG_039,J[13-15],4,3,3,1,0
CFG_039,J[16-18],4,3,3,1,0
CFG_039,J[19-20],1,0,0,1,0
CFG_039,J[19-21],3,3,3,0,0
CFG_039,K[00-03],5,3,3,2,0
CFG_039,K[04-06],4,3,3,1,0
CFG_039,K[07-09],5,3,3,2,0
CFG_039,K[10-12],5,3,3,2,0
CFG_039,K[13-15],5,3,3,2,0
CFG_039,K[16-18],5,3,3,2,0
CFG_039,K[19-21],3,3,3,0,0
CFG_040,A[00-03],3,5,3,0,2
CFG_040,A[04-06],3,5,3,0,2
CFG_040,A[07-09],3,5,3,0,2
CFG_040,A[10-12],3,5,3,0,2
CFG_040,A[13-15],3,5,3,0,2
CFG_040,B[00-03],3,6,3,0,3
CFG_040,B[04-06],3,6,3,0,3
CFG_040,B[07-09],3,6,3,0,3
CFG_040,B[10-12],3,6,3,0,3
CFG_040,B[13-15],3,6,3,0,3
CFG_040,B[16-18],3,6,3,0,3
CFG_040,B[19-20],2,0,0,2,0
CFG_040,B[19-21],3,6,3,0,3
CFG_040,D[00-03],5,7,5,0,2
CFG_040,D[04-06],5,7,5,0,2
CFG_040,D[07-09],5,7,5,0,2
CFG_040,D[10-12],5,7,5,0,2
CFG_040,D[13-15],5,7,5,0,2
CFG_040,D[16-18],4,7,4,0,3
CFG_040,D[19-20],1,0,0,1,0
CFG_040,D[19-21],3,7,3,0,4
CFG_040,E[00-03],6,6,6,0,0
CFG_040,E[04-06],6,6,6,0,0
CFG_040,E[07-09],6,6,6,0,0
CFG_040,E[10-12],6,6,6,0,0
CFG_040,E[13-15],6,6,6,0,0
CFG_040,E[16-18],6,6,6,0,0
CFG_040,E[19-20],2,0,0,2,0
CFG_040,E[19-21],4,6,4,0,2
CFG_040,F[00-03],5,3,3,2,0
CFG_040,F[04-06],5,3,3,2,0
CFG_040,F[07-09],6,3,3,3,0
CFG_040,F[10-12],6,3,3,3,0
CFG_040,F[13-15],6,3,3,3,0
CFG_040,F[16-18],6,3,3,3,0
CFG_040,F[19-20],1,0,0,1,0
CFG_040,F[19-21],5,3,3,2,0
CFG_040,G[00-03],5,3,3,2,0
CFG_040,G[04-06],5,3,3,2,0
CFG_040,G[07-09],5,3,3,2,0
CFG_040,G[10-12],5,3,3,2,0
CFG_040,G[13-15],5,3,3,2,0
CFG_040,G[16-18],5,3,3,2,0
CFG_040,G[19-20],1,0,0,1,0
CFG_040,G[19-21],4,3,3,1,0
CFG_040,H[00-03],4,4,4,0,0
CFG_040,H[04-06],4,4,4,0,0
CFG_040,H[07-09],4,4,4,0,0
CFG_040,H[10-12],4,4,4,0,0
CFG_040,H[13-15],4,4,4,0,0
CFG_040,H[16-18],4,4,4,0,0
CFG_040,H[19-20],1,0,0,1,0
CFG_040,H[19-21],3,4,3,0,1
CFG_040,I[00-03],4,4,4,0,0
CFG_040,I[04-06],4,4,4,0,0
CFG_040,I[07-09],4,4,4,0,0
CFG_040,I[10-12],4,4,4,0,0
CFG_040,I[13-15],4,4,4,0,0
CFG_040,I[16-18],4,4,4,0,0
CFG_040,I[19-20],1,0,0,1,0
CFG_040,I[19-21],3,4,3,0,1
CFG_040,J[00-03],5,3,3,2,0
CFG_040,J[04-06],4,3,3,1,0
CFG_040,J[07-09],4,3,3,1,0
CFG_040,J[10-12],4,3,3,1,0
CFG_040,J[13-15],4,3,3,1,0
CFG_040,J[16-18],4,3,3,1,0
CFG_040,J[19-20],1,0,0,1,0
CFG_040,J[19-21],3,3,3,0,0
CFG_040,K[00-03],5,3,3,2,0
CFG_040,K[04-06],4,3,3,1,0
CFG_040,K[07-09],5,3,3,2,0
CFG_040,K[10-12],5,3,3,2,0
CFG_040,K[13-15],5,3,3,2,0
CFG_040,K[16-18],5,3,3,2,0
CFG_040,K[19-21],3,3,3,0,0
CFG_044,A[00-03],3,3,3,0,0
CFG_044,A[04-06],3,3,3,0,0
CFG_044,A[07-09],3,3,3,0,0
CFG_044,A[10-12],3,3,3,0,0
CFG_044,A[13-15],3,3,3,0,0
CFG_044,B[00-03],3,3,3,0,0
CFG_044,B[04-06],3,3,3,0,0
CFG_044,B[07-09],3,3,3,0,0
CFG_044,B[10-12],3,3,3,0,0
CFG_044,B[13-15],3,3,3,0,0
CFG_044,B[16-18],3,3,3,0,0
CFG_044,B[19-20],2,0,0,2,0
CFG_044,B[19-21],3,3,3,0,0
CFG_044,D[00-03],5,3,3,2,0
CFG_044,D[04-06],5,3,3,2,0
CFG_044,D[07-09],5,3,3,2,0
CFG_044,D[10-12],5,3,3,2,0
CFG_044,D[13-15],5,3,3,2,0
CFG_044,D[16-18],4,3,3,1,0
CFG_044,D[19-20],1,0,0,1,0
CFG_044,D[19-21],3,3,3,0,0
CFG_044,E[00-03],6,3,3,3,0
CFG_044,E[04-06],6,3,3,3,0
CFG_044,E[07-09],6,3,3,3,0
CFG_044,E[10-12],6,3,3,3,0
CFG_044,E[13-15],6,3,3,3,0
CFG_044,E[16-18],6,3,3,3,0
CFG_044,E[19-20],2,0,0,2,0
CFG_044,E[19-21],4,3,3,1,0
CFG_044,F[00-03],5,3,3,2,0
CFG_044,F[04-06],5,3,3,2,0
CFG_044,F[07-09],6,3,3,3,0
CFG_044,F[10-12],6,3,3,3,0
CFG_044,F[13-15],6,3,3,3,0
CFG_044,F[16-18],6,3,3,3,0
CFG_044,F[19-20],1,0,0,1,0
CFG_044,F[19-21],5,3,3,2,0
CFG_044,G[00-03],5,3,3,2,0
CFG_044,G[04-06],5,3,3,2,0
CFG_044,G[07-09],5,3,3,2,0
CFG_044,G[10-12],5,3,3,2,0
CFG_044,G[13-15],5,3,3,2,0
CFG_044,G[16-18],5,3,3,2,0
CFG_044,G[19-20],1,0,0,1,0
CFG_044,G[19-21],4,3,3,1,0
CFG_044,H[00-03],4,3,3,1,0
CFG_044,H[04-06],4,3,3,1,0
CFG_044,H[07-09],4,3,3,1,0
CFG_044,H[10-12],4,3,3,1,0
CFG_044,H[13-15],4,3,3,1,0
CFG_044,H[16-18],4,3,3,1,0
CFG_044,H[19-20],1,0,0,1,0
CFG_044,H[19-21],3,3,3,0,0
CFG_044,I[00-03],4,4,4,0,0
CFG_044,I[04-06],4,4,4,0,0
CFG_044,I[07-09],4,4,4,0,0
CFG_044,I[10-12],4,4,4,0,0
CFG_044,I[13-15],4,4,4,0,0
CFG_044,I[16-18],4,4,4,0,0
CFG_044,I[19-20],1,0,0,1,0
CFG_044,I[19-21],3,4,3,0,1
CFG_044,J[00-03],5,6,5,0,1
CFG_044,J[04-06],4,6,3,0,2
CFG_044,J[07-09],4,6,3,0,2
CFG_044,J[10-12],4,6,3,0,2
CFG_044,J[13-15],4,6,3,0,2
CFG_044,J[16-18],4,6,3,0,2
CFG_044,J[19-20],1,0,0,1,0
CFG_044,J[19-21],3,6,3,0,3
CFG_044,K[00-03],5,6,5,0,1
CFG_044,K[04-06],4,6,3,0,2
CFG_044,K[07-09],5,6,5,0,1
CFG_044,K[10-12],5,6,5,0,1
CFG_044,K[13-15],5,6,5,0,1
CFG_044,K[16-18],5,6,5,0,1
CFG_044,K[19-21],3,6,3,0,3
CFG_045,A[00-03],3,3,3,0,0
CFG_045,A[04-06],3,3,3,0,0
CFG_045,A[07-09],3,3,3,0,0
CFG_045,A[10-12],3,3,3,0,0
CFG_045,A[13-15],3,3,3,0,0
CFG_045,B[00-03],3,3,3,0,0
CFG_045,B[04-06],3,3,3,0,0
CFG_045,B[07-09],3,3,3,0,0
CFG_045,B[10-12],3,3,3,0,0
CFG_045,B[13-15],3,3,3,0,0
CFG_045,B[16-18],3,3,3,0,0
CFG_045,B[19-20],2,0,0,2,0
CFG_045,B[19-21],3,3,3,0,0
CFG_045,D[00-03],5,6,5,0,1
CFG_045,D[04-06],5,6,5,0,1
CFG_045,D[07-09],5,6,5,0,1
CFG_045,D[10-12],5,6,5,0,1
CFG_045,D[13-15],5,6,5,0,1
CFG_045,D[16-18],4,6,4,0,2
CFG_045,D[19-20],1,0,0,1,0
CFG_045,D[19-21],3,6,3,0,3
CFG_045,E[00-03],6,6,6,0,0
CFG_045,E[04-06],6,6,6,0,0
CFG_045,E[07-09],6,6,6,0,0
CFG_045,E[10-12],6,6,6,0,0
CFG_045,E[13-15],6,6,6,0,0
CFG_045,E[16-18],6,6,6,0,0
CFG_045,E[19-20],2,0,0,2,0
CFG_045,E[19-21],4,6,4,0,2
CFG_045,F[00-03],5,4,4,1,0
CFG_045,F[04-06],5,4,4,1,0
CFG_045,F[07-09],6,4,4,2,0
CFG_045,F[10-12],6,4,4,2,0
CFG_045,F[13-15],6,4,4,2,0
CFG_045,F[16-18],6,4,4,2,0
CFG_045,F[19-20],1,0,0,1,0
CFG_045,F[19-21],5,4,4,1,0
CFG_045,G[00-03],5,4,4,1,0
CFG_045,G[04-06],5,4,4,1,0
CFG_045,G[07-09],5,4,4,1,0
CFG_045,G[10-12],5,4,4,1,0
CFG_045,G[13-15],5,4,4,1,0
CFG_045,G[16-18],5,4,4,1,0
CFG_045,G[19-20],1,0,0,1,0
CFG_045,G[19-21],4,4,4,0,0
CFG_045,H[00-03],4,4,4,0,0
CFG_045,H[04-06],4,4,4,0,0
CFG_045,H[07-09],4,4,4,0,0
CFG_045,H[10-12],4,4,4,0,0
CFG_045,H[13-15],4,4,4,0,0
CFG_045,H[16-18],4,4,4,0,0
CFG_045,H[19-20],1,0,0,1,0
CFG_045,H[19-21],3,4,3,0,1
CFG_045,I[00-03],4,4,4,0,0
CFG_045,I[04-06],4,4,4,0,0
CFG_045,I[07-09],4,4,4,0,0
CFG_045,I[10-12],4,4,4,0,0
CFG_045,I[13-15],4,4,4,0,0
CFG_045,I[16-18],4,4,4,0,0
CFG_045,I[19-20],1,0,0,1,0
CFG_045,I[19-21],3,4,3,0,1
CFG_045,J[00-03],5,3,3,2,0
CFG_045,J[04-06],4,3,3,1,0
CFG_045,J[07-09],4,3,3,1,0
CFG_045,J[10-12],4,3,3,1,0
CFG_045,J[13-15],4,3,3,1,0
CFG_045,J[16-18],4,3,3,1,0
CFG_045,J[19-20],1,0,0,1,0
CFG_045,J[19-21],3,3,3,0,0
CFG_045,K[00-03],5,3,3,2,0
CFG_045,K[04-06],4,3,3,1,0
CFG_045,K[07-09],5,3,3,2,0
CFG_045,K[10-12],5,3,3,2,0
CFG_045,K[13-15],5,3,3,2,0
CFG_045,K[16-18],5,3,3,2,0
CFG_045,K[19-21],3,3,3,0,0
CFG_046,A[00-03],3,3,3,0,0
CFG_046,A[04-06],3,3,3,0,0
CFG_046,A[07-09],3,3,3,0,0
CFG_046,A[10-12],3,3,3,0,0
CFG_046,A[13-15],3,3,3,0,0
CFG_046,B[00-03],3,5,3,0,2
CFG_046,B[04-06],3,5,3,0,2
CFG_046,B[07-09],3,5,3,0,2
CFG_046,B[10-12],3,5,3,0,2
CFG_046,B[13-15],3,5,3,0,2
CFG_046,B[16-18],3,5,3,0,2
CFG_046,B[19-20],2,0,0,2,0
CFG_046,B[19-21],3,5,3,0,2
CFG_046,D[00-03],5,4,4,1,0
CFG_046,D[04-06],5,4,4,1,0
CFG_046,D[07-09],5,4,4,1,0
CFG_046,D[10-12],5,4,4,1,0
CFG_046,D[13-15],5,4,4,1,0
CFG_046,D[16-18],4,4,4,0,0
CFG_046,D[19-20],1,0,0,1,0
CFG_046,D[19-21],3,4,3,0,1
CFG_046,E[00-03],6,5,5,1,0
CFG_046,E[04-06],6,5,5,1,0
CFG_046,E[07-09],6,5,5,1,0
CFG_046,E[10-12],6,5,5,1,0
CFG_046,E[13-15],6,5,5,1,0
CFG_046,E[16-18],6,5,5,1,0
CFG_046,E[19-20],2,0,0,2,0
CFG_046,E[19-21],4,5,3,0,1
CFG_046,F[00-03],5,4,4,1,0
CFG_046,F[04-06],5,4,4,1,0
CFG_046,F[07-09],6,4,4,2,0
CFG_046,F[10-12],6,4,4,2,0
CFG_046,F[13-15],6,4,4,2,0
CFG_046,F[16-18],6,4,4,2,0
CFG_046,F[19-20],1,0,0,1,0
CFG_046,F[19-21],5,4,4,1,0
CFG_046,G[00-03],5,4,4,1,0
CFG_046,G[04-06],5,4,4,1,0
CFG_046,G[07-09],5,4,4,1,0
CFG_046,G[10-12],5,4,4,1,0
CFG_046,G[13-15],5,4,4,1,0
CFG_046,G[16-18],5,4,4,1,0
CFG_046,G[19-20],1,0,0,1,0
CFG_046,G[19-21],4,4,4,0,0
CFG_046,H[00-03],4,4,4,0,0
CFG_046,H[04-06],4,4,4,0,0
CFG_046,H[07-09],4,4,4,0,0
CFG_046,H[10-12],4,4,4,0,0
CFG_046,H[13-15],4,4,4,0,0
CFG_046,H[16-18],4,4,4,0,0
CFG_046,H[19-20],1,0,0,1,0
CFG_046,H[19-21],3,4,3,0,1
CFG_046,I[00-03],4,4,4,0,0
CFG_046,I[04-06],4,4,4,0,0
CFG_046,I[07-09],4,4,4,0,0
CFG_046,I[10-12],4,4,4,0,0
CFG_046,I[13-15],4,4,4,0,0
CFG_046,I[16-18],4,4,4,0,0
CFG_046,I[19-20],1,0,0,1,0
CFG_046,I[19-21],3,4,3,0,1
CFG_046,J[00-03],5,3,3,2,0
CFG_046,J[04-06],4,3,3,1,0
CFG_046,J[07-09],4,3,3,1,0
CFG_046,J[10-12],4,3,3,1,0
CFG_046,J[13-15],4,3,3,1,0
CFG_046,J[16-18],4,3,3,1,0
CFG_046,J[19-20],1,0,0,1,0
CFG_046,J[19-21],3,3,3,0,0
CFG_046,K[00-03],5,3,3,2,0
CFG_046,K[04-06],4,3,3,1,0
CFG_046,K[07-09],5,3,3,2,0
CFG_046,K[10-12],5,3,3,2,0
CFG_046,K[13-15],5,3,3,2,0
CFG_046,K[16-18],5,3,3,2,0
CFG_046,K[19-21],3,3,3,0,0
CFG_047,A[00-03],3,3,3,0,0
CFG_047,A[04-06],3,3,3,0,0
CFG_047,A[07-09],3,3,3,0,0
CFG_047,A[10-12],3,3,3,0,0
CFG_047,A[13-15],3,3,3,0,0
CFG_047,B[00-03],3,4,3,0,1
CFG_047,B[04-06],3,4,3,0,1
CFG_047,B[07-09],3,4,3,0,1
CFG_047,B[10-12],3,4,3,0,1
CFG_047,B[13-15],3,4,3,0,1
CFG_047,B[16-18],3,4,3,0,1
CFG_047,B[19-20],2,0,0,2,0
CFG_047,B[19-21],3,4,3,0,1
CFG_047,D[00-03],5,6,5,0,1
CFG_047,D[04-06],5,6,5,0,1
CFG_047,D[07-09],5,6,5,0,1
CFG_047,D[10-12],5,6,5,0,1
CFG_047,D[13-15],5,6,5,0,1
CFG_047,D[16-18],4,6,4,0,2
CFG_047,D[19-20],1,0,0,1,0
CFG_047,D[19-21],3,6,3,0,3
CFG_047,E[00-03],6,6,6,0,0
CFG_047,E[04-06],6,6,6,0,0
CFG_047,E[07-09],6,6,6,0,0
CFG_047,E[10-12],6,6,6,0,0
CFG_047,E[13-15],6,6,6,0,0
CFG_047,E[16-18],6,6,6,0,0
CFG_047,E[19-20],2,0,0,2,0
CFG_047,E[19-21],4,6,4,0,2
CFG_047,F[00-03],5,4,4,1,0
CFG_047,F[04-06],5,4,4,1,0
CFG_047,F[07-09],6,4,4,2,0
CFG_047,F[10-12],6,4,4,2,0
CFG_047,F[13-15],6,4,4,2,0
CFG_047,F[16-18],6,4,4,2,0
CFG_047,F[19-20],1,0,0,1,0
CFG_047,F[19-21],5,4,4,1,0
CFG_047,G[00-03],5,4,4,1,0
CFG_047,G[04-06],5,4,4,1,0
CFG_047,G[07-09],5,4,4,1,0
CFG_047,G[10-12],5,4,4,1,0
CFG_047,G[13-15],5,4,4,1,0
CFG_047,G[16-18],5,4,4,1,0
CFG_047,G[19-20],1,0,0,1,0
CFG_047,G[19-21],4,4,4,0,0
CFG_047,H[00-03],4,3,3,1,0
CFG_047,H[04-06],4,3,3,1,0
CFG_047,H[07-09],4,3,3,1,0
CFG_047,H[10-12],4,3,3,1,0
CFG_047,H[13-15],4,3,3,1,0
CFG_047,H[16-18],4,3,3,1,0
CFG_047,H[19-20],1,0,0,1,0
CFG_047,H[19-21],3,3,3,0,0
CFG_047,I[00-03],4,3,3,1,0
CFG_047,I[04-06],4,3,3,1,0
CFG_047,I[07-09],4,3,3,1,0
CFG_047,I[10-12],4,3,3,1,0
CFG_047,I[13-15],4,3,3,1,0
CFG_047,I[16-18],4,3,3,1,0
CFG_047,I[19-20],1,0,0,1,0
CFG_047,I[19-21],3,3,3,0,0
CFG_047,J[00-03],5,3,3,2,0
CFG_047,J[04-06],4,3,3,1,0
CFG_047,J[07-09],4,3,3,1,0
CFG_047,J[10-12],4,3,3,1,0
CFG_047,J[13-15],4,3,3,1,0
CFG_047,J[16-18],4,3,3,1,0
CFG_047,J[19-20],1,0,0,1,0
CFG_047,J[19-21],3,3,3,0,0
CFG_047,K[00-03],5,3,3,2,0
CFG_047,K[04-06],4,3,3,1,0
CFG_047,K[07-09],5,3,3,2,0
CFG_047,K[10-12],5,3,3,2,0
CFG_047,K[13-15],5,3,3,2,0
CFG_047,K[16-18],5,3,3,2,0
CFG_047,K[19-21],3,3,3,0,0
CFG_048,A[00-03],3,4,3,0,1
CFG_048,A[04-06],3,4,3,0,1
CFG_048,A[07-09],3,4,3,0,1
CFG_048,A[10-12],3,4,3,0,1
CFG_048,A[13-15],3,4,3,0,1
CFG_048,B[00-03],3,6,3,0,3
CFG_048,B[04-06],3,6,3,0,3
CFG_048,B[07-09],3,6,3,0,3
CFG_048,B[10-12],3,6,3,0,3
CFG_048,B[13-15],3,6,3,0,3
CFG_048,B[16-18],3,6,3,0,3
CFG_048,B[19-20],2,0,0,2,0
CFG_048,B[19-21],3,6,3,0,3
CFG_048,D[00-03],5,7,5,0,2
CFG_048,D[04-06],5,7,5,0,2
CFG_048,D[07-09],5,7,5,0,2
CFG_048,D[10-12],5,7,5,0,2
CFG_048,D[13-15],5,7,5,0,2
CFG_048,D[16-18],4,7,4,0,3
CFG_048,D[19-20],1,0,0,1,0
CFG_048,D[19-21],3,7,3,0,4
CFG_048,E[00-03],6,3,3,3,0
CFG_048,E[04-06],6,3,3,3,0
CFG_048,E[07-09],6,3,3,3,0
CFG_048,E[10-12],6,3,3,3,0
CFG_048,E[13-15],6,3,3,3,0
CFG_048,E[16-18],6,3,3,3,0
CFG_048,E[19-20],2,0,0,2,0
CFG_048,E[19-21],4,3,3,1,0
CFG_048,F[00-03],5,4,4,1,0
CFG_048,F[04-06],5,4,4,1,0
CFG_048,F[07-09],6,4,4,2,0
CFG_048,F[10-12],6,4,4,2,0
CFG_048,F[13-15],6,4,4,2,0
CFG_048,F[16-18],6,4,4,2,0
CFG_048,F[19-20],1,0,0,1,0
CFG_048,F[19-21],5,4,4,1,0
CFG_048,G[00-03],5,4,4,1,0
CFG_048,G[04-06],5,4,4,1,0
CFG_048,G[07-09],5,4,4,1,0
CFG_048,G[10-12],5,4,4,1,0
CFG_048,G[13-15],5,4,4,1,0
CFG_048,G[16-18],5,4,4,1,0
CFG_048,G[19-20],1,0,0,1,0
CFG_048,G[19-21],4,4,4,0,0
CFG_048,H[00-03],4,3,3,1,0
CFG_048,H[04-06],4,3,3,1,0
CFG_048,H[07-09],4,3,3,1,0
CFG_048,H[10-12],4,3,3,1,0
CFG_048,H[13-15],4,3,3,1,0
CFG_048,H[16-18],4,3,3,1,0
CFG_048,H[19-20],1,0,0,1,0
CFG_048,H[19-21],3,3,3,0,0
CFG_048,I[00-03],4,3,3,1,0
CFG_048,I[04-06],4,3,3,1,0
CFG_048,I[07-09],4,3,3,1,0
CFG_048,I[10-12],4,3,3,1,0
CFG_048,I[13-15],4,3,3,1,0
CFG_048,I[16-18],4,3,3,1,0
CFG_048,I[19-20],1,0,0,1,0
CFG_048,I[19-21],3,3,3,0,0
CFG_048,J[00-03],5,3,3,2,0
CFG_048,J[04-06],4,3,3,1,0
CFG_048,J[07-09],4,3,3,1,0
CFG_048,J[10-12],4,3,3,1,0
CFG_048,J[13-15],4,3,3,1,0
CFG_048,J[16-18],4,3,3,1,0
CFG_048,J[19-20],1,0,0,1,0
CFG_048,J[19-21],3,3,3,0,0
CFG_048,K[00-03],5,3,3,2,0
CFG_048,K[04-06],4,3,3,1,0
CFG_048,K[07-09],5,3,3,2,0
CFG_048,K[10-12],5,3,3,2,0
CFG_048,K[13-15],5,3,3,2,0
CFG_048,K[16-18],5,3,3,2,0
CFG_048,K[19-21],3,3,3,0,0
CFG_049,A[00-03],3,3,3,0,0
CFG_049,A[04-06],3,3,3,0,0
CFG_049,A[07-09],3,3,3,0,0
CFG_049,A[10-12],3,3,3,0,0
CFG_049,A[13-15],3,3,3,0,0
CFG_049,B[00-03],3,5,3,0,2
CFG_049,B[04-06],3,5,3,0,2
CFG_049,B[07-09],3,5,3,0,2
CFG_049,B[10-12],3,5,3,0,2
CFG_049,B[13-15],3,5,3,0,2
CFG_049,B[16-18],3,5,3,0,2
CFG_049,B[19-20],2,0,0,2,0
CFG_049,B[19-21],3,5,3,0,2
CFG_049,D[00-03],5,5,5,0,0
CFG_049,D[04-06],5,5,5,0,0
CFG_049,D[07-09],5,5,5,0,0
CFG_049,D[10-12],5,5,5,0,0
CFG_049,D[13-15],5,5,5,0,0
CFG_049,D[16-18],4,5,4,0,1
CFG_049,D[19-20],1,0,0,1,0
CFG_049,D[19-21],3,5,3,0,2
CFG_049,E[00-03],6,3,3,3,0
CFG_049,E[04-06],6,3,3,3,0
CFG_049,E[07-09],6,3,3,3,0
CFG_049,E[10-12],6,3,3,3,0
CFG_049,E[13-15],6,3,3,3,0
CFG_049,E[16-18],6,3,3,3,0
CFG_049,E[19-20],2,0,0,2,0
CFG_049,E[19-21],4,3,3,1,0
CFG_049,F[00-03],5,7,5,0,2
CFG_049,F[04-06],5,7,5,0,2
CFG_049,F[07-09],6,7,6,0,1
CFG_049,F[10-12],6,7,6,0,1
CFG_049,F[13-15],6,7,6,0,1
CFG_049,F[16-18],6,7,6,0,1
CFG_049,F[19-20],1,0,0,1,0
CFG_049,F[19-21],5,7,5,0,2
CFG_049,G[00-03],5,4,4,1,0
CFG_049,G[04-06],5,4,4,1,0
CFG_049,G[07-09],5,4,4,1,0
CFG_049,G[10-12],5,4,4,1,0
CFG_049,G[13-15],5,4,4,1,0
CFG_049,G[16-18],5,4,4,1,0
CFG_049,G[19-20],1,0,0,1,0
CFG_049,G[19-21],4,4,4,0,0
CFG_049,H[00-03],4,4,4,0,0
CFG_049,H[04-06],4,4,4,0,0
CFG_049,H[07-09],4,4,4,0,0
CFG_049,H[10-12],4,4,4,0,0
CFG_049,H[13-15],4,4,4,0,0
CFG_049,H[16-18],4,4,4,0,0
CFG_049,H[19-20],1,0,0,1,0
CFG_049,H[19-21],3,4,3,0,1
CFG_049,I[00-03],4,3,3,1,0
CFG_049,I[04-06],4,3,3,1,0
CFG_049,I[07-09],4,3,3,1,0
CFG_049,I[10-12],4,3,3,1,0
CFG_049,I[13-15],4,3,3,1,0
CFG_049,I[16-18],4,3,3,1,0
CFG_049,I[19-20],1,0,0,1,0
CFG_049,I[19-21],3,3,3,0,0
CFG_049,J[00-03],5,3,3,2,0
CFG_049,J[04-06],4,3,3,1,0
CFG_049,J[07-09],4,3,3,1,0
CFG_049,J[10-12],4,3,3,1,0
CFG_049,J[13-15],4,3,3,1,0
CFG_049,J[16-18],4,3,3,1,0
CFG_049,J[19-20],1,0,0,1,0
CFG_049,J[19-21],3,3,3,0,0
CFG_049,K[00-03],5,3,3,2,0
CFG_049,K[04-06],4,3,3,1,0
CFG_049,K[07-09],5,3,3,2,0
CFG_049,K[10-12],5,3,3,2,0
CFG_049,K[13-15],5,3,3,2,0
CFG_049,K[16-18],5,3,3,2,0
CFG_049,K[19-21],3,3,3,0,0
CFG_050,A[00-03],3,5,3,0,2
CFG_050,A[04-06],3,5,3,0,2
CFG_050,A[07-09],3,5,3,0,2
CFG_050,A[10-12],3,5,3,0,2
CFG_050,A[13-15],3,5,3,0,2
CFG_050,B[00-03],3,6,3,0,3
CFG_050,B[04-06],3,6,3,0,3
CFG_050,B[07-09],3,6,3,0,3
CFG_050,B[10-12],3,6,3,0,3
CFG_050,B[13-15],3,6,3,0,3
CFG_050,B[16-18],3,6,3,0,3
CFG_050,B[19-20],2,0,0,2,0
CFG_050,B[19-21],3,6,3,0,3
CFG_050,D[00-03],5,7,5,0,2
CFG_050,D[04-06],5,7,5,0,2
CFG_050,D[07-09],5,7,5,0,2
CFG_050,D[10-12],5,7,5,0,2
CFG_050,D[13-15],5,7,5,0,2
CFG_050,D[16-18],4,7,4,0,3
CFG_050,D[19-20],1,0,0,1,0
CFG_050,D[19-21],3,7,3,0,4
CFG_050,E[00-03],6,4,4,2,0
CFG_050,E[04-06],6,4,4,2,0
CFG_050,E[07-09],6,4,4,2,0
CFG_050,E[10-12],6,4,4,2,0
CFG_050,E[13-15],6,4,4,2,0
CFG_050,E[16-18],6,4,4,2,0
CFG_050,E[19-20],2,0,0,2,0
CFG_050,E[19-21],4,4,4,0,0
CFG_050,F[00-03],5,4,4,1,0
CFG_050,F[04-06],5,4,4,1,0
CFG_050,F[07-09],6,4,4,2,0
CFG_050,F[10-12],6,4,4,2,0
CFG_050,F[13-15],6,4,4,2,0
CFG_050,F[16-18],6,4,4,2,0
CFG_050,F[19-20],1,0,0,1,0
CFG_050,F[19-21],5,4,4,1,0
CFG_050,G[00-03],5,3,3,2,0
CFG_050,G[04-06],5,3,3,2,0
CFG_050,G[07-09],5,3,3,2,0
CFG_050,G[10-12],5,3,3,2,0
CFG_050,G[13-15],5,3,3,2,0
CFG_050,G[16-18],5,3,3,2,0
CFG_050,G[19-20],1,0,0,1,0
CFG_050,G[19-21],4,3,3,1,0
CFG_050,H[00-03],4,3,3,1,0
CFG_050,H[04-06],4,3,3,1,0
CFG_050,H[07-09],4,3,3,1,0
CFG_050,H[10-12],4,3,3,1,0
CFG_050,H[13-15],4,3,3,1,0
CFG_050,H[16-18],4,3,3,1,0
CFG_050,H[19-20],1,0,0,1,0
CFG_050,H[19-21],3,3,3,0,0
CFG_050,I[00-03],4,3,3,1,0
CFG_050,I[04-06],4,3,3,1,0
CFG_050,I[07-09],4,3,3,1,0
CFG_050,I[10-12],4,3,3,1,0
CFG_050,I[13-15],4,3,3,1,0
CFG_050,I[16-18],4,3,3,1,0
CFG_050,I[19-20],1,0,0,1,0
CFG_050,I[19-21],3,3,1,0,0
CFG_050,J[00-03],5,3,3,2,0
CFG_050,J[04-06],4,3,3,1,0
CFG_050,J[07-09],4,3,3,1,0
CFG_050,J[10-12],4,3,3,1,0
CFG_050,J[13-15],4,3,3,1,0
CFG_050,J[16-18],4,3,3,1,0
CFG_050,J[19-20],1,0,0,1,0
CFG_050,J[19-21],3,3,3,0,0
CFG_050,K[00-03],5,3,3,2,0
CFG_050,K[04-06],4,3,3,1,0
CFG_050,K[07-09],5,3,3,2,0
CFG_050,K[10-12],5,3,3,2,0
CFG_050,K[13-15],5,3,3,2,0
CFG_050,K[16-18],5,3,3,2,0
CFG_050,K[19-21],3,3,3,0,0
CFG_054,A[00-03],3,3,3,0,0
CFG_054,A[04-06],3,3,3,0,0
CFG_054,A[07-09],3,3,3,0,0
CFG_054,A[10-12],3,3,3,0,0
CFG_054,A[13-15],3,3,3,0,0
CFG_054,B[00-03],3,3,3,0,0
CFG_054,B[04-06],3,3,3,0,0
CFG_054,B[07-09],3,3,3,0,0
CFG_054,B[10-12],3,3,3,0,0
CFG_054,B[13-15],3,3,3,0,0
CFG_054,B[16-18],3,3,3,0,0
CFG_054,B[19-20],2,0,0,2,0
CFG_054,B[19-21],3,3,3,0,0
CFG_054,D[00-03],5,3,3,2,0
CFG_054,D[04-06],5,3,3,2,0
CFG_054,D[07-09],5,3,3,2,0
CFG_054,D[10-12],5,3,3,2,0
CFG_054,D[13-15],5,3,3,2,0
CFG_054,D[16-18],4,3,3,1,0
CFG_054,D[19-20],1,0,0,1,0
CFG_054,D[19-21],3,3,3,0,0
CFG_054,E[00-03],6,3,3,3,0
CFG_054,E[04-06],6,3,3,3,0
CFG_054,E[07-09],6,3,3,3,0
CFG_054,E[10-12],6,3,3,3,0
CFG_054,E[13-15],6,3,3,3,0
CFG_054,E[16-18],6,3,3,3,0
CFG_054,E[19-20],2,0,0,2,0
CFG_054,E[19-21],4,3,3,1,0
CFG_054,F[00-03],5,3,3,2,0
CFG_054,F[04-06],5,3,3,2,0
CFG_054,F[07-09],6,3,3,3,0
CFG_054,F[10-12],6,3,3,3,0
CFG_054,F[13-15],6,3,3,3,0
CFG_054,F[16-18],6,3,3,3,0
CFG_054,F[19-20],1,0,0,1,0
CFG_054,F[19-21],5,3,3,2,0
CFG_054,G[00-03],5,3,3,2,0
CFG_054,G[04-06],5,3,3,2,0
CFG_054,G[07-09],5,3,3,2,0
CFG_054,G[10-12],5,3,3,2,0
CFG_054,G[13-15],5,3,3,2,0
CFG_054,G[16-18],5,3,3,2,0
CFG_054,G[19-20],1,0,0,1,0
CFG_054,G[19-21],4,3,3,1,0
CFG_054,H[00-03],4,3,3,1,0
CFG_054,H[04-06],4,3,3,1,0
CFG_054,H[07-09],4,3,3,1,0
CFG_054,H[10-12],4,3,3,1,0
CFG_054,H[13-15],4,3,3,1,0
CFG_054,H[16-18],4,3,3,1,0
CFG_054,H[19-20],1,0,0,1,0
CFG_054,H[19-21],3,3,3,0,0
CFG_054,I[00-03],4,4,4,0,0
CFG_054,I[04-06],4,4,4,0,0
CFG_054,I[07-09],4,4,4,0,0
CFG_054,I[10-12],4,4,4,0,0
CFG_054,I[13-15],4,4,4,0,0
CFG_054,I[16-18],4,4,4,0,0
CFG_054,I[19-20],1,0,0,1,0
CFG_054,I[19-21],3,4,3,0,1
CFG_054,J[00-03],5,6,4,0,1
CFG_054,J[04-06],4,6,4,0,2
CFG_054,J[07-09],4,6,4,0,2
CFG_054,J[10-12],4,6,4,0,2
CFG_054,J[13-15],4,6,4,0,2
CFG_054,J[16-18],4,6,4,0,2
CFG_054,J[19-20],1,0,0,1,0
CFG_054,J[19-21],3,6,3,0,3
CFG_054,K[00-03],5,6,5,0,1
CFG_054,K[04-06],4,6,4,0,2
CFG_054,K[07-09],5,6,5,0,1
CFG_054,K[10-12],5,6,5,0,1
CFG_054,K[13-15],5,6,5,0,1
CFG_054,K[16-18],5,6,5,0,1
CFG_054,K[19-21],3,6,3,0,3
CFG_055,A[00-03],3,4,3,0,1
CFG_055,A[04-06],3,4,3,0,1
CFG_055,A[07-09],3,4,3,0,1
CFG_055,A[10-12],3,4,3,0,1
CFG_055,A[13-15],3,4,3,0,1
CFG_055,B[00-03],3,4,3,0,1
CFG_055,B[04-06],3,4,3,0,1
CFG_055,B[07-09],3,4,3,0,1
CFG_055,B[10-12],3,4,3,0,1
CFG_055,B[13-15],3,4,3,0,1
CFG_055,B[16-18],3,4,3,0,1
CFG_055,B[19-20],2,0,0,2,0
CFG_055,B[19-21],3,4,3,0,1
CFG_055,D[00-03],5,3,3,2,0
CFG_055,D[04-06],5,3,3,2,0
CFG_055,D[07-09],5,3,3,2,0
CFG_055,D[10-12],5,3,3,2,0
CFG_055,D[13-15],5,3,3,2,0
CFG_055,D[16-18],4,3,3,1,0
CFG_055,D[19-20],1,0,0,1,0
CFG_055,D[19-21],3,3,3,0,0
CFG_055,E[00-03],6,4,4,2,0
CFG_055,E[04-06],6,4,4,2,0
CFG_055,E[07-09],6,4,4,2,0
CFG_055,E[10-12],6,4,4,2,0
CFG_055,E[13-15],6,4,4,2,0
CFG_055,E[16-18],6,4,4,2,0
CFG_055,E[19-20],2,0,0,2,0
CFG_055,E[19-21],4,4,4,0,0
CFG_055,F[00-03],5,6,5,0,1
CFG_055,F[04-06],5,6,5,0,1
CFG_055,F[07-09],6,6,6,0,0
CFG_055,F[10-12],6,6,6,0,0
CFG_055,F[13-15],6,6,6,0,0
CFG_055,F[16-18],6,6,6,0,0
CFG_055,F[19-20],1,0,0,1,0
CFG_055,F[19-21],5,6,5,0,1
CFG_055,G[00-03],5,4,4,1,0
CFG_055,G[04-06],5,4,4,1,0
CFG_055,G[07-09],5,4,4,1,0
CFG_055,G[10-12],5,4,4,1,0
CFG_055,G[13-15],5,4,4,1,0
CFG_055,G[16-18],5,4,4,1,0
CFG_055,G[19-20],1,0,0,1,0
CFG_055,G[19-21],4,4,4,0,0
CFG_055,H[00-03],4,4,4,0,0
CFG_055,H[04-06],4,4,4,0,0
CFG_055,H[07-09],4,4,4,0,0
CFG_055,H[10-12],4,4,4,0,0
CFG_055,H[13-15],4,4,4,0,0
CFG_055,H[16-18],4,4,4,0,0
CFG_055,H[19-20],1,0,0,1,0
CFG_055,H[19-21],3,4,3,0,1
CFG_055,I[00-03],4,3,3,1,0
CFG_055,I[04-06],4,3,3,1,0
CFG_055,I[07-09],4,3,3,1,0
CFG_055,I[10-12],4,3,3,1,0
CFG_055,I[13-15],4,3,3,1,0
CFG_055,I[16-18],4,3,3,1,0
CFG_055,I[19-20],1,0,0,1,0
CFG_055,I[19-21],3,3,3,0,0
CFG_055,J[00-03],5,3,3,2,0
CFG_055,J[04-06],4,3,3,1,0
CFG_055,J[07-09],4,3,3,1,0
CFG_055,J[10-12],4,3,3,1,0
CFG_055,J[13-15],4,3,3,1,0
CFG_055,J[16-18],4,3,3,1,0
CFG_055,J[19-20],1,0,0,1,0
CFG_055,J[19-21],3,3,3,0,0
CFG_055,K[00-03],5,3,3,2,0
CFG_055,K[04-06],4,3,3,1,0
CFG_055,K[07-09],5,3,3,2,0
CFG_055,K[10-12],5,3,3,2,0
CFG_055,K[13-15],5,3,3,2,0
CFG_055,K[16-18],5,3,3,2,0
CFG_055,K[19-21],3,3,3,0,0
CFG_056,A[00-03],3,5,3,0,2
CFG_056,A[04-06],3,5,3,0,2
CFG_056,A[07-09],3,5,3,0,2
CFG_056,A[10-12],3,5,3,0,2
CFG_056,A[13-15],3,5,3,0,2
CFG_056,B[00-03],3,5,3,0,2
CFG_056,B[04-06],3,5,3,0,2
CFG_056,B[07-09],3,5,3,0,2
CFG_056,B[10-12],3,5,3,0,2
CFG_056,B[13-15],3,5,3,0,2
CFG_056,B[16-18],3,5,3,0,2
CFG_056,B[19-20],2,0,0,2,0
CFG_056,B[19-21],3,5,3,0,2
CFG_056,D[00-03],5,5,5,0,0
CFG_056,D[04-06],5,5,5,0,0
CFG_056,D[07-09],5,5,5,0,0
CFG_056,D[10-12],5,5,5,0,0
CFG_056,D[13-15],5,5,5,0,0
CFG_056,D[16-18],4,5,4,0,1
CFG_056,D[19-20],1,0,0,1,0
CFG_056,D[19-21],3,5,3,0,2
CFG_056,E[00-03],6,6,6,0,0
CFG_056,E[04-06],6,6,6,0,0
CFG_056,E[07-09],6,6,6,0,0
CFG_056,E[10-12],6,6,6,0,0
CFG_056,E[13-15],6,6,6,0,0
CFG_056,E[16-18],6,6,6,0,0
CFG_056,E[19-20],2,0,0,2,0
CFG_056,E[19-21],4,6,4,0,2
CFG_056,F[00-03],5,3,3,2,0
CFG_056,F[04-06],5,3,3,2,0
CFG_056,F[07-09],6,3,3,3,0
CFG_056,F[10-12],6,3,3,3,0
CFG_056,F[13-15],6,3,3,3,0
CFG_056,F[16-18],6,3,3,3,0
CFG_056,F[19-20],1,0,0,1,0
CFG_056,F[19-21],5,3,3,2,0
CFG_056,G[00-03],5,3,3,2,0
CFG_056,G[04-06],5,3,3,2,0
CFG_056,G[07-09],5,3,3,2,0
CFG_056,G[10-12],5,3,3,2,0
CFG_056,G[13-15],5,3,3,2,0
CFG_056,G[16-18],5,3,3,2,0
CFG_056,G[19-20],1,0,0,1,0
CFG_056,G[19-21],4,3,3,1,0
CFG_056,H[00-03],4,3,3,1,0
CFG_056,H[04-06],4,3,3,1,0
CFG_056,H[07-09],4,3,3,1,0
CFG_056,H[10-12],4,3,3,1,0
CFG_056,H[13-15],4,3,3,1,0
CFG_056,H[16-18],4,3,3,1,0
CFG_056,H[19-20],1,0,0,1,0
CFG_056,H[19-21],3,3,3,0,0
CFG_056,I[00-03],4,3,3,1,0
CFG_056,I[04-06],4,3,3,1,0
CFG_056,I[07-09],4,3,3,1,0
CFG_056,I[10-12],4,3,3,1,0
CFG_056,I[13-15],4,3,3,1,0
CFG_056,I[16-18],4,3,3,1,0
CFG_056,I[19-20],1,0,0,1,0
CFG_056,I[19-21],3,3,3,0,0
CFG_056,J[00-03],5,3,3,2,0
CFG_056,J[04-06],4,3,3,1,0
CFG_056,J[07-09],4,3,3,1,0
CFG_056,J[10-12],4,3,3,1,0
CFG_056,J[13-15],4,3,3,1,0
CFG_056,J[16-18],4,3,3,1,0
CFG_056,J[19-20],1,0,0,1,0
CFG_056,J[19-21],3,3,3,0,0
CFG_056,K[00-03],5,3,3,2,0
CFG_056,K[04-06],4,3,3,1,0
CFG_056,K[07-09],5,3,3,2,0
CFG_056,K[10-12],5,3,3,2,0
CFG_056,K[13-15],5,3,3,2,0
CFG_056,K[16-18],5,3,3,2,0
CFG_056,K[19-21],3,3,2,0,0
CFG_057,A[00-03],3,3,2,0,0
CFG_057,A[04-06],3,3,2,0,0
CFG_057,A[07-09],3,3,2,0,0
CFG_057,A[10-12],3,3,2,0,0
CFG_057,A[13-15],3,3,2,0,0
CFG_057,B[00-03],3,4,3,0,1
CFG_057,B[04-06],3,4,3,0,1
CFG_057,B[07-09],3,4,3,0,1
CFG_057,B[10-12],3,4,3,0,1
CFG_057,B[13-15],3,4,3,0,1
CFG_057,B[16-18],3,4,3,0,1
CFG_057,B[19-20],2,0,0,2,0
CFG_057,B[19-21],3,4,3,0,1
CFG_057,D[00-03],5,5,5,0,0
CFG_057,D[04-06],5,5,5,0,0
CFG_057,D[07-09],5,5,5,0,0
CFG_057,D[10-12],5,5,5,0,0
CFG_057,D[13-15],5,5,5,0,0
CFG_057,D[16-18],4,5,4,0,1
CFG_057,D[19-20],1,0,0,1,0
CFG_057,D[19-21],3,5,3,0,2
CFG_057,E[00-03],6,3,3,3,0
CFG_057,E[04-06],6,3,3,3,0
CFG_057,E[07-09],6,3,3,3,0
CFG_057,E[10-12],6,3,3,3,0
CFG_057,E[13-15],6,3,3,3,0
CFG_057,E[16-18],6,3,3,3,0
CFG_057,E[19-20],2,0,0,2,0
CFG_057,E[19-21],4,3,2,1,0
CFG_057,F[00-03],5,5,5,0,0
CFG_057,F[04-06],5,5,5,0,0
CFG_057,F[07-09],6,5,5,1,0
CFG_057,F[10-12],6,5,5,1,0
CFG_057,F[13-15],6,5,5,1,0
CFG_057,F[16-18],6,5,5,1,0
CFG_057,F[19-20],1,0,0,1,0
CFG_057,F[19-21],5,5,5,0,0
CFG_057,G[00-03],5,6,5,0,1
CFG_057,G[04-06],5,6,5,0,1
CFG_057,G[07-09],5,6,5,0,1
CFG_057,G[10-12],5,6,5,0,1
CFG_057,G[13-15],5,6,5,0,1
CFG_057,G[16-18],5,6,5,0,1
CFG_057,G[19-20],1,0,0,1,0
CFG_057,G[19-21],4,6,4,0,2
CFG_057,H[00-03],4,3,3,1,0
CFG_057,H[04-06],4,3,3,1,0
CFG_057,H[07-09],4,3,3,1,0
CFG_057,H[10-12],4,3,3,1,0
CFG_057,H[13-15],4,3,3,1,0
CFG_057,H[16-18],4,3,3,1,0
CFG_057,H[19-20],1,0,0,1,0
CFG_057,H[19-21],3,3,3,0,0
CFG_057,I[00-03],4,3,3,1,0
CFG_057,I[04-06],4,3,3,1,0
CFG_057,I[07-09],4,3,3,1,0
CFG_057,I[10-12],4,3,3,1,0
CFG_057,I[13-15],4,3,3,1,0
CFG_057,I[16-18],4,3,3,1,0
CFG_057,I[19-20],1,0,0,1,0
CFG_057,I[19-21],3,3,3,0,0
CFG_057,J[00-03],5,3,3,2,0
CFG_057,J[04-06],4,3,3,1,0
CFG_057,J[07-09],4,3,3,1,0
CFG_057,J[10-12],4,3,3,1,0
CFG_057,J[13-15],4,3,3,1,0
CFG_057,J[16-18],4,3,3,1,0
CFG_057,J[19-20],1,0,0,1,0
CFG_057,J[19-21],3,3,3,0,0
CFG_057,K[00-03],5,3,3,2,0
CFG_057,K[04-06],4,3,3,1,0
CFG_057,K[07-09],5,3,3,2,0
CFG_057,K[10-12],5,3,3,2,0
CFG_057,K[13-15],5,3,3,2,0
CFG_057,K[16-18],5,3,3,2,0
CFG_057,K[19-21],3,3,2,0,0
CFG_058,A[00-03],3,4,3,0,1
CFG_058,A[04-06],3,4,3,0,1
CFG_058,A[07-09],3,4,3,0,1
CFG_058,A[10-12],3,4,3,0,1
CFG_058,A[13-15],3,4,3,0,1
CFG_058,B[00-03],3,6,3,0,3
CFG_058,B[04-06],3,6,3,0,3
CFG_058,B[07-09],3,6,3,0,3
CFG_058,B[10-12],3,6,3,0,3
CFG_058,B[13-15],3,6,3,0,3
CFG_058,B[16-18],3,6,3,0,3
CFG_058,B[19-20],2,0,0,2,0
CFG_058,B[19-21],3,6,3,0,3
CFG_058,D[00-03],5,7,5,0,2
CFG_058,D[04-06],5,7,5,0,2
CFG_058,D[07-09],5,7,5,0,2
CFG_058,D[10-12],5,7,5,0,2
CFG_058,D[13-15],5,7,5,0,2
CFG_058,D[16-18],4,7,4,0,3
CFG_058,D[19-20],1,0,0,1,0
CFG_058,D[19-21],3,7,3,0,4
CFG_058,E[00-03],6,4,4,2,0
CFG_058,E[04-06],6,4,4,2,0
CFG_058,E[07-09],6,4,4,2,0
CFG_058,E[10-12],6,4,4,2,0
CFG_058,E[13-15],6,4,4,2,0
CFG_058,E[16-18],6,4,4,2,0
CFG_058,E[19-20],2,0,0,2,0
CFG_058,E[19-21],4,4,4,0,0
CFG_058,F[00-03],5,3,3,2,0
CFG_058,F[04-06],5,3,3,2,0
CFG_058,F[07-09],6,3,3,3,0
CFG_058,F[10-12],6,3,3,3,0
CFG_058,F[13-15],6,3,3,3,0
CFG_058,F[16-18],6,3,3,3,0
CFG_058,F[19-20],1,0,0,1,0
CFG_058,F[19-21],5,3,2,2,0
CFG_058,G[00-03],5,3,3,2,0
CFG_058,G[04-06],5,3,3,2,0
CFG_058,G[07-09],5,3,3,2,0
CFG_058,G[10-12],5,3,3,2,0
CFG_058,G[13-15],5,3,3,2,0
CFG_058,G[16-18],5,3,3,2,0
CFG_058,G[19-20],1,0,0,1,0
CFG_058,G[19-21],4,3,3,1,0
CFG_058,H[00-03],4,3,3,1,0
CFG_058,H[04-06],4,3,3,1,0
CFG_058,H[07-09],4,3,3,1,0
CFG_058,H[10-12],4,3,3,1,0
CFG_058,H[13-15],4,3,3,1,0
CFG_058,H[16-18],4,3,3,1,0
CFG_058,H[19-20],1,0,0,1,0
CFG_058,H[19-21],3,3,3,0,0
CFG_058,I[00-03],4,3,3,1,0
CFG_058,I[04-06],4,3,3,1,0
CFG_058,I[07-09],4,3,3,1,0
CFG_058,I[10-12],4,3,3,1,0
CFG_058,I[13-15],4,3,3,1,0
CFG_058,I[16-18],4,3,3,1,0
CFG_058,I[19-20],1,0,0,1,0
CFG_058,I[19-21],3,3,3,0,0
CFG_058,J[00-03],5,3,3,2,0
CFG_058,J[04-06],4,3,3,1,0
CFG_058,J[07-09],4,3,3,1,0
CFG_058,J[10-12],4,3,3,1,0
CFG_058,J[13-15],4,3,3,1,0
CFG_058,J[16-18],4,3,3,1,0
CFG_058,J[19-20],1,0,0,1,0
CFG_058,J[19-21],3,3,3,0,0
CFG_058,K[00-03],5,3,3,2,0
CFG_058,K[04-06],4,3,3,1,0
CFG_058,K[07-09],5,3,3,2,0
CFG_058,K[10-12],5,3,3,2,0
CFG_058,K[13-15],5,3,3,2,0
CFG_058,K[16-18],5,3,3,2,0
CFG_058,K[19-21],3,3,3,0,0
CFG_059,A[00-03],3,4,3,0,1
CFG_059,A[04-06],3,4,3,0,1
CFG_059,A[07-09],3,4,3,0,1
CFG_059,A[10-12],3,4,3,0,1
CFG_059,A[13-15],3,4,3,0,1
CFG_059,B[00-03],3,4,3,0,1
CFG_059,B[04-06],3,4,3,0,1
CFG_059,B[07-09],3,4,3,0,1
CFG_059,B[10-12],3,4,3,0,1
CFG_059,B[13-15],3,4,3,0,1
CFG_059,B[16-18],3,4,3,0,1
CFG_059,B[19-20],2,0,0,2,0
CFG_059,B[19-21],3,4,3,0,1
CFG_059,D[00-03],5,7,5,0,2
CFG_059,D[04-06],5,7,5,0,2
CFG_059,D[07-09],5,7,5,0,2
CFG_059,D[10-12],5,7,5,0,2
CFG_059,D[13-15],5,7,5,0,2
CFG_059,D[16-18],4,7,4,0,3
CFG_059,D[19-20],1,0,0,1,0
CFG_059,D[19-21],3,7,3,0,4
CFG_059,E[00-03],6,5,5,1,0
CFG_059,E[04-06],6,5,5,1,0
CFG_059,E[07-09],6,5,5,1,0
CFG_059,E[10-12],6,5,5,1,0
CFG_059,E[13-15],6,5,5,1,0
CFG_059,E[16-18],6,5,5,1,0
CFG_059,E[19-20],2,0,0,2,0
CFG_059,E[19-21],4,5,4,0,1
CFG_059,F[00-03],5,4,4,1,0
CFG_059,F[04-06],5,4,4,1,0
CFG_059,F[07-09],6,4,4,2,0
CFG_059,F[10-12],6,4,4,2,0
CFG_059,F[13-15],6,4,4,2,0
CFG_059,F[16-18],6,4,4,2,0
CFG_059,F[19-20],1,0,0,1,0
CFG_059,F[19-21],5,4,3,1,0
CFG_059,G[00-03],5,3,3,2,0
CFG_059,G[04-06],5,3,3,2,0
CFG_059,G[07-09],5,3,3,2,0
CFG_059,G[10-12],5,3,3,2,0
CFG_059,G[13-15],5,3,3,2,0
CFG_059,G[16-18],5,3,3,2,0
CFG_059,G[19-20],1,0,0,1,0
CFG_059,G[19-21],4,3,2,1,0
CFG_059,H[00-03],4,3,3,1,0
CFG_059,H[04-06],4,3,3,1,0
CFG_059,H[07-09],4,3,3,1,0
CFG_059,H[10-12],4,3,3,1,0
CFG_059,H[13-15],4,3,3,1,0
CFG_059,H[16-18],4,3,3,1,0
CFG_059,H[19-20],1,0,0,1,0
CFG_059,H[19-21],3,3,3,0,0
CFG_059,I[00-03],4,3,3,1,0
CFG_059,I[04-06],4,3,3,1,0
CFG_059,I[07-09],4,3,3,1,0
CFG_059,I[10-12],4,3,3,1,0
CFG_059,I[13-15],4,3,3,1,0
CFG_059,I[16-18],4,3,3,1,0
CFG_059,I[19-20],1,0,0,1,0
CFG_059,I[19-21],3,3,3,0,0
CFG_059,J[00-03],5,3,3,2,0
CFG_059,J[04-06],4,3,3,1,0
CFG_059,J[07-09],4,3,3,1,0
CFG_059,J[10-12],4,3,3,1,0
CFG_059,J[13-15],4,3,3,1,0
CFG_059,J[16-18],4,3,3,1,0
CFG_059,J[19-20],1,0,0,1,0
CFG_059,J[19-21],3,3,3,0,0
CFG_059,K[00-03],5,3,3,2,0
CFG_059,K[04-06],4,3,3,1,0
CFG_059,K[07-09],5,3,3,2,0
CFG_059,K[10-12],5,3,3,2,0
CFG_059,K[13-15],5,3,3,2,0
CFG_059,K[16-18],5,3,3,2,0
CFG_059,K[19-21],3,3,3,0,0
CFG_060,A[00-03],3,5,3,0,2
CFG_060,A[04-06],3,5,3,0,2
CFG_060,A[07-09],3,5,3,0,2
CFG_060,A[10-12],3,5,3,0,2
CFG_060,A[13-15],3,5,3,0,2
CFG_060,B[00-03],3,6,3,0,3
CFG_060,B[04-06],3,6,3,0,3
CFG_060,B[07-09],3,6,3,0,3
CFG_060,B[10-12],3,6,3,0,3
CFG_060,B[13-15],3,6,3,0,3
CFG_060,B[16-18],3,6,3,0,3
CFG_060,B[19-20],2,0,0,2,0
CFG_060,B[19-21],3,6,3,0,3
CFG_060,D[00-03],5,5,5,0,0
CFG_060,D[04-06],5,5,5,0,0
CFG_060,D[07-09],5,5,5,0,0
CFG_060,D[10-12],5,5,5,0,0
CFG_060,D[13-15],5,5,5,0,0
CFG_060,D[16-18],4,5,4,0,1
CFG_060,D[19-20],1,0,0,1,0
CFG_060,D[19-21],3,5,3,0,2
CFG_060,E[00-03],6,5,5,1,0
CFG_060,E[04-06],6,5,5,1,0
CFG_060,E[07-09],6,5,5,1,0
CFG_060,E[10-12],6,5,5,1,0
CFG_060,E[13-15],6,5,5,1,0
CFG_060,E[16-18],6,5,5,1,0
CFG_060,E[19-20],2,0,0,2,0
CFG_060,E[19-21],4,5,4,0,1
CFG_060,F[00-03],5,4,4,1,0
CFG_060,F[04-06],5,4,4,1,0
CFG_060,F[07-09],6,4,4,2,0
CFG_060,F[10-12],6,4,4,2,0
CFG_060,F[13-15],6,4,4,2,0
CFG_060,F[16-18],6,4,4,2,0
CFG_060,F[19-20],1,0,0,1,0
CFG_060,F[19-21],5,4,4,1,0
CFG_060,G[00-03],5,3,3,2,0
CFG_060,G[04-06],5,3,3,2,0
CFG_060,G[07-09],5,3,3,2,0
CFG_060,G[10-12],5,3,3,2,0
CFG_060,G[13-15],5,3,3,2,0
CFG_060,G[16-18],5,3,3,2,0
CFG_060,G[19-20],1,0,0,1,0
CFG_060,G[19-21],4,3,2,1,0
CFG_060,H[00-03],4,3,3,1,0
CFG_060,H[04-06],4,3,3,1,0
CFG_060,H[07-09],4,3,3,1,0
CFG_060,H[10-12],4,3,3,1,0
CFG_060,H[13-15],4,3,3,1,0
CFG_060,H[16-18],4,3,3,1,0
CFG_060,H[19-20],1,0,0,1,0
CFG_060,H[19-21],3,3,3,0,0
CFG_060,I[00-03],4,3,3,1,0
CFG_060,I[04-06],4,3,3,1,0
CFG_060,I[07-09],4,3,3,1,0
CFG_060,I[10-12],4,3,3,1,0
CFG_060,I[13-15],4,3,3,1,0
CFG_060,I[16-18],4,3,3,1,0
CFG_060,I[19-20],1,0,0,1,0
CFG_060,I[19-21],3,3,3,0,0
CFG_060,J[00-03],5,3,3,2,0
CFG_060,J[04-06],4,3,3,1,0
CFG_060,J[07-09],4,3,3,1,0
CFG_060,J[10-12],4,3,3,1,0
CFG_060,J[13-15],4,3,3,1,0
CFG_060,J[16-18],4,3,3,1,0
CFG_060,J[19-20],1,0,0,1,0
CFG_060,J[19-21],3,3,3,0,0
CFG_060,K[00-03],5,3,3,2,0
CFG_060,K[04-06],4,3,3,1,0
CFG_060,K[07-09],5,3,3,2,0
CFG_060,K[10-12],5,3,3,2,0
CFG_060,K[13-15],5,3,3,2,0
CFG_060,K[16-18],5,3,3,2,0
CFG_060,K[19-21],3,3,2,0,0
CFG_063,A[00-03],3,3,3,0,0
CFG_063,A[04-06],3,3,3,0,0
CFG_063,A[07-09],3,3,3,0,0
CFG_063,A[10-12],3,3,3,0,0
CFG_063,A[13-15],3,3,3,0,0
CFG_063,B[00-03],3,3,3,0,0
CFG_063,B[04-06],3,3,3,0,0
CFG_063,B[07-09],3,3,3,0,0
CFG_063,B[10-12],3,3,3,0,0
CFG_063,B[13-15],3,3,3,0,0
CFG_063,B[16-18],3,3,3,0,0
CFG_063,B[19-20],2,0,0,2,0
CFG_063,B[19-21],3,3,3,0,0
CFG_063,D[00-03],5,3,3,2,0
CFG_063,D[04-06],5,3,3,2,0
CFG_063,D[07-09],5,3,3,2,0
CFG_063,D[10-12],5,3,3,2,0
CFG_063,D[13-15],5,3,3,2,0
CFG_063,D[16-18],4,3,3,1,0
CFG_063,D[19-20],1,0,0,1,0
CFG_063,D[19-21],3,3,3,0,0
CFG_063,E[00-03],6,3,3,3,0
CFG_063,E[04-06],6,3,3,3,0
CFG_063,E[07-09],6,3,3,3,0
CFG_063,E[10-12],6,3,3,3,0
CFG_063,E[13-15],6,3,3,3,0
CFG_063,E[16-18],6,3,3,3,0
CFG_063,E[19-20],2,0,0,2,0
CFG_063,E[19-21],4,3,3,1,0
CFG_063,F[00-03],5,3,3,2,0
CFG_063,F[04-06],5,3,3,2,0
CFG_063,F[07-09],6,3,3,3,0
CFG_063,F[10-12],6,3,3,3,0
CFG_063,F[13-15],6,3,3,3,0
CFG_063,F[16-18],6,3,3,3,0
CFG_063,F[19-20],1,0,0,1,0
CFG_063,F[19-21],5,3,3,2,0
CFG_063,G[00-03],5,3,3,2,0
CFG_063,G[04-06],5,3,3,2,0
CFG_063,G[07-09],5,3,3,2,0
CFG_063,G[10-12],5,3,3,2,0
CFG_063,G[13-15],5,3,3,2,0
CFG_063,G[16-18],5,3,3,2,0
CFG_063,G[19-20],1,0,0,1,0
CFG_063,G[19-21],4,3,3,1,0
CFG_063,H[00-03],4,4,4,0,0
CFG_063,H[04-06],4,4,4,0,0
CFG_063,H[07-09],4,4,4,0,0
CFG_063,H[10-12],4,4,4,0,0
CFG_063,H[13-15],4,4,4,0,0
CFG_063,H[16-18],4,4,4,0,0
CFG_063,H[19-20],1,0,0,1,0
CFG_063,H[19-21],3,4,3,0,1
CFG_063,I[00-03],4,4,4,0,0
CFG_063,I[04-06],4,4,4,0,0
CFG_063,I[07-09],4,4,4,0,0
CFG_063,I[10-12],4,4,4,0,0
CFG_063,I[13-15],4,4,4,0,0
CFG_063,I[16-18],4,4,4,0,0
CFG_063,I[19-20],1,0,0,1,0
CFG_063,I[19-21],3,4,3,0,1
CFG_063,J[00-03],5,5,5,0,0
CFG_063,J[04-06],4,5,4,0,1
CFG_063,J[07-09],4,5,4,0,1
CFG_063,J[10-12],4,5,4,0,1
CFG_063,J[13-15],4,5,4,0,1
CFG_063,J[16-18],4,5,4,0,1
CFG_063,J[19-20],1,0,0,1,0
CFG_063,J[19-21],3,5,3,0,2
CFG_063,K[00-03],5,8,5,0,3
CFG_063,K[04-06],4,8,4,0,4
CFG_063,K[07-09],5,8,5,0,3
CFG_063,K[10-12],5,8,5,0,3
CFG_063,K[13-15],5,8,5,0,3
CFG_063,K[16-18],5,8,5,0,3
CFG_063,K[19-21],3,8,3,0,5
CFG_064,A[00-03],3,3,3,0,0
CFG_064,A[04-06],3,3,3,0,0
CFG_064,A[07-09],3,3,3,0,0
CFG_064,A[10-12],3,3,3,0,0
CFG_064,A[13-15],3,3,3,0,0
CFG_064,B[00-03],3,3,3,0,0
CFG_064,B[04-06],3,3,3,0,0
CFG_064,B[07-09],3,3,3,0,0
CFG_064,B[10-12],3,3,3,0,0
CFG_064,B[13-15],3,3,3,0,0
CFG_064,B[16-18],3,3,3,0,0
CFG_064,B[19-20],2,0,0,2,0
CFG_064,B[19-21],3,3,3,0,0
CFG_064,D[00-03],5,3,3,2,0
CFG_064,D[04-06],5,3,3,2,0
CFG_064,D[07-09],5,3,3,2,0
CFG_064,D[10-12],5,3,3,2,0
CFG_064,D[13-15],5,3,3,2,0
CFG_064,D[16-18],4,3,3,1,0
CFG_064,D[19-20],1,0,0,1,0
CFG_064,D[19-21],3,3,3,0,0
CFG_064,E[00-03],6,3,3,3,0
CFG_064,E[04-06],6,3,3,3,0
CFG_064,E[07-09],6,3,3,3,0
CFG_064,E[10-12],6,3,3,3,0
CFG_064,E[13-15],6,3,3,3,0
CFG_064,E[16-18],6,3,3,3,0
CFG_064,E[19-20],2,0,0,2,0
CFG_064,E[19-21],4,3,3,1,0
CFG_064,F[00-03],5,3,3,2,0
CFG_064,F[04-06],5,3,3,2,0
CFG_064,F[07-09],6,3,3,3,0
CFG_064,F[10-12],6,3,3,3,0
CFG_064,F[13-15],6,3,3,3,0
CFG_064,F[16-18],6,3,3,3,0
CFG_064,F[19-20],1,0,0,1,0
CFG_064,F[19-21],5,3,3,2,0
CFG_064,G[00-03],5,3,3,2,0
CFG_064,G[04-06],5,3,3,2,0
CFG_064,G[07-09],5,3,3,2,0
CFG_064,G[10-12],5,3,3,2,0
CFG_064,G[13-15],5,3,3,2,0
CFG_064,G[16-18],5,3,3,2,0
CFG_064,G[19-20],1,0,0,1,0
CFG_064,G[19-21],4,3,3,1,0
CFG_064,H[00-03],4,3,3,1,0
CFG_064,H[04-06],4,3,3,1,0
CFG_064,H[07-09],4,3,3,1,0
CFG_064,H[10-12],4,3,3,1,0
CFG_064,H[13-15],4,3,3,1,0
CFG_064,H[16-18],4,3,3,1,0
CFG_064,H[19-20],1,0,0,1,0
CFG_064,H[19-21],3,3,3,0,0
CFG_064,I[00-03],4,5,4,0,1
CFG_064,I[04-06],4,5,4,0,1
CFG_064,I[07-09],4,5,4,0,1
CFG_064,I[10-12],4,5,4,0,1
CFG_064,I[13-15],4,5,4,0,1
CFG_064,I[16-18],4,5,4,0,1
CFG_064,I[19-20],1,0,0,1,0
CFG_064,I[19-21],3,5,3,0,2
CFG_064,J[00-03],5,8,5,0,3
CFG_064,J[04-06],4,8,4,0,4
CFG_064,J[07-09],4,8,4,0,4
CFG_064,J[10-12],4,8,3,0,4
CFG_064,J[13-15],4,8,3,0,4
CFG_064,J[16-18],4,8,3,0,4
CFG_064,J[19-20],1,0,0,1,0
CFG_064,J[19-21],3,8,3,0,5
CFG_064,K[00-03],5,8,5,0,3
CFG_064,K[04-06],4,8,3,0,4
CFG_064,K[07-09],5,8,5,0,3
CFG_064,K[10-12],5,8,5,0,3
CFG_064,K[13-15],5,8,5,0,3
CFG_064,K[16-18],5,8,5,0,3
CFG_064,K[19-21],3,8,3,0,5
CFG_065,A[00-03],3,6,3,0,3
CFG_065,A[04-06],3,6,3,0,3
CFG_065,A[07-09],3,6,3,0,3
CFG_065,A[10-12],3,6,3,0,3
CFG_065,A[13-15],3,6,3,0,3
CFG_065,B[00-03],3,9,3,0,6
CFG_065,B[04-06],3,9,3,0,6
CFG_065,B[07-09],3,9,3,0,6
CFG_065,B[10-12],3,9,3,0,6
CFG_065,B[13-15],3,9,3,0,6
CFG_065,B[16-18],3,9,3,0,6
CFG_065,B[19-20],2,0,0,2,0
CFG_065,B[19-21],3,9,3,0,6
CFG_065,D[00-03],5,7,5,0,2
CFG_065,D[04-06],5,7,5,0,2
CFG_065,D[07-09],5,7,5,0,2
CFG_065,D[10-12],5,7,5,0,2
CFG_065,D[13-15],5,7,5,0,2
CFG_065,D[16-18],4,7,4,0,3
CFG_065,D[19-20],1,0,0,1,0
CFG_065,D[19-21],3,7,3,0,4
CFG_065,E[00-03],6,5,5,1,0
CFG_065,E[04-06],6,5,5,1,0
CFG_065,E[07-09],6,5,5,1,0
CFG_065,E[10-12],6,5,5,1,0
CFG_065,E[13-15],6,5,5,1,0
CFG_065,E[16-18],6,5,5,1,0
CFG_065,E[19-20],2,0,0,2,0
CFG_065,E[19-21],4,5,3,0,1
CFG_065,F[00-03],5,5,5,0,0
CFG_065,F[04-06],5,5,5,0,0
CFG_065,F[07-09],6,5,5,1,0
CFG_065,F[10-12],6,5,5,1,0
CFG_065,F[13-15],6,5,5,1,0
CFG_065,F[16-18],6,5,5,1,0
CFG_065,F[19-20],1,0,0,1,0
CFG_065,F[19-21],5,5,5,0,0
CFG_065,G[00-03],5,3,3,2,0
CFG_065,G[04-06],5,3,3,2,0
CFG_065,G[07-09],5,3,3,2,0
CFG_065,G[10-12],5,3,3,2,0
CFG_065,G[13-15],5,3,3,2,0
CFG_065,G[16-18],5,3,3,2,0
CFG_065,G[19-20],1,0,0,1,0
CFG_065,G[19-21],4,3,3,1,0
CFG_065,H[00-03],4,3,3,1,0
CFG_065,H[04-06],4,3,3,1,0
CFG_065,H[07-09],4,3,3,1,0
CFG_065,H[10-12],4,3,3,1,0
CFG_065,H[13-15],4,3,3,1,0
CFG_065,H[16-18],4,3,3,1,0
CFG_065,H[19-20],1,0,0,1,0
CFG_065,H[19-21],3,3,3,0,0
CFG_065,I[00-03],4,3,3,1,0
CFG_065,I[04-06],4,3,3,1,0
CFG_065,I[07-09],4,3,3,1,0
CFG_065,I[10-12],4,3,3,1,0
CFG_065,I[13-15],4,3,3,1,0
CFG_065,I[16-18],4,3,3,1,0
CFG_065,I[19-20],1,0,0,1,0
CFG_065,I[19-21],3,3,3,0,0
CFG_065,J[00-03],5,3,3,2,0
CFG_065,J[04-06],4,3,3,1,0
CFG_065,J[07-09],4,3,3,1,0
CFG_065,J[10-12],4,3,3,1,0
CFG_065,J[13-15],4,3,3,1,0
CFG_065,J[16-18],4,3,3,1,0
CFG_065,J[19-20],1,0,0,1,0
CFG_065,J[19-21],3,3,3,0,0
CFG_065,K[00-03],5,3,3,2,0
CFG_065,K[04-06],4,3,3,1,0
CFG_065,K[07-09],5,3,3,2,0
CFG_065,K[10-12],5,3,3,2,0
CFG_065,K[13-15],5,3,3,2,0
CFG_065,K[16-18],5,3,3,2,0
CFG_065,K[19-21],3,3,3,0,0
CFG_066,A[00-03],3,11,3,0,8
CFG_066,A[04-06],3,11,3,0,8
CFG_066,A[07-09],3,11,3,0,8
CFG_066,A[10-12],3,11,3,0,8
CFG_066,A[13-15],3,11,3,0,8
CFG_066,B[00-03],3,8,3,0,5
CFG_066,B[04-06],3,8,3,0,5
CFG_066,B[07-09],3,8,3,0,5
CFG_066,B[10-12],3,8,3,0,5
CFG_066,B[13-15],3,8,3,0,5
CFG_066,B[16-18],3,8,3,0,5
CFG_066,B[19-20],2,0,0,2,0
CFG_066,B[19-21],3,8,3,0,5
CFG_066,D[00-03],5,6,4,0,1
CFG_066,D[04-06],5,6,4,0,1
CFG_066,D[07-09],5,6,4,0,1
CFG_066,D[10-12],5,6,4,0,1
CFG_066,D[13-15],5,6,4,0,1
CFG_066,D[16-18],4,6,4,0,2
CFG_066,D[19-20],1,0,0,1,0
CFG_066,D[19-21],3,6,3,0,3
CFG_066,E[00-03],6,4,4,2,0
CFG_066,E[04-06],6,4,4,2,0
CFG_066,E[07-09],6,4,4,2,0
CFG_066,E[10-12],6,4,4,2,0
CFG_066,E[13-15],6,4,4,2,0
CFG_066,E[16-18],6,4,4,2,0
CFG_066,E[19-20],2,0,0,2,0
CFG_066,E[19-21],4,4,4,0,0
CFG_066,F[00-03],5,5,5,0,0
CFG_066,F[04-06],5,5,5,0,0
CFG_066,F[07-09],6,5,5,1,0
CFG_066,F[10-12],6,5,5,1,0
CFG_066,F[13-15],6,5,5,1,0
CFG_066,F[16-18],6,5,5,1,0
CFG_066,F[19-20],1,0,0,1,0
CFG_066,F[19-21],5,5,5,0,0
CFG_066,G[00-03],5,3,3,2,0
CFG_066,G[04-06],5,3,3,2,0
CFG_066,G[07-09],5,3,3,2,0
CFG_066,G[10-12],5,3,3,2,0
CFG_066,G[13-15],5,3,3,2,0
CFG_066,G[16-18],5,3,3,2,0
CFG_066,G[19-20],1,0,0,1,0
CFG_066,G[19-21],4,3,3,1,0
CFG_066,H[00-03],4,3,3,1,0
CFG_066,H[04-06],4,3,3,1,0
CFG_066,H[07-09],4,3,3,1,0
CFG_066,H[10-12],4,3,3,1,0
CFG_066,H[13-15],4,3,3,1,0
CFG_066,H[16-18],4,3,3,1,0
CFG_066,H[19-20],1,0,0,1,0
CFG_066,H[19-21],3,3,3,0,0
CFG_066,I[00-03],4,3,3,1,0
CFG_066,I[04-06],4,3,3,1,0
CFG_066,I[07-09],4,3,3,1,0
CFG_066,I[10-12],4,3,3,1,0
CFG_066,I[13-15],4,3,3,1,0
CFG_066,I[16-18],4,3,3,1,0
CFG_066,I[19-20],1,0,0,1,0
CFG_066,I[19-21],3,3,3,0,0
CFG_066,J[00-03],5,3,3,2,0
CFG_066,J[04-06],4,3,3,1,0
CFG_066,J[07-09],4,3,3,1,0
CFG_066,J[10-12],4,3,3,1,0
CFG_066,J[13-15],4,3,3,1,0
CFG_066,J[16-18],4,3,3,1,0
CFG_066,J[19-20],1,0,0,1,0
CFG_066,J[19-21],3,3,3,0,0
CFG_066,K[00-03],5,3,3,2,0
CFG_066,K[04-06],4,3,3,1,0
CFG_066,K[07-09],5,3,3,2,0
CFG_066,K[10-12],5,3,3,2,0
CFG_066,K[13-15],5,3,3,2,0
CFG_066,K[16-18],5,3,3,2,0
CFG_066,K[19-21],3,3,3,0,0
CFG_067,A[00-03],3,8,3,0,5
CFG_067,A[04-06],3,8,3,0,5
CFG_067,A[07-09],3,8,3,0,5
CFG_067,A[10-12],3,8,3,0,5
CFG_067,A[13-15],3,8,3,0,5
CFG_067,B[00-03],3,9,3,0,6
CFG_067,B[04-06],3,9,3,0,6
CFG_067,B[07-09],3,9,3,0,6
CFG_067,B[10-12],3,9,3,0,6
CFG_067,B[13-15],3,9,3,0,6
CFG_067,B[16-18],3,9,3,0,6
CFG_067,B[19-20],2,0,0,2,0
CFG_067,B[19-21],3,9,3,0,6
CFG_067,D[00-03],5,8,5,0,3
CFG_067,D[04-06],5,8,5,0,3
CFG_067,D[07-09],5,8,5,0,3
CFG_067,D[10-12],5,8,5,0,3
CFG_067,D[13-15],5,8,5,0,3
CFG_067,D[16-18],4,8,4,0,4
CFG_067,D[19-20],1,0,0,1,0
CFG_067,D[19-21],3,8,3,0,5
CFG_067,E[00-03],6,5,5,1,0
CFG_067,E[04-06],6,5,5,1,0
CFG_067,E[07-09],6,5,5,1,0
CFG_067,E[10-12],6,5,5,1,0
CFG_067,E[13-15],6,5,5,1,0
CFG_067,E[16-18],6,5,5,1,0
CFG_067,E[19-20],2,0,0,2,0
CFG_067,E[19-21],4,5,4,0,1
CFG_067,F[00-03],5,4,4,1,0
CFG_067,F[04-06],5,4,4,1,0
CFG_067,F[07-09],6,4,4,2,0
CFG_067,F[10-12],6,4,4,2,0
CFG_067,F[13-15],6,4,4,2,0
CFG_067,F[16-18],6,4,4,2,0
CFG_067,F[19-20],1,0,0,1,0
CFG_067,F[19-21],5,4,4,1,0
CFG_067,G[00-03],5,3,3,2,0
CFG_067,G[04-06],5,3,3,2,0
CFG_067,G[07-09],5,3,3,2,0
CFG_067,G[10-12],5,3,3,2,0
CFG_067,G[13-15],5,3,3,2,0
CFG_067,G[16-18],5,3,3,2,0
CFG_067,G[19-20],1,0,0,1,0
CFG_067,G[19-21],4,3,3,1,0
CFG_067,H[00-03],4,3,3,1,0
CFG_067,H[04-06],4,3,3,1,0
CFG_067,H[07-09],4,3,3,1,0
CFG_067,H[10-12],4,3,3,1,0
CFG_067,H[13-15],4,3,3,1,0
CFG_067,H[16-18],4,3,3,1,0
CFG_067,H[19-20],1,0,0,1,0
CFG_067,H[19-21],3,3,3,0,0
CFG_067,I[00-03],4,3,3,1,0
CFG_067,I[04-06],4,3,3,1,0
CFG_067,I[07-09],4,3,3,1,0
CFG_067,I[10-12],4,3,3,1,0
CFG_067,I[13-15],4,3,3,1,0
CFG_067,I[16-18],4,3,3,1,0
CFG_067,I[19-20],1,0,0,1,0
CFG_067,I[19-21],3,3,3,0,0
CFG_067,J[00-03],5,3,3,2,0
CFG_067,J[04-06],4,3,3,1,0
CFG_067,J[07-09],4,3,3,1,0
CFG_067,J[10-12],4,3,3,1,0
CFG_067,J[13-15],4,3,3,1,0
CFG_067,J[16-18],4,3,3,1,0
CFG_067,J[19-20],1,0,0,1,0
CFG_067,J[19-21],3,3,3,0,0
CFG_067,K[00-03],5,3,3,2,0
CFG_067,K[04-06],4,3,3,1,0
CFG_067,K[07-09],5,3,3,2,0
CFG_067,K[10-12],5,3,3,2,0
CFG_067,K[13-15],5,3,3,2,0
CFG_067,K[16-18],5,3,3,2,0
CFG_067,K[19-21],3,3,3,0,0
CFG_068,A[00-03],3,11,3,0,8
CFG_068,A[04-06],3,11,3,0,8
CFG_068,A[07-09],3,11,3,0,8
CFG_068,A[10-12],3,11,3,0,8
CFG_068,A[13-15],3,11,3,0,8
CFG_068,B[00-03],3,9,3,0,6
CFG_068,B[04-06],3,9,3,0,6
CFG_068,B[07-09],3,9,3,0,6
CFG_068,B[10-12],3,9,3,0,6
CFG_068,B[13-15],3,9,3,0,6
CFG_068,B[16-18],3,9,3,0,6
CFG_068,B[19-20],2,0,0,2,0
CFG_068,B[19-21],3,9,3,0,6
CFG_068,D[00-03],5,6,5,0,1
CFG_068,D[04-06],5,6,5,0,1
CFG_068,D[07-09],5,6,5,0,1
CFG_068,D[10-12],5,6,5,0,1
CFG_068,D[13-15],5,6,5,0,1
CFG_068,D[16-18],4,6,4,0,2
CFG_068,D[19-20],1,0,0,1,0
CFG_068,D[19-21],3,6,3,0,3
CFG_068,E[00-03],6,6,6,0,0
CFG_068,E[04-06],6,6,6,0,0
CFG_068,E[07-09],6,6,6,0,0
CFG_068,E[10-12],6,6,6,0,0
CFG_068,E[13-15],6,6,6,0,0
CFG_068,E[16-18],6,6,6,0,0
CFG_068,E[19-20],2,0,0,2,0
CFG_068,E[19-21],4,6,4,0,2
CFG_068,F[00-03],5,3,3,2,0
CFG_068,F[04-06],5,3,3,2,0
CFG_068,F[07-09],6,3,3,3,0
CFG_068,F[10-12],6,3,3,3,0
CFG_068,F[13-15],6,3,3,3,0
CFG_068,F[16-18],6,3,3,3,0
CFG_068,F[19-20],1,0,0,1,0
CFG_068,F[19-21],5,3,3,2,0
CFG_068,G[00-03],5,3,3,2,0
CFG_068,G[04-06],5,3,3,2,0
CFG_068,G[07-09],5,3,3,2,0
CFG_068,G[10-12],5,3,3,2,0
CFG_068,G[13-15],5,3,3,2,0
CFG_068,G[16-18],5,3,3,2,0
CFG_068,G[19-20],1,0,0,1,0
CFG_068,G[19-21],4,3,3,1,0
CFG_068,H[00-03],4,3,3,1,0
CFG_068,H[04-06],4,3,3,1,0
CFG_068,H[07-09],4,3,3,1,0
CFG_068,H[10-12],4,3,3,1,0
CFG_068,H[13-15],4,3,3,1,0
CFG_068,H[16-18],4,3,3,1,0
CFG_068,H[19-20],1,0,0,1,0
CFG_068,H[19-21],3,3,3,0,0
CFG_068,I[00-03],4,3,3,1,0
CFG_068,I[04-06],4,3,3,1,0
CFG_068,I[07-09],4,3,3,1,0
CFG_068,I[10-12],4,3,3,1,0
CFG_068,I[13-15],4,3,3,1,0
CFG_068,I[16-18],4,3,3,1,0
CFG_068,I[19-20],1,0,0,1,0
CFG_068,I[19-21],3,3,3,0,0
CFG_068,J[00-03],5,3,3,2,0
CFG_068,J[04-06],4,3,3,1,0
CFG_068,J[07-09],4,3,3,1,0
CFG_068,J[10-12],4,3,3,1,0
CFG_068,J[13-15],4,3,3,1,0
CFG_068,J[16-18],4,3,3,1,0
CFG_068,J[19-20],1,0,0,1,0
CFG_068,J[19-21],3,3,3,0,0
CFG_068,K[00-03],5,3,3,2,0
CFG_068,K[04-06],4,3,3,1,0
CFG_068,K[07-09],5,3,3,2,0
CFG_068,K[10-12],5,3,3,2,0
CFG_068,K[13-15],5,3,3,2,0
CFG_068,K[16-18],5,3,3,2,0
CFG_068,K[19-21],3,3,3,0,0
CFG_069,A[00-03],3,10,3,0,7
CFG_069,A[04-06],3,10,3,0,7
CFG_069,A[07-09],3,10,3,0,7
CFG_069,A[10-12],3,10,3,0,7
CFG_069,A[13-15],3,10,3,0,7
CFG_069,B[00-03],3,9,3,0,6
CFG_069,B[04-06],3,9,3,0,6
CFG_069,B[07-09],3,9,3,0,6
CFG_069,B[10-12],3,9,3,0,6
CFG_069,B[13-15],3,9,3,0,6
CFG_069,B[16-18],3,9,3,0,6
CFG_069,B[19-20],2,0,0,2,0
CFG_069,B[19-21],3,9,3,0,6
CFG_069,D[00-03],5,7,5,0,2
CFG_069,D[04-06],5,7,5,0,2
CFG_069,D[07-09],5,7,5,0,2
CFG_069,D[10-12],5,7,5,0,2
CFG_069,D[13-15],5,7,5,0,2
CFG_069,D[16-18],4,7,4,0,3
CFG_069,D[19-20],1,0,0,1,0
CFG_069,D[19-21],3,7,3,0,4
CFG_069,E[00-03],6,5,5,1,0
CFG_069,E[04-06],6,5,5,1,0
CFG_069,E[07-09],6,5,5,1,0
CFG_069,E[10-12],6,5,5,1,0
CFG_069,E[13-15],6,5,5,1,0
CFG_069,E[16-18],6,5,5,1,0
CFG_069,E[19-20],2,0,0,2,0
CFG_069,E[19-21],4,5,4,0,1
CFG_069,F[00-03],5,4,4,1,0
CFG_069,F[04-06],5,4,4,1,0
CFG_069,F[07-09],6,4,4,2,0
CFG_069,F[10-12],6,4,4,2,0
CFG_069,F[13-15],6,4,4,2,0
CFG_069,F[16-18],6,4,4,2,0
CFG_069,F[19-20],1,0,0,1,0
CFG_069,F[19-21],5,4,4,1,0
CFG_069,G[00-03],5,3,3,2,0
CFG_069,G[04-06],5,3,3,2,0
CFG_069,G[07-09],5,3,3,2,0
CFG_069,G[10-12],5,3,3,2,0
CFG_069,G[13-15],5,3,3,2,0
CFG_069,G[16-18],5,3,3,2,0
CFG_069,G[19-20],1,0,0,1,0
CFG_069,G[19-21],4,3,3,1,0
CFG_069,H[00-03],4,3,3,1,0
CFG_069,H[04-06],4,3,3,1,0
CFG_069,H[07-09],4,3,3,1,0
CFG_069,H[10-12],4,3,3,1,0
CFG_069,H[13-15],4,3,3,1,0
CFG_069,H[16-18],4,3,3,1,0
CFG_069,H[19-20],1,0,0,1,0
CFG_069,H[19-21],3,3,3,0,0
CFG_069,I[00-03],4,3,3,1,0
CFG_069,I[04-06],4,3,3,1,0
CFG_069,I[07-09],4,3,3,1,0
CFG_069,I[10-12],4,3,3,1,0
CFG_069,I[13-15],4,3,3,1,0
CFG_069,I[16-18],4,3,3,1,0
CFG_069,I[19-20],1,0,0,1,0
CFG_069,I[19-21],3,3,3,0,0
CFG_069,J[00-03],5,3,3,2,0
CFG_069,J[04-06],4,3,3,1,0
CFG_069,J[07-09],4,3,3,1,0
CFG_069,J[10-12],4,3,3,1,0
CFG_069,J[13-15],4,3,3,1,0
CFG_069,J[16-18],4,3,3,1,0
CFG_069,J[19-20],1,0,0,1,0
CFG_069,J[19-21],3,3,3,0,0
CFG_069,K[00-03],5,3,3,2,0
CFG_069,K[04-06],4,3,3,1,0
CFG_069,K[07-09],5,3,3,2,0
CFG_069,K[10-12],5,3,3,2,0
CFG_069,K[13-15],5,3,3,2,0
CFG_069,K[16-18],5,3,3,2,0
CFG_069,K[19-21],3,3,3,0,0
CFG_070,A[00-03],3,9,3,0,6
CFG_070,A[04-06],3,9,3,0,6
CFG_070,A[07-09],3,9,3,0,6
CFG_070,A[10-12],3,9,3,0,6
CFG_070,A[13-15],3,9,3,0,6
CFG_070,B[00-03],3,10,3,0,7
CFG_070,B[04-06],3,10,3,0,7
CFG_070,B[07-09],3,10,3,0,7
CFG_070,B[10-12],3,10,3,0,7
CFG_070,B[13-15],3,10,3,0,7
CFG_070,B[16-18],3,10,3,0,7
CFG_070,B[19-20],2,0,0,2,0
CFG_070,B[19-21],3,10,3,0,7
CFG_070,D[00-03],5,5,5,0,0
CFG_070,D[04-06],5,5,5,0,0
CFG_070,D[07-09],5,5,5,0,0
CFG_070,D[10-12],5,5,5,0,0
CFG_070,D[13-15],5,5,5,0,0
CFG_070,D[16-18],4,5,4,0,1
CFG_070,D[19-20],1,0,0,1,0
CFG_070,D[19-21],3,5,3,0,2
CFG_070,E[00-03],6,6,6,0,0
CFG_070,E[04-06],6,6,6,0,0
CFG_070,E[07-09],6,6,6,0,0
CFG_070,E[10-12],6,6,6,0,0
CFG_070,E[13-15],6,6,6,0,0
CFG_070,E[16-18],6,6,6,0,0
CFG_070,E[19-20],2,0,0,2,0
CFG_070,E[19-21],4,6,4,0,2
CFG_070,F[00-03],5,5,5,0,0
CFG_070,F[04-06],5,5,5,0,0
CFG_070,F[07-09],6,5,5,1,0
CFG_070,F[10-12],6,5,5,1,0
CFG_070,F[13-15],6,5,5,1,0
CFG_070,F[16-18],6,5,5,1,0
CFG_070,F[19-20],1,0,0,1,0
CFG_070,F[19-21],5,5,5,0,0
CFG_070,G[00-03],5,3,3,2,0
CFG_070,G[04-06],5,3,3,2,0
CFG_070,G[07-09],5,3,3,2,0
CFG_070,G[10-12],5,3,3,2,0
CFG_070,G[13-15],5,3,3,2,0
CFG_070,G[16-18],5,3,3,2,0
CFG_070,G[19-20],1,0,0,1,0
CFG_070,G[19-21],4,3,3,1,0
CFG_070,H[00-03],4,3,3,1,0
CFG_070,H[04-06],4,3,3,1,0
CFG_070,H[07-09],4,3,3,1,0
CFG_070,H[10-12],4,3,3,1,0
CFG_070,H[13-15],4,3,3,1,0
CFG_070,H[16-18],4,3,3,1,0
CFG_070,H[19-20],1,0,0,1,0
CFG_070,H[19-21],3,3,3,0,0
CFG_070,I[00-03],4,3,3,1,0
CFG_070,I[04-06],4,3,3,1,0
CFG_070,I[07-09],4,3,3,1,0
CFG_070,I[10-12],4,3,3,1,0
CFG_070,I[13-15],4,3,3,1,0
CFG_070,I[16-18],4,3,3,1,0
CFG_070,I[19-20],1,0,0,1,0
CFG_070,I[19-21],3,3,3,0,0
CFG_070,J[00-03],5,3,3,2,0
CFG_070,J[04-06],4,3,3,1,0
CFG_070,J[07-09],4,3,3,1,0
CFG_070,J[10-12],4,3,3,1,0
CFG_070,J[13-15],4,3,3,1,0
CFG_070,J[16-18],4,3,3,1,0
CFG_070,J[19-20],1,0,0,1,0
CFG_070,J[19-21],3,3,3,0,0
CFG_070,K[00-03],5,3,3,2,0
CFG_070,K[04-06],4,3,3,1,0
CFG_070,K[07-09],5,3,3,2,0
CFG_070,K[10-12],5,3,3,2,0
CFG_070,K[13-15],5,3,3,2,0
CFG_070,K[16-18],5,3,3,2,0
CFG_070,K[19-21],3,3,3,0,0
CFG_073,A[00-03],3,3,2,0,0
CFG_073,A[04-06],3,3,2,0,0
CFG_073,A[07-09],3,3,2,0,0
CFG_073,A[10-12],3,3,2,0,0
CFG_073,A[13-15],3,3,2,0,0
CFG_073,B[00-03],3,3,2,0,0
CFG_073,B[04-06],3,3,2,0,0
CFG_073,B[07-09],3,3,2,0,0
CFG_073,B[10-12],3,3,2,0,0
CFG_073,B[13-15],3,3,2,0,0
CFG_073,B[16-18],3,3,2,0,0
CFG_073,B[19-20],2,0,0,2,0
CFG_073,B[19-21],3,3,2,0,0
CFG_073,D[00-03],5,3,3,2,0
CFG_073,D[04-06],5,3,3,2,0
CFG_073,D[07-09],5,3,3,2,0
CFG_073,D[10-12],5,3,3,2,0
CFG_073,D[13-15],5,3,3,2,0
CFG_073,D[16-18],4,3,3,1,0
CFG_073,D[19-20],1,0,0,1,0
CFG_073,D[19-21],3,3,3,0,0
CFG_073,E[00-03],6,3,3,3,0
CFG_073,E[04-06],6,3,3,3,0
CFG_073,E[07-09],6,3,3,3,0
CFG_073,E[10-12],6,3,3,3,0
CFG_073,E[13-15],6,3,3,3,0
CFG_073,E[16-18],6,3,3,3,0
CFG_073,E[19-20],2,0,0,2,0
CFG_073,E[19-21],4,3,3,1,0
CFG_073,F[00-03],5,3,3,2,0
CFG_073,F[04-06],5,3,3,2,0
CFG_073,F[07-09],6,3,3,3,0
CFG_073,F[10-12],6,3,3,3,0
CFG_073,F[13-15],6,3,3,3,0
CFG_073,F[16-18],6,3,3,3,0
CFG_073,F[19-20],1,0,0,1,0
CFG_073,F[19-21],5,3,3,2,0
CFG_073,G[00-03],5,4,4,1,0
CFG_073,G[04-06],5,4,4,1,0
CFG_073,G[07-09],5,4,4,1,0
CFG_073,G[10-12],5,4,4,1,0
CFG_073,G[13-15],5,4,4,1,0
CFG_073,G[16-18],5,4,4,1,0
CFG_073,G[19-20],1,0,0,1,0
CFG_073,G[19-21],4,4,4,0,0
CFG_073,H[00-03],4,4,4,0,0
CFG_073,H[04-06],4,4,4,0,0
CFG_073,H[07-09],4,4,4,0,0
CFG_073,H[10-12],4,4,4,0,0
CFG_073,H[13-15],4,4,4,0,0
CFG_073,H[16-18],4,4,4,0,0
CFG_073,H[19-20],1,0,0,1,0
CFG_073,H[19-21],3,4,3,0,1
CFG_073,I[00-03],4,4,4,0,0
CFG_073,I[04-06],4,4,4,0,0
CFG_073,I[07-09],4,4,4,0,0
CFG_073,I[10-12],4,4,4,0,0
CFG_073,I[13-15],4,4,4,0,0
CFG_073,I[16-18],4,4,4,0,0
CFG_073,I[19-20],1,0,0,1,0
CFG_073,I[19-21],3,4,3,0,1
CFG_073,J[00-03],5,5,5,0,0
CFG_073,J[04-06],4,5,4,0,1
CFG_073,J[07-09],4,5,4,0,1
CFG_073,J[10-12],4,5,4,0,1
CFG_073,J[13-15],4,5,4,0,1
CFG_073,J[16-18],4,5,4,0,1
CFG_073,J[19-20],1,0,0,1,0
CFG_073,J[19-21],3,5,3,0,2
CFG_073,K[00-03],5,6,5,0,1
CFG_073,K[04-06],4,6,4,0,2
CFG_073,K[07-09],5,6,5,0,1
CFG_073,K[10-12],5,6,5,0,1
CFG_073,K[13-15],5,6,5,0,1
CFG_073,K[16-18],5,6,5,0,1
CFG_073,K[19-21],3,6,3,0,3
CFG_074,A[00-03],3,3,3,0,0
CFG_074,A[04-06],3,3,3,0,0
CFG_074,A[07-09],3,3,3,0,0
CFG_074,A[10-12],3,3,3,0,0
CFG_074,A[13-15],3,3,3,0,0
CFG_074,B[00-03],3,3,3,0,0
CFG_074,B[04-06],3,3,3,0,0
CFG_074,B[07-09],3,3,3,0,0
CFG_074,B[10-12],3,3,3,0,0
CFG_074,B[13-15],3,3,3,0,0
CFG_074,B[16-18],3,3,3,0,0
CFG_074,B[19-20],2,0,0,2,0
CFG_074,B[19-21],3,3,3,0,0
CFG_074,D[00-03],5,3,3,2,0
CFG_074,D[04-06],5,3,3,2,0
CFG_074,D[07-09],5,3,3,2,0
CFG_074,D[10-12],5,3,3,2,0
CFG_074,D[13-15],5,3,3,2,0
CFG_074,D[16-18],4,3,3,1,0
CFG_074,D[19-20],1,0,0,1,0
CFG_074,D[19-21],3,3,3,0,0
CFG_074,E[00-03],6,3,3,3,0
CFG_074,E[04-06],6,3,3,3,0
CFG_074,E[07-09],6,3,3,3,0
CFG_074,E[10-12],6,3,3,3,0
CFG_074,E[13-15],6,3,3,3,0
CFG_074,E[16-18],6,3,3,3,0
CFG_074,E[19-20],2,0,0,2,0
CFG_074,E[19-21],4,3,3,1,0
CFG_074,F[00-03],5,3,3,2,0
CFG_074,F[04-06],5,3,3,2,0
CFG_074,F[07-09],6,3,3,3,0
CFG_074,F[10-12],6,3,3,3,0
CFG_074,F[13-15],6,3,3,3,0
CFG_074,F[16-18],6,3,3,3,0
CFG_074,F[19-20],1,0,0,1,0
CFG_074,F[19-21],5,3,3,2,0
CFG_074,G[00-03],5,3,3,2,0
CFG_074,G[04-06],5,3,3,2,0
CFG_074,G[07-09],5,3,3,2,0
CFG_074,G[10-12],5,3,3,2,0
CFG_074,G[13-15],5,3,3,2,0
CFG_074,G[16-18],5,3,3,2,0
CFG_074,G[19-20],1,0,0,1,0
CFG_074,G[19-21],4,3,3,1,0
CFG_074,H[00-03],4,5,4,0,1
CFG_074,H[04-06],4,5,4,0,1
CFG_074,H[07-09],4,5,4,0,1
CFG_074,H[10-12],4,5,4,0,1
CFG_074,H[13-15],4,5,4,0,1
CFG_074,H[16-18],4,5,4,0,1
CFG_074,H[19-20],1,0,0,1,0
CFG_074,H[19-21],3,5,3,0,2
CFG_074,I[00-03],4,5,4,0,1
CFG_074,I[04-06],4,5,4,0,1
CFG_074,I[07-09],4,5,4,0,1
CFG_074,I[10-12],4,5,4,0,1
CFG_074,I[13-15],4,5,4,0,1
CFG_074,I[16-18],4,5,4,0,1
CFG_074,I[19-20],1,0,0,1,0
CFG_074,I[19-21],3,5,3,0,2
CFG_074,J[00-03],5,5,5,0,0
CFG_074,J[04-06],4,5,4,0,1
CFG_074,J[07-09],4,5,4,0,1
CFG_074,J[10-12],4,5,4,0,1
CFG_074,J[13-15],4,5,4,0,1
CFG_074,J[16-18],4,5,4,0,1
CFG_074,J[19-20],1,0,0,1,0
CFG_074,J[19-21],3,5,3,0,2
CFG_074,K[00-03],5,7,5,0,2
CFG_074,K[04-06],4,7,4,0,3
CFG_074,K[07-09],5,7,5,0,2
CFG_074,K[10-12],5,7,5,0,2
CFG_074,K[13-15],5,7,5,0,2
CFG_074,K[16-18],5,7,5,0,2
CFG_074,K[19-21],3,7,3,0,4
CFG_075,A[00-03],3,4,3,0,1
CFG_075,A[04-06],3,4,3,0,1
CFG_075,A[07-09],3,4,3,0,1
CFG_075,A[10-12],3,4,3,0,1
CFG_075,A[13-15],3,4,3,0,1
CFG_075,B[00-03],3,4,3,0,1
CFG_075,B[04-06],3,4,3,0,1
CFG_075,B[07-09],3,4,3,0,1
CFG_075,B[10-12],3,4,3,0,1
CFG_075,B[13-15],3,4,3,0,1
CFG_075,B[16-18],3,4,3,0,1
CFG_075,B[19-20],2,0,0,2,0
CFG_075,B[19-21],3,4,3,0,1
CFG_075,D[00-03],5,7,5,0,2
CFG_075,D[04-06],5,7,5,0,2
CFG_075,D[07-09],5,7,5,0,2
CFG_075,D[10-12],5,7,5,0,2
CFG_075,D[13-15],5,7,5,0,2
CFG_075,D[16-18],4,7,4,0,3
CFG_075,D[19-20],1,0,0,1,0
CFG_075,D[19-21],3,7,3,0,4
CFG_075,E[00-03],6,4,4,2,0
CFG_075,E[04-06],6,4,4,2,0
CFG_075,E[07-09],6,4,4,2,0
CFG_075,E[10-12],6,4,4,2,0
CFG_075,E[13-15],6,4,4,2,0
CFG_075,E[16-18],6,4,4,2,0
CFG_075,E[19-20],2,0,0,2,0
CFG_075,E[19-21],4,4,4,0,0
CFG_075,F[00-03],5,3,3,2,0
CFG_075,F[04-06],5,3,3,2,0
CFG_075,F[07-09],6,3,3,3,0
CFG_075,F[10-12],6,3,3,3,0
CFG_075,F[13-15],6,3,3,3,0
CFG_075,F[16-18],6,3,3,3,0
CFG_075,F[19-20],1,0,0,1,0
CFG_075,F[19-21],5,3,3,2,0
CFG_075,G[00-03],5,5,5,0,0
CFG_075,G[04-06],5,5,5,0,0
CFG_075,G[07-09],5,5,5,0,0
CFG_075,G[10-12],5,5,5,0,0
CFG_075,G[13-15],5,5,5,0,0
CFG_075,G[16-18],5,5,5,0,0
CFG_075,G[19-20],1,0,0,1,0
CFG_075,G[19-21],4,5,4,0,1
CFG_075,H[00-03],4,4,4,0,0
CFG_075,H[04-06],4,4,4,0,0
CFG_075,H[07-09],4,4,4,0,0
CFG_075,H[10-12],4,4,4,0,0
CFG_075,H[13-15],4,4,4,0,0
CFG_075,H[16-18],4,4,4,0,0
CFG_075,H[19-20],1,0,0,1,0
CFG_075,H[19-21],3,4,3,0,1
CFG_075,I[00-03],4,6,4,0,2
CFG_075,I[04-06],4,6,4,0,2
CFG_075,I[07-09],4,6,4,0,2
CFG_075,I[10-12],4,6,4,0,2
CFG_075,I[13-15],4,6,4,0,2
CFG_075,I[16-18],4,6,4,0,2
CFG_075,I[19-20],1,0,0,1,0
CFG_075,I[19-21],3,6,3,0,3
CFG_075,J[00-03],5,3,3,2,0
CFG_075,J[04-06],4,3,3,1,0
CFG_075,J[07-09],4,3,3,1,0
CFG_075,J[10-12],4,3,3,1,0
CFG_075,J[13-15],4,3,3,1,0
CFG_075,J[16-18],4,3,3,1,0
CFG_075,J[19-20],1,0,0,1,0
CFG_075,J[19-21],3,3,3,0,0
CFG_075,K[00-03],5,3,3,2,0
CFG_075,K[04-06],4,3,3,1,0
CFG_075,K[07-09],5,3,3,2,0
CFG_075,K[10-12],5,3,3,2,0
CFG_075,K[13-15],5,3,3,2,0
CFG_075,K[16-18],5,3,3,2,0
CFG_075,K[19-21],3,3,3,0,0
CFG_076,A[00-03],3,7,3,0,4
CFG_076,A[04-06],3,7,3,0,4
CFG_076,A[07-09],3,7,3,0,4
CFG_076,A[10-12],3,7,3,0,4
CFG_076,A[13-15],3,7,3,0,4
CFG_076,B[00-03],3,8,3,0,5
CFG_076,B[04-06],3,8,3,0,5
CFG_076,B[07-09],3,8,3,0,5
CFG_076,B[10-12],3,8,3,0,5
CFG_076,B[13-15],3,8,3,0,5
CFG_076,B[16-18],3,8,3,0,5
CFG_076,B[19-20],2,0,0,2,0
CFG_076,B[19-21],3,8,3,0,5
CFG_076,D[00-03],5,6,5,0,1
CFG_076,D[04-06],5,6,5,0,1
CFG_076,D[07-09],5,6,5,0,1
CFG_076,D[10-12],5,6,5,0,1
CFG_076,D[13-15],5,6,5,0,1
CFG_076,D[16-18],4,6,4,0,2
CFG_076,D[19-20],1,0,0,1,0
CFG_076,D[19-21],3,6,3,0,3
CFG_076,E[00-03],6,5,5,1,0
CFG_076,E[04-06],6,5,5,1,0
CFG_076,E[07-09],6,5,5,1,0
CFG_076,E[10-12],6,5,5,1,0
CFG_076,E[13-15],6,5,5,1,0
CFG_076,E[16-18],6,5,5,1,0
CFG_076,E[19-20],2,0,0,2,0
CFG_076,E[19-21],4,5,4,0,1
CFG_076,F[00-03],5,3,3,2,0
CFG_076,F[04-06],5,3,3,2,0
CFG_076,F[07-09],6,3,3,3,0
CFG_076,F[10-12],6,3,3,3,0
CFG_076,F[13-15],6,3,3,3,0
CFG_076,F[16-18],6,3,3,3,0
CFG_076,F[19-20],1,0,0,1,0
CFG_076,F[19-21],5,3,3,2,0
CFG_076,G[00-03],5,3,3,2,0
CFG_076,G[04-06],5,3,3,2,0
CFG_076,G[07-09],5,3,3,2,0
CFG_076,G[10-12],5,3,3,2,0
CFG_076,G[13-15],5,3,3,2,0
CFG_076,G[16-18],5,3,3,2,0
CFG_076,G[19-20],1,0,0,1,0
CFG_076,G[19-21],4,3,3,1,0
CFG_076,H[00-03],4,3,3,1,0
CFG_076,H[04-06],4,3,3,1,0
CFG_076,H[07-09],4,3,3,1,0
CFG_076,H[10-12],4,3,3,1,0
CFG_076,H[13-15],4,3,3,1,0
CFG_076,H[16-18],4,3,3,1,0
CFG_076,H[19-20],1,0,0,1,0
CFG_076,H[19-21],3,3,3,0,0
CFG_076,I[00-03],4,4,4,0,0
CFG_076,I[04-06],4,4,4,0,0
CFG_076,I[07-09],4,4,4,0,0
CFG_076,I[10-12],4,4,4,0,0
CFG_076,I[13-15],4,4,4,0,0
CFG_076,I[16-18],4,4,4,0,0
CFG_076,I[19-20],1,0,0,1,0
CFG_076,I[19-21],3,4,3,0,1
CFG_076,J[00-03],5,3,3,2,0
CFG_076,J[04-06],4,3,3,1,0
CFG_076,J[07-09],4,3,3,1,0
CFG_076,J[10-12],4,3,3,1,0
CFG_076,J[13-15],4,3,3,1,0
CFG_076,J[16-18],4,3,3,1,0
CFG_076,J[19-20],1,0,0,1,0
CFG_076,J[19-21],3,3,2,0,0
CFG_076,K[00-03],5,3,3,2,0
CFG_076,K[04-06],4,3,3,1,0
CFG_076,K[07-09],5,3,3,2,0
CFG_076,K[10-12],5,3,3,2,0
CFG_076,K[13-15],5,3,3,2,0
CFG_076,K[16-18],5,3,3,2,0
CFG_076,K[19-21],3,3,2,0,0
CFG_077,A[00-03],3,7,3,0,4
CFG_077,A[04-06],3,7,3,0,4
CFG_077,A[07-09],3,7,3,0,4
CFG_077,A[10-12],3,7,3,0,4
CFG_077,A[13-15],3,7,3,0,4
CFG_077,B[00-03],3,9,3,0,6
CFG_077,B[04-06],3,9,3,0,6
CFG_077,B[07-09],3,9,3,0,6
CFG_077,B[10-12],3,9,3,0,6
CFG_077,B[13-15],3,9,3,0,6
CFG_077,B[16-18],3,9,3,0,6
CFG_077,B[19-20],2,0,0,2,0
CFG_077,B[19-21],3,9,3,0,6
CFG_077,D[00-03],5,6,4,0,1
CFG_077,D[04-06],5,6,4,0,1
CFG_077,D[07-09],5,6,4,0,1
CFG_077,D[10-12],5,6,4,0,1
CFG_077,D[13-15],5,6,4,0,1
CFG_077,D[16-18],4,6,4,0,2
CFG_077,D[19-20],1,0,0,1,0
CFG_077,D[19-21],3,6,3,0,3
CFG_077,E[00-03],6,3,3,3,0
CFG_077,E[04-06],6,3,3,3,0
CFG_077,E[07-09],6,3,3,3,0
CFG_077,E[10-12],6,3,3,3,0
CFG_077,E[13-15],6,3,3,3,0
CFG_077,E[16-18],6,3,3,3,0
CFG_077,E[19-20],2,0,0,2,0
CFG_077,E[19-21],4,3,3,1,0
CFG_077,F[00-03],5,4,4,1,0
CFG_077,F[04-06],5,4,4,1,0
CFG_077,F[07-09],6,4,4,2,0
CFG_077,F[10-12],6,4,4,2,0
CFG_077,F[13-15],6,4,4,2,0
CFG_077,F[16-18],6,4,4,2,0
CFG_077,F[19-20],1,0,0,1,0
CFG_077,F[19-21],5,4,4,1,0
CFG_077,G[00-03],5,4,4,1,0
CFG_077,G[04-06],5,4,4,1,0
CFG_077,G[07-09],5,4,4,1,0
CFG_077,G[10-12],5,4,4,1,0
CFG_077,G[13-15],5,4,4,1,0
CFG_077,G[16-18],5,4,4,1,0
CFG_077,G[19-20],1,0,0,1,0
CFG_077,G[19-21],4,4,4,0,0
CFG_077,H[00-03],4,4,4,0,0
CFG_077,H[04-06],4,4,4,0,0
CFG_077,H[07-09],4,4,4,0,0
CFG_077,H[10-12],4,4,4,0,0
CFG_077,H[13-15],4,4,4,0,0
CFG_077,H[16-18],4,4,4,0,0
CFG_077,H[19-20],1,0,0,1,0
CFG_077,H[19-21],3,4,3,0,1
CFG_077,I[00-03],4,3,3,1,0
CFG_077,I[04-06],4,3,3,1,0
CFG_077,I[07-09],4,3,3,1,0
CFG_077,I[10-12],4,3,3,1,0
CFG_077,I[13-15],4,3,3,1,0
CFG_077,I[16-18],4,3,3,1,0
CFG_077,I[19-20],1,0,0,1,0
CFG_077,I[19-21],3,3,3,0,0
CFG_077,J[00-03],5,3,3,2,0
CFG_077,J[04-06],4,3,3,1,0
CFG_077,J[07-09],4,3,3,1,0
CFG_077,J[10-12],4,3,3,1,0
CFG_077,J[13-15],4,3,3,1,0
CFG_077,J[16-18],4,3,3,1,0
CFG_077,J[19-20],1,0,0,1,0
CFG_077,J[19-21],3,3,2,0,0
CFG_077,K[00-03],5,3,3,2,0
CFG_077,K[04-06],4,3,3,1,0
CFG_077,K[07-09],5,3,3,2,0
CFG_077,K[10-12],5,3,3,2,0
CFG_077,K[13-15],5,3,3,2,0
CFG_077,K[16-18],5,3,3,2,0
CFG_077,K[19-21],3,3,2,0,0
CFG_078,A[00-03],3,8,3,0,5
CFG_078,A[04-06],3,8,3,0,5
CFG_078,A[07-09],3,8,3,0,5
CFG_078,A[10-12],3,8,3,0,5
CFG_078,A[13-15],3,8,3,0,5
CFG_078,B[00-03],3,9,3,0,6
CFG_078,B[04-06],3,9,3,0,6
CFG_078,B[07-09],3,9,3,0,6
CFG_078,B[10-12],3,9,3,0,6
CFG_078,B[13-15],3,9,3,0,6
CFG_078,B[16-18],3,9,3,0,6
CFG_078,B[19-20],2,0,0,2,0
CFG_078,B[19-21],3,9,3,0,6
CFG_078,D[00-03],5,6,5,0,1
CFG_078,D[04-06],5,6,5,0,1
CFG_078,D[07-09],5,6,5,0,1
CFG_078,D[10-12],5,6,5,0,1
CFG_078,D[13-15],5,6,5,0,1
CFG_078,D[16-18],4,6,4,0,2
CFG_078,D[19-20],1,0,0,1,0
CFG_078,D[19-21],3,6,3,0,3
CFG_078,E[00-03],6,5,5,1,0
CFG_078,E[04-06],6,5,5,1,0
CFG_078,E[07-09],6,5,5,1,0
CFG_078,E[10-12],6,5,5,1,0
CFG_078,E[13-15],6,5,5,1,0
CFG_078,E[16-18],6,5,5,1,0
CFG_078,E[19-20],2,0,0,2,0
CFG_078,E[19-21],4,5,4,0,1
CFG_078,F[00-03],5,4,4,1,0
CFG_078,F[04-06],5,4,4,1,0
CFG_078,F[07-09],6,4,4,2,0
CFG_078,F[10-12],6,4,4,2,0
CFG_078,F[13-15],6,4,4,2,0
CFG_078,F[16-18],6,4,4,2,0
CFG_078,F[19-20],1,0,0,1,0
CFG_078,F[19-21],5,4,4,1,0
CFG_078,G[00-03],5,4,4,1,0
CFG_078,G[04-06],5,4,4,1,0
CFG_078,G[07-09],5,4,4,1,0
CFG_078,G[10-12],5,4,4,1,0
CFG_078,G[13-15],5,4,4,1,0
CFG_078,G[16-18],5,4,4,1,0
CFG_078,G[19-20],1,0,0,1,0
CFG_078,G[19-21],4,4,4,0,0
CFG_078,H[00-03],4,3,3,1,0
CFG_078,H[04-06],4,3,3,1,0
CFG_078,H[07-09],4,3,3,1,0
CFG_078,H[10-12],4,3,3,1,0
CFG_078,H[13-15],4,3,3,1,0
CFG_078,H[16-18],4,3,3,1,0
CFG_078,H[19-20],1,0,0,1,0
CFG_078,H[19-21],3,3,3,0,0
CFG_078,I[00-03],4,3,3,1,0
CFG_078,I[04-06],4,3,3,1,0
CFG_078,I[07-09],4,3,3,1,0
CFG_078,I[10-12],4,3,3,1,0
CFG_078,I[13-15],4,3,3,1,0
CFG_078,I[16-18],4,3,3,1,0
CFG_078,I[19-20],1,0,0,1,0
CFG_078,I[19-21],3,3,3,0,0
CFG_078,J[00-03],5,3,3,2,0
CFG_078,J[04-06],4,3,3,1,0
CFG_078,J[07-09],4,3,3,1,0
CFG_078,J[10-12],4,3,3,1,0
CFG_078,J[13-15],4,3,3,1,0
CFG_078,J[16-18],4,3,3,1,0
CFG_078,J[19-20],1,0,0,1,0
CFG_078,J[19-21],3,3,2,0,0
CFG_078,K[00-03],5,3,3,2,0
CFG_078,K[04-06],4,3,3,1,0
CFG_078,K[07-09],5,3,3,2,0
CFG_078,K[10-12],5,3,3,2,0
CFG_078,K[13-15],5,3,3,2,0
CFG_078,K[16-18],5,3,3,2,0
CFG_078,K[19-21],3,3,2,0,0
CFG_079,A[00-03],3,8,3,0,5
CFG_079,A[04-06],3,8,3,0,5
CFG_079,A[07-09],3,8,3,0,5
CFG_079,A[10-12],3,8,3,0,5
CFG_079,A[13-15],3,8,3,0,5
CFG_079,B[00-03],3,9,3,0,6
CFG_079,B[04-06],3,9,3,0,6
CFG_079,B[07-09],3,9,3,0,6
CFG_079,B[10-12],3,9,3,0,6
CFG_079,B[13-15],3,9,3,0,6
CFG_079,B[16-18],3,9,3,0,6
CFG_079,B[19-20],2,0,0,2,0
CFG_079,B[19-21],3,9,3,0,6
CFG_079,D[00-03],5,5,5,0,0
CFG_079,D[04-06],5,5,5,0,0
CFG_079,D[07-09],5,5,5,0,0
CFG_079,D[10-12],5,5,5,0,0
CFG_079,D[13-15],5,5,5,0,0
CFG_079,D[16-18],4,5,3,0,1
CFG_079,D[19-20],1,0,0,1,0
CFG_079,D[19-21],3,5,3,0,2
CFG_079,E[00-03],6,6,6,0,0
CFG_079,E[04-06],6,6,6,0,0
CFG_079,E[07-09],6,6,6,0,0
CFG_079,E[10-12],6,6,6,0,0
CFG_079,E[13-15],6,6,6,0,0
CFG_079,E[16-18],6,6,6,0,0
CFG_079,E[19-20],2,0,0,2,0
CFG_079,E[19-21],4,6,4,0,2
CFG_079,F[00-03],5,3,3,2,0
CFG_079,F[04-06],5,3,3,2,0
CFG_079,F[07-09],6,3,3,3,0
CFG_079,F[10-12],6,3,3,3,0
CFG_079,F[13-15],6,3,3,3,0
CFG_079,F[16-18],6,3,3,3,0
CFG_079,F[19-20],1,0,0,1,0
CFG_079,F[19-21],5,3,3,2,0
CFG_079,G[00-03],5,3,3,2,0
CFG_079,G[04-06],5,3,3,2,0
CFG_079,G[07-09],5,3,3,2,0
CFG_079,G[10-12],5,3,3,2,0
CFG_079,G[13-15],5,3,3,2,0
CFG_079,G[16-18],5,3,3,2,0
CFG_079,G[19-20],1,0,0,1,0
CFG_079,G[19-21],4,3,3,1,0
CFG_079,H[00-03],4,3,3,1,0
CFG_079,H[04-06],4,3,3,1,0
CFG_079,H[07-09],4,3,3,1,0
CFG_079,H[10-12],4,3,3,1,0
CFG_079,H[13-15],4,3,3,1,0
CFG_079,H[16-18],4,3,3,1,0
CFG_079,H[19-20],1,0,0,1,0
CFG_079,H[19-21],3,3,3,0,0
CFG_079,I[00-03],4,4,4,0,0
CFG_079,I[04-06],4,4,4,0,0
CFG_079,I[07-09],4,4,4,0,0
CFG_079,I[10-12],4,4,4,0,0
CFG_079,I[13-15],4,4,4,0,0
CFG_079,I[16-18],4,4,4,0,0
CFG_079,I[19-20],1,0,0,1,0
CFG_079,I[19-21],3,4,3,0,1
CFG_079,J[00-03],5,3,3,2,0
CFG_079,J[04-06],4,3,3,1,0
CFG_079,J[07-09],4,3,3,1,0
CFG_079,J[10-12],4,3,3,1,0
CFG_079,J[13-15],4,3,3,1,0
CFG_079,J[16-18],4,3,3,1,0
CFG_079,J[19-20],1,0,0,1,0
CFG_079,J[19-21],3,3,3,0,0
CFG_079,K[00-03],5,3,3,2,0
CFG_079,K[04-06],4,3,3,1,0
CFG_079,K[07-09],5,3,3,2,0
CFG_079,K[10-12],5,3,3,2,0
CFG_079,K[13-15],5,3,3,2,0
CFG_079,K[16-18],5,3,3,2,0
CFG_079,K[19-21],3,3,3,0,0
CFG_080,A[00-03],3,9,3,0,6
CFG_080,A[04-06],3,9,3,0,6
CFG_080,A[07-09],3,9,3,0,6
CFG_080,A[10-12],3,9,3,0,6
CFG_080,A[13-15],3,9,3,0,6
CFG_080,B[00-03],3,8,3,0,5
CFG_080,B[04-06],3,8,3,0,5
CFG_080,B[07-09],3,8,3,0,5
CFG_080,B[10-12],3,8,3,0,5
CFG_080,B[13-15],3,8,3,0,5
CFG_080,B[16-18],3,8,3,0,5
CFG_080,B[19-20],2,0,0,2,0
CFG_080,B[19-21],3,8,3,0,5
CFG_080,D[00-03],5,6,5,0,1
CFG_080,D[04-06],5,6,5,0,1
CFG_080,D[07-09],5,6,5,0,1
CFG_080,D[10-12],5,6,5,0,1
CFG_080,D[13-15],5,6,5,0,1
CFG_080,D[16-18],4,6,3,0,2
CFG_080,D[19-20],1,0,0,1,0
CFG_080,D[19-21],3,6,3,0,3
CFG_080,E[00-03],6,6,6,0,0
CFG_080,E[04-06],6,6,6,0,0
CFG_080,E[07-09],6,6,6,0,0
CFG_080,E[10-12],6,6,6,0,0
CFG_080,E[13-15],6,6,6,0,0
CFG_080,E[16-18],6,6,6,0,0
CFG_080,E[19-20],2,0,0,2,0
CFG_080,E[19-21],4,6,4,0,2
CFG_080,F[00-03],5,4,4,1,0
CFG_080,F[04-06],5,4,4,1,0
CFG_080,F[07-09],6,4,4,2,0
CFG_080,F[10-12],6,4,4,2,0
CFG_080,F[13-15],6,4,4,2,0
CFG_080,F[16-18],6,4,4,2,0
CFG_080,F[19-20],1,0,0,1,0
CFG_080,F[19-21],5,4,4,1,0
CFG_080,G[00-03],5,3,3,2,0
CFG_080,G[04-06],5,3,3,2,0
CFG_080,G[07-09],5,3,3,2,0
CFG_080,G[10-12],5,3,3,2,0
CFG_080,G[13-15],5,3,3,2,0
CFG_080,G[16-18],5,3,3,2,0
CFG_080,G[19-20],1,0,0,1,0
CFG_080,G[19-21],4,3,3,1,0
CFG_080,H[00-03],4,3,3,1,0
CFG_080,H[04-06],4,3,3,1,0
CFG_080,H[07-09],4,3,3,1,0
CFG_080,H[10-12],4,3,3,1,0
CFG_080,H[13-15],4,3,3,1,0
CFG_080,H[16-18],4,3,3,1,0
CFG_080,H[19-20],1,0,0,1,0
CFG_080,H[19-21],3,3,3,0,0
CFG_080,I[00-03],4,3,3,1,0
CFG_080,I[04-06],4,3,3,1,0
CFG_080,I[07-09],4,3,3,1,0
CFG_080,I[10-12],4,3,3,1,0
CFG_080,I[13-15],4,3,3,1,0
CFG_080,I[16-18],4,3,3,1,0
CFG_080,I[19-20],1,0,0,1,0
CFG_080,I[19-21],3,3,3,0,0
CFG_080,J[00-03],5,3,3,2,0
CFG_080,J[04-06],4,3,3,1,0
CFG_080,J[07-09],4,3,3,1,0
CFG_080,J[10-12],4,3,3,1,0
CFG_080,J[13-15],4,3,3,1,0
CFG_080,J[16-18],4,3,3,1,0
CFG_080,J[19-20],1,0,0,1,0
CFG_080,J[19-21],3,3,3,0,0
CFG_080,K[00-03],5,3,3,2,0
CFG_080,K[04-06],4,3,3,1,0
CFG_080,K[07-09],5,3,3,2,0
CFG_080,K[10-12],5,3,3,2,0
CFG_080,K[13-15],5,3,3,2,0
CFG_080,K[16-18],5,3,3,2,0
CFG_080,K[19-21],3,3,3,0,0
CFG_083,A[00-03],3,3,3,0,0
CFG_083,A[04-06],3,3,3,0,0
CFG_083,A[07-09],3,3,3,0,0
CFG_083,A[10-12],3,3,3,0,0
CFG_083,A[13-15],3,3,3,0,0
CFG_083,B[00-03],3,3,3,0,0
CFG_083,B[04-06],3,3,3,0,0
CFG_083,B[07-09],3,3,3,0,0
CFG_083,B[10-12],3,3,3,0,0
CFG_083,B[13-15],3,3,3,0,0
CFG_083,B[16-18],3,3,3,0,0
CFG_083,B[19-20],2,0,0,2,0
CFG_083,B[19-21],3,3,3,0,0
CFG_083,D[00-03],5,3,3,2,0
CFG_083,D[04-06],5,3,3,2,0
CFG_083,D[07-09],5,3,3,2,0
CFG_083,D[10-12],5,3,3,2,0
CFG_083,D[13-15],5,3,3,2,0
CFG_083,D[16-18],4,3,3,1,0
CFG_083,D[19-20],1,0,0,1,0
CFG_083,D[19-21],3,3,3,0,0
CFG_083,E[00-03],6,3,3,3,0
CFG_083,E[04-06],6,3,3,3,0
CFG_083,E[07-09],6,3,3,3,0
CFG_083,E[10-12],6,3,3,3,0
CFG_083,E[13-15],6,3,3,3,0
CFG_083,E[16-18],6,3,3,3,0
CFG_083,E[19-20],2,0,0,2,0
CFG_083,E[19-21],4,3,3,1,0
CFG_083,F[00-03],5,4,4,1,0
CFG_083,F[04-06],5,4,4,1,0
CFG_083,F[07-09],6,4,4,2,0
CFG_083,F[10-12],6,4,4,2,0
CFG_083,F[13-15],6,4,4,2,0
CFG_083,F[16-18],6,4,4,2,0
CFG_083,F[19-20],1,0,0,1,0
CFG_083,F[19-21],5,4,4,1,0
CFG_083,G[00-03],5,4,4,1,0
CFG_083,G[04-06],5,4,4,1,0
CFG_083,G[07-09],5,4,4,1,0
CFG_083,G[10-12],5,4,4,1,0
CFG_083,G[13-15],5,4,4,1,0
CFG_083,G[16-18],5,4,4,1,0
CFG_083,G[19-20],1,0,0,1,0
CFG_083,G[19-21],4,4,4,0,0
CFG_083,H[00-03],4,4,4,0,0
CFG_083,H[04-06],4,4,4,0,0
CFG_083,H[07-09],4,4,4,0,0
CFG_083,H[10-12],4,4,4,0,0
CFG_083,H[13-15],4,4,4,0,0
CFG_083,H[16-18],4,4,4,0,0
CFG_083,H[19-20],1,0,0,1,0
CFG_083,H[19-21],3,4,3,0,1
CFG_083,I[00-03],4,4,4,0,0
CFG_083,I[04-06],4,4,4,0,0
CFG_083,I[07-09],4,4,4,0,0
CFG_083,I[10-12],4,4,4,0,0
CFG_083,I[13-15],4,4,4,0,0
CFG_083,I[16-18],4,4,4,0,0
CFG_083,I[19-20],1,0,0,1,0
CFG_083,I[19-21],3,4,3,0,1
CFG_083,J[00-03],5,4,4,1,0
CFG_083,J[04-06],4,4,4,0,0
CFG_083,J[07-09],4,4,4,0,0
CFG_083,J[10-12],4,4,4,0,0
CFG_083,J[13-15],4,4,4,0,0
CFG_083,J[16-18],4,4,4,0,0
CFG_083,J[19-20],1,0,0,1,0
CFG_083,J[19-21],3,4,3,0,1
CFG_083,K[00-03],5,5,5,0,0
CFG_083,K[04-06],4,5,4,0,1
CFG_083,K[07-09],5,5,5,0,0
CFG_083,K[10-12],5,5,5,0,0
CFG_083,K[13-15],5,5,5,0,0
CFG_083,K[16-18],5,5,5,0,0
CFG_083,K[19-21],3,5,3,0,2
CFG_084,A[00-03],3,3,3,0,0
CFG_084,A[04-06],3,3,3,0,0
CFG_084,A[07-09],3,3,3,0,0
CFG_084,A[10-12],3,3,3,0,0
CFG_084,A[13-15],3,3,3,0,0
CFG_084,B[00-03],3,3,3,0,0
CFG_084,B[04-06],3,3,3,0,0
CFG_084,B[07-09],3,3,3,0,0
CFG_084,B[10-12],3,3,3,0,0
CFG_084,B[13-15],3,3,3,0,0
CFG_084,B[16-18],3,3,3,0,0
CFG_084,B[19-20],2,0,0,2,0
CFG_084,B[19-21],3,3,3,0,0
CFG_084,D[00-03],5,3,3,2,0
CFG_084,D[04-06],5,3,3,2,0
CFG_084,D[07-09],5,3,3,2,0
CFG_084,D[10-12],5,3,3,2,0
CFG_084,D[13-15],5,3,3,2,0
CFG_084,D[16-18],4,3,3,1,0
CFG_084,D[19-20],1,0,0,1,0
CFG_084,D[19-21],3,3,3,0,0
CFG_084,E[00-03],6,3,3,3,0
CFG_084,E[04-06],6,3,3,3,0
CFG_084,E[07-09],6,3,3,3,0
CFG_084,E[10-12],6,3,3,3,0
CFG_084,E[13-15],6,3,3,3,0
CFG_084,E[16-18],6,3,3,3,0
CFG_084,E[19-20],2,0,0,2,0
CFG_084,E[19-21],4,3,3,1,0
CFG_084,F[00-03],5,3,3,2,0
CFG_084,F[04-06],5,3,3,2,0
CFG_084,F[07-09],6,3,3,3,0
CFG_084,F[10-12],6,3,3,3,0
CFG_084,F[13-15],6,3,3,3,0
CFG_084,F[16-18],6,3,3,3,0
CFG_084,F[19-20],1,0,0,1,0
CFG_084,F[19-21],5,3,3,2,0
CFG_084,G[00-03],5,3,3,2,0
CFG_084,G[04-06],5,3,3,2,0
CFG_084,G[07-09],5,3,3,2,0
CFG_084,G[10-12],5,3,3,2,0
CFG_084,G[13-15],5,3,3,2,0
CFG_084,G[16-18],5,3,3,2,0
CFG_084,G[19-20],1,0,0,1,0
CFG_084,G[19-21],4,3,3,1,0
CFG_084,H[00-03],4,3,3,1,0
CFG_084,H[04-06],4,3,3,1,0
CFG_084,H[07-09],4,3,3,1,0
CFG_084,H[10-12],4,3,3,1,0
CFG_084,H[13-15],4,3,3,1,0
CFG_084,H[16-18],4,3,3,1,0
CFG_084,H[19-20],1,0,0,1,0
CFG_084,H[19-21],3,3,3,0,0
CFG_084,I[00-03],4,4,4,0,0
CFG_084,I[04-06],4,4,4,0,0
CFG_084,I[07-09],4,4,4,0,0
CFG_084,I[10-12],4,4,4,0,0
CFG_084,I[13-15],4,4,4,0,0
CFG_084,I[16-18],4,4,4,0,0
CFG_084,I[19-20],1,0,0,1,0
CFG_084,I[19-21],3,4,3,0,1
CFG_084,J[00-03],5,7,5,0,2
CFG_084,J[04-06],4,7,4,0,3
CFG_084,J[07-09],4,7,4,0,3
CFG_084,J[10-12],4,7,4,0,3
CFG_084,J[13-15],4,7,4,0,3
CFG_084,J[16-18],4,7,4,0,3
CFG_084,J[19-20],1,0,0,1,0
CFG_084,J[19-21],3,7,3,0,4
CFG_084,K[00-03],5,7,5,0,2
CFG_084,K[04-06],4,7,4,0,3
CFG_084,K[07-09],5,7,5,0,2
CFG_084,K[10-12],5,7,5,0,2
CFG_084,K[13-15],5,7,5,0,2
CFG_084,K[16-18],5,7,5,0,2
CFG_084,K[19-21],3,7,3,0,4
CFG_085,A[00-03],3,3,2,0,0
CFG_085,A[04-06],3,3,2,0,0
CFG_085,A[07-09],3,3,2,0,0
CFG_085,A[10-12],3,3,2,0,0
CFG_085,A[13-15],3,3,2,0,0
CFG_085,B[00-03],3,7,3,0,4
CFG_085,B[04-06],3,7,3,0,4
CFG_085,B[07-09],3,7,3,0,4
CFG_085,B[10-12],3,7,3,0,4
CFG_085,B[13-15],3,7,3,0,4
CFG_085,B[16-18],3,7,3,0,4
CFG_085,B[19-20],2,0,0,2,0
CFG_085,B[19-21],3,7,3,0,4
CFG_085,D[00-03],5,7,5,0,2
CFG_085,D[04-06],5,7,5,0,2
CFG_085,D[07-09],5,7,5,0,2
CFG_085,D[10-12],5,7,5,0,2
CFG_085,D[13-15],5,7,5,0,2
CFG_085,D[16-18],4,7,4,0,3
CFG_085,D[19-20],1,0,0,1,0
CFG_085,D[19-21],3,7,3,0,4
CFG_085,E[00-03],6,5,5,1,0
CFG_085,E[04-06],6,5,5,1,0
CFG_085,E[07-09],6,5,5,1,0
CFG_085,E[10-12],6,5,5,1,0
CFG_085,E[13-15],6,5,5,1,0
CFG_085,E[16-18],6,5,5,1,0
CFG_085,E[19-20],2,0,0,2,0
CFG_085,E[19-21],4,5,4,0,1
CFG_085,F[00-03],5,4,4,1,0
CFG_085,F[04-06],5,4,4,1,0
CFG_085,F[07-09],6,4,4,2,0
CFG_085,F[10-12],6,4,4,2,0
CFG_085,F[13-15],6,4,4,2,0
CFG_085,F[16-18],6,4,4,2,0
CFG_085,F[19-20],1,0,0,1,0
CFG_085,F[19-21],5,4,4,1,0
CFG_085,G[00-03],5,3,3,2,0
CFG_085,G[04-06],5,3,3,2,0
CFG_085,G[07-09],5,3,3,2,0
CFG_085,G[10-12],5,3,3,2,0
CFG_085,G[13-15],5,3,3,2,0
CFG_085,G[16-18],5,3,3,2,0
CFG_085,G[19-20],1,0,0,1,0
CFG_085,G[19-21],4,3,3,1,0
CFG_085,H[00-03],4,3,3,1,0
CFG_085,H[04-06],4,3,3,1,0
CFG_085,H[07-09],4,3,3,1,0
CFG_085,H[10-12],4,3,3,1,0
CFG_085,H[13-15],4,3,3,1,0
CFG_085,H[16-18],4,3,3,1,0
CFG_085,H[19-20],1,0,0,1,0
CFG_085,H[19-21],3,3,3,0,0
CFG_085,I[00-03],4,3,3,1,0
CFG_085,I[04-06],4,3,3,1,0
CFG_085,I[07-09],4,3,3,1,0
CFG_085,I[10-12],4,3,3,1,0
CFG_085,I[13-15],4,3,3,1,0
CFG_085,I[16-18],4,3,3,1,0
CFG_085,I[19-20],1,0,0,1,0
CFG_085,I[19-21],3,3,3,0,0
CFG_085,J[00-03],5,3,3,2,0
CFG_085,J[04-06],4,3,3,1,0
CFG_085,J[07-09],4,3,3,1,0
CFG_085,J[10-12],4,3,3,1,0
CFG_085,J[13-15],4,3,3,1,0
CFG_085,J[16-18],4,3,3,1,0
CFG_085,J[19-20],1,0,0,1,0
CFG_085,J[19-21],3,3,3,0,0
CFG_085,K[00-03],5,3,3,2,0
CFG_085,K[04-06],4,3,3,1,0
CFG_085,K[07-09],5,3,3,2,0
CFG_085,K[10-12],5,3,3,2,0
CFG_085,K[13-15],5,3,3,2,0
CFG_085,K[16-18],5,3,3,2,0
CFG_085,K[19-21],3,3,2,0,0
CFG_086,A[00-03],3,5,3,0,2
CFG_086,A[04-06],3,5,3,0,2
CFG_086,A[07-09],3,5,3,0,2
CFG_086,A[10-12],3,5,3,0,2
CFG_086,A[13-15],3,5,3,0,2
CFG_086,B[00-03],3,7,3,0,4
CFG_086,B[04-06],3,7,3,0,4
CFG_086,B[07-09],3,7,3,0,4
CFG_086,B[10-12],3,7,3,0,4
CFG_086,B[13-15],3,7,3,0,4
CFG_086,B[16-18],3,7,3,0,4
CFG_086,B[19-20],2,0,0,2,0
CFG_086,B[19-21],3,7,3,0,4
CFG_086,D[00-03],5,5,5,0,0
CFG_086,D[04-06],5,5,5,0,0
CFG_086,D[07-09],5,5,5,0,0
CFG_086,D[10-12],5,5,5,0,0
CFG_086,D[13-15],5,5,5,0,0
CFG_086,D[16-18],4,5,4,0,1
CFG_086,D[19-20],1,0,0,1,0
CFG_086,D[19-21],3,5,3,0,2
CFG_086,E[00-03],6,6,6,0,0
CFG_086,E[04-06],6,6,6,0,0
CFG_086,E[07-09],6,6,6,0,0
CFG_086,E[10-12],6,6,6,0,0
CFG_086,E[13-15],6,6,6,0,0
CFG_086,E[16-18],6,6,6,0,0
CFG_086,E[19-20],2,0,0,2,0
CFG_086,E[19-21],4,6,4,0,2
CFG_086,F[00-03],5,4,4,1,0
CFG_086,F[04-06],5,4,4,1,0
CFG_086,F[07-09],6,4,4,2,0
CFG_086,F[10-12],6,4,4,2,0
CFG_086,F[13-15],6,4,4,2,0
CFG_086,F[16-18],6,4,4,2,0
CFG_086,F[19-20],1,0,0,1,0
CFG_086,F[19-21],5,4,4,1,0
CFG_086,G[00-03],5,3,3,2,0
CFG_086,G[04-06],5,3,3,2,0
CFG_086,G[07-09],5,3,3,2,0
CFG_086,G[10-12],5,3,3,2,0
CFG_086,G[13-15],5,3,3,2,0
CFG_086,G[16-18],5,3,3,2,0
CFG_086,G[19-20],1,0,0,1,0
CFG_086,G[19-21],4,3,3,1,0
CFG_086,H[00-03],4,3,3,1,0
CFG_086,H[04-06],4,3,3,1,0
CFG_086,H[07-09],4,3,3,1,0
CFG_086,H[10-12],4,3,3,1,0
CFG_086,H[13-15],4,3,3,1,0
CFG_086,H[16-18],4,3,3,1,0
CFG_086,H[19-20],1,0,0,1,0
CFG_086,H[19-21],3,3,3,0,0
CFG_086,I[00-03],4,3,3,1,0
CFG_086,I[04-06],4,3,3,1,0
CFG_086,I[07-09],4,3,3,1,0
CFG_086,I[10-12],4,3,3,1,0
CFG_086,I[13-15],4,3,3,1,0
CFG_086,I[16-18],4,3,3,1,0
CFG_086,I[19-20],1,0,0,1,0
CFG_086,I[19-21],3,3,3,0,0
CFG_086,J[00-03],5,3,3,2,0
CFG_086,J[04-06],4,3,3,1,0
CFG_086,J[07-09],4,3,3,1,0
CFG_086,J[10-12],4,3,3,1,0
CFG_086,J[13-15],4,3,3,1,0
CFG_086,J[16-18],4,3,3,1,0
CFG_086,J[19-20],1,0,0,1,0
CFG_086,J[19-21],3,3,3,0,0
CFG_086,K[00-03],5,3,3,2,0
CFG_086,K[04-06],4,3,3,1,0
CFG_086,K[07-09],5,3,3,2,0
CFG_086,K[10-12],5,3,3,2,0
CFG_086,K[13-15],5,3,3,2,0
CFG_086,K[16-18],5,3,3,2,0
CFG_086,K[19-21],3,3,2,0,0
CFG_087,A[00-03],3,7,3,0,4
CFG_087,A[04-06],3,7,3,0,4
CFG_087,A[07-09],3,7,3,0,4
CFG_087,A[10-12],3,7,3,0,4
CFG_087,A[13-15],3,7,3,0,4
CFG_087,B[00-03],3,7,3,0,4
CFG_087,B[04-06],3,7,3,0,4
CFG_087,B[07-09],3,7,3,0,4
CFG_087,B[10-12],3,7,3,0,4
CFG_087,B[13-15],3,7,3,0,4
CFG_087,B[16-18],3,7,3,0,4
CFG_087,B[19-20],2,0,0,2,0
CFG_087,B[19-21],3,7,3,0,4
CFG_087,D[00-03],5,6,5,0,1
CFG_087,D[04-06],5,6,5,0,1
CFG_087,D[07-09],5,6,5,0,1
CFG_087,D[10-12],5,6,5,0,1
CFG_087,D[13-15],5,6,5,0,1
CFG_087,D[16-18],4,6,4,0,2
CFG_087,D[19-20],1,0,0,1,0
CFG_087,D[19-21],3,6,3,0,3
CFG_087,E[00-03],6,5,5,1,0
CFG_087,E[04-06],6,5,5,1,0
CFG_087,E[07-09],6,5,5,1,0
CFG_087,E[10-12],6,5,5,1,0
CFG_087,E[13-15],6,5,5,1,0
CFG_087,E[16-18],6,5,5,1,0
CFG_087,E[19-20],2,0,0,2,0
CFG_087,E[19-21],4,5,4,0,1
CFG_087,F[00-03],5,3,3,2,0
CFG_087,F[04-06],5,3,3,2,0
CFG_087,F[07-09],6,3,3,3,0
CFG_087,F[10-12],6,3,3,3,0
CFG_087,F[13-15],6,3,3,3,0
CFG_087,F[16-18],6,3,3,3,0
CFG_087,F[19-20],1,0,0,1,0
CFG_087,F[19-21],5,3,3,2,0
CFG_087,G[00-03],5,4,4,1,0
CFG_087,G[04-06],5,4,4,1,0
CFG_087,G[07-09],5,4,4,1,0
CFG_087,G[10-12],5,4,4,1,0
CFG_087,G[13-15],5,4,4,1,0
CFG_087,G[16-18],5,4,4,1,0
CFG_087,G[19-20],1,0,0,1,0
CFG_087,G[19-21],4,4,4,0,0
CFG_087,H[00-03],4,3,3,1,0
CFG_087,H[04-06],4,3,3,1,0
CFG_087,H[07-09],4,3,3,1,0
CFG_087,H[10-12],4,3,3,1,0
CFG_087,H[13-15],4,3,3,1,0
CFG_087,H[16-18],4,3,3,1,0
CFG_087,H[19-20],1,0,0,1,0
CFG_087,H[19-21],3,3,3,0,0
CFG_087,I[00-03],4,3,3,1,0
CFG_087,I[04-06],4,3,3,1,0
CFG_087,I[07-09],4,3,3,1,0
CFG_087,I[10-12],4,3,3,1,0
CFG_087,I[13-15],4,3,3,1,0
CFG_087,I[16-18],4,3,3,1,0
CFG_087,I[19-20],1,0,0,1,0
CFG_087,I[19-21],3,3,3,0,0
CFG_087,J[00-03],5,3,3,2,0
CFG_087,J[04-06],4,3,3,1,0
CFG_087,J[07-09],4,3,3,1,0
CFG_087,J[10-12],4,3,3,1,0
CFG_087,J[13-15],4,3,3,1,0
CFG_087,J[16-18],4,3,3,1,0
CFG_087,J[19-20],1,0,0,1,0
CFG_087,J[19-21],3,3,2,0,0
CFG_087,K[00-03],5,3,3,2,0
CFG_087,K[04-06],4,3,3,1,0
CFG_087,K[07-09],5,3,3,2,0
CFG_087,K[10-12],5,3,3,2,0
CFG_087,K[13-15],5,3,3,2,0
CFG_087,K[16-18],5,3,3,2,0
CFG_087,K[19-21],3,3,2,0,0
CFG_088,A[00-03],3,6,3,0,3
CFG_088,A[04-06],3,6,3,0,3
CFG_088,A[07-09],3,6,3,0,3
CFG_088,A[10-12],3,6,3,0,3
CFG_088,A[13-15],3,6,3,0,3
CFG_088,B[00-03],3,8,3,0,5
CFG_088,B[04-06],3,8,3,0,5
CFG_088,B[07-09],3,8,3,0,5
CFG_088,B[10-12],3,8,3,0,5
CFG_088,B[13-15],3,8,3,0,5
CFG_088,B[16-18],3,8,3,0,5
CFG_088,B[19-20],2,0,0,2,0
CFG_088,B[19-21],3,8,3,0,5
CFG_088,D[00-03],5,7,5,0,2
CFG_088,D[04-06],5,7,5,0,2
CFG_088,D[07-09],5,7,5,0,2
CFG_088,D[10-12],5,7,5,0,2
CFG_088,D[13-15],5,7,5,0,2
CFG_088,D[16-18],4,7,3,0,3
CFG_088,D[19-20],1,0,0,1,0
CFG_088,D[19-21],3,7,3,0,4
CFG_088,E[00-03],6,5,5,1,0
CFG_088,E[04-06],6,5,5,1,0
CFG_088,E[07-09],6,5,5,1,0
CFG_088,E[10-12],6,5,5,1,0
CFG_088,E[13-15],6,5,5,1,0
CFG_088,E[16-18],6,5,5,1,0
CFG_088,E[19-20],2,0,0,2,0
CFG_088,E[19-21],4,5,4,0,1
CFG_088,F[00-03],5,4,4,1,0
CFG_088,F[04-06],5,4,4,1,0
CFG_088,F[07-09],6,4,4,2,0
CFG_088,F[10-12],6,4,4,2,0
CFG_088,F[13-15],6,4,4,2,0
CFG_088,F[16-18],6,4,4,2,0
CFG_088,F[19-20],1,0,0,1,0
CFG_088,F[19-21],5,4,4,1,0
CFG_088,G[00-03],5,3,3,2,0
CFG_088,G[04-06],5,3,3,2,0
CFG_088,G[07-09],5,3,3,2,0
CFG_088,G[10-12],5,3,3,2,0
CFG_088,G[13-15],5,3,3,2,0
CFG_088,G[16-18],5,3,3,2,0
CFG_088,G[19-20],1,0,0,1,0
CFG_088,G[19-21],4,3,3,1,0
CFG_088,H[00-03],4,3,3,1,0
CFG_088,H[04-06],4,3,3,1,0
CFG_088,H[07-09],4,3,3,1,0
CFG_088,H[10-12],4,3,3,1,0
CFG_088,H[13-15],4,3,3,1,0
CFG_088,H[16-18],4,3,3,1,0
CFG_088,H[19-20],1,0,0,1,0
CFG_088,H[19-21],3,3,3,0,0
CFG_088,I[00-03],4,3,3,1,0
CFG_088,I[04-06],4,3,3,1,0
CFG_088,I[07-09],4,3,3,1,0
CFG_088,I[10-12],4,3,3,1,0
CFG_088,I[13-15],4,3,3,1,0
CFG_088,I[16-18],4,3,3,1,0
CFG_088,I[19-20],1,0,0,1,0
CFG_088,I[19-21],3,3,3,0,0
CFG_088,J[00-03],5,3,3,2,0
CFG_088,J[04-06],4,3,3,1,0
CFG_088,J[07-09],4,3,3,1,0
CFG_088,J[10-12],4,3,3,1,0
CFG_088,J[13-15],4,3,3,1,0
CFG_088,J[16-18],4,3,3,1,0
CFG_088,J[19-20],1,0,0,1,0
CFG_088,J[19-21],3,3,3,0,0
CFG_088,K[00-03],5,3,3,2,0
CFG_088,K[04-06],4,3,3,1,0
CFG_088,K[07-09],5,3,3,2,0
CFG_088,K[10-12],5,3,3,2,0
CFG_088,K[13-15],5,3,3,2,0
CFG_088,K[16-18],5,3,3,2,0
CFG_088,K[19-21],3,3,2,0,0
CFG_089,A[00-03],3,7,3,0,4
CFG_089,A[04-06],3,7,3,0,4
CFG_089,A[07-09],3,7,3,0,4
CFG_089,A[10-12],3,7,3,0,4
CFG_089,A[13-15],3,7,3,0,4
CFG_089,B[00-03],3,8,3,0,5
CFG_089,B[04-06],3,8,3,0,5
CFG_089,B[07-09],3,8,3,0,5
CFG_089,B[10-12],3,8,3,0,5
CFG_089,B[13-15],3,8,3,0,5
CFG_089,B[16-18],3,8,3,0,5
CFG_089,B[19-20],2,0,0,2,0
CFG_089,B[19-21],3,8,3,0,5
CFG_089,D[00-03],5,6,4,0,1
CFG_089,D[04-06],5,6,4,0,1
CFG_089,D[07-09],5,6,4,0,1
CFG_089,D[10-12],5,6,4,0,1
CFG_089,D[13-15],5,6,4,0,1
CFG_089,D[16-18],4,6,4,0,2
CFG_089,D[19-20],1,0,0,1,0
CFG_089,D[19-21],3,6,3,0,3
CFG_089,E[00-03],6,5,5,1,0
CFG_089,E[04-06],6,5,5,1,0
CFG_089,E[07-09],6,5,5,1,0
CFG_089,E[10-12],6,5,5,1,0
CFG_089,E[13-15],6,5,5,1,0
CFG_089,E[16-18],6,5,5,1,0
CFG_089,E[19-20],2,0,0,2,0
CFG_089,E[19-21],4,5,4,0,1
CFG_089,F[00-03],5,3,3,2,0
CFG_089,F[04-06],5,3,3,2,0
CFG_089,F[07-09],6,3,3,3,0
CFG_089,F[10-12],6,3,3,3,0
CFG_089,F[13-15],6,3,3,3,0
CFG_089,F[16-18],6,3,3,3,0
CFG_089,F[19-20],1,0,0,1,0
CFG_089,F[19-21],5,3,3,2,0
CFG_089,G[00-03],5,4,4,1,0
CFG_089,G[04-06],5,4,4,1,0
CFG_089,G[07-09],5,4,4,1,0
CFG_089,G[10-12],5,4,4,1,0
CFG_089,G[13-15],5,4,4,1,0
CFG_089,G[16-18],5,4,4,1,0
CFG_089,G[19-20],1,0,0,1,0
CFG_089,G[19-21],4,4,4,0,0
CFG_089,H[00-03],4,3,3,1,0
CFG_089,H[04-06],4,3,3,1,0
CFG_089,H[07-09],4,3,3,1,0
CFG_089,H[10-12],4,3,3,1,0
CFG_089,H[13-15],4,3,3,1,0
CFG_089,H[16-18],4,3,3,1,0
CFG_089,H[19-20],1,0,0,1,0
CFG_089,H[19-21],3,3,3,0,0
CFG_089,I[00-03],4,3,3,1,0
CFG_089,I[04-06],4,3,3,1,0
CFG_089,I[07-09],4,3,3,1,0
CFG_089,I[10-12],4,3,3,1,0
CFG_089,I[13-15],4,3,3,1,0
CFG_089,I[16-18],4,3,3,1,0
CFG_089,I[19-20],1,0,0,1,0
CFG_089,I[19-21],3,3,3,0,0
CFG_089,J[00-03],5,3,3,2,0
CFG_089,J[04-06],4,3,3,1,0
CFG_089,J[07-09],4,3,3,1,0
CFG_089,J[10-12],4,3,3,1,0
CFG_089,J[13-15],4,3,3,1,0
CFG_089,J[16-18],4,3,3,1,0
CFG_089,J[19-20],1,0,0,1,0
CFG_089,J[19-21],3,3,3,0,0
CFG_089,K[00-03],5,3,3,2,0
CFG_089,K[04-06],4,3,3,1,0
CFG_089,K[07-09],5,3,3,2,0
CFG_089,K[10-12],5,3,3,2,0
CFG_089,K[13-15],5,3,3,2,0
CFG_089,K[16-18],5,3,3,2,0
CFG_089,K[19-21],3,3,3,0,0
CFG_090,A[00-03],3,8,3,0,5
CFG_090,A[04-06],3,8,3,0,5
CFG_090,A[07-09],3,8,3,0,5
CFG_090,A[10-12],3,8,3,0,5
CFG_090,A[13-15],3,8,3,0,5
CFG_090,B[00-03],3,8,3,0,5
CFG_090,B[04-06],3,8,3,0,5
CFG_090,B[07-09],3,8,3,0,5
CFG_090,B[10-12],3,8,3,0,5
CFG_090,B[13-15],3,8,3,0,5
CFG_090,B[16-18],3,8,3,0,5
CFG_090,B[19-20],2,0,0,2,0
CFG_090,B[19-21],3,8,3,0,5
CFG_090,D[00-03],5,6,5,0,1
CFG_090,D[04-06],5,6,5,0,1
CFG_090,D[07-09],5,6,5,0,1
CFG_090,D[10-12],5,6,5,0,1
CFG_090,D[13-15],5,6,5,0,1
CFG_090,D[16-18],4,6,4,0,2
CFG_090,D[19-20],1,0,0,1,0
CFG_090,D[19-21],3,6,2,0,3
CFG_090,E[00-03],6,5,5,1,0
CFG_090,E[04-06],6,5,5,1,0
CFG_090,E[07-09],6,5,5,1,0
CFG_090,E[10-12],6,5,5,1,0
CFG_090,E[13-15],6,5,5,1,0
CFG_090,E[16-18],6,5,5,1,0
CFG_090,E[19-20],2,0,0,2,0
CFG_090,E[19-21],4,5,4,0,1
CFG_090,F[00-03],5,4,4,1,0
CFG_090,F[04-06],5,4,4,1,0
CFG_090,F[07-09],6,4,4,2,0
CFG_090,F[10-12],6,4,4,2,0
CFG_090,F[13-15],6,4,4,2,0
CFG_090,F[16-18],6,4,4,2,0
CFG_090,F[19-20],1,0,0,1,0
CFG_090,F[19-21],5,4,4,1,0
CFG_090,G[00-03],5,4,4,1,0
CFG_090,G[04-06],5,4,4,1,0
CFG_090,G[07-09],5,4,4,1,0
CFG_090,G[10-12],5,4,4,1,0
CFG_090,G[13-15],5,4,4,1,0
CFG_090,G[16-18],5,4,4,1,0
CFG_090,G[19-20],1,0,0,1,0
CFG_090,G[19-21],4,4,4,0,0
CFG_090,H[00-03],4,3,3,1,0
CFG_090,H[04-06],4,3,3,1,0
CFG_090,H[07-09],4,3,3,1,0
CFG_090,H[10-12],4,3,3,1,0
CFG_090,H[13-15],4,3,3,1,0
CFG_090,H[16-18],4,3,3,1,0
CFG_090,H[19-20],1,0,0,1,0
CFG_090,H[19-21],3,3,3,0,0
CFG_090,I[00-03],4,3,3,1,0
CFG_090,I[04-06],4,3,3,1,0
CFG_090,I[07-09],4,3,3,1,0
CFG_090,I[10-12],4,3,3,1,0
CFG_090,I[13-15],4,3,3,1,0
CFG_090,I[16-18],4,3,3,1,0
CFG_090,I[19-20],1,0,0,1,0
CFG_090,I[19-21],3,3,3,0,0
CFG_090,J[00-03],5,3,3,2,0
CFG_090,J[04-06],4,3,3,1,0
CFG_090,J[07-09],4,3,3,1,0
CFG_090,J[10-12],4,3,3,1,0
CFG_090,J[13-15],4,3,3,1,0
CFG_090,J[16-18],4,3,3,1,0
CFG_090,J[19-20],1,0,0,1,0
CFG_090,J[19-21],3,3,3,0,0
CFG_090,K[00-03],5,3,3,2,0
CFG_090,K[04-06],4,3,3,1,0
CFG_090,K[07-09],5,3,3,2,0
CFG_090,K[10-12],5,3,3,2,0
CFG_090,K[13-15],5,3,3,2,0
CFG_090,K[16-18],5,3,3,2,0
CFG_090,K[19-21],3,3,3,0,0
CFG_093,A[00-03],3,3,3,0,0
CFG_093,A[04-06],3,3,3,0,0
CFG_093,A[07-09],3,3,3,0,0
CFG_093,A[10-12],3,3,3,0,0
CFG_093,A[13-15],3,3,3,0,0
CFG_093,B[00-03],3,3,3,0,0
CFG_093,B[04-06],3,3,3,0,0
CFG_093,B[07-09],3,3,3,0,0
CFG_093,B[10-12],3,3,3,0,0
CFG_093,B[13-15],3,3,3,0,0
CFG_093,B[16-18],3,3,3,0,0
CFG_093,B[19-20],2,0,0,2,0
CFG_093,B[19-21],3,3,3,0,0
CFG_093,D[00-03],5,3,3,2,0
CFG_093,D[04-06],5,3,3,2,0
CFG_093,D[07-09],5,3,3,2,0
CFG_093,D[10-12],5,3,3,2,0
CFG_093,D[13-15],5,3,3,2,0
CFG_093,D[16-18],4,3,3,1,0
CFG_093,D[19-20],1,0,0,1,0
CFG_093,D[19-21],3,3,3,0,0
CFG_093,E[00-03],6,3,3,3,0
CFG_093,E[04-06],6,3,3,3,0
CFG_093,E[07-09],6,3,3,3,0
CFG_093,E[10-12],6,3,3,3,0
CFG_093,E[13-15],6,3,3,3,0
CFG_093,E[16-18],6,3,3,3,0
CFG_093,E[19-20],2,0,0,2,0
CFG_093,E[19-21],4,3,3,1,0
CFG_093,F[00-03],5,3,3,2,0
CFG_093,F[04-06],5,3,3,2,0
CFG_093,F[07-09],6,3,3,3,0
CFG_093,F[10-12],6,3,3,3,0
CFG_093,F[13-15],6,3,3,3,0
CFG_093,F[16-18],6,3,3,3,0
CFG_093,F[19-20],1,0,0,1,0
CFG_093,F[19-21],5,3,3,2,0
CFG_093,G[00-03],5,3,3,2,0
CFG_093,G[04-06],5,3,3,2,0
CFG_093,G[07-09],5,3,3,2,0
CFG_093,G[10-12],5,3,3,2,0
CFG_093,G[13-15],5,3,3,2,0
CFG_093,G[16-18],5,3,3,2,0
CFG_093,G[19-20],1,0,0,1,0
CFG_093,G[19-21],4,3,3,1,0
CFG_093,H[00-03],4,3,3,1,0
CFG_093,H[04-06],4,3,3,1,0
CFG_093,H[07-09],4,3,3,1,0
CFG_093,H[10-12],4,3,3,1,0
CFG_093,H[13-15],4,3,3,1,0
CFG_093,H[16-18],4,3,3,1,0
CFG_093,H[19-20],1,0,0,1,0
CFG_093,H[19-21],3,3,3,0,0
CFG_093,I[00-03],4,4,4,0,0
CFG_093,I[04-06],4,4,4,0,0
CFG_093,I[07-09],4,4,4,0,0
CFG_093,I[10-12],4,4,4,0,0
CFG_093,I[13-15],4,4,4,0,0
CFG_093,I[16-18],4,4,4,0,0
CFG_093,I[19-20],1,0,0,1,0
CFG_093,I[19-21],3,4,3,0,1
CFG_093,J[00-03],5,5,4,0,0
CFG_093,J[04-06],4,5,3,0,1
CFG_093,J[07-09],4,5,3,0,1
CFG_093,J[10-12],4,5,2,0,1
CFG_093,J[13-15],4,5,2,0,1
CFG_093,J[16-18],4,5,2,0,1
CFG_093,J[19-20],1,0,0,1,0
CFG_093,J[19-21],3,5,3,0,2
CFG_093,K[00-03],5,5,4,0,0
CFG_093,K[04-06],4,5,2,0,1
CFG_093,K[07-09],5,5,4,0,0
CFG_093,K[10-12],5,5,4,0,0
CFG_093,K[13-15],5,5,4,0,0
CFG_093,K[16-18],5,5,4,0,0
CFG_093,K[19-21],3,5,3,0,2
CFG_094,A[00-03],3,3,3,0,0
CFG_094,A[04-06],3,3,3,0,0
CFG_094,A[07-09],3,3,3,0,0
CFG_094,A[10-12],3,3,3,0,0
CFG_094,A[13-15],3,3,3,0,0
CFG_094,B[00-03],3,3,3,0,0
CFG_094,B[04-06],3,3,3,0,0
CFG_094,B[07-09],3,3,3,0,0
CFG_094,B[10-12],3,3,3,0,0
CFG_094,B[13-15],3,3,3,0,0
CFG_094,B[16-18],3,3,3,0,0
CFG_094,B[19-20],2,0,0,2,0
CFG_094,B[19-21],3,3,3,0,0
CFG_094,D[00-03],5,3,3,2,0
CFG_094,D[04-06],5,3,3,2,0
CFG_094,D[07-09],5,3,3,2,0
CFG_094,D[10-12],5,3,3,2,0
CFG_094,D[13-15],5,3,3,2,0
CFG_094,D[16-18],4,3,3,1,0
CFG_094,D[19-20],1,0,0,1,0
CFG_094,D[19-21],3,3,3,0,0
CFG_094,E[00-03],6,3,3,3,0
CFG_094,E[04-06],6,3,3,3,0
CFG_094,E[07-09],6,3,3,3,0
CFG_094,E[10-12],6,3,3,3,0
CFG_094,E[13-15],6,3,3,3,0
CFG_094,E[16-18],6,3,3,3,0
CFG_094,E[19-20],2,0,0,2,0
CFG_094,E[19-21],4,3,3,1,0
CFG_094,F[00-03],5,3,3,2,0
CFG_094,F[04-06],5,3,3,2,0
CFG_094,F[07-09],6,3,3,3,0
CFG_094,F[10-12],6,3,3,3,0
CFG_094,F[13-15],6,3,3,3,0
CFG_094,F[16-18],6,3,3,3,0
CFG_094,F[19-20],1,0,0,1,0
CFG_094,F[19-21],5,3,3,2,0
CFG_094,G[00-03],5,3,3,2,0
CFG_094,G[04-06],5,3,3,2,0
CFG_094,G[07-09],5,3,3,2,0
CFG_094,G[10-12],5,3,3,2,0
CFG_094,G[13-15],5,3,3,2,0
CFG_094,G[16-18],5,3,3,2,0
CFG_094,G[19-20],1,0,0,1,0
CFG_094,G[19-21],4,3,3,1,0
CFG_094,H[00-03],4,3,3,1,0
CFG_094,H[04-06],4,3,3,1,0
CFG_094,H[07-09],4,3,3,1,0
CFG_094,H[10-12],4,3,3,1,0
CFG_094,H[13-15],4,3,3,1,0
CFG_094,H[16-18],4,3,3,1,0
CFG_094,H[19-20],1,0,0,1,0
CFG_094,H[19-21],3,3,3,0,0
CFG_094,I[00-03],4,5,4,0,1
CFG_094,I[04-06],4,5,4,0,1
CFG_094,I[07-09],4,5,4,0,1
CFG_094,I[10-12],4,5,4,0,1
CFG_094,I[13-15],4,5,4,0,1
CFG_094,I[16-18],4,5,4,0,1
CFG_094,I[19-20],1,0,0,1,0
CFG_094,I[19-21],3,5,3,0,2
CFG_094,J[00-03],5,5,5,0,0
CFG_094,J[04-06],4,5,4,0,1
CFG_094,J[07-09],4,5,4,0,1
CFG_094,J[10-12],4,5,4,0,1
CFG_094,J[13-15],4,5,4,0,1
CFG_094,J[16-18],4,5,4,0,1
CFG_094,J[19-20],1,0,0,1,0
CFG_094,J[19-21],3,5,3,0,2
CFG_094,K[00-03],5,6,5,0,1
CFG_094,K[04-06],4,6,3,0,2
CFG_094,K[07-09],5,6,5,0,1
CFG_094,K[10-12],5,6,5,0,1
CFG_094,K[13-15],5,6,5,0,1
CFG_094,K[16-18],5,6,5,0,1
CFG_094,K[19-21],3,6,3,0,3
CFG_095,A[00-03],3,6,3,0,3
CFG_095,A[04-06],3,6,3,0,3
CFG_095,A[07-09],3,6,3,0,3
CFG_095,A[10-12],3,6,3,0,3
CFG_095,A[13-15],3,6,3,0,3
CFG_095,B[00-03],3,6,3,0,3
CFG_095,B[04-06],3,6,3,0,3
CFG_095,B[07-09],3,6,3,0,3
CFG_095,B[10-12],3,6,3,0,3
CFG_095,B[13-15],3,6,3,0,3
CFG_095,B[16-18],3,6,3,0,3
CFG_095,B[19-20],2,0,0,2,0
CFG_095,B[19-21],3,6,3,0,3
CFG_095,D[00-03],5,5,5,0,0
CFG_095,D[04-06],5,5,5,0,0
CFG_095,D[07-09],5,5,5,0,0
CFG_095,D[10-12],5,5,5,0,0
CFG_095,D[13-15],5,5,5,0,0
CFG_095,D[16-18],4,5,4,0,1
CFG_095,D[19-20],1,0,0,1,0
CFG_095,D[19-21],3,5,3,0,2
CFG_095,E[00-03],6,4,4,2,0
CFG_095,E[04-06],6,4,4,2,0
CFG_095,E[07-09],6,4,4,2,0
CFG_095,E[10-12],6,4,4,2,0
CFG_095,E[13-15],6,4,4,2,0
CFG_095,E[16-18],6,4,4,2,0
CFG_095,E[19-20],2,0,0,2,0
CFG_095,E[19-21],4,4,4,0,0
CFG_095,F[00-03],5,3,3,2,0
CFG_095,F[04-06],5,3,3,2,0
CFG_095,F[07-09],6,3,3,3,0
CFG_095,F[10-12],6,3,3,3,0
CFG_095,F[13-15],6,3,3,3,0
CFG_095,F[16-18],6,3,3,3,0
CFG_095,F[19-20],1,0,0,1,0
CFG_095,F[19-21],5,3,3,2,0
CFG_095,G[00-03],5,4,4,1,0
CFG_095,G[04-06],5,4,4,1,0
CFG_095,G[07-09],5,4,4,1,0
CFG_095,G[10-12],5,4,4,1,0
CFG_095,G[13-15],5,4,4,1,0
CFG_095,G[16-18],5,4,4,1,0
CFG_095,G[19-20],1,0,0,1,0
CFG_095,G[19-21],4,4,4,0,0
CFG_095,H[00-03],4,4,4,0,0
CFG_095,H[04-06],4,4,4,0,0
CFG_095,H[07-09],4,4,4,0,0
CFG_095,H[10-12],4,4,4,0,0
CFG_095,H[13-15],4,4,4,0,0
CFG_095,H[16-18],4,4,4,0,0
CFG_095,H[19-20],1,0,0,1,0
CFG_095,H[19-21],3,4,3,0,1
CFG_095,I[00-03],4,3,3,1,0
CFG_095,I[04-06],4,3,3,1,0
CFG_095,I[07-09],4,3,3,1,0
CFG_095,I[10-12],4,3,3,1,0
CFG_095,I[13-15],4,3,3,1,0
CFG_095,I[16-18],4,3,3,1,0
CFG_095,I[19-20],1,0,0,1,0
CFG_095,I[19-21],3,3,3,0,0
CFG_095,J[00-03],5,3,3,2,0
CFG_095,J[04-06],4,3,3,1,0
CFG_095,J[07-09],4,3,3,1,0
CFG_095,J[10-12],4,3,3,1,0
CFG_095,J[13-15],4,3,3,1,0
CFG_095,J[16-18],4,3,3,1,0
CFG_095,J[19-20],1,0,0,1,0
CFG_095,J[19-21],3,3,3,0,0
CFG_095,K[00-03],5,3,3,2,0
CFG_095,K[04-06],4,3,3,1,0
CFG_095,K[07-09],5,3,3,2,0
CFG_095,K[10-12],5,3,3,2,0
CFG_095,K[13-15],5,3,3,2,0
CFG_095,K[16-18],5,3,3,2,0
CFG_095,K[19-21],3,3,3,0,0
CFG_096,A[00-03],3,7,3,0,4
CFG_096,A[04-06],3,7,3,0,4
CFG_096,A[07-09],3,7,3,0,4
CFG_096,A[10-12],3,7,3,0,4
CFG_096,A[13-15],3,7,3,0,4
CFG_096,B[00-03],3,6,3,0,3
CFG_096,B[04-06],3,6,3,0,3
CFG_096,B[07-09],3,6,3,0,3
CFG_096,B[10-12],3,6,3,0,3
CFG_096,B[13-15],3,6,3,0,3
CFG_096,B[16-18],3,6,3,0,3
CFG_096,B[19-20],2,0,0,2,0
CFG_096,B[19-21],3,6,3,0,3
CFG_096,D[00-03],5,6,5,0,1
CFG_096,D[04-06],5,6,5,0,1
CFG_096,D[07-09],5,6,5,0,1
CFG_096,D[10-12],5,6,5,0,1
CFG_096,D[13-15],5,6,5,0,1
CFG_096,D[16-18],4,6,4,0,2
CFG_096,D[19-20],1,0,0,1,0
CFG_096,D[19-21],3,6,3,0,3
CFG_096,E[00-03],6,3,3,3,0
CFG_096,E[04-06],6,3,3,3,0
CFG_096,E[07-09],6,3,3,3,0
CFG_096,E[10-12],6,3,3,3,0
CFG_096,E[13-15],6,3,3,3,0
CFG_096,E[16-18],6,3,3,3,0
CFG_096,E[19-20],2,0,0,2,0
CFG_096,E[19-21],4,3,3,1,0
CFG_096,F[00-03],5,3,3,2,0
CFG_096,F[04-06],5,3,3,2,0
CFG_096,F[07-09],6,3,3,3,0
CFG_096,F[10-12],6,3,3,3,0
CFG_096,F[13-15],6,3,3,3,0
CFG_096,F[16-18],6,3,3,3,0
CFG_096,F[19-20],1,0,0,1,0
CFG_096,F[19-21],5,3,3,2,0
CFG_096,G[00-03],5,4,4,1,0
CFG_096,G[04-06],5,4,4,1,0
CFG_096,G[07-09],5,4,4,1,0
CFG_096,G[10-12],5,4,4,1,0
CFG_096,G[13-15],5,4,4,1,0
CFG_096,G[16-18],5,4,4,1,0
CFG_096,G[19-20],1,0,0,1,0
CFG_096,G[19-21],4,4,4,0,0
CFG_096,H[00-03],4,4,4,0,0
CFG_096,H[04-06],4,4,4,0,0
CFG_096,H[07-09],4,4,4,0,0
CFG_096,H[10-12],4,4,4,0,0
CFG_096,H[13-15],4,4,4,0,0
CFG_096,H[16-18],4,4,4,0,0
CFG_096,H[19-20],1,0,0,1,0
CFG_096,H[19-21],3,4,3,0,1
CFG_096,I[00-03],4,3,3,1,0
CFG_096,I[04-06],4,3,3,1,0
CFG_096,I[07-09],4,3,3,1,0
CFG_096,I[10-12],4,3,3,1,0
CFG_096,I[13-15],4,3,3,1,0
CFG_096,I[16-18],4,3,3,1,0
CFG_096,I[19-20],1,0,0,1,0
CFG_096,I[19-21],3,3,3,0,0
CFG_096,J[00-03],5,3,3,2,0
CFG_096,J[04-06],4,3,3,1,0
CFG_096,J[07-09],4,3,3,1,0
CFG_096,J[10-12],4,3,3,1,0
CFG_096,J[13-15],4,3,3,1,0
CFG_096,J[16-18],4,3,3,1,0
CFG_096,J[19-20],1,0,0,1,0
CFG_096,J[19-21],3,3,3,0,0
CFG_096,K[00-03],5,3,3,2,0
CFG_096,K[04-06],4,3,3,1,0
CFG_096,K[07-09],5,3,3,2,0
CFG_096,K[10-12],5,3,3,2,0
CFG_096,K[13-15],5,3,3,2,0
CFG_096,K[16-18],5,3,3,2,0
CFG_096,K[19-21],3,3,3,0,0
CFG_097,A[00-03],3,7,3,0,4
CFG_097,A[04-06],3,7,3,0,4
CFG_097,A[07-09],3,7,3,0,4
CFG_097,A[10-12],3,7,3,0,4
CFG_097,A[13-15],3,7,3,0,4
CFG_097,B[00-03],3,6,3,0,3
CFG_097,B[04-06],3,6,3,0,3
CFG_097,B[07-09],3,6,3,0,3
CFG_097,B[10-12],3,6,3,0,3
CFG_097,B[13-15],3,6,3,0,3
CFG_097,B[16-18],3,6,3,0,3
CFG_097,B[19-20],2,0,0,2,0
CFG_097,B[19-21],3,6,3,0,3
CFG_097,D[00-03],5,6,5,0,1
CFG_097,D[04-06],5,6,5,0,1
CFG_097,D[07-09],5,6,5,0,1
CFG_097,D[10-12],5,6,5,0,1
CFG_097,D[13-15],5,6,5,0,1
CFG_097,D[16-18],4,6,4,0,2
CFG_097,D[19-20],1,0,0,1,0
CFG_097,D[19-21],3,6,3,0,3
CFG_097,E[00-03],6,5,5,1,0
CFG_097,E[04-06],6,5,5,1,0
CFG_097,E[07-09],6,5,5,1,0
CFG_097,E[10-12],6,5,5,1,0
CFG_097,E[13-15],6,5,5,1,0
CFG_097,E[16-18],6,5,5,1,0
CFG_097,E[19-20],2,0,0,2,0
CFG_097,E[19-21],4,5,4,0,1
CFG_097,F[00-03],5,3,3,2,0
CFG_097,F[04-06],5,3,3,2,0
CFG_097,F[07-09],6,3,3,3,0
CFG_097,F[10-12],6,3,3,3,0
CFG_097,F[13-15],6,3,3,3,0
CFG_097,F[16-18],6,3,3,3,0
CFG_097,F[19-20],1,0,0,1,0
CFG_097,F[19-21],5,3,3,2,0
CFG_097,G[00-03],5,3,3,2,0
CFG_097,G[04-06],5,3,3,2,0
CFG_097,G[07-09],5,3,3,2,0
CFG_097,G[10-12],5,3,3,2,0
CFG_097,G[13-15],5,3,3,2,0
CFG_097,G[16-18],5,3,3,2,0
CFG_097,G[19-20],1,0,0,1,0
CFG_097,G[19-21],4,3,3,1,0
CFG_097,H[00-03],4,3,3,1,0
CFG_097,H[04-06],4,3,3,1,0
CFG_097,H[07-09],4,3,3,1,0
CFG_097,H[10-12],4,3,3,1,0
CFG_097,H[13-15],4,3,3,1,0
CFG_097,H[16-18],4,3,3,1,0
CFG_097,H[19-20],1,0,0,1,0
CFG_097,H[19-21],3,3,3,0,0
CFG_097,I[00-03],4,3,3,1,0
CFG_097,I[04-06],4,3,3,1,0
CFG_097,I[07-09],4,3,3,1,0
CFG_097,I[10-12],4,3,3,1,0
CFG_097,I[13-15],4,3,3,1,0
CFG_097,I[16-18],4,3,3,1,0
CFG_097,I[19-20],1,0,0,1,0
CFG_097,I[19-21],3,3,3,0,0
CFG_097,J[00-03],5,3,3,2,0
CFG_097,J[04-06],4,3,3,1,0
CFG_097,J[07-09],4,3,3,1,0
CFG_097,J[10-12],4,3,3,1,0
CFG_097,J[13-15],4,3,3,1,0
CFG_097,J[16-18],4,3,3,1,0
CFG_097,J[19-20],1,0,0,1,0
CFG_097,J[19-21],3,3,3,0,0
CFG_097,K[00-03],5,3,3,2,0
CFG_097,K[04-06],4,3,3,1,0
CFG_097,K[07-09],5,3,3,2,0
CFG_097,K[10-12],5,3,3,2,0
CFG_097,K[13-15],5,3,3,2,0
CFG_097,K[16-18],5,3,3,2,0
CFG_097,K[19-21],3,3,3,0,0
CFG_098,A[00-03],3,6,3,0,3
CFG_098,A[04-06],3,6,3,0,3
CFG_098,A[07-09],3,6,3,0,3
CFG_098,A[10-12],3,6,3,0,3
CFG_098,A[13-15],3,6,3,0,3
CFG_098,B[00-03],3,7,3,0,4
CFG_098,B[04-06],3,7,3,0,4
CFG_098,B[07-09],3,7,3,0,4
CFG_098,B[10-12],3,7,3,0,4
CFG_098,B[13-15],3,7,3,0,4
CFG_098,B[16-18],3,7,3,0,4
CFG_098,B[19-20],2,0,0,2,0
CFG_098,B[19-21],3,7,3,0,4
CFG_098,D[00-03],5,5,5,0,0
CFG_098,D[04-06],5,5,5,0,0
CFG_098,D[07-09],5,5,5,0,0
CFG_098,D[10-12],5,5,5,0,0
CFG_098,D[13-15],5,5,5,0,0
CFG_098,D[16-18],4,5,3,0,1
CFG_098,D[19-20],1,0,0,1,0
CFG_098,D[19-21],3,5,3,0,2
CFG_098,E[00-03],6,5,5,1,0
CFG_098,E[04-06],6,5,5,1,0
CFG_098,E[07-09],6,5,5,1,0
CFG_098,E[10-12],6,5,5,1,0
CFG_098,E[13-15],6,5,5,1,0
CFG_098,E[16-18],6,5,5,1,0
CFG_098,E[19-20],2,0,0,2,0
CFG_098,E[19-21],4,5,3,0,1
CFG_098,F[00-03],5,3,3,2,0
CFG_098,F[04-06],5,3,3,2,0
CFG_098,F[07-09],6,3,3,3,0
CFG_098,F[10-12],6,3,3,3,0
CFG_098,F[13-15],6,3,3,3,0
CFG_098,F[16-18],6,3,3,3,0
CFG_098,F[19-20],1,0,0,1,0
CFG_098,F[19-21],5,3,3,2,0
CFG_098,G[00-03],5,4,4,1,0
CFG_098,G[04-06],5,4,4,1,0
CFG_098,G[07-09],5,4,4,1,0
CFG_098,G[10-12],5,4,4,1,0
CFG_098,G[13-15],5,4,4,1,0
CFG_098,G[16-18],5,4,4,1,0
CFG_098,G[19-20],1,0,0,1,0
CFG_098,G[19-21],4,4,4,0,0
CFG_098,H[00-03],4,4,4,0,0
CFG_098,H[04-06],4,4,4,0,0
CFG_098,H[07-09],4,4,4,0,0
CFG_098,H[10-12],4,4,4,0,0
CFG_098,H[13-15],4,4,4,0,0
CFG_098,H[16-18],4,4,4,0,0
CFG_098,H[19-20],1,0,0,1,0
CFG_098,H[19-21],3,4,3,0,1
CFG_098,I[00-03],4,3,3,1,0
CFG_098,I[04-06],4,3,3,1,0
CFG_098,I[07-09],4,3,3,1,0
CFG_098,I[10-12],4,3,3,1,0
CFG_098,I[13-15],4,3,3,1,0
CFG_098,I[16-18],4,3,3,1,0
CFG_098,I[19-20],1,0,0,1,0
CFG_098,I[19-21],3,3,3,0,0
CFG_098,J[00-03],5,3,3,2,0
CFG_098,J[04-06],4,3,3,1,0
CFG_098,J[07-09],4,3,3,1,0
CFG_098,J[10-12],4,3,3,1,0
CFG_098,J[13-15],4,3,3,1,0
CFG_098,J[16-18],4,3,3,1,0
CFG_098,J[19-20],1,0,0,1,0
CFG_098,J[19-21],3,3,3,0,0
CFG_098,K[00-03],5,3,3,2,0
CFG_098,K[04-06],4,3,3,1,0
CFG_098,K[07-09],5,3,3,2,0
CFG_098,K[10-12],5,3,3,2,0
CFG_098,K[13-15],5,3,3,2,0
CFG_098,K[16-18],5,3,3,2,0
CFG_098,K[19-21],3,3,3,0,0
CFG_099,A[00-03],3,6,3,0,3
CFG_099,A[04-06],3,6,3,0,3
CFG_099,A[07-09],3,6,3,0,3
CFG_099,A[10-12],3,6,3,0,3
CFG_099,A[13-15],3,6,3,0,3
CFG_099,B[00-03],3,8,3,0,5
CFG_099,B[04-06],3,8,3,0,5
CFG_099,B[07-09],3,8,3,0,5
CFG_099,B[10-12],3,8,3,0,5
CFG_099,B[13-15],3,8,3,0,5
CFG_099,B[16-18],3,8,3,0,5
CFG_099,B[19-20],2,0,0,2,0
CFG_099,B[19-21],3,8,3,0,5
CFG_099,D[00-03],5,5,5,0,0
CFG_099,D[04-06],5,5,5,0,0
CFG_099,D[07-09],5,5,5,0,0
CFG_099,D[10-12],5,5,5,0,0
CFG_099,D[13-15],5,5,5,0,0
CFG_099,D[16-18],4,5,4,0,1
CFG_099,D[19-20],1,0,0,1,0
CFG_099,D[19-21],3,5,3,0,2
CFG_099,E[00-03],6,5,5,1,0
CFG_099,E[04-06],6,5,5,1,0
CFG_099,E[07-09],6,5,5,1,0
CFG_099,E[10-12],6,5,5,1,0
CFG_099,E[13-15],6,5,5,1,0
CFG_099,E[16-18],6,5,5,1,0
CFG_099,E[19-20],2,0,0,2,0
CFG_099,E[19-21],4,5,4,0,1
CFG_099,F[00-03],5,4,4,1,0
CFG_099,F[04-06],5,4,4,1,0
CFG_099,F[07-09],6,4,4,2,0
CFG_099,F[10-12],6,4,4,2,0
CFG_099,F[13-15],6,4,4,2,0
CFG_099,F[16-18],6,4,4,2,0
CFG_099,F[19-20],1,0,0,1,0
CFG_099,F[19-21],5,4,4,1,0
CFG_099,G[00-03],5,3,3,2,0
CFG_099,G[04-06],5,3,3,2,0
CFG_099,G[07-09],5,3,3,2,0
CFG_099,G[10-12],5,3,3,2,0
CFG_099,G[13-15],5,3,3,2,0
CFG_099,G[16-18],5,3,3,2,0
CFG_099,G[19-20],1,0,0,1,0
CFG_099,G[19-21],4,3,3,1,0
CFG_099,H[00-03],4,3,3,1,0
CFG_099,H[04-06],4,3,3,1,0
CFG_099,H[07-09],4,3,3,1,0
CFG_099,H[10-12],4,3,3,1,0
CFG_099,H[13-15],4,3,3,1,0
CFG_099,H[16-18],4,3,3,1,0
CFG_099,H[19-20],1,0,0,1,0
CFG_099,H[19-21],3,3,3,0,0
CFG_099,I[00-03],4,3,3,1,0
CFG_099,I[04-06],4,3,3,1,0
CFG_099,I[07-09],4,3,3,1,0
CFG_099,I[10-12],4,3,3,1,0
CFG_099,I[13-15],4,3,3,1,0
CFG_099,I[16-18],4,3,3,1,0
CFG_099,I[19-20],1,0,0,1,0
CFG_099,I[19-21],3,3,3,0,0
CFG_099,J[00-03],5,3,3,2,0
CFG_099,J[04-06],4,3,3,1,0
CFG_099,J[07-09],4,3,3,1,0
CFG_099,J[10-12],4,3,3,1,0
CFG_099,J[13-15],4,3,3,1,0
CFG_099,J[16-18],4,3,3,1,0
CFG_099,J[19-20],1,0,0,1,0
CFG_099,J[19-21],3,3,3,0,0
CFG_099,K[00-03],5,3,3,2,0
CFG_099,K[04-06],4,3,3,1,0
CFG_099,K[07-09],5,3,3,2,0
CFG_099,K[10-12],5,3,3,2,0
CFG_099,K[13-15],5,3,3,2,0
CFG_099,K[16-18],5,3,3,2,0
CFG_099,K[19-21],3,3,3,0,0
CFG_100,A[00-03],3,7,3,0,4
CFG_100,A[04-06],3,7,3,0,4
CFG_100,A[07-09],3,7,3,0,4
CFG_100,A[10-12],3,7,3,0,4
CFG_100,A[13-15],3,7,3,0,4
CFG_100,B[00-03],3,8,3,0,5
CFG_100,B[04-06],3,8,3,0,5
CFG_100,B[07-09],3,8,3,0,5
CFG_100,B[10-12],3,8,3,0,5
CFG_100,B[13-15],3,8,3,0,5
CFG_100,B[16-18],3,8,3,0,5
CFG_100,B[19-20],2,0,0,2,0
CFG_100,B[19-21],3,8,3,0,5
CFG_100,D[00-03],5,5,5,0,0
CFG_100,D[04-06],5,5,5,0,0
CFG_100,D[07-09],5,5,5,0,0
CFG_100,D[10-12],5,5,5,0,0
CFG_100,D[13-15],5,5,5,0,0
CFG_100,D[16-18],4,5,4,0,1
CFG_100,D[19-20],1,0,0,1,0
CFG_100,D[19-21],3,5,2,0,2
CFG_100,E[00-03],6,4,4,2,0
CFG_100,E[04-06],6,4,4,2,0
CFG_100,E[07-09],6,4,4,2,0
CFG_100,E[10-12],6,4,4,2,0
CFG_100,E[13-15],6,4,4,2,0
CFG_100,E[16-18],6,4,4,2,0
CFG_100,E[19-20],2,0,0,2,0
CFG_100,E[19-21],4,4,4,0,0
CFG_100,F[00-03],5,3,3,2,0
CFG_100,F[04-06],5,3,3,2,0
CFG_100,F[07-09],6,3,3,3,0
CFG_100,F[10-12],6,3,3,3,0
CFG_100,F[13-15],6,3,3,3,0
CFG_100,F[16-18],6,3,3,3,0
CFG_100,F[19-20],1,0,0,1,0
CFG_100,F[19-21],5,3,3,2,0
CFG_100,G[00-03],5,4,4,1,0
CFG_100,G[04-06],5,4,4,1,0
CFG_100,G[07-09],5,4,4,1,0
CFG_100,G[10-12],5,4,4,1,0
CFG_100,G[13-15],5,4,4,1,0
CFG_100,G[16-18],5,4,4,1,0
CFG_100,G[19-20],1,0,0,1,0
CFG_100,G[19-21],4,4,4,0,0
CFG_100,H[00-03],4,4,4,0,0
CFG_100,H[04-06],4,4,4,0,0
CFG_100,H[07-09],4,4,4,0,0
CFG_100,H[10-12],4,4,4,0,0
CFG_100,H[13-15],4,4,4,0,0
CFG_100,H[16-18],4,4,4,0,0
CFG_100,H[19-20],1,0,0,1,0
CFG_100,H[19-21],3,4,3,0,1
CFG_100,I[00-03],4,3,3,1,0
CFG_100,I[04-06],4,3,3,1,0
CFG_100,I[07-09],4,3,3,1,0
CFG_100,I[10-12],4,3,3,1,0
CFG_100,I[13-15],4,3,3,1,0
CFG_100,I[16-18],4,3,3,1,0
CFG_100,I[19-20],1,0,0,1,0
CFG_100,I[19-21],3,3,3,0,0
CFG_100,J[00-03],5,3,3,2,0
CFG_100,J[04-06],4,3,3,1,0
CFG_100,J[07-09],4,3,3,1,0
CFG_100,J[10-12],4,3,3,1,0
CFG_100,J[13-15],4,3,3,1,0
CFG_100,J[16-18],4,3,3,1,0
CFG_100,J[19-20],1,0,0,1,0
CFG_100,J[19-21],3,3,3,0,0
CFG_100,K[00-03],5,3,3,2,0
CFG_100,K[04-06],4,3,3,1,0
CFG_100,K[07-09],5,3,3,2,0
CFG_100,K[10-12],5,3,3,2,0
CFG_100,K[13-15],5,3,3,2,0
CFG_100,K[16-18],5,3,3,2,0
CFG_100,K[19-21],3,3,3,0,0
CFG_104,A[00-03],3,3,3,0,0
CFG_104,A[04-06],3,3,3,0,0
CFG_104,A[07-09],3,3,3,0,0
CFG_104,A[10-12],3,3,3,0,0
CFG_104,A[13-15],3,3,3,0,0
CFG_104,B[00-03],3,3,3,0,0
CFG_104,B[04-06],3,3,3,0,0
CFG_104,B[07-09],3,3,3,0,0
CFG_104,B[10-12],3,3,3,0,0
CFG_104,B[13-15],3,3,3,0,0
CFG_104,B[16-18],3,3,3,0,0
CFG_104,B[19-20],2,0,0,2,0
CFG_104,B[19-21],3,3,3,0,0
CFG_104,D[00-03],5,3,3,2,0
CFG_104,D[04-06],5,3,3,2,0
CFG_104,D[07-09],5,3,3,2,0
CFG_104,D[10-12],5,3,3,2,0
CFG_104,D[13-15],5,3,3,2,0
CFG_104,D[16-18],4,3,3,1,0
CFG_104,D[19-20],1,0,0,1,0
CFG_104,D[19-21],3,3,3,0,0
CFG_104,E[00-03],6,3,3,3,0
CFG_104,E[04-06],6,3,3,3,0
CFG_104,E[07-09],6,3,3,3,0
CFG_104,E[10-12],6,3,3,3,0
CFG_104,E[13-15],6,3,3,3,0
CFG_104,E[16-18],6,3,3,3,0
CFG_104,E[19-20],2,0,0,2,0
CFG_104,E[19-21],4,3,3,1,0
CFG_104,F[00-03],5,3,3,2,0
CFG_104,F[04-06],5,3,3,2,0
CFG_104,F[07-09],6,3,3,3,0
CFG_104,F[10-12],6,3,3,3,0
CFG_104,F[13-15],6,3,3,3,0
CFG_104,F[16-18],6,3,3,3,0
CFG_104,F[19-20],1,0,0,1,0
CFG_104,F[19-21],5,3,3,2,0
CFG_104,G[00-03],5,3,3,2,0
CFG_104,G[04-06],5,3,3,2,0
CFG_104,G[07-09],5,3,3,2,0
CFG_104,G[10-12],5,3,3,2,0
CFG_104,G[13-15],5,3,3,2,0
CFG_104,G[16-18],5,3,3,2,0
CFG_104,G[19-20],1,0,0,1,0
CFG_104,G[19-21],4,3,3,1,0
CFG_104,H[00-03],4,3,3,1,0
CFG_104,H[04-06],4,3,3,1,0
CFG_104,H[07-09],4,3,3,1,0
CFG_104,H[10-12],4,3,3,1,0
CFG_104,H[13-15],4,3,3,1,0
CFG_104,H[16-18],4,3,3,1,0
CFG_104,H[19-20],1,0,0,1,0
CFG_104,H[19-21],3,3,3,0,0
CFG_104,I[00-03],4,4,4,0,0
CFG_104,I[04-06],4,4,4,0,0
CFG_104,I[07-09],4,4,4,0,0
CFG_104,I[10-12],4,4,4,0,0
CFG_104,I[13-15],4,4,4,0,0
CFG_104,I[16-18],4,4,4,0,0
CFG_104,I[19-20],1,0,0,1,0
CFG_104,I[19-21],3,4,3,0,1
CFG_104,J[00-03],5,5,5,0,0
CFG_104,J[04-06],4,5,4,0,1
CFG_104,J[07-09],4,5,4,0,1
CFG_104,J[10-12],4,5,4,0,1
CFG_104,J[13-15],4,5,4,0,1
CFG_104,J[16-18],4,5,4,0,1
CFG_104,J[19-20],1,0,0,1,0
CFG_104,J[19-21],3,5,3,0,2
CFG_104,K[00-03],5,6,5,0,1
CFG_104,K[04-06],4,6,4,0,2
CFG_104,K[07-09],5,6,5,0,1
CFG_104,K[10-12],5,6,5,0,1
CFG_104,K[13-15],5,6,5,0,1
CFG_104,K[16-18],5,6,5,0,1
CFG_104,K[19-21],3,6,3,0,3
CFG_105,A[00-03],3,6,3,0,3
CFG_105,A[04-06],3,6,3,0,3
CFG_105,A[07-09],3,6,3,0,3
CFG_105,A[10-12],3,6,3,0,3
CFG_105,A[13-15],3,6,3,0,3
CFG_105,B[00-03],3,7,3,0,4
CFG_105,B[04-06],3,7,3,0,4
CFG_105,B[07-09],3,7,3,0,4
CFG_105,B[10-12],3,7,3,0,4
CFG_105,B[13-15],3,7,3,0,4
CFG_105,B[16-18],3,7,3,0,4
CFG_105,B[19-20],2,0,0,2,0
CFG_105,B[19-21],3,7,3,0,4
CFG_105,D[00-03],5,4,4,1,0
CFG_105,D[04-06],5,4,4,1,0
CFG_105,D[07-09],5,4,4,1,0
CFG_105,D[10-12],5,4,4,1,0
CFG_105,D[13-15],5,4,4,1,0
CFG_105,D[16-18],4,4,4,0,0
CFG_105,D[19-20],1,0,0,1,0
CFG_105,D[19-21],3,4,3,0,1
CFG_105,E[00-03],6,3,3,3,0
CFG_105,E[04-06],6,3,3,3,0
CFG_105,E[07-09],6,3,3,3,0
CFG_105,E[10-12],6,3,3,3,0
CFG_105,E[13-15],6,3,3,3,0
CFG_105,E[16-18],6,3,3,3,0
CFG_105,E[19-20],2,0,0,2,0
CFG_105,E[19-21],4,3,3,1,0
CFG_105,F[00-03],5,3,3,2,0
CFG_105,F[04-06],5,3,3,2,0
CFG_105,F[07-09],6,3,3,3,0
CFG_105,F[10-12],6,3,3,3,0
CFG_105,F[13-15],6,3,3,3,0
CFG_105,F[16-18],6,3,3,3,0
CFG_105,F[19-20],1,0,0,1,0
CFG_105,F[19-21],5,3,3,2,0
CFG_105,G[00-03],5,3,3,2,0
CFG_105,G[04-06],5,3,3,2,0
CFG_105,G[07-09],5,3,3,2,0
CFG_105,G[10-12],5,3,3,2,0
CFG_105,G[13-15],5,3,3,2,0
CFG_105,G[16-18],5,3,3,2,0
CFG_105,G[19-20],1,0,0,1,0
CFG_105,G[19-21],4,3,3,1,0
CFG_105,H[00-03],4,3,3,1,0
CFG_105,H[04-06],4,3,3,1,0
CFG_105,H[07-09],4,3,3,1,0
CFG_105,H[10-12],4,3,3,1,0
CFG_105,H[13-15],4,3,3,1,0
CFG_105,H[16-18],4,3,3,1,0
CFG_105,H[19-20],1,0,0,1,0
CFG_105,H[19-21],3,3,3,0,0
CFG_105,I[00-03],4,3,3,1,0
CFG_105,I[04-06],4,3,3,1,0
CFG_105,I[07-09],4,3,3,1,0
CFG_105,I[10-12],4,3,3,1,0
CFG_105,I[13-15],4,3,3,1,0
CFG_105,I[16-18],4,3,3,1,0
CFG_105,I[19-20],1,0,0,1,0
CFG_105,I[19-21],3,3,3,0,0
CFG_105,J[00-03],5,3,3,2,0
CFG_105,J[04-06],4,3,3,1,0
CFG_105,J[07-09],4,3,3,1,0
CFG_105,J[10-12],4,3,3,1,0
CFG_105,J[13-15],4,3,3,1,0
CFG_105,J[16-18],4,3,3,1,0
CFG_105,J[19-20],1,0,0,1,0
CFG_105,J[19-21],3,3,3,0,0
CFG_105,K[00-03],5,3,3,2,0
CFG_105,K[04-06],4,3,3,1,0
CFG_105,K[07-09],5,3,3,2,0
CFG_105,K[10-12],5,3,3,2,0
CFG_105,K[13-15],5,3,3,2,0
CFG_105,K[16-18],5,3,3,2,0
CFG_105,K[19-21],3,3,3,0,0
CFG_106,A[00-03],3,5,3,0,2
CFG_106,A[04-06],3,5,3,0,2
CFG_106,A[07-09],3,5,3,0,2
CFG_106,A[10-12],3,5,3,0,2
CFG_106,A[13-15],3,5,3,0,2
CFG_106,B[00-03],3,5,3,0,2
CFG_106,B[04-06],3,5,3,0,2
CFG_106,B[07-09],3,5,3,0,2
CFG_106,B[10-12],3,5,3,0,2
CFG_106,B[13-15],3,5,3,0,2
CFG_106,B[16-18],3,5,3,0,2
CFG_106,B[19-20],2,0,0,2,0
CFG_106,B[19-21],3,5,3,0,2
CFG_106,D[00-03],5,6,5,0,1
CFG_106,D[04-06],5,6,5,0,1
CFG_106,D[07-09],5,6,5,0,1
CFG_106,D[10-12],5,6,5,0,1
CFG_106,D[13-15],5,6,5,0,1
CFG_106,D[16-18],4,6,4,0,2
CFG_106,D[19-20],1,0,0,1,0
CFG_106,D[19-21],3,6,3,0,3
CFG_106,E[00-03],6,4,4,2,0
CFG_106,E[04-06],6,4,4,2,0
CFG_106,E[07-09],6,4,4,2,0
CFG_106,E[10-12],6,4,4,2,0
CFG_106,E[13-15],6,4,4,2,0
CFG_106,E[16-18],6,4,4,2,0
CFG_106,E[19-20],2,0,0,2,0
CFG_106,E[19-21],4,4,4,0,0
CFG_106,F[00-03],5,3,3,2,0
CFG_106,F[04-06],5,3,3,2,0
CFG_106,F[07-09],6,3,3,3,0
CFG_106,F[10-12],6,3,3,3,0
CFG_106,F[13-15],6,3,3,3,0
CFG_106,F[16-18],6,3,3,3,0
CFG_106,F[19-20],1,0,0,1,0
CFG_106,F[19-21],5,3,3,2,0
CFG_106,G[00-03],5,3,3,2,0
CFG_106,G[04-06],5,3,3,2,0
CFG_106,G[07-09],5,3,3,2,0
CFG_106,G[10-12],5,3,3,2,0
CFG_106,G[13-15],5,3,3,2,0
CFG_106,G[16-18],5,3,3,2,0
CFG_106,G[19-20],1,0,0,1,0
CFG_106,G[19-21],4,3,3,1,0
CFG_106,H[00-03],4,3,3,1,0
CFG_106,H[04-06],4,3,3,1,0
CFG_106,H[07-09],4,3,3,1,0
CFG_106,H[10-12],4,3,3,1,0
CFG_106,H[13-15],4,3,3,1,0
CFG_106,H[16-18],4,3,3,1,0
CFG_106,H[19-20],1,0,0,1,0
CFG_106,H[19-21],3,3,3,0,0
CFG_106,I[00-03],4,4,4,0,0
CFG_106,I[04-06],4,4,4,0,0
CFG_106,I[07-09],4,4,4,0,0
CFG_106,I[10-12],4,4,4,0,0
CFG_106,I[13-15],4,4,4,0,0
CFG_106,I[16-18],4,4,4,0,0
CFG_106,I[19-20],1,0,0,1,0
CFG_106,I[19-21],3,4,3,0,1
CFG_106,J[00-03],5,4,4,1,0
CFG_106,J[04-06],4,4,4,0,0
CFG_106,J[07-09],4,4,4,0,0
CFG_106,J[10-12],4,4,4,0,0
CFG_106,J[13-15],4,4,4,0,0
CFG_106,J[16-18],4,4,4,0,0
CFG_106,J[19-20],1,0,0,1,0
CFG_106,J[19-21],3,4,3,0,1
CFG_106,K[00-03],5,3,3,2,0
CFG_106,K[04-06],4,3,3,1,0
CFG_106,K[07-09],5,3,3,2,0
CFG_106,K[10-12],5,3,3,2,0
CFG_106,K[13-15],5,3,3,2,0
CFG_106,K[16-18],5,3,3,2,0
CFG_106,K[19-21],3,3,3,0,0
CFG_107,A[00-03],3,6,3,0,3
CFG_107,A[04-06],3,6,3,0,3
CFG_107,A[07-09],3,6,3,0,3
CFG_107,A[10-12],3,6,3,0,3
CFG_107,A[13-15],3,6,3,0,3
CFG_107,B[00-03],3,6,3,0,3
CFG_107,B[04-06],3,6,3,0,3
CFG_107,B[07-09],3,6,3,0,3
CFG_107,B[10-12],3,6,3,0,3
CFG_107,B[13-15],3,6,3,0,3
CFG_107,B[16-18],3,6,3,0,3
CFG_107,B[19-20],2,0,0,2,0
CFG_107,B[19-21],3,6,3,0,3
CFG_107,D[00-03],5,6,5,0,1
CFG_107,D[04-06],5,6,5,0,1
CFG_107,D[07-09],5,6,5,0,1
CFG_107,D[10-12],5,6,5,0,1
CFG_107,D[13-15],5,6,5,0,1
CFG_107,D[16-18],4,6,4,0,2
CFG_107,D[19-20],1,0,0,1,0
CFG_107,D[19-21],3,6,3,0,3
CFG_107,E[00-03],6,3,3,3,0
CFG_107,E[04-06],6,3,3,3,0
CFG_107,E[07-09],6,3,3,3,0
CFG_107,E[10-12],6,3,3,3,0
CFG_107,E[13-15],6,3,3,3,0
CFG_107,E[16-18],6,3,3,3,0
CFG_107,E[19-20],2,0,0,2,0
CFG_107,E[19-21],4,3,3,1,0
CFG_107,F[00-03],5,3,3,2,0
CFG_107,F[04-06],5,3,3,2,0
CFG_107,F[07-09],6,3,3,3,0
CFG_107,F[10-12],6,3,3,3,0
CFG_107,F[13-15],6,3,3,3,0
CFG_107,F[16-18],6,3,3,3,0
CFG_107,F[19-20],1,0,0,1,0
CFG_107,F[19-21],5,3,3,2,0
CFG_107,G[00-03],5,4,4,1,0
CFG_107,G[04-06],5,4,4,1,0
CFG_107,G[07-09],5,4,4,1,0
CFG_107,G[10-12],5,4,4,1,0
CFG_107,G[13-15],5,4,4,1,0
CFG_107,G[16-18],5,4,4,1,0
CFG_107,G[19-20],1,0,0,1,0
CFG_107,G[19-21],4,4,4,0,0
CFG_107,H[00-03],4,4,4,0,0
CFG_107,H[04-06],4,4,4,0,0
CFG_107,H[07-09],4,4,4,0,0
CFG_107,H[10-12],4,4,4,0,0
CFG_107,H[13-15],4,4,4,0,0
CFG_107,H[16-18],4,4,4,0,0
CFG_107,H[19-20],1,0,0,1,0
CFG_107,H[19-21],3,4,3,0,1
CFG_107,I[00-03],4,3,3,1,0
CFG_107,I[04-06],4,3,3,1,0
CFG_107,I[07-09],4,3,3,1,0
CFG_107,I[10-12],4,3,3,1,0
CFG_107,I[13-15],4,3,3,1,0
CFG_107,I[16-18],4,3,3,1,0
CFG_107,I[19-20],1,0,0,1,0
CFG_107,I[19-21],3,3,3,0,0
CFG_107,J[00-03],5,3,3,2,0
CFG_107,J[04-06],4,3,3,1,0
CFG_107,J[07-09],4,3,3,1,0
CFG_107,J[10-12],4,3,3,1,0
CFG_107,J[13-15],4,3,3,1,0
CFG_107,J[16-18],4,3,3,1,0
CFG_107,J[19-20],1,0,0,1,0
CFG_107,J[19-21],3,3,3,0,0
CFG_107,K[00-03],5,3,3,2,0
CFG_107,K[04-06],4,3,3,1,0
CFG_107,K[07-09],5,3,3,2,0
CFG_107,K[10-12],5,3,3,2,0
CFG_107,K[13-15],5,3,3,2,0
CFG_107,K[16-18],5,3,3,2,0
CFG_107,K[19-21],3,3,3,0,0
CFG_108,A[00-03],3,6,3,0,3
CFG_108,A[04-06],3,6,3,0,3
CFG_108,A[07-09],3,6,3,0,3
CFG_108,A[10-12],3,6,3,0,3
CFG_108,A[13-15],3,6,3,0,3
CFG_108,B[00-03],3,6,3,0,3
CFG_108,B[04-06],3,6,3,0,3
CFG_108,B[07-09],3,6,3,0,3
CFG_108,B[10-12],3,6,3,0,3
CFG_108,B[13-15],3,6,3,0,3
CFG_108,B[16-18],3,6,3,0,3
CFG_108,B[19-20],2,0,0,2,0
CFG_108,B[19-21],3,6,3,0,3
CFG_108,D[00-03],5,5,5,0,0
CFG_108,D[04-06],5,5,5,0,0
CFG_108,D[07-09],5,5,5,0,0
CFG_108,D[10-12],5,5,5,0,0
CFG_108,D[13-15],5,5,5,0,0
CFG_108,D[16-18],4,5,4,0,1
CFG_108,D[19-20],1,0,0,1,0
CFG_108,D[19-21],3,5,3,0,2
CFG_108,E[00-03],6,5,5,1,0
CFG_108,E[04-06],6,5,5,1,0
CFG_108,E[07-09],6,5,5,1,0
CFG_108,E[10-12],6,5,5,1,0
CFG_108,E[13-15],6,5,5,1,0
CFG_108,E[16-18],6,5,5,1,0
CFG_108,E[19-20],2,0,0,2,0
CFG_108,E[19-21],4,5,4,0,1
CFG_108,F[00-03],5,3,3,2,0
CFG_108,F[04-06],5,3,3,2,0
CFG_108,F[07-09],6,3,3,3,0
CFG_108,F[10-12],6,3,3,3,0
CFG_108,F[13-15],6,3,3,3,0
CFG_108,F[16-18],6,3,3,3,0
CFG_108,F[19-20],1,0,0,1,0
CFG_108,F[19-21],5,3,3,2,0
CFG_108,G[00-03],5,3,3,2,0
CFG_108,G[04-06],5,3,3,2,0
CFG_108,G[07-09],5,3,3,2,0
CFG_108,G[10-12],5,3,3,2,0
CFG_108,G[13-15],5,3,3,2,0
CFG_108,G[16-18],5,3,3,2,0
CFG_108,G[19-20],1,0,0,1,0
CFG_108,G[19-21],4,3,3,1,0
CFG_108,H[00-03],4,4,4,0,0
CFG_108,H[04-06],4,4,4,0,0
CFG_108,H[07-09],4,4,4,0,0
CFG_108,H[10-12],4,4,4,0,0
CFG_108,H[13-15],4,4,4,0,0
CFG_108,H[16-18],4,4,4,0,0
CFG_108,H[19-20],1,0,0,1,0
CFG_108,H[19-21],3,4,3,0,1
CFG_108,I[00-03],4,3,3,1,0
CFG_108,I[04-06],4,3,3,1,0
CFG_108,I[07-09],4,3,3,1,0
CFG_108,I[10-12],4,3,3,1,0
CFG_108,I[13-15],4,3,3,1,0
CFG_108,I[16-18],4,3,3,1,0
CFG_108,I[19-20],1,0,0,1,0
CFG_108,I[19-21],3,3,3,0,0
CFG_108,J[00-03],5,3,3,2,0
CFG_108,J[04-06],4,3,3,1,0
CFG_108,J[07-09],4,3,3,1,0
CFG_108,J[10-12],4,3,3,1,0
CFG_108,J[13-15],4,3,3,1,0
CFG_108,J[16-18],4,3,3,1,0
CFG_108,J[19-20],1,0,0,1,0
CFG_108,J[19-21],3,3,3,0,0
CFG_108,K[00-03],5,3,3,2,0
CFG_108,K[04-06],4,3,3,1,0
CFG_108,K[07-09],5,3,3,2,0
CFG_108,K[10-12],5,3,3,2,0
CFG_108,K[13-15],5,3,3,2,0
CFG_108,K[16-18],5,3,3,2,0
CFG_108,K[19-21],3,3,3,0,0
CFG_109,A[00-03],3,6,3,0,3
CFG_109,A[04-06],3,6,3,0,3
CFG_109,A[07-09],3,6,3,0,3
CFG_109,A[10-12],3,6,3,0,3
CFG_109,A[13-15],3,6,3,0,3
CFG_109,B[00-03],3,6,3,0,3
CFG_109,B[04-06],3,6,3,0,3
CFG_109,B[07-09],3,6,3,0,3
CFG_109,B[10-12],3,6,3,0,3
CFG_109,B[13-15],3,6,3,0,3
CFG_109,B[16-18],3,6,3,0,3
CFG_109,B[19-20],2,0,0,2,0
CFG_109,B[19-21],3,6,3,0,3
CFG_109,D[00-03],5,7,5,0,2
CFG_109,D[04-06],5,7,5,0,2
CFG_109,D[07-09],5,7,5,0,2
CFG_109,D[10-12],5,7,5,0,2
CFG_109,D[13-15],5,7,5,0,2
CFG_109,D[16-18],4,7,4,0,3
CFG_109,D[19-20],1,0,0,1,0
CFG_109,D[19-21],3,7,3,0,4
CFG_109,E[00-03],6,4,4,2,0
CFG_109,E[04-06],6,4,4,2,0
CFG_109,E[07-09],6,4,4,2,0
CFG_109,E[10-12],6,4,4,2,0
CFG_109,E[13-15],6,4,4,2,0
CFG_109,E[16-18],6,4,4,2,0
CFG_109,E[19-20],2,0,0,2,0
CFG_109,E[19-21],4,4,4,0,0
CFG_109,F[00-03],5,4,4,1,0
CFG_109,F[04-06],5,4,4,1,0
CFG_109,F[07-09],6,4,4,2,0
CFG_109,F[10-12],6,4,4,2,0
CFG_109,F[13-15],6,4,4,2,0
CFG_109,F[16-18],6,4,4,2,0
CFG_109,F[19-20],1,0,0,1,0
CFG_109,F[19-21],5,4,4,1,0
CFG_109,G[00-03],5,3,3,2,0
CFG_109,G[04-06],5,3,3,2,0
CFG_109,G[07-09],5,3,3,2,0
CFG_109,G[10-12],5,3,3,2,0
CFG_109,G[13-15],5,3,3,2,0
CFG_109,G[16-18],5,3,3,2,0
CFG_109,G[19-20],1,0,0,1,0
CFG_109,G[19-21],4,3,3,1,0
CFG_109,H[00-03],4,3,3,1,0
CFG_109,H[04-06],4,3,3,1,0
CFG_109,H[07-09],4,3,3,1,0
CFG_109,H[10-12],4,3,3,1,0
CFG_109,H[13-15],4,3,3,1,0
CFG_109,H[16-18],4,3,3,1,0
CFG_109,H[19-20],1,0,0,1,0
CFG_109,H[19-21],3,3,3,0,0
CFG_109,I[00-03],4,3,3,1,0
CFG_109,I[04-06],4,3,3,1,0
CFG_109,I[07-09],4,3,3,1,0
CFG_109,I[10-12],4,3,3,1,0
CFG_109,I[13-15],4,3,3,1,0
CFG_109,I[16-18],4,3,3,1,0
CFG_109,I[19-20],1,0,0,1,0
CFG_109,I[19-21],3,3,3,0,0
CFG_109,J[00-03],5,3,3,2,0
CFG_109,J[04-06],4,3,3,1,0
CFG_109,J[07-09],4,3,3,1,0
CFG_109,J[10-12],4,3,3,1,0
CFG_109,J[13-15],4,3,3,1,0
CFG_109,J[16-18],4,3,3,1,0
CFG_109,J[19-20],1,0,0,1,0
CFG_109,J[19-21],3,3,3,0,0
CFG_109,K[00-03],5,3,3,2,0
CFG_109,K[04-06],4,3,3,1,0
CFG_109,K[07-09],5,3,3,2,0
CFG_109,K[10-12],5,3,3,2,0
CFG_109,K[13-15],5,3,3,2,0
CFG_109,K[16-18],5,3,3,2,0
CFG_109,K[19-21],3,3,3,0,0
CFG_110,A[00-03],3,6,3,0,3
CFG_110,A[04-06],3,6,3,0,3
CFG_110,A[07-09],3,6,3,0,3
CFG_110,A[10-12],3,6,3,0,3
CFG_110,A[13-15],3,6,3,0,3
CFG_110,B[00-03],3,6,3,0,3
CFG_110,B[04-06],3,6,3,0,3
CFG_110,B[07-09],3,6,3,0,3
CFG_110,B[10-12],3,6,3,0,3
CFG_110,B[13-15],3,6,3,0,3
CFG_110,B[16-18],3,6,3,0,3
CFG_110,B[19-20],2,0,0,2,0
CFG_110,B[19-21],3,6,3,0,3
CFG_110,D[00-03],5,7,5,0,2
CFG_110,D[04-06],5,7,5,0,2
CFG_110,D[07-09],5,7,5,0,2
CFG_110,D[10-12],5,7,5,0,2
CFG_110,D[13-15],5,7,5,0,2
CFG_110,D[16-18],4,7,4,0,3
CFG_110,D[19-20],1,0,0,1,0
CFG_110,D[19-21],3,7,3,0,4
CFG_110,E[00-03],6,4,4,2,0
CFG_110,E[04-06],6,4,4,2,0
CFG_110,E[07-09],6,4,4,2,0
CFG_110,E[10-12],6,4,4,2,0
CFG_110,E[13-15],6,4,4,2,0
CFG_110,E[16-18],6,4,4,2,0
CFG_110,E[19-20],2,0,0,2,0
CFG_110,E[19-21],4,4,4,0,0
CFG_110,F[00-03],5,3,3,2,0
CFG_110,F[04-06],5,3,3,2,0
CFG_110,F[07-09],6,3,3,3,0
CFG_110,F[10-12],6,3,3,3,0
CFG_110,F[13-15],6,3,3,3,0
CFG_110,F[16-18],6,3,3,3,0
CFG_110,F[19-20],1,0,0,1,0
CFG_110,F[19-21],5,3,3,2,0
CFG_110,G[00-03],5,3,3,2,0
CFG_110,G[04-06],5,3,3,2,0
CFG_110,G[07-09],5,3,3,2,0
CFG_110,G[10-12],5,3,3,2,0
CFG_110,G[13-15],5,3,3,2,0
CFG_110,G[16-18],5,3,3,2,0
CFG_110,G[19-20],1,0,0,1,0
CFG_110,G[19-21],4,3,3,1,0
CFG_110,H[00-03],4,3,3,1,0
CFG_110,H[04-06],4,3,3,1,0
CFG_110,H[07-09],4,3,3,1,0
CFG_110,H[10-12],4,3,3,1,0
CFG_110,H[13-15],4,3,3,1,0
CFG_110,H[16-18],4,3,3,1,0
CFG_110,H[19-20],1,0,0,1,0
CFG_110,H[19-21],3,3,3,0,0
CFG_110,I[00-03],4,3,3,1,0
CFG_110,I[04-06],4,3,3,1,0
CFG_110,I[07-09],4,3,3,1,0
CFG_110,I[10-12],4,3,3,1,0
CFG_110,I[13-15],4,3,3,1,0
CFG_110,I[16-18],4,3,3,1,0
CFG_110,I[19-20],1,0,0,1,0
CFG_110,I[19-21],3,3,3,0,0
CFG_110,J[00-03],5,3,3,2,0
CFG_110,J[04-06],4,3,3,1,0
CFG_110,J[07-09],4,3,3,1,0
CFG_110,J[10-12],4,3,3,1,0
CFG_110,J[13-15],4,3,3,1,0
CFG_110,J[16-18],4,3,3,1,0
CFG_110,J[19-20],1,0,0,1,0
CFG_110,J[19-21],3,3,3,0,0
CFG_110,K[00-03],5,3,3,2,0
CFG_110,K[04-06],4,3,3,1,0
CFG_110,K[07-09],5,3,3,2,0
CFG_110,K[10-12],5,3,3,2,0
CFG_110,K[13-15],5,3,3,2,0
CFG_110,K[16-18],5,3,3,2,0
CFG_110,K[19-21],3,3,3,0,0
CFG_114,A[00-03],3,3,3,0,0
CFG_114,A[04-06],3,3,3,0,0
CFG_114,A[07-09],3,3,3,0,0
CFG_114,A[10-12],3,3,3,0,0
CFG_114,A[13-15],3,3,3,0,0
CFG_114,B[00-03],3,3,3,0,0
CFG_114,B[04-06],3,3,3,0,0
CFG_114,B[07-09],3,3,3,0,0
CFG_114,B[10-12],3,3,3,0,0
CFG_114,B[13-15],3,3,3,0,0
CFG_114,B[16-18],3,3,3,0,0
CFG_114,B[19-20],2,0,0,2,0
CFG_114,B[19-21],3,3,3,0,0
CFG_114,D[00-03],5,3,3,2,0
CFG_114,D[04-06],5,3,3,2,0
CFG_114,D[07-09],5,3,3,2,0
CFG_114,D[10-12],5,3,3,2,0
CFG_114,D[13-15],5,3,3,2,0
CFG_114,D[16-18],4,3,3,1,0
CFG_114,D[19-20],1,0,0,1,0
CFG_114,D[19-21],3,3,3,0,0
CFG_114,E[00-03],6,3,3,3,0
CFG_114,E[04-06],6,3,3,3,0
CFG_114,E[07-09],6,3,3,3,0
CFG_114,E[10-12],6,3,3,3,0
CFG_114,E[13-15],6,3,3,3,0
CFG_114,E[16-18],6,3,3,3,0
CFG_114,E[19-20],2,0,0,2,0
CFG_114,E[19-21],4,3,3,1,0
CFG_114,F[00-03],5,3,3,2,0
CFG_114,F[04-06],5,3,3,2,0
CFG_114,F[07-09],6,3,3,3,0
CFG_114,F[10-12],6,3,3,3,0
CFG_114,F[13-15],6,3,3,3,0
CFG_114,F[16-18],6,3,3,3,0
CFG_114,F[19-20],1,0,0,1,0
CFG_114,F[19-21],5,3,3,2,0
CFG_114,G[00-03],5,4,4,1,0
CFG_114,G[04-06],5,4,4,1,0
CFG_114,G[07-09],5,4,4,1,0
CFG_114,G[10-12],5,4,4,1,0
CFG_114,G[13-15],5,4,4,1,0
CFG_114,G[16-18],5,4,4,1,0
CFG_114,G[19-20],1,0,0,1,0
CFG_114,G[19-21],4,4,4,0,0
CFG_114,H[00-03],4,4,4,0,0
CFG_114,H[04-06],4,4,4,0,0
CFG_114,H[07-09],4,4,4,0,0
CFG_114,H[10-12],4,4,4,0,0
CFG_114,H[13-15],4,4,4,0,0
CFG_114,H[16-18],4,4,4,0,0
CFG_114,H[19-20],1,0,0,1,0
CFG_114,H[19-21],3,4,3,0,1
CFG_114,I[00-03],4,4,4,0,0
CFG_114,I[04-06],4,4,4,0,0
CFG_114,I[07-09],4,4,4,0,0
CFG_114,I[10-12],4,4,4,0,0
CFG_114,I[13-15],4,4,4,0,0
CFG_114,I[16-18],4,4,4,0,0
CFG_114,I[19-20],1,0,0,1,0
CFG_114,I[19-21],3,4,3,0,1
CFG_114,J[00-03],5,4,4,1,0
CFG_114,J[04-06],4,4,4,0,0
CFG_114,J[07-09],4,4,4,0,0
CFG_114,J[10-12],4,4,4,0,0
CFG_114,J[13-15],4,4,4,0,0
CFG_114,J[16-18],4,4,4,0,0
CFG_114,J[19-20],1,0,0,1,0
CFG_114,J[19-21],3,4,3,0,1
CFG_114,K[00-03],5,4,4,1,0
CFG_114,K[04-06],4,4,4,0,0
CFG_114,K[07-09],5,4,4,1,0
CFG_114,K[10-12],5,4,4,1,0
CFG_114,K[13-15],5,4,4,1,0
CFG_114,K[16-18],5,4,4,1,0
CFG_114,K[19-21],3,4,3,0,1
CFG_115,A[00-03],3,5,3,0,2
CFG_115,A[04-06],3,5,3,0,2
CFG_115,A[07-09],3,5,3,0,2
CFG_115,A[10-12],3,5,3,0,2
CFG_115,A[13-15],3,5,3,0,2
CFG_115,B[00-03],3,7,3,0,4
CFG_115,B[04-06],3,7,3,0,4
CFG_115,B[07-09],3,7,3,0,4
CFG_115,B[10-12],3,7,3,0,4
CFG_115,B[13-15],3,7,3,0,4
CFG_115,B[16-18],3,7,3,0,4
CFG_115,B[19-20],2,0,0,2,0
CFG_115,B[19-21],3,7,3,0,4
CFG_115,D[00-03],5,4,4,1,0
CFG_115,D[04-06],5,4,4,1,0
CFG_115,D[07-09],5,4,4,1,0
CFG_115,D[10-12],5,4,4,1,0
CFG_115,D[13-15],5,4,4,1,0
CFG_115,D[16-18],4,4,4,0,0
CFG_115,D[19-20],1,0,0,1,0
CFG_115,D[19-21],3,4,3,0,1
CFG_115,E[00-03],6,4,4,2,0
CFG_115,E[04-06],6,4,4,2,0
CFG_115,E[07-09],6,4,4,2,0
CFG_115,E[10-12],6,4,4,2,0
CFG_115,E[13-15],6,4,4,2,0
CFG_115,E[16-18],6,4,4,2,0
CFG_115,E[19-20],2,0,0,2,0
CFG_115,E[19-21],4,4,4,0,0
CFG_115,F[00-03],5,3,3,2,0
CFG_115,F[04-06],5,3,3,2,0
CFG_115,F[07-09],6,3,3,3,0
CFG_115,F[10-12],6,3,3,3,0
CFG_115,F[13-15],6,3,3,3,0
CFG_115,F[16-18],6,3,3,3,0
CFG_115,F[19-20],1,0,0,1,0
CFG_115,F[19-21],5,3,3,2,0
CFG_115,G[00-03],5,3,3,2,0
CFG_115,G[04-06],5,3,3,2,0
CFG_115,G[07-09],5,3,3,2,0
CFG_115,G[10-12],5,3,3,2,0
CFG_115,G[13-15],5,3,3,2,0
CFG_115,G[16-18],5,3,3,2,0
CFG_115,G[19-20],1,0,0,1,0
CFG_115,G[19-21],4,3,3,1,0
CFG_115,H[00-03],4,3,3,1,0
CFG_115,H[04-06],4,3,3,1,0
CFG_115,H[07-09],4,3,3,1,0
CFG_115,H[10-12],4,3,3,1,0
CFG_115,H[13-15],4,3,3,1,0
CFG_115,H[16-18],4,3,3,1,0
CFG_115,H[19-20],1,0,0,1,0
CFG_115,H[19-21],3,3,3,0,0
CFG_115,I[00-03],4,3,3,1,0
CFG_115,I[04-06],4,3,3,1,0
CFG_115,I[07-09],4,3,3,1,0
CFG_115,I[10-12],4,3,3,1,0
CFG_115,I[13-15],4,3,3,1,0
CFG_115,I[16-18],4,3,3,1,0
CFG_115,I[19-20],1,0,0,1,0
CFG_115,I[19-21],3,3,3,0,0
CFG_115,J[00-03],5,3,3,2,0
CFG_115,J[04-06],4,3,3,1,0
CFG_115,J[07-09],4,3,3,1,0
CFG_115,J[10-12],4,3,3,1,0
CFG_115,J[13-15],4,3,3,1,0
CFG_115,J[16-18],4,3,3,1,0
CFG_115,J[19-20],1,0,0,1,0
CFG_115,J[19-21],3,3,3,0,0
CFG_115,K[00-03],5,4,4,1,0
CFG_115,K[04-06],4,4,4,0,0
CFG_115,K[07-09],5,4,4,1,0
CFG_115,K[10-12],5,4,4,1,0
CFG_115,K[13-15],5,4,4,1,0
CFG_115,K[16-18],5,4,4,1,0
CFG_115,K[19-21],3,4,3,0,1
CFG_116,A[00-03],3,5,3,0,2
CFG_116,A[04-06],3,5,3,0,2
CFG_116,A[07-09],3,5,3,0,2
CFG_116,A[10-12],3,5,3,0,2
CFG_116,A[13-15],3,5,3,0,2
CFG_116,B[00-03],3,6,3,0,3
CFG_116,B[04-06],3,6,3,0,3
CFG_116,B[07-09],3,6,3,0,3
CFG_116,B[10-12],3,6,3,0,3
CFG_116,B[13-15],3,6,3,0,3
CFG_116,B[16-18],3,6,3,0,3
CFG_116,B[19-20],2,0,0,2,0
CFG_116,B[19-21],3,6,3,0,3
CFG_116,D[00-03],5,6,5,0,1
CFG_116,D[04-06],5,6,5,0,1
CFG_116,D[07-09],5,6,5,0,1
CFG_116,D[10-12],5,6,5,0,1
CFG_116,D[13-15],5,6,5,0,1
CFG_116,D[16-18],4,6,4,0,2
CFG_116,D[19-20],1,0,0,1,0
CFG_116,D[19-21],3,6,3,0,3
CFG_116,E[00-03],6,4,4,2,0
CFG_116,E[04-06],6,4,4,2,0
CFG_116,E[07-09],6,4,4,2,0
CFG_116,E[10-12],6,4,4,2,0
CFG_116,E[13-15],6,4,4,2,0
CFG_116,E[16-18],6,4,4,2,0
CFG_116,E[19-20],2,0,0,2,0
CFG_116,E[19-21],4,4,4,0,0
CFG_116,F[00-03],5,3,3,2,0
CFG_116,F[04-06],5,3,3,2,0
CFG_116,F[07-09],6,3,3,3,0
CFG_116,F[10-12],6,3,3,3,0
CFG_116,F[13-15],6,3,3,3,0
CFG_116,F[16-18],6,3,3,3,0
CFG_116,F[19-20],1,0,0,1,0
CFG_116,F[19-21],5,3,3,2,0
CFG_116,G[00-03],5,3,3,2,0
CFG_116,G[04-06],5,3,3,2,0
CFG_116,G[07-09],5,3,3,2,0
CFG_116,G[10-12],5,3,3,2,0
CFG_116,G[13-15],5,3,3,2,0
CFG_116,G[16-18],5,3,3,2,0
CFG_116,G[19-20],1,0,0,1,0
CFG_116,G[19-21],4,3,3,1,0
CFG_116,H[00-03],4,3,3,1,0
CFG_116,H[04-06],4,3,3,1,0
CFG_116,H[07-09],4,3,3,1,0
CFG_116,H[10-12],4,3,3,1,0
CFG_116,H[13-15],4,3,3,1,0
CFG_116,H[16-18],4,3,3,1,0
CFG_116,H[19-20],1,0,0,1,0
CFG_116,H[19-21],3,3,3,0,0
CFG_116,I[00-03],4,3,3,1,0
CFG_116,I[04-06],4,3,3,1,0
CFG_116,I[07-09],4,3,3,1,0
CFG_116,I[10-12],4,3,3,1,0
CFG_116,I[13-15],4,3,3,1,0
CFG_116,I[16-18],4,3,3,1,0
CFG_116,I[19-20],1,0,0,1,0
CFG_116,I[19-21],3,3,3,0,0
CFG_116,J[00-03],5,3,3,2,0
CFG_116,J[04-06],4,3,3,1,0
CFG_116,J[07-09],4,3,3,1,0
CFG_116,J[10-12],4,3,3,1,0
CFG_116,J[13-15],4,3,3,1,0
CFG_116,J[16-18],4,3,3,1,0
CFG_116,J[19-20],1,0,0,1,0
CFG_116,J[19-21],3,3,3,0,0
CFG_116,K[00-03],5,3,3,2,0
CFG_116,K[04-06],4,3,3,1,0
CFG_116,K[07-09],5,3,3,2,0
CFG_116,K[10-12],5,3,3,2,0
CFG_116,K[13-15],5,3,3,2,0
CFG_116,K[16-18],5,3,3,2,0
CFG_116,K[19-21],3,3,3,0,0
CFG_117,A[00-03],3,5,3,0,2
CFG_117,A[04-06],3,5,3,0,2
CFG_117,A[07-09],3,5,3,0,2
CFG_117,A[10-12],3,5,3,0,2
CFG_117,A[13-15],3,5,3,0,2
CFG_117,B[00-03],3,7,3,0,4
CFG_117,B[04-06],3,7,3,0,4
CFG_117,B[07-09],3,7,3,0,4
CFG_117,B[10-12],3,7,3,0,4
CFG_117,B[13-15],3,7,3,0,4
CFG_117,B[16-18],3,7,3,0,4
CFG_117,B[19-20],2,0,0,2,0
CFG_117,B[19-21],3,7,3,0,4
CFG_117,D[00-03],5,5,5,0,0
CFG_117,D[04-06],5,5,5,0,0
CFG_117,D[07-09],5,5,5,0,0
CFG_117,D[10-12],5,5,5,0,0
CFG_117,D[13-15],5,5,5,0,0
CFG_117,D[16-18],4,5,3,0,1
CFG_117,D[19-20],1,0,0,1,0
CFG_117,D[19-21],3,5,3,0,2
CFG_117,E[00-03],6,4,4,2,0
CFG_117,E[04-06],6,4,4,2,0
CFG_117,E[07-09],6,4,4,2,0
CFG_117,E[10-12],6,4,4,2,0
CFG_117,E[13-15],6,4,4,2,0
CFG_117,E[16-18],6,4,4,2,0
CFG_117,E[19-20],2,0,0,2,0
CFG_117,E[19-21],4,4,4,0,0
CFG_117,F[00-03],5,3,3,2,0
CFG_117,F[04-06],5,3,3,2,0
CFG_117,F[07-09],6,3,3,3,0
CFG_117,F[10-12],6,3,3,3,0
CFG_117,F[13-15],6,3,3,3,0
CFG_117,F[16-18],6,3,3,3,0
CFG_117,F[19-20],1,0,0,1,0
CFG_117,F[19-21],5,3,3,2,0
CFG_117,G[00-03],5,3,3,2,0
CFG_117,G[04-06],5,3,3,2,0
CFG_117,G[07-09],5,3,3,2,0
CFG_117,G[10-12],5,3,3,2,0
CFG_117,G[13-15],5,3,3,2,0
CFG_117,G[16-18],5,3,3,2,0
CFG_117,G[19-20],1,0,0,1,0
CFG_117,G[19-21],4,3,3,1,0
CFG_117,H[00-03],4,3,3,1,0
CFG_117,H[04-06],4,3,3,1,0
CFG_117,H[07-09],4,3,3,1,0
CFG_117,H[10-12],4,3,3,1,0
CFG_117,H[13-15],4,3,3,1,0
CFG_117,H[16-18],4,3,3,1,0
CFG_117,H[19-20],1,0,0,1,0
CFG_117,H[19-21],3,3,3,0,0
CFG_117,I[00-03],4,3,3,1,0
CFG_117,I[04-06],4,3,3,1,0
CFG_117,I[07-09],4,3,3,1,0
CFG_117,I[10-12],4,3,3,1,0
CFG_117,I[13-15],4,3,3,1,0
CFG_117,I[16-18],4,3,3,1,0
CFG_117,I[19-20],1,0,0,1,0
CFG_117,I[19-21],3,3,3,0,0
CFG_117,J[00-03],5,3,3,2,0
CFG_117,J[04-06],4,3,3,1,0
CFG_117,J[07-09],4,3,3,1,0
CFG_117,J[10-12],4,3,3,1,0
CFG_117,J[13-15],4,3,3,1,0
CFG_117,J[16-18],4,3,3,1,0
CFG_117,J[19-20],1,0,0,1,0
CFG_117,J[19-21],3,3,3,0,0
CFG_117,K[00-03],5,3,3,2,0
CFG_117,K[04-06],4,3,3,1,0
CFG_117,K[07-09],5,3,3,2,0
CFG_117,K[10-12],5,3,3,2,0
CFG_117,K[13-15],5,3,3,2,0
CFG_117,K[16-18],5,3,3,2,0
CFG_117,K[19-21],3,3,3,0,0
CFG_118,A[00-03],3,6,3,0,3
CFG_118,A[04-06],3,6,3,0,3
CFG_118,A[07-09],3,6,3,0,3
CFG_118,A[10-12],3,6,3,0,3
CFG_118,A[13-15],3,6,3,0,3
CFG_118,B[00-03],3,6,3,0,3
CFG_118,B[04-06],3,6,3,0,3
CFG_118,B[07-09],3,6,3,0,3
CFG_118,B[10-12],3,6,3,0,3
CFG_118,B[13-15],3,6,3,0,3
CFG_118,B[16-18],3,6,3,0,3
CFG_118,B[19-20],2,0,0,2,0
CFG_118,B[19-21],3,6,3,0,3
CFG_118,D[00-03],5,6,5,0,1
CFG_118,D[04-06],5,6,5,0,1
CFG_118,D[07-09],5,6,5,0,1
CFG_118,D[10-12],5,6,5,0,1
CFG_118,D[13-15],5,6,5,0,1
CFG_118,D[16-18],4,6,4,0,2
CFG_118,D[19-20],1,0,0,1,0
CFG_118,D[19-21],3,6,3,0,3
CFG_118,E[00-03],6,5,5,1,0
CFG_118,E[04-06],6,5,5,1,0
CFG_118,E[07-09],6,5,5,1,0
CFG_118,E[10-12],6,5,5,1,0
CFG_118,E[13-15],6,5,5,1,0
CFG_118,E[16-18],6,5,5,1,0
CFG_118,E[19-20],2,0,0,2,0
CFG_118,E[19-21],4,5,4,0,1
CFG_118,F[00-03],5,3,3,2,0
CFG_118,F[04-06],5,3,3,2,0
CFG_118,F[07-09],6,3,3,3,0
CFG_118,F[10-12],6,3,3,3,0
CFG_118,F[13-15],6,3,3,3,0
CFG_118,F[16-18],6,3,3,3,0
CFG_118,F[19-20],1,0,0,1,0
CFG_118,F[19-21],5,3,3,2,0
CFG_118,G[00-03],5,3,3,2,0
CFG_118,G[04-06],5,3,3,2,0
CFG_118,G[07-09],5,3,3,2,0
CFG_118,G[10-12],5,3,3,2,0
CFG_118,G[13-15],5,3,3,2,0
CFG_118,G[16-18],5,3,3,2,0
CFG_118,G[19-20],1,0,0,1,0
CFG_118,G[19-21],4,3,3,1,0
CFG_118,H[00-03],4,3,3,1,0
CFG_118,H[04-06],4,3,3,1,0
CFG_118,H[07-09],4,3,3,1,0
CFG_118,H[10-12],4,3,3,1,0
CFG_118,H[13-15],4,3,3,1,0
CFG_118,H[16-18],4,3,3,1,0
CFG_118,H[19-20],1,0,0,1,0
CFG_118,H[19-21],3,3,3,0,0
CFG_118,I[00-03],4,3,3,1,0
CFG_118,I[04-06],4,3,3,1,0
CFG_118,I[07-09],4,3,3,1,0
CFG_118,I[10-12],4,3,3,1,0
CFG_118,I[13-15],4,3,3,1,0
CFG_118,I[16-18],4,3,3,1,0
CFG_118,I[19-20],1,0,0,1,0
CFG_118,I[19-21],3,3,3,0,0
CFG_118,J[00-03],5,3,3,2,0
CFG_118,J[04-06],4,3,3,1,0
CFG_118,J[07-09],4,3,3,1,0
CFG_118,J[10-12],4,3,3,1,0
CFG_118,J[13-15],4,3,3,1,0
CFG_118,J[16-18],4,3,3,1,0
CFG_118,J[19-20],1,0,0,1,0
CFG_118,J[19-21],3,3,3,0,0
CFG_118,K[00-03],5,3,3,2,0
CFG_118,K[04-06],4,3,3,1,0
CFG_118,K[07-09],5,3,3,2,0
CFG_118,K[10-12],5,3,3,2,0
CFG_118,K[13-15],5,3,3,2,0
CFG_118,K[16-18],5,3,3,2,0
CFG_118,K[19-21],3,3,3,0,0
CFG_119,A[00-03],3,6,3,0,3
CFG_119,A[04-06],3,6,3,0,3
CFG_119,A[07-09],3,6,3,0,3
CFG_119,A[10-12],3,6,3,0,3
CFG_119,A[13-15],3,6,3,0,3
CFG_119,B[00-03],3,6,3,0,3
CFG_119,B[04-06],3,6,3,0,3
CFG_119,B[07-09],3,6,3,0,3
CFG_119,B[10-12],3,6,3,0,3
CFG_119,B[13-15],3,6,3,0,3
CFG_119,B[16-18],3,6,3,0,3
CFG_119,B[19-20],2,0,0,2,0
CFG_119,B[19-21],3,6,3,0,3
CFG_119,D[00-03],5,6,5,0,1
CFG_119,D[04-06],5,6,5,0,1
CFG_119,D[07-09],5,6,5,0,1
CFG_119,D[10-12],5,6,5,0,1
CFG_119,D[13-15],5,6,5,0,1
CFG_119,D[16-18],4,6,4,0,2
CFG_119,D[19-20],1,0,0,1,0
CFG_119,D[19-21],3,6,3,0,3
CFG_119,E[00-03],6,5,5,1,0
CFG_119,E[04-06],6,5,5,1,0
CFG_119,E[07-09],6,5,5,1,0
CFG_119,E[10-12],6,5,5,1,0
CFG_119,E[13-15],6,5,5,1,0
CFG_119,E[16-18],6,5,5,1,0
CFG_119,E[19-20],2,0,0,2,0
CFG_119,E[19-21],4,5,3,0,1
CFG_119,F[00-03],5,3,3,2,0
CFG_119,F[04-06],5,3,3,2,0
CFG_119,F[07-09],6,3,3,3,0
CFG_119,F[10-12],6,3,3,3,0
CFG_119,F[13-15],6,3,3,3,0
CFG_119,F[16-18],6,3,3,3,0
CFG_119,F[19-20],1,0,0,1,0
CFG_119,F[19-21],5,3,3,2,0
CFG_119,G[00-03],5,3,3,2,0
CFG_119,G[04-06],5,3,3,2,0
CFG_119,G[07-09],5,3,3,2,0
CFG_119,G[10-12],5,3,3,2,0
CFG_119,G[13-15],5,3,3,2,0
CFG_119,G[16-18],5,3,3,2,0
CFG_119,G[19-20],1,0,0,1,0
CFG_119,G[19-21],4,3,3,1,0
CFG_119,H[00-03],4,3,3,1,0
CFG_119,H[04-06],4,3,3,1,0
CFG_119,H[07-09],4,3,3,1,0
CFG_119,H[10-12],4,3,3,1,0
CFG_119,H[13-15],4,3,3,1,0
CFG_119,H[16-18],4,3,3,1,0
CFG_119,H[19-20],1,0,0,1,0
CFG_119,H[19-21],3,3,3,0,0
CFG_119,I[00-03],4,3,3,1,0
CFG_119,I[04-06],4,3,3,1,0
CFG_119,I[07-09],4,3,3,1,0
CFG_119,I[10-12],4,3,3,1,0
CFG_119,I[13-15],4,3,3,1,0
CFG_119,I[16-18],4,3,3,1,0
CFG_119,I[19-20],1,0,0,1,0
CFG_119,I[19-21],3,3,3,0,0
CFG_119,J[00-03],5,3,3,2,0
CFG_119,J[04-06],4,3,3,1,0
CFG_119,J[07-09],4,3,3,1,0
CFG_119,J[10-12],4,3,3,1,0
CFG_119,J[13-15],4,3,3,1,0
CFG_119,J[16-18],4,3,3,1,0
CFG_119,J[19-20],1,0,0,1,0
CFG_119,J[19-21],3,3,3,0,0
CFG_119,K[00-03],5,3,3,2,0
CFG_119,K[04-06],4,3,3,1,0
CFG_119,K[07-09],5,3,3,2,0
CFG_119,K[10-12],5,3,3,2,0
CFG_119,K[13-15],5,3,3,2,0
CFG_119,K[16-18],5,3,3,2,0
CFG_119,K[19-21],3,3,3,0,0
CFG_120,A[00-03],3,5,3,0,2
CFG_120,A[04-06],3,5,3,0,2
CFG_120,A[07-09],3,5,3,0,2
CFG_120,A[10-12],3,5,3,0,2
CFG_120,A[13-15],3,5,3,0,2
CFG_120,B[00-03],3,6,3,0,3
CFG_120,B[04-06],3,6,3,0,3
CFG_120,B[07-09],3,6,3,0,3
CFG_120,B[10-12],3,6,3,0,3
CFG_120,B[13-15],3,6,3,0,3
CFG_120,B[16-18],3,6,3,0,3
CFG_120,B[19-20],2,0,0,2,0
CFG_120,B[19-21],3,6,3,0,3
CFG_120,D[00-03],5,6,5,0,1
CFG_120,D[04-06],5,6,5,0,1
CFG_120,D[07-09],5,6,5,0,1
CFG_120,D[10-12],5,6,5,0,1
CFG_120,D[13-15],5,6,5,0,1
CFG_120,D[16-18],4,6,4,0,2
CFG_120,D[19-20],1,0,0,1,0
CFG_120,D[19-21],3,6,3,0,3
CFG_120,E[00-03],6,5,5,1,0
CFG_120,E[04-06],6,5,5,1,0
CFG_120,E[07-09],6,5,5,1,0
CFG_120,E[10-12],6,5,5,1,0
CFG_120,E[13-15],6,5,5,1,0
CFG_120,E[16-18],6,5,5,1,0
CFG_120,E[19-20],2,0,0,2,0
CFG_120,E[19-21],4,5,3,0,1
CFG_120,F[00-03],5,4,4,1,0
CFG_120,F[04-06],5,4,4,1,0
CFG_120,F[07-09],6,4,4,2,0
CFG_120,F[10-12],6,4,4,2,0
CFG_120,F[13-15],6,4,4,2,0
CFG_120,F[16-18],6,4,4,2,0
CFG_120,F[19-20],1,0,0,1,0
CFG_120,F[19-21],5,4,4,1,0
CFG_120,G[00-03],5,3,3,2,0
CFG_120,G[04-06],5,3,3,2,0
CFG_120,G[07-09],5,3,3,2,0
CFG_120,G[10-12],5,3,3,2,0
CFG_120,G[13-15],5,3,3,2,0
CFG_120,G[16-18],5,3,3,2,0
CFG_120,G[19-20],1,0,0,1,0
CFG_120,G[19-21],4,3,3,1,0
CFG_120,H[00-03],4,3,3,1,0
CFG_120,H[04-06],4,3,3,1,0
CFG_120,H[07-09],4,3,3,1,0
CFG_120,H[10-12],4,3,3,1,0
CFG_120,H[13-15],4,3,3,1,0
CFG_120,H[16-18],4,3,3,1,0
CFG_120,H[19-20],1,0,0,1,0
CFG_120,H[19-21],3,3,3,0,0
CFG_120,I[00-03],4,3,3,1,0
CFG_120,I[04-06],4,3,3,1,0
CFG_120,I[07-09],4,3,3,1,0
CFG_120,I[10-12],4,3,3,1,0
CFG_120,I[13-15],4,3,3,1,0
CFG_120,I[16-18],4,3,3,1,0
CFG_120,I[19-20],1,0,0,1,0
CFG_120,I[19-21],3,3,3,0,0
CFG_120,J[00-03],5,3,3,2,0
CFG_120,J[04-06],4,3,3,1,0
CFG_120,J[07-09],4,3,3,1,0
CFG_120,J[10-12],4,3,3,1,0
CFG_120,J[13-15],4,3,3,1,0
CFG_120,J[16-18],4,3,3,1,0
CFG_120,J[19-20],1,0,0,1,0
CFG_120,J[19-21],3,3,3,0,0
CFG_120,K[00-03],5,3,3,2,0
CFG_120,K[04-06],4,3,3,1,0
CFG_120,K[07-09],5,3,3,2,0
CFG_120,K[10-12],5,3,3,2,0
CFG_120,K[13-15],5,3,3,2,0
CFG_120,K[16-18],5,3,3,2,0
CFG_120,K[19-21],3,3,3,0,0
CFG_123,A[00-03],3,3,3,0,0
CFG_123,A[04-06],3,3,3,0,0
CFG_123,A[07-09],3,3,3,0,0
CFG_123,A[10-12],3,3,3,0,0
CFG_123,A[13-15],3,3,3,0,0
CFG_123,B[00-03],3,3,3,0,0
CFG_123,B[04-06],3,3,3,0,0
CFG_123,B[07-09],3,3,3,0,0
CFG_123,B[10-12],3,3,3,0,0
CFG_123,B[13-15],3,3,3,0,0
CFG_123,B[16-18],3,3,3,0,0
CFG_123,B[19-20],2,0,0,2,0
CFG_123,B[19-21],3,3,3,0,0
CFG_123,D[00-03],5,3,3,2,0
CFG_123,D[04-06],5,3,3,2,0
CFG_123,D[07-09],5,3,3,2,0
CFG_123,D[10-12],5,3,3,2,0
CFG_123,D[13-15],5,3,3,2,0
CFG_123,D[16-18],4,3,3,1,0
CFG_123,D[19-20],1,0,0,1,0
CFG_123,D[19-21],3,3,3,0,0
CFG_123,E[00-03],6,3,3,3,0
CFG_123,E[04-06],6,3,3,3,0
CFG_123,E[07-09],6,3,3,3,0
CFG_123,E[10-12],6,3,3,3,0
CFG_123,E[13-15],6,3,3,3,0
CFG_123,E[16-18],6,3,3,3,0
CFG_123,E[19-20],2,0,0,2,0
CFG_123,E[19-21],4,3,3,1,0
CFG_123,F[00-03],5,3,3,2,0
CFG_123,F[04-06],5,3,3,2,0
CFG_123,F[07-09],6,3,3,3,0
CFG_123,F[10-12],6,3,3,3,0
CFG_123,F[13-15],6,3,3,3,0
CFG_123,F[16-18],6,3,3,3,0
CFG_123,F[19-20],1,0,0,1,0
CFG_123,F[19-21],5,3,3,2,0
CFG_123,G[00-03],5,3,3,2,0
CFG_123,G[04-06],5,3,3,2,0
CFG_123,G[07-09],5,3,3,2,0
CFG_123,G[10-12],5,3,3,2,0
CFG_123,G[13-15],5,3,3,2,0
CFG_123,G[16-18],5,3,3,2,0
CFG_123,G[19-20],1,0,0,1,0
CFG_123,G[19-21],4,3,3,1,0
CFG_123,H[00-03],4,3,3,1,0
CFG_123,H[04-06],4,3,3,1,0
CFG_123,H[07-09],4,3,3,1,0
CFG_123,H[10-12],4,3,3,1,0
CFG_123,H[13-15],4,3,3,1,0
CFG_123,H[16-18],4,3,3,1,0
CFG_123,H[19-20],1,0,0,1,0
CFG_123,H[19-21],3,3,3,0,0
CFG_123,I[00-03],4,3,3,1,0
CFG_123,I[04-06],4,3,3,1,0
CFG_123,I[07-09],4,3,3,1,0
CFG_123,I[10-12],4,3,3,1,0
CFG_123,I[13-15],4,3,3,1,0
CFG_123,I[16-18],4,3,3,1,0
CFG_123,I[19-20],1,0,0,1,0
CFG_123,I[19-21],3,3,3,0,0
CFG_123,J[00-03],5,6,5,0,1
CFG_123,J[04-06],4,6,4,0,2
CFG_123,J[07-09],4,6,4,0,2
CFG_123,J[10-12],4,6,4,0,2
CFG_123,J[13-15],4,6,4,0,2
CFG_123,J[16-18],4,6,4,0,2
CFG_123,J[19-20],1,0,0,1,0
CFG_123,J[19-21],3,6,3,0,3
CFG_123,K[00-03],5,9,5,0,4
CFG_123,K[04-06],4,9,4,0,5
CFG_123,K[07-09],5,9,5,0,4
CFG_123,K[10-12],5,9,5,0,4
CFG_123,K[13-15],5,9,5,0,4
CFG_123,K[16-18],5,9,5,0,4
CFG_123,K[19-21],3,9,3,0,6
CFG_124,A[00-03],3,3,3,0,0
CFG_124,A[04-06],3,3,3,0,0
CFG_124,A[07-09],3,3,3,0,0
CFG_124,A[10-12],3,3,3,0,0
CFG_124,A[13-15],3,3,3,0,0
CFG_124,B[00-03],3,3,3,0,0
CFG_124,B[04-06],3,3,3,0,0
CFG_124,B[07-09],3,3,3,0,0
CFG_124,B[10-12],3,3,3,0,0
CFG_124,B[13-15],3,3,3,0,0
CFG_124,B[16-18],3,3,3,0,0
CFG_124,B[19-20],2,0,0,2,0
CFG_124,B[19-21],3,3,3,0,0
CFG_124,D[00-03],5,3,3,2,0
CFG_124,D[04-06],5,3,3,2,0
CFG_124,D[07-09],5,3,3,2,0
CFG_124,D[10-12],5,3,3,2,0
CFG_124,D[13-15],5,3,3,2,0
CFG_124,D[16-18],4,3,3,1,0
CFG_124,D[19-20],1,0,0,1,0
CFG_124,D[19-21],3,3,3,0,0
CFG_124,E[00-03],6,3,3,3,0
CFG_124,E[04-06],6,3,3,3,0
CFG_124,E[07-09],6,3,3,3,0
CFG_124,E[10-12],6,3,3,3,0
CFG_124,E[13-15],6,3,3,3,0
CFG_124,E[16-18],6,3,3,3,0
CFG_124,E[19-20],2,0,0,2,0
CFG_124,E[19-21],4,3,3,1,0
CFG_124,F[00-03],5,3,3,2,0
CFG_124,F[04-06],5,3,3,2,0
CFG_124,F[07-09],6,3,3,3,0
CFG_124,F[10-12],6,3,3,3,0
CFG_124,F[13-15],6,3,3,3,0
CFG_124,F[16-18],6,3,3,3,0
CFG_124,F[19-20],1,0,0,1,0
CFG_124,F[19-21],5,3,3,2,0
CFG_124,G[00-03],5,3,3,2,0
CFG_124,G[04-06],5,3,3,2,0
CFG_124,G[07-09],5,3,3,2,0
CFG_124,G[10-12],5,3,3,2,0
CFG_124,G[13-15],5,3,3,2,0
CFG_124,G[16-18],5,3,3,2,0
CFG_124,G[19-20],1,0,0,1,0
CFG_124,G[19-21],4,3,3,1,0
CFG_124,H[00-03],4,4,4,0,0
CFG_124,H[04-06],4,4,4,0,0
CFG_124,H[07-09],4,4,4,0,0
CFG_124,H[10-12],4,4,4,0,0
CFG_124,H[13-15],4,4,4,0,0
CFG_124,H[16-18],4,4,4,0,0
CFG_124,H[19-20],1,0,0,1,0
CFG_124,H[19-21],3,4,3,0,1
CFG_124,I[00-03],4,4,4,0,0
CFG_124,I[04-06],4,4,4,0,0
CFG_124,I[07-09],4,4,4,0,0
CFG_124,I[10-12],4,4,4,0,0
CFG_124,I[13-15],4,4,4,0,0
CFG_124,I[16-18],4,4,4,0,0
CFG_124,I[19-20],1,0,0,1,0
CFG_124,I[19-21],3,4,3,0,1
CFG_124,J[00-03],5,8,5,0,3
CFG_124,J[04-06],4,8,4,0,4
CFG_124,J[07-09],4,8,4,0,4
CFG_124,J[10-12],4,8,4,0,4
CFG_124,J[13-15],4,8,4,0,4
CFG_124,J[16-18],4,8,4,0,4
CFG_124,J[19-20],1,0,0,1,0
CFG_124,J[19-21],3,8,3,0,5
CFG_124,K[00-03],5,9,5,0,4
CFG_124,K[04-06],4,9,4,0,5
CFG_124,K[07-09],5,9,5,0,4
CFG_124,K[10-12],5,9,5,0,4
CFG_124,K[13-15],5,9,5,0,4
CFG_124,K[16-18],5,9,5,0,4
CFG_124,K[19-21],3,9,3,0,6
CFG_125,A[00-03],3,6,3,0,3
CFG_125,A[04-06],3,6,3,0,3
CFG_125,A[07-09],3,6,3,0,3
CFG_125,A[10-12],3,6,3,0,3
CFG_125,A[13-15],3,6,3,0,3
CFG_125,B[00-03],3,10,3,0,7
CFG_125,B[04-06],3,10,3,0,7
CFG_125,B[07-09],3,10,3,0,7
CFG_125,B[10-12],3,10,3,0,7
CFG_125,B[13-15],3,10,3,0,7
CFG_125,B[16-18],3,10,3,0,7
CFG_125,B[19-20],2,0,0,2,0
CFG_125,B[19-21],3,10,3,0,7
CFG_125,D[00-03],5,7,5,0,2
CFG_125,D[04-06],5,7,5,0,2
CFG_125,D[07-09],5,7,5,0,2
CFG_125,D[10-12],5,7,5,0,2
CFG_125,D[13-15],5,7,5,0,2
CFG_125,D[16-18],4,7,4,0,3
CFG_125,D[19-20],1,0,0,1,0
CFG_125,D[19-21],3,7,3,0,4
CFG_125,E[00-03],6,5,5,1,0
CFG_125,E[04-06],6,5,5,1,0
CFG_125,E[07-09],6,5,5,1,0
CFG_125,E[10-12],6,5,5,1,0
CFG_125,E[13-15],6,5,5,1,0
CFG_125,E[16-18],6,5,5,1,0
CFG_125,E[19-20],2,0,0,2,0
CFG_125,E[19-21],4,5,3,0,1
CFG_125,F[00-03],5,4,4,1,0
CFG_125,F[04-06],5,4,4,1,0
CFG_125,F[07-09],6,4,4,2,0
CFG_125,F[10-12],6,4,4,2,0
CFG_125,F[13-15],6,4,4,2,0
CFG_125,F[16-18],6,4,4,2,0
CFG_125,F[19-20],1,0,0,1,0
CFG_125,F[19-21],5,4,4,1,0
CFG_125,G[00-03],5,3,3,2,0
CFG_125,G[04-06],5,3,3,2,0
CFG_125,G[07-09],5,3,3,2,0
CFG_125,G[10-12],5,3,3,2,0
CFG_125,G[13-15],5,3,3,2,0
CFG_125,G[16-18],5,3,3,2,0
CFG_125,G[19-20],1,0,0,1,0
CFG_125,G[19-21],4,3,3,1,0
CFG_125,H[00-03],4,3,3,1,0
CFG_125,H[04-06],4,3,3,1,0
CFG_125,H[07-09],4,3,3,1,0
CFG_125,H[10-12],4,3,3,1,0
CFG_125,H[13-15],4,3,3,1,0
CFG_125,H[16-18],4,3,3,1,0
CFG_125,H[19-20],1,0,0,1,0
CFG_125,H[19-21],3,3,3,0,0
CFG_125,I[00-03],4,3,3,1,0
CFG_125,I[04-06],4,3,3,1,0
CFG_125,I[07-09],4,3,3,1,0
CFG_125,I[10-12],4,3,3,1,0
CFG_125,I[13-15],4,3,3,1,0
CFG_125,I[16-18],4,3,3,1,0
CFG_125,I[19-20],1,0,0,1,0
CFG_125,I[19-21],3,3,3,0,0
CFG_125,J[00-03],5,3,3,2,0
CFG_125,J[04-06],4,3,3,1,0
CFG_125,J[07-09],4,3,3,1,0
CFG_125,J[10-12],4,3,3,1,0
CFG_125,J[13-15],4,3,3,1,0
CFG_125,J[16-18],4,3,3,1,0
CFG_125,J[19-20],1,0,0,1,0
CFG_125,J[19-21],3,3,3,0,0
CFG_125,K[00-03],5,3,3,2,0
CFG_125,K[04-06],4,3,3,1,0
CFG_125,K[07-09],5,3,3,2,0
CFG_125,K[10-12],5,3,3,2,0
CFG_125,K[13-15],5,3,3,2,0
CFG_125,K[16-18],5,3,3,2,0
CFG_125,K[19-21],3,3,3,0,0
CFG_126,A[00-03],3,11,3,0,8
CFG_126,A[04-06],3,11,3,0,8
CFG_126,A[07-09],3,11,3,0,8
CFG_126,A[10-12],3,11,3,0,8
CFG_126,A[13-15],3,11,3,0,8
CFG_126,B[00-03],3,8,3,0,5
CFG_126,B[04-06],3,8,3,0,5
CFG_126,B[07-09],3,8,3,0,5
CFG_126,B[10-12],3,8,3,0,5
CFG_126,B[13-15],3,8,3,0,5
CFG_126,B[16-18],3,8,3,0,5
CFG_126,B[19-20],2,0,0,2,0
CFG_126,B[19-21],3,8,3,0,5
CFG_126,D[00-03],5,7,5,0,2
CFG_126,D[04-06],5,7,5,0,2
CFG_126,D[07-09],5,7,5,0,2
CFG_126,D[10-12],5,7,5,0,2
CFG_126,D[13-15],5,7,5,0,2
CFG_126,D[16-18],4,7,4,0,3
CFG_126,D[19-20],1,0,0,1,0
CFG_126,D[19-21],3,7,3,0,4
CFG_126,E[00-03],6,5,5,1,0
CFG_126,E[04-06],6,5,5,1,0
CFG_126,E[07-09],6,5,5,1,0
CFG_126,E[10-12],6,5,5,1,0
CFG_126,E[13-15],6,5,5,1,0
CFG_126,E[16-18],6,5,5,1,0
CFG_126,E[19-20],2,0,0,2,0
CFG_126,E[19-21],4,5,4,0,1
CFG_126,F[00-03],5,3,3,2,0
CFG_126,F[04-06],5,3,3,2,0
CFG_126,F[07-09],6,3,3,3,0
CFG_126,F[10-12],6,3,3,3,0
CFG_126,F[13-15],6,3,3,3,0
CFG_126,F[16-18],6,3,3,3,0
CFG_126,F[19-20],1,0,0,1,0
CFG_126,F[19-21],5,3,3,2,0
CFG_126,G[00-03],5,3,3,2,0
CFG_126,G[04-06],5,3,3,2,0
CFG_126,G[07-09],5,3,3,2,0
CFG_126,G[10-12],5,3,3,2,0
CFG_126,G[13-15],5,3,3,2,0
CFG_126,G[16-18],5,3,3,2,0
CFG_126,G[19-20],1,0,0,1,0
CFG_126,G[19-21],4,3,3,1,0
CFG_126,H[00-03],4,3,3,1,0
CFG_126,H[04-06],4,3,3,1,0
CFG_126,H[07-09],4,3,3,1,0
CFG_126,H[10-12],4,3,3,1,0
CFG_126,H[13-15],4,3,3,1,0
CFG_126,H[16-18],4,3,3,1,0
CFG_126,H[19-20],1,0,0,1,0
CFG_126,H[19-21],3,3,3,0,0
CFG_126,I[00-03],4,3,3,1,0
CFG_126,I[04-06],4,3,3,1,0
CFG_126,I[07-09],4,3,3,1,0
CFG_126,I[10-12],4,3,3,1,0
CFG_126,I[13-15],4,3,3,1,0
CFG_126,I[16-18],4,3,3,1,0
CFG_126,I[19-20],1,0,0,1,0
CFG_126,I[19-21],3,3,3,0,0
CFG_126,J[00-03],5,3,3,2,0
CFG_126,J[04-06],4,3,3,1,0
CFG_126,J[07-09],4,3,3,1,0
CFG_126,J[10-12],4,3,3,1,0
CFG_126,J[13-15],4,3,3,1,0
CFG_126,J[16-18],4,3,3,1,0
CFG_126,J[19-20],1,0,0,1,0
CFG_126,J[19-21],3,3,3,0,0
CFG_126,K[00-03],5,3,3,2,0
CFG_126,K[04-06],4,3,3,1,0
CFG_126,K[07-09],5,3,3,2,0
CFG_126,K[10-12],5,3,3,2,0
CFG_126,K[13-15],5,3,3,2,0
CFG_126,K[16-18],5,3,3,2,0
CFG_126,K[19-21],3,3,3,0,0
CFG_127,A[00-03],3,9,3,0,6
CFG_127,A[04-06],3,9,3,0,6
CFG_127,A[07-09],3,9,3,0,6
CFG_127,A[10-12],3,9,3,0,6
CFG_127,A[13-15],3,9,3,0,6
CFG_127,B[00-03],3,10,3,0,7
CFG_127,B[04-06],3,10,3,0,7
CFG_127,B[07-09],3,10,3,0,7
CFG_127,B[10-12],3,10,3,0,7
CFG_127,B[13-15],3,10,3,0,7
CFG_127,B[16-18],3,10,3,0,7
CFG_127,B[19-20],2,0,0,2,0
CFG_127,B[19-21],3,10,3,0,7
CFG_127,D[00-03],5,7,5,0,2
CFG_127,D[04-06],5,7,5,0,2
CFG_127,D[07-09],5,7,5,0,2
CFG_127,D[10-12],5,7,5,0,2
CFG_127,D[13-15],5,7,5,0,2
CFG_127,D[16-18],4,7,4,0,3
CFG_127,D[19-20],1,0,0,1,0
CFG_127,D[19-21],3,7,3,0,4
CFG_127,E[00-03],6,4,4,2,0
CFG_127,E[04-06],6,4,4,2,0
CFG_127,E[07-09],6,4,4,2,0
CFG_127,E[10-12],6,4,4,2,0
CFG_127,E[13-15],6,4,4,2,0
CFG_127,E[16-18],6,4,4,2,0
CFG_127,E[19-20],2,0,0,2,0
CFG_127,E[19-21],4,4,4,0,0
CFG_127,F[00-03],5,3,3,2,0
CFG_127,F[04-06],5,3,3,2,0
CFG_127,F[07-09],6,3,3,3,0
CFG_127,F[10-12],6,3,3,3,0
CFG_127,F[13-15],6,3,3,3,0
CFG_127,F[16-18],6,3,3,3,0
CFG_127,F[19-20],1,0,0,1,0
CFG_127,F[19-21],5,3,3,2,0
CFG_127,G[00-03],5,3,3,2,0
CFG_127,G[04-06],5,3,3,2,0
CFG_127,G[07-09],5,3,3,2,0
CFG_127,G[10-12],5,3,3,2,0
CFG_127,G[13-15],5,3,3,2,0
CFG_127,G[16-18],5,3,3,2,0
CFG_127,G[19-20],1,0,0,1,0
CFG_127,G[19-21],4,3,3,1,0
CFG_127,H[00-03],4,3,3,1,0
CFG_127,H[04-06],4,3,3,1,0
CFG_127,H[07-09],4,3,3,1,0
CFG_127,H[10-12],4,3,3,1,0
CFG_127,H[13-15],4,3,3,1,0
CFG_127,H[16-18],4,3,3,1,0
CFG_127,H[19-20],1,0,0,1,0
CFG_127,H[19-21],3,3,3,0,0
CFG_127,I[00-03],4,3,3,1,0
CFG_127,I[04-06],4,3,3,1,0
CFG_127,I[07-09],4,3,3,1,0
CFG_127,I[10-12],4,3,3,1,0
CFG_127,I[13-15],4,3,3,1,0
CFG_127,I[16-18],4,3,3,1,0
CFG_127,I[19-20],1,0,0,1,0
CFG_127,I[19-21],3,3,3,0,0
CFG_127,J[00-03],5,3,3,2,0
CFG_127,J[04-06],4,3,3,1,0
CFG_127,J[07-09],4,3,3,1,0
CFG_127,J[10-12],4,3,3,1,0
CFG_127,J[13-15],4,3,3,1,0
CFG_127,J[16-18],4,3,3,1,0
CFG_127,J[19-20],1,0,0,1,0
CFG_127,J[19-21],3,3,3,0,0
CFG_127,K[00-03],5,3,3,2,0
CFG_127,K[04-06],4,3,3,1,0
CFG_127,K[07-09],5,3,3,2,0
CFG_127,K[10-12],5,3,3,2,0
CFG_127,K[13-15],5,3,3,2,0
CFG_127,K[16-18],5,3,3,2,0
CFG_127,K[19-21],3,3,3,0,0
CFG_128,A[00-03],3,10,3,0,7
CFG_128,A[04-06],3,10,3,0,7
CFG_128,A[07-09],3,10,3,0,7
CFG_128,A[10-12],3,10,3,0,7
CFG_128,A[13-15],3,10,3,0,7
CFG_128,B[00-03],3,8,3,0,5
CFG_128,B[04-06],3,8,3,0,5
CFG_128,B[07-09],3,8,3,0,5
CFG_128,B[10-12],3,8,3,0,5
CFG_128,B[13-15],3,8,3,0,5
CFG_128,B[16-18],3,8,3,0,5
CFG_128,B[19-20],2,0,0,2,0
CFG_128,B[19-21],3,8,3,0,5
CFG_128,D[00-03],5,8,5,0,3
CFG_128,D[04-06],5,8,5,0,3
CFG_128,D[07-09],5,8,5,0,3
CFG_128,D[10-12],5,8,5,0,3
CFG_128,D[13-15],5,8,5,0,3
CFG_128,D[16-18],4,8,4,0,4
CFG_128,D[19-20],1,0,0,1,0
CFG_128,D[19-21],3,8,3,0,5
CFG_128,E[00-03],6,5,5,1,0
CFG_128,E[04-06],6,5,5,1,0
CFG_128,E[07-09],6,5,5,1,0
CFG_128,E[10-12],6,5,5,1,0
CFG_128,E[13-15],6,5,5,1,0
CFG_128,E[16-18],6,5,5,1,0
CFG_128,E[19-20],2,0,0,2,0
CFG_128,E[19-21],4,5,4,0,1
CFG_128,F[00-03],5,4,4,1,0
CFG_128,F[04-06],5,4,4,1,0
CFG_128,F[07-09],6,4,4,2,0
CFG_128,F[10-12],6,4,4,2,0
CFG_128,F[13-15],6,4,4,2,0
CFG_128,F[16-18],6,4,4,2,0
CFG_128,F[19-20],1,0,0,1,0
CFG_128,F[19-21],5,4,4,1,0
CFG_128,G[00-03],5,3,3,2,0
CFG_128,G[04-06],5,3,3,2,0
CFG_128,G[07-09],5,3,3,2,0
CFG_128,G[10-12],5,3,3,2,0
CFG_128,G[13-15],5,3,3,2,0
CFG_128,G[16-18],5,3,3,2,0
CFG_128,G[19-20],1,0,0,1,0
CFG_128,G[19-21],4,3,3,1,0
CFG_128,H[00-03],4,3,3,1,0
CFG_128,H[04-06],4,3,3,1,0
CFG_128,H[07-09],4,3,3,1,0
CFG_128,H[10-12],4,3,3,1,0
CFG_128,H[13-15],4,3,3,1,0
CFG_128,H[16-18],4,3,3,1,0
CFG_128,H[19-20],1,0,0,1,0
CFG_128,H[19-21],3,3,3,0,0
CFG_128,I[00-03],4,3,3,1,0
CFG_128,I[04-06],4,3,3,1,0
CFG_128,I[07-09],4,3,3,1,0
CFG_128,I[10-12],4,3,3,1,0
CFG_128,I[13-15],4,3,3,1,0
CFG_128,I[16-18],4,3,3,1,0
CFG_128,I[19-20],1,0,0,1,0
CFG_128,I[19-21],3,3,3,0,0
CFG_128,J[00-03],5,3,3,2,0
CFG_128,J[04-06],4,3,3,1,0
CFG_128,J[07-09],4,3,3,1,0
CFG_128,J[10-12],4,3,3,1,0
CFG_128,J[13-15],4,3,3,1,0
CFG_128,J[16-18],4,3,3,1,0
CFG_128,J[19-20],1,0,0,1,0
CFG_128,J[19-21],3,3,3,0,0
CFG_128,K[00-03],5,3,3,2,0
CFG_128,K[04-06],4,3,3,1,0
CFG_128,K[07-09],5,3,3,2,0
CFG_128,K[10-12],5,3,3,2,0
CFG_128,K[13-15],5,3,3,2,0
CFG_128,K[16-18],5,3,3,2,0
CFG_128,K[19-21],3,3,3,0,0
CFG_129,A[00-03],3,9,3,0,6
CFG_129,A[04-06],3,9,3,0,6
CFG_129,A[07-09],3,9,3,0,6
CFG_129,A[10-12],3,9,3,0,6
CFG_129,A[13-15],3,9,3,0,6
CFG_129,B[00-03],3,10,3,0,7
CFG_129,B[04-06],3,10,3,0,7
CFG_129,B[07-09],3,10,3,0,7
CFG_129,B[10-12],3,10,3,0,7
CFG_129,B[13-15],3,10,3,0,7
CFG_129,B[16-18],3,10,3,0,7
CFG_129,B[19-20],2,0,0,2,0
CFG_129,B[19-21],3,10,3,0,7
CFG_129,D[00-03],5,7,5,0,2
CFG_129,D[04-06],5,7,5,0,2
CFG_129,D[07-09],5,7,5,0,2
CFG_129,D[10-12],5,7,5,0,2
CFG_129,D[13-15],5,7,5,0,2
CFG_129,D[16-18],4,7,4,0,3
CFG_129,D[19-20],1,0,0,1,0
CFG_129,D[19-21],3,7,3,0,4
CFG_129,E[00-03],6,5,5,1,0
CFG_129,E[04-06],6,5,5,1,0
CFG_129,E[07-09],6,5,5,1,0
CFG_129,E[10-12],6,5,5,1,0
CFG_129,E[13-15],6,5,5,1,0
CFG_129,E[16-18],6,5,5,1,0
CFG_129,E[19-20],2,0,0,2,0
CFG_129,E[19-21],4,5,4,0,1
CFG_129,F[00-03],5,4,4,1,0
CFG_129,F[04-06],5,4,4,1,0
CFG_129,F[07-09],6,4,4,2,0
CFG_129,F[10-12],6,4,4,2,0
CFG_129,F[13-15],6,4,4,2,0
CFG_129,F[16-18],6,4,4,2,0
CFG_129,F[19-20],1,0,0,1,0
CFG_129,F[19-21],5,4,4,1,0
CFG_129,G[00-03],5,3,3,2,0
CFG_129,G[04-06],5,3,3,2,0
CFG_129,G[07-09],5,3,3,2,0
CFG_129,G[10-12],5,3,3,2,0
CFG_129,G[13-15],5,3,3,2,0
CFG_129,G[16-18],5,3,3,2,0
CFG_129,G[19-20],1,0,0,1,0
CFG_129,G[19-21],4,3,3,1,0
CFG_129,H[00-03],4,3,3,1,0
CFG_129,H[04-06],4,3,3,1,0
CFG_129,H[07-09],4,3,3,1,0
CFG_129,H[10-12],4,3,3,1,0
CFG_129,H[13-15],4,3,3,1,0
CFG_129,H[16-18],4,3,3,1,0
CFG_129,H[19-20],1,0,0,1,0
CFG_129,H[19-21],3,3,3,0,0
CFG_129,I[00-03],4,3,3,1,0
CFG_129,I[04-06],4,3,3,1,0
CFG_129,I[07-09],4,3,3,1,0
CFG_129,I[10-12],4,3,3,1,0
CFG_129,I[13-15],4,3,3,1,0
CFG_129,I[16-18],4,3,3,1,0
CFG_129,I[19-20],1,0,0,1,0
CFG_129,I[19-21],3,3,3,0,0
CFG_129,J[00-03],5,3,3,2,0
CFG_129,J[04-06],4,3,3,1,0
CFG_129,J[07-09],4,3,3,1,0
CFG_129,J[10-12],4,3,3,1,0
CFG_129,J[13-15],4,3,3,1,0
CFG_129,J[16-18],4,3,3,1,0
CFG_129,J[19-20],1,0,0,1,0
CFG_129,J[19-21],3,3,3,0,0
CFG_129,K[00-03],5,3,3,2,0
CFG_129,K[04-06],4,3,3,1,0
CFG_129,K[07-09],5,3,3,2,0
CFG_129,K[10-12],5,3,3,2,0
CFG_129,K[13-15],5,3,3,2,0
CFG_129,K[16-18],5,3,3,2,0
CFG_129,K[19-21],3,3,3,0,0
CFG_130,A[00-03],3,11,3,0,8
CFG_130,A[04-06],3,11,3,0,8
CFG_130,A[07-09],3,11,3,0,8
CFG_130,A[10-12],3,11,3,0,8
CFG_130,A[13-15],3,11,3,0,8
CFG_130,B[00-03],3,9,3,0,6
CFG_130,B[04-06],3,9,3,0,6
CFG_130,B[07-09],3,9,3,0,6
CFG_130,B[10-12],3,9,3,0,6
CFG_130,B[13-15],3,9,3,0,6
CFG_130,B[16-18],3,9,3,0,6
CFG_130,B[19-20],2,0,0,2,0
CFG_130,B[19-21],3,9,3,0,6
CFG_130,D[00-03],5,7,5,0,2
CFG_130,D[04-06],5,7,5,0,2
CFG_130,D[07-09],5,7,5,0,2
CFG_130,D[10-12],5,7,5,0,2
CFG_130,D[13-15],5,7,5,0,2
CFG_130,D[16-18],4,7,4,0,3
CFG_130,D[19-20],1,0,0,1,0
CFG_130,D[19-21],3,7,3,0,4
CFG_130,E[00-03],6,5,5,1,0
CFG_130,E[04-06],6,5,5,1,0
CFG_130,E[07-09],6,5,5,1,0
CFG_130,E[10-12],6,5,5,1,0
CFG_130,E[13-15],6,5,5,1,0
CFG_130,E[16-18],6,5,5,1,0
CFG_130,E[19-20],2,0,0,2,0
CFG_130,E[19-21],4,5,4,0,1
CFG_130,F[00-03],5,4,4,1,0
CFG_130,F[04-06],5,4,4,1,0
CFG_130,F[07-09],6,4,4,2,0
CFG_130,F[10-12],6,4,4,2,0
CFG_130,F[13-15],6,4,4,2,0
CFG_130,F[16-18],6,4,4,2,0
CFG_130,F[19-20],1,0,0,1,0
CFG_130,F[19-21],5,4,4,1,0
CFG_130,G[00-03],5,5,5,0,0
CFG_130,G[04-06],5,5,5,0,0
CFG_130,G[07-09],5,5,5,0,0
CFG_130,G[10-12],5,5,5,0,0
CFG_130,G[13-15],5,5,5,0,0
CFG_130,G[16-18],5,5,5,0,0
CFG_130,G[19-20],1,0,0,1,0
CFG_130,G[19-21],4,5,4,0,1
CFG_130,H[00-03],4,4,4,0,0
CFG_130,H[04-06],4,4,4,0,0
CFG_130,H[07-09],4,4,4,0,0
CFG_130,H[10-12],4,4,4,0,0
CFG_130,H[13-15],4,4,4,0,0
CFG_130,H[16-18],4,4,4,0,0
CFG_130,H[19-20],1,0,0,1,0
CFG_130,H[19-21],3,4,3,0,1
CFG_130,I[00-03],4,3,3,1,0
CFG_130,I[04-06],4,3,3,1,0
CFG_130,I[07-09],4,3,3,1,0
CFG_130,I[10-12],4,3,3,1,0
CFG_130,I[13-15],4,3,3,1,0
CFG_130,I[16-18],4,3,3,1,0
CFG_130,I[19-20],1,0,0,1,0
CFG_130,I[19-21],3,3,3,0,0
CFG_130,J[00-03],5,3,3,2,0
CFG_130,J[04-06],4,3,3,1,0
CFG_130,J[07-09],4,3,3,1,0
CFG_130,J[10-12],4,3,3,1,0
CFG_130,J[13-15],4,3,3,1,0
CFG_130,J[16-18],4,3,3,1,0
CFG_130,J[19-20],1,0,0,1,0
CFG_130,J[19-21],3,3,3,0,0
CFG_130,K[00-03],5,3,3,2,0
CFG_130,K[04-06],4,3,3,1,0
CFG_130,K[07-09],5,3,3,2,0
CFG_130,K[10-12],5,3,3,2,0
CFG_130,K[13-15],5,3,3,2,0
CFG_130,K[16-18],5,3,3,2,0
CFG_130,K[19-21],3,3,3,0,0
CFG_133,A[00-03],3,3,3,0,0
CFG_133,A[04-06],3,3,3,0,0
CFG_133,A[07-09],3,3,3,0,0
CFG_133,A[10-12],3,3,3,0,0
CFG_133,A[13-15],3,3,3,0,0
CFG_133,B[00-03],3,3,3,0,0
CFG_133,B[04-06],3,3,3,0,0
CFG_133,B[07-09],3,3,3,0,0
CFG_133,B[10-12],3,3,3,0,0
CFG_133,B[13-15],3,3,3,0,0
CFG_133,B[16-18],3,3,3,0,0
CFG_133,B[19-20],2,0,0,2,0
CFG_133,B[19-21],3,3,3,0,0
CFG_133,D[00-03],5,3,3,2,0
CFG_133,D[04-06],5,3,3,2,0
CFG_133,D[07-09],5,3,3,2,0
CFG_133,D[10-12],5,3,3,2,0
CFG_133,D[13-15],5,3,3,2,0
CFG_133,D[16-18],4,3,3,1,0
CFG_133,D[19-20],1,0,0,1,0
CFG_133,D[19-21],3,3,3,0,0
CFG_133,E[00-03],6,3,3,3,0
CFG_133,E[04-06],6,3,3,3,0
CFG_133,E[07-09],6,3,3,3,0
CFG_133,E[10-12],6,3,3,3,0
CFG_133,E[13-15],6,3,3,3,0
CFG_133,E[16-18],6,3,3,3,0
CFG_133,E[19-20],2,0,0,2,0
CFG_133,E[19-21],4,3,3,1,0
CFG_133,F[00-03],5,3,3,2,0
CFG_133,F[04-06],5,3,3,2,0
CFG_133,F[07-09],6,3,3,3,0
CFG_133,F[10-12],6,3,3,3,0
CFG_133,F[13-15],6,3,3,3,0
CFG_133,F[16-18],6,3,3,3,0
CFG_133,F[19-20],1,0,0,1,0
CFG_133,F[19-21],5,3,3,2,0
CFG_133,G[00-03],5,3,3,2,0
CFG_133,G[04-06],5,3,3,2,0
CFG_133,G[07-09],5,3,3,2,0
CFG_133,G[10-12],5,3,3,2,0
CFG_133,G[13-15],5,3,3,2,0
CFG_133,G[16-18],5,3,3,2,0
CFG_133,G[19-20],1,0,0,1,0
CFG_133,G[19-21],4,3,3,1,0
CFG_133,H[00-03],4,3,3,1,0
CFG_133,H[04-06],4,3,3,1,0
CFG_133,H[07-09],4,3,3,1,0
CFG_133,H[10-12],4,3,3,1,0
CFG_133,H[13-15],4,3,3,1,0
CFG_133,H[16-18],4,3,3,1,0
CFG_133,H[19-20],1,0,0,1,0
CFG_133,H[19-21],3,3,3,0,0
CFG_133,I[00-03],4,3,3,1,0
CFG_133,I[04-06],4,3,3,1,0
CFG_133,I[07-09],4,3,3,1,0
CFG_133,I[10-12],4,3,3,1,0
CFG_133,I[13-15],4,3,3,1,0
CFG_133,I[16-18],4,3,3,1,0
CFG_133,I[19-20],1,0,0,1,0
CFG_133,I[19-21],3,3,3,0,0
CFG_133,J[00-03],5,6,5,0,1
CFG_133,J[04-06],4,6,4,0,2
CFG_133,J[07-09],4,6,4,0,2
CFG_133,J[10-12],4,6,4,0,2
CFG_133,J[13-15],4,6,4,0,2
CFG_133,J[16-18],4,6,4,0,2
CFG_133,J[19-20],1,0,0,1,0
CFG_133,J[19-21],3,6,3,0,3
CFG_133,K[00-03],5,8,5,0,3
CFG_133,K[04-06],4,8,4,0,4
CFG_133,K[07-09],5,8,5,0,3
CFG_133,K[10-12],5,8,5,0,3
CFG_133,K[13-15],5,8,5,0,3
CFG_133,K[16-18],5,8,5,0,3
CFG_133,K[19-21],3,8,3,0,5
CFG_134,A[00-03],3,3,3,0,0
CFG_134,A[04-06],3,3,3,0,0
CFG_134,A[07-09],3,3,3,0,0
CFG_134,A[10-12],3,3,3,0,0
CFG_134,A[13-15],3,3,3,0,0
CFG_134,B[00-03],3,3,3,0,0
CFG_134,B[04-06],3,3,3,0,0
CFG_134,B[07-09],3,3,3,0,0
CFG_134,B[10-12],3,3,3,0,0
CFG_134,B[13-15],3,3,3,0,0
CFG_134,B[16-18],3,3,3,0,0
CFG_134,B[19-20],2,0,0,2,0
CFG_134,B[19-21],3,3,3,0,0
CFG_134,D[00-03],5,3,3,2,0
CFG_134,D[04-06],5,3,3,2,0
CFG_134,D[07-09],5,3,3,2,0
CFG_134,D[10-12],5,3,3,2,0
CFG_134,D[13-15],5,3,3,2,0
CFG_134,D[16-18],4,3,3,1,0
CFG_134,D[19-20],1,0,0,1,0
CFG_134,D[19-21],3,3,3,0,0
CFG_134,E[00-03],6,3,3,3,0
CFG_134,E[04-06],6,3,3,3,0
CFG_134,E[07-09],6,3,3,3,0
CFG_134,E[10-12],6,3,3,3,0
CFG_134,E[13-15],6,3,3,3,0
CFG_134,E[16-18],6,3,3,3,0
CFG_134,E[19-20],2,0,0,2,0
CFG_134,E[19-21],4,3,3,1,0
CFG_134,F[00-03],5,3,3,2,0
CFG_134,F[04-06],5,3,3,2,0
CFG_134,F[07-09],6,3,3,3,0
CFG_134,F[10-12],6,3,3,3,0
CFG_134,F[13-15],6,3,3,3,0
CFG_134,F[16-18],6,3,3,3,0
CFG_134,F[19-20],1,0,0,1,0
CFG_134,F[19-21],5,3,3,2,0
CFG_134,G[00-03],5,3,3,2,0
CFG_134,G[04-06],5,3,3,2,0
CFG_134,G[07-09],5,3,3,2,0
CFG_134,G[10-12],5,3,3,2,0
CFG_134,G[13-15],5,3,3,2,0
CFG_134,G[16-18],5,3,3,2,0
CFG_134,G[19-20],1,0,0,1,0
CFG_134,G[19-21],4,3,3,1,0
CFG_134,H[00-03],4,3,3,1,0
CFG_134,H[04-06],4,3,3,1,0
CFG_134,H[07-09],4,3,3,1,0
CFG_134,H[10-12],4,3,3,1,0
CFG_134,H[13-15],4,3,3,1,0
CFG_134,H[16-18],4,3,3,1,0
CFG_134,H[19-20],1,0,0,1,0
CFG_134,H[19-21],3,3,3,0,0
CFG_134,I[00-03],4,3,3,1,0
CFG_134,I[04-06],4,3,3,1,0
CFG_134,I[07-09],4,3,3,1,0
CFG_134,I[10-12],4,3,3,1,0
CFG_134,I[13-15],4,3,3,1,0
CFG_134,I[16-18],4,3,3,1,0
CFG_134,I[19-20],1,0,0,1,0
CFG_134,I[19-21],3,3,3,0,0
CFG_134,J[00-03],5,7,5,0,2
CFG_134,J[04-06],4,7,4,0,3
CFG_134,J[07-09],4,7,4,0,3
CFG_134,J[10-12],4,7,4,0,3
CFG_134,J[13-15],4,7,4,0,3
CFG_134,J[16-18],4,7,4,0,3
CFG_134,J[19-20],1,0,0,1,0
CFG_134,J[19-21],3,7,3,0,4
CFG_134,K[00-03],5,8,5,0,3
CFG_134,K[04-06],4,8,4,0,4
CFG_134,K[07-09],5,8,5,0,3
CFG_134,K[10-12],5,8,5,0,3
CFG_134,K[13-15],5,8,5,0,3
CFG_134,K[16-18],5,8,5,0,3
CFG_134,K[19-21],3,8,3,0,5
CFG_135,A[00-03],3,6,3,0,3
CFG_135,A[04-06],3,6,3,0,3
CFG_135,A[07-09],3,6,3,0,3
CFG_135,A[10-12],3,6,3,0,3
CFG_135,A[13-15],3,6,3,0,3
CFG_135,B[00-03],3,9,3,0,6
CFG_135,B[04-06],3,9,3,0,6
CFG_135,B[07-09],3,9,3,0,6
CFG_135,B[10-12],3,9,3,0,6
CFG_135,B[13-15],3,9,3,0,6
CFG_135,B[16-18],3,9,3,0,6
CFG_135,B[19-20],2,0,0,2,0
CFG_135,B[19-21],3,9,3,0,6
CFG_135,D[00-03],5,7,5,0,2
CFG_135,D[04-06],5,7,5,0,2
CFG_135,D[07-09],5,7,5,0,2
CFG_135,D[10-12],5,7,5,0,2
CFG_135,D[13-15],5,7,5,0,2
CFG_135,D[16-18],4,7,4,0,3
CFG_135,D[19-20],1,0,0,1,0
CFG_135,D[19-21],3,7,3,0,4
CFG_135,E[00-03],6,4,4,2,0
CFG_135,E[04-06],6,4,4,2,0
CFG_135,E[07-09],6,4,4,2,0
CFG_135,E[10-12],6,4,4,2,0
CFG_135,E[13-15],6,4,4,2,0
CFG_135,E[16-18],6,4,4,2,0
CFG_135,E[19-20],2,0,0,2,0
CFG_135,E[19-21],4,4,4,0,0
CFG_135,F[00-03],5,3,3,2,0
CFG_135,F[04-06],5,3,3,2,0
CFG_135,F[07-09],6,3,3,3,0
CFG_135,F[10-12],6,3,3,3,0
CFG_135,F[13-15],6,3,3,3,0
CFG_135,F[16-18],6,3,3,3,0
CFG_135,F[19-20],1,0,0,1,0
CFG_135,F[19-21],5,3,3,2,0
CFG_135,G[00-03],5,3,3,2,0
CFG_135,G[04-06],5,3,3,2,0
CFG_135,G[07-09],5,3,3,2,0
CFG_135,G[10-12],5,3,3,2,0
CFG_135,G[13-15],5,3,3,2,0
CFG_135,G[16-18],5,3,3,2,0
CFG_135,G[19-20],1,0,0,1,0
CFG_135,G[19-21],4,3,3,1,0
CFG_135,H[00-03],4,3,3,1,0
CFG_135,H[04-06],4,3,3,1,0
CFG_135,H[07-09],4,3,3,1,0
CFG_135,H[10-12],4,3,3,1,0
CFG_135,H[13-15],4,3,3,1,0
CFG_135,H[16-18],4,3,3,1,0
CFG_135,H[19-20],1,0,0,1,0
CFG_135,H[19-21],3,3,3,0,0
CFG_135,I[00-03],4,3,3,1,0
CFG_135,I[04-06],4,3,3,1,0
CFG_135,I[07-09],4,3,3,1,0
CFG_135,I[10-12],4,3,3,1,0
CFG_135,I[13-15],4,3,3,1,0
CFG_135,I[16-18],4,3,3,1,0
CFG_135,I[19-20],1,0,0,1,0
CFG_135,I[19-21],3,3,3,0,0
CFG_135,J[00-03],5,3,3,2,0
CFG_135,J[04-06],4,3,3,1,0
CFG_135,J[07-09],4,3,3,1,0
CFG_135,J[10-12],4,3,3,1,0
CFG_135,J[13-15],4,3,3,1,0
CFG_135,J[16-18],4,3,3,1,0
CFG_135,J[19-20],1,0,0,1,0
CFG_135,J[19-21],3,3,3,0,0
CFG_135,K[00-03],5,3,3,2,0
CFG_135,K[04-06],4,3,3,1,0
CFG_135,K[07-09],5,3,3,2,0
CFG_135,K[10-12],5,3,3,2,0
CFG_135,K[13-15],5,3,3,2,0
CFG_135,K[16-18],5,3,3,2,0
CFG_135,K[19-21],3,3,3,0,0
CFG_136,A[00-03],3,6,3,0,3
CFG_136,A[04-06],3,6,3,0,3
CFG_136,A[07-09],3,6,3,0,3
CFG_136,A[10-12],3,6,3,0,3
CFG_136,A[13-15],3,6,3,0,3
CFG_136,B[00-03],3,9,3,0,6
CFG_136,B[04-06],3,9,3,0,6
CFG_136,B[07-09],3,9,3,0,6
CFG_136,B[10-12],3,9,3,0,6
CFG_136,B[13-15],3,9,3,0,6
CFG_136,B[16-18],3,9,3,0,6
CFG_136,B[19-20],2,0,0,2,0
CFG_136,B[19-21],3,9,3,0,6
CFG_136,D[00-03],5,7,5,0,2
CFG_136,D[04-06],5,7,5,0,2
CFG_136,D[07-09],5,7,5,0,2
CFG_136,D[10-12],5,7,5,0,2
CFG_136,D[13-15],5,7,5,0,2
CFG_136,D[16-18],4,7,3,0,3
CFG_136,D[19-20],1,0,0,1,0
CFG_136,D[19-21],3,7,3,0,4
CFG_136,E[00-03],6,4,4,2,0
CFG_136,E[04-06],6,4,4,2,0
CFG_136,E[07-09],6,4,4,2,0
CFG_136,E[10-12],6,4,4,2,0
CFG_136,E[13-15],6,4,4,2,0
CFG_136,E[16-18],6,4,4,2,0
CFG_136,E[19-20],2,0,0,2,0
CFG_136,E[19-21],4,4,4,0,0
CFG_136,F[00-03],5,3,3,2,0
CFG_136,F[04-06],5,3,3,2,0
CFG_136,F[07-09],6,3,3,3,0
CFG_136,F[10-12],6,3,3,3,0
CFG_136,F[13-15],6,3,3,3,0
CFG_136,F[16-18],6,3,3,3,0
CFG_136,F[19-20],1,0,0,1,0
CFG_136,F[19-21],5,3,3,2,0
CFG_136,G[00-03],5,3,3,2,0
CFG_136,G[04-06],5,3,3,2,0
CFG_136,G[07-09],5,3,3,2,0
CFG_136,G[10-12],5,3,3,2,0
CFG_136,G[13-15],5,3,3,2,0
CFG_136,G[16-18],5,3,3,2,0
CFG_136,G[19-20],1,0,0,1,0
CFG_136,G[19-21],4,3,3,1,0
CFG_136,H[00-03],4,3,3,1,0
CFG_136,H[04-06],4,3,3,1,0
CFG_136,H[07-09],4,3,3,1,0
CFG_136,H[10-12],4,3,3,1,0
CFG_136,H[13-15],4,3,3,1,0
CFG_136,H[16-18],4,3,3,1,0
CFG_136,H[19-20],1,0,0,1,0
CFG_136,H[19-21],3,3,3,0,0
CFG_136,I[00-03],4,3,3,1,0
CFG_136,I[04-06],4,3,3,1,0
CFG_136,I[07-09],4,3,3,1,0
CFG_136,I[10-12],4,3,3,1,0
CFG_136,I[13-15],4,3,3,1,0
CFG_136,I[16-18],4,3,3,1,0
CFG_136,I[19-20],1,0,0,1,0
CFG_136,I[19-21],3,3,3,0,0
CFG_136,J[00-03],5,3,3,2,0
CFG_136,J[04-06],4,3,3,1,0
CFG_136,J[07-09],4,3,3,1,0
CFG_136,J[10-12],4,3,3,1,0
CFG_136,J[13-15],4,3,3,1,0
CFG_136,J[16-18],4,3,3,1,0
CFG_136,J[19-20],1,0,0,1,0
CFG_136,J[19-21],3,3,3,0,0
CFG_136,K[00-03],5,3,3,2,0
CFG_136,K[04-06],4,3,3,1,0
CFG_136,K[07-09],5,3,3,2,0
CFG_136,K[10-12],5,3,3,2,0
CFG_136,K[13-15],5,3,3,2,0
CFG_136,K[16-18],5,3,3,2,0
CFG_136,K[19-21],3,3,3,0,0
CFG_137,A[00-03],3,8,3,0,5
CFG_137,A[04-06],3,8,3,0,5
CFG_137,A[07-09],3,8,3,0,5
CFG_137,A[10-12],3,8,3,0,5
CFG_137,A[13-15],3,8,3,0,5
CFG_137,B[00-03],3,9,3,0,6
CFG_137,B[04-06],3,9,3,0,6
CFG_137,B[07-09],3,9,3,0,6
CFG_137,B[10-12],3,9,3,0,6
CFG_137,B[13-15],3,9,3,0,6
CFG_137,B[16-18],3,9,3,0,6
CFG_137,B[19-20],2,0,0,2,0
CFG_137,B[19-21],3,9,3,0,6
CFG_137,D[00-03],5,6,5,0,1
CFG_137,D[04-06],5,6,5,0,1
CFG_137,D[07-09],5,6,5,0,1
CFG_137,D[10-12],5,6,5,0,1
CFG_137,D[13-15],5,6,5,0,1
CFG_137,D[16-18],4,6,4,0,2
CFG_137,D[19-20],1,0,0,1,0
CFG_137,D[19-21],3,6,3,0,3
CFG_137,E[00-03],6,5,5,1,0
CFG_137,E[04-06],6,5,5,1,0
CFG_137,E[07-09],6,5,5,1,0
CFG_137,E[10-12],6,5,5,1,0
CFG_137,E[13-15],6,5,5,1,0
CFG_137,E[16-18],6,5,5,1,0
CFG_137,E[19-20],2,0,0,2,0
CFG_137,E[19-21],4,5,4,0,1
CFG_137,F[00-03],5,4,4,1,0
CFG_137,F[04-06],5,4,4,1,0
CFG_137,F[07-09],6,4,4,2,0
CFG_137,F[10-12],6,4,4,2,0
CFG_137,F[13-15],6,4,4,2,0
CFG_137,F[16-18],6,4,4,2,0
CFG_137,F[19-20],1,0,0,1,0
CFG_137,F[19-21],5,4,4,1,0
CFG_137,G[00-03],5,3,3,2,0
CFG_137,G[04-06],5,3,3,2,0
CFG_137,G[07-09],5,3,3,2,0
CFG_137,G[10-12],5,3,3,2,0
CFG_137,G[13-15],5,3,3,2,0
CFG_137,G[16-18],5,3,3,2,0
CFG_137,G[19-20],1,0,0,1,0
CFG_137,G[19-21],4,3,3,1,0
CFG_137,H[00-03],4,3,3,1,0
CFG_137,H[04-06],4,3,3,1,0
CFG_137,H[07-09],4,3,3,1,0
CFG_137,H[10-12],4,3,3,1,0
CFG_137,H[13-15],4,3,3,1,0
CFG_137,H[16-18],4,3,3,1,0
CFG_137,H[19-20],1,0,0,1,0
CFG_137,H[19-21],3,3,3,0,0
CFG_137,I[00-03],4,3,3,1,0
CFG_137,I[04-06],4,3,3,1,0
CFG_137,I[07-09],4,3,3,1,0
CFG_137,I[10-12],4,3,3,1,0
CFG_137,I[13-15],4,3,3,1,0
CFG_137,I[16-18],4,3,3,1,0
CFG_137,I[19-20],1,0,0,1,0
CFG_137,I[19-21],3,3,3,0,0
CFG_137,J[00-03],5,3,3,2,0
CFG_137,J[04-06],4,3,3,1,0
CFG_137,J[07-09],4,3,3,1,0
CFG_137,J[10-12],4,3,3,1,0
CFG_137,J[13-15],4,3,3,1,0
CFG_137,J[16-18],4,3,3,1,0
CFG_137,J[19-20],1,0,0,1,0
CFG_137,J[19-21],3,3,3,0,0
CFG_137,K[00-03],5,3,3,2,0
CFG_137,K[04-06],4,3,3,1,0
CFG_137,K[07-09],5,3,3,2,0
CFG_137,K[10-12],5,3,3,2,0
CFG_137,K[13-15],5,3,3,2,0
CFG_137,K[16-18],5,3,3,2,0
CFG_137,K[19-21],3,3,3,0,0
CFG_138,A[00-03],3,8,3,0,5
CFG_138,A[04-06],3,8,3,0,5
CFG_138,A[07-09],3,8,3,0,5
CFG_138,A[10-12],3,8,3,0,5
CFG_138,A[13-15],3,8,3,0,5
CFG_138,B[00-03],3,9,3,0,6
CFG_138,B[04-06],3,9,3,0,6
CFG_138,B[07-09],3,9,3,0,6
CFG_138,B[10-12],3,9,3,0,6
CFG_138,B[13-15],3,9,3,0,6
CFG_138,B[16-18],3,9,3,0,6
CFG_138,B[19-20],2,0,0,2,0
CFG_138,B[19-21],3,9,3,0,6
CFG_138,D[00-03],5,7,5,0,2
CFG_138,D[04-06],5,7,5,0,2
CFG_138,D[07-09],5,7,5,0,2
CFG_138,D[10-12],5,7,5,0,2
CFG_138,D[13-15],5,7,5,0,2
CFG_138,D[16-18],4,7,4,0,3
CFG_138,D[19-20],1,0,0,1,0
CFG_138,D[19-21],3,7,3,0,4
CFG_138,E[00-03],6,4,4,2,0
CFG_138,E[04-06],6,4,4,2,0
CFG_138,E[07-09],6,4,4,2,0
CFG_138,E[10-12],6,4,4,2,0
CFG_138,E[13-15],6,4,4,2,0
CFG_138,E[16-18],6,4,4,2,0
CFG_138,E[19-20],2,0,0,2,0
CFG_138,E[19-21],4,4,4,0,0
CFG_138,F[00-03],5,3,3,2,0
CFG_138,F[04-06],5,3,3,2,0
CFG_138,F[07-09],6,3,3,3,0
CFG_138,F[10-12],6,3,3,3,0
CFG_138,F[13-15],6,3,3,3,0
CFG_138,F[16-18],6,3,3,3,0
CFG_138,F[19-20],1,0,0,1,0
CFG_138,F[19-21],5,3,3,2,0
CFG_138,G[00-03],5,4,4,1,0
CFG_138,G[04-06],5,4,4,1,0
CFG_138,G[07-09],5,4,4,1,0
CFG_138,G[10-12],5,4,4,1,0
CFG_138,G[13-15],5,4,4,1,0
CFG_138,G[16-18],5,4,4,1,0
CFG_138,G[19-20],1,0,0,1,0
CFG_138,G[19-21],4,4,4,0,0
CFG_138,H[00-03],4,3,3,1,0
CFG_138,H[04-06],4,3,3,1,0
CFG_138,H[07-09],4,3,3,1,0
CFG_138,H[10-12],4,3,3,1,0
CFG_138,H[13-15],4,3,3,1,0
CFG_138,H[16-18],4,3,3,1,0
CFG_138,H[19-20],1,0,0,1,0
CFG_138,H[19-21],3,3,3,0,0
CFG_138,I[00-03],4,3,3,1,0
CFG_138,I[04-06],4,3,3,1,0
CFG_138,I[07-09],4,3,3,1,0
CFG_138,I[10-12],4,3,3,1,0
CFG_138,I[13-15],4,3,3,1,0
CFG_138,I[16-18],4,3,3,1,0
CFG_138,I[19-20],1,0,0,1,0
CFG_138,I[19-21],3,3,3,0,0
CFG_138,J[00-03],5,3,3,2,0
CFG_138,J[04-06],4,3,3,1,0
CFG_138,J[07-09],4,3,3,1,0
CFG_138,J[10-12],4,3,3,1,0
CFG_138,J[13-15],4,3,3,1,0
CFG_138,J[16-18],4,3,3,1,0
CFG_138,J[19-20],1,0,0,1,0
CFG_138,J[19-21],3,3,3,0,0
CFG_138,K[00-03],5,3,3,2,0
CFG_138,K[04-06],4,3,3,1,0
CFG_138,K[07-09],5,3,3,2,0
CFG_138,K[10-12],5,3,3,2,0
CFG_138,K[13-15],5,3,3,2,0
CFG_138,K[16-18],5,3,3,2,0
CFG_138,K[19-21],3,3,3,0,0
CFG_139,A[00-03],3,9,3,0,6
CFG_139,A[04-06],3,9,3,0,6
CFG_139,A[07-09],3,9,3,0,6
CFG_139,A[10-12],3,9,3,0,6
CFG_139,A[13-15],3,9,3,0,6
CFG_139,B[00-03],3,9,3,0,6
CFG_139,B[04-06],3,9,3,0,6
CFG_139,B[07-09],3,9,3,0,6
CFG_139,B[10-12],3,9,3,0,6
CFG_139,B[13-15],3,9,3,0,6
CFG_139,B[16-18],3,9,3,0,6
CFG_139,B[19-20],2,0,0,2,0
CFG_139,B[19-21],3,9,3,0,6
CFG_139,D[00-03],5,6,5,0,1
CFG_139,D[04-06],5,6,5,0,1
CFG_139,D[07-09],5,6,5,0,1
CFG_139,D[10-12],5,6,5,0,1
CFG_139,D[13-15],5,6,5,0,1
CFG_139,D[16-18],4,6,4,0,2
CFG_139,D[19-20],1,0,0,1,0
CFG_139,D[19-21],3,6,3,0,3
CFG_139,E[00-03],6,4,4,2,0
CFG_139,E[04-06],6,4,4,2,0
CFG_139,E[07-09],6,4,4,2,0
CFG_139,E[10-12],6,4,4,2,0
CFG_139,E[13-15],6,4,4,2,0
CFG_139,E[16-18],6,4,4,2,0
CFG_139,E[19-20],2,0,0,2,0
CFG_139,E[19-21],4,4,4,0,0
CFG_139,F[00-03],5,4,4,1,0
CFG_139,F[04-06],5,4,4,1,0
CFG_139,F[07-09],6,4,4,2,0
CFG_139,F[10-12],6,4,4,2,0
CFG_139,F[13-15],6,4,4,2,0
CFG_139,F[16-18],6,4,4,2,0
CFG_139,F[19-20],1,0,0,1,0
CFG_139,F[19-21],5,4,4,1,0
CFG_139,G[00-03],5,3,3,2,0
CFG_139,G[04-06],5,3,3,2,0
CFG_139,G[07-09],5,3,3,2,0
CFG_139,G[10-12],5,3,3,2,0
CFG_139,G[13-15],5,3,3,2,0
CFG_139,G[16-18],5,3,3,2,0
CFG_139,G[19-20],1,0,0,1,0
CFG_139,G[19-21],4,3,3,1,0
CFG_139,H[00-03],4,3,3,1,0
CFG_139,H[04-06],4,3,3,1,0
CFG_139,H[07-09],4,3,3,1,0
CFG_139,H[10-12],4,3,3,1,0
CFG_139,H[13-15],4,3,3,1,0
CFG_139,H[16-18],4,3,3,1,0
CFG_139,H[19-20],1,0,0,1,0
CFG_139,H[19-21],3,3,3,0,0
CFG_139,I[00-03],4,3,3,1,0
CFG_139,I[04-06],4,3,3,1,0
CFG_139,I[07-09],4,3,3,1,0
CFG_139,I[10-12],4,3,3,1,0
CFG_139,I[13-15],4,3,3,1,0
CFG_139,I[16-18],4,3,3,1,0
CFG_139,I[19-20],1,0,0,1,0
CFG_139,I[19-21],3,3,2,0,0
CFG_139,J[00-03],5,3,3,2,0
CFG_139,J[04-06],4,3,3,1,0
CFG_139,J[07-09],4,3,3,1,0
CFG_139,J[10-12],4,3,3,1,0
CFG_139,J[13-15],4,3,3,1,0
CFG_139,J[16-18],4,3,3,1,0
CFG_139,J[19-20],1,0,0,1,0
CFG_139,J[19-21],3,3,3,0,0
CFG_139,K[00-03],5,3,3,2,0
CFG_139,K[04-06],4,3,3,1,0
CFG_139,K[07-09],5,3,3,2,0
CFG_139,K[10-12],5,3,3,2,0
CFG_139,K[13-15],5,3,3,2,0
CFG_139,K[16-18],5,3,3,2,0
CFG_139,K[19-21],3,3,3,0,0
CFG_140,A[00-03],3,9,3,0,6
CFG_140,A[04-06],3,9,3,0,6
CFG_140,A[07-09],3,9,3,0,6
CFG_140,A[10-12],3,9,3,0,6
CFG_140,A[13-15],3,9,3,0,6
CFG_140,B[00-03],3,9,3,0,6
CFG_140,B[04-06],3,9,3,0,6
CFG_140,B[07-09],3,9,3,0,6
CFG_140,B[10-12],3,9,3,0,6
CFG_140,B[13-15],3,9,3,0,6
CFG_140,B[16-18],3,9,3,0,6
CFG_140,B[19-20],2,0,0,2,0
CFG_140,B[19-21],3,9,3,0,6
CFG_140,D[00-03],5,6,5,0,1
CFG_140,D[04-06],5,6,5,0,1
CFG_140,D[07-09],5,6,5,0,1
CFG_140,D[10-12],5,6,5,0,1
CFG_140,D[13-15],5,6,5,0,1
CFG_140,D[16-18],4,6,4,0,2
CFG_140,D[19-20],1,0,0,1,0
CFG_140,D[19-21],3,6,3,0,3
CFG_140,E[00-03],6,5,5,1,0
CFG_140,E[04-06],6,5,5,1,0
CFG_140,E[07-09],6,5,5,1,0
CFG_140,E[10-12],6,5,5,1,0
CFG_140,E[13-15],6,5,5,1,0
CFG_140,E[16-18],6,5,5,1,0
CFG_140,E[19-20],2,0,0,2,0
CFG_140,E[19-21],4,5,4,0,1
CFG_140,F[00-03],5,4,4,1,0
CFG_140,F[04-06],5,4,4,1,0
CFG_140,F[07-09],6,4,4,2,0
CFG_140,F[10-12],6,4,4,2,0
CFG_140,F[13-15],6,4,4,2,0
CFG_140,F[16-18],6,4,4,2,0
CFG_140,F[19-20],1,0,0,1,0
CFG_140,F[19-21],5,4,4,1,0
CFG_140,G[00-03],5,3,3,2,0
CFG_140,G[04-06],5,3,3,2,0
CFG_140,G[07-09],5,3,3,2,0
CFG_140,G[10-12],5,3,3,2,0
CFG_140,G[13-15],5,3,3,2,0
CFG_140,G[16-18],5,3,3,2,0
CFG_140,G[19-20],1,0,0,1,0
CFG_140,G[19-21],4,3,3,1,0
CFG_140,H[00-03],4,3,3,1,0
CFG_140,H[04-06],4,3,3,1,0
CFG_140,H[07-09],4,3,3,1,0
CFG_140,H[10-12],4,3,3,1,0
CFG_140,H[13-15],4,3,3,1,0
CFG_140,H[16-18],4,3,3,1,0
CFG_140,H[19-20],1,0,0,1,0
CFG_140,H[19-21],3,3,3,0,0
CFG_140,I[00-03],4,3,3,1,0
CFG_140,I[04-06],4,3,3,1,0
CFG_140,I[07-09],4,3,3,1,0
CFG_140,I[10-12],4,3,3,1,0
CFG_140,I[13-15],4,3,3,1,0
CFG_140,I[16-18],4,3,3,1,0
CFG_140,I[19-20],1,0,0,1,0
CFG_140,I[19-21],3,3,3,0,0
CFG_140,J[00-03],5,3,3,2,0
CFG_140,J[04-06],4,3,3,1,0
CFG_140,J[07-09],4,3,3,1,0
CFG_140,J[10-12],4,3,3,1,0
CFG_140,J[13-15],4,3,3,1,0
CFG_140,J[16-18],4,3,3,1,0
CFG_140,J[19-20],1,0,0,1,0
CFG_140,J[19-21],3,3,3,0,0
CFG_140,K[00-03],5,3,3,2,0
CFG_140,K[04-06],4,3,3,1,0
CFG_140,K[07-09],5,3,3,2,0
CFG_140,K[10-12],5,3,3,2,0
CFG_140,K[13-15],5,3,3,2,0
CFG_140,K[16-18],5,3,3,2,0
CFG_140,K[19-21],3,3,3,0,0
CFG_143,A[00-03],3,3,3,0,0
CFG_143,A[04-06],3,3,3,0,0
CFG_143,A[07-09],3,3,3,0,0
CFG_143,A[10-12],3,3,3,0,0
CFG_143,A[13-15],3,3,3,0,0
CFG_143,B[00-03],3,3,3,0,0
CFG_143,B[04-06],3,3,3,0,0
CFG_143,B[07-09],3,3,3,0,0
CFG_143,B[10-12],3,3,3,0,0
CFG_143,B[13-15],3,3,3,0,0
CFG_143,B[16-18],3,3,3,0,0
CFG_143,B[19-20],2,0,0,2,0
CFG_143,B[19-21],3,3,3,0,0
CFG_143,D[00-03],5,3,3,2,0
CFG_143,D[04-06],5,3,3,2,0
CFG_143,D[07-09],5,3,3,2,0
CFG_143,D[10-12],5,3,3,2,0
CFG_143,D[13-15],5,3,3,2,0
CFG_143,D[16-18],4,3,3,1,0
CFG_143,D[19-20],1,0,0,1,0
CFG_143,D[19-21],3,3,3,0,0
CFG_143,E[00-03],6,3,3,3,0
CFG_143,E[04-06],6,3,3,3,0
CFG_143,E[07-09],6,3,3,3,0
CFG_143,E[10-12],6,3,3,3,0
CFG_143,E[13-15],6,3,3,3,0
CFG_143,E[16-18],6,3,3,3,0
CFG_143,E[19-20],2,0,0,2,0
CFG_143,E[19-21],4,3,3,1,0
CFG_143,F[00-03],5,3,3,2,0
CFG_143,F[04-06],5,3,3,2,0
CFG_143,F[07-09],6,3,3,3,0
CFG_143,F[10-12],6,3,3,3,0
CFG_143,F[13-15],6,3,3,3,0
CFG_143,F[16-18],6,3,3,3,0
CFG_143,F[19-20],1,0,0,1,0
CFG_143,F[19-21],5,3,3,2,0
CFG_143,G[00-03],5,3,3,2,0
CFG_143,G[04-06],5,3,3,2,0
CFG_143,G[07-09],5,3,3,2,0
CFG_143,G[10-12],5,3,3,2,0
CFG_143,G[13-15],5,3,3,2,0
CFG_143,G[16-18],5,3,3,2,0
CFG_143,G[19-20],1,0,0,1,0
CFG_143,G[19-21],4,3,3,1,0
CFG_143,H[00-03],4,3,3,1,0
CFG_143,H[04-06],4,3,3,1,0
CFG_143,H[07-09],4,3,3,1,0
CFG_143,H[10-12],4,3,3,1,0
CFG_143,H[13-15],4,3,3,1,0
CFG_143,H[16-18],4,3,3,1,0
CFG_143,H[19-20],1,0,0,1,0
CFG_143,H[19-21],3,3,3,0,0
CFG_143,I[00-03],4,4,4,0,0
CFG_143,I[04-06],4,4,4,0,0
CFG_143,I[07-09],4,4,4,0,0
CFG_143,I[10-12],4,4,4,0,0
CFG_143,I[13-15],4,4,4,0,0
CFG_143,I[16-18],4,4,4,0,0
CFG_143,I[19-20],1,0,0,1,0
CFG_143,I[19-21],3,4,3,0,1
CFG_143,J[00-03],5,5,5,0,0
CFG_143,J[04-06],4,5,4,0,1
CFG_143,J[07-09],4,5,4,0,1
CFG_143,J[10-12],4,5,4,0,1
CFG_143,J[13-15],4,5,4,0,1
CFG_143,J[16-18],4,5,4,0,1
CFG_143,J[19-20],1,0,0,1,0
CFG_143,J[19-21],3,5,3,0,2
CFG_143,K[00-03],5,7,5,0,2
CFG_143,K[04-06],4,7,4,0,3
CFG_143,K[07-09],5,7,5,0,2
CFG_143,K[10-12],5,7,5,0,2
CFG_143,K[13-15],5,7,5,0,2
CFG_143,K[16-18],5,7,5,0,2
CFG_143,K[19-21],3,7,3,0,4
CFG_144,A[00-03],3,3,3,0,0
CFG_144,A[04-06],3,3,3,0,0
CFG_144,A[07-09],3,3,3,0,0
CFG_144,A[10-12],3,3,3,0,0
CFG_144,A[13-15],3,3,3,0,0
CFG_144,B[00-03],3,3,3,0,0
CFG_144,B[04-06],3,3,3,0,0
CFG_144,B[07-09],3,3,3,0,0
CFG_144,B[10-12],3,3,3,0,0
CFG_144,B[13-15],3,3,3,0,0
CFG_144,B[16-18],3,3,3,0,0
CFG_144,B[19-20],2,0,0,2,0
CFG_144,B[19-21],3,3,3,0,0
CFG_144,D[00-03],5,3,3,2,0
CFG_144,D[04-06],5,3,3,2,0
CFG_144,D[07-09],5,3,3,2,0
CFG_144,D[10-12],5,3,3,2,0
CFG_144,D[13-15],5,3,3,2,0
CFG_144,D[16-18],4,3,3,1,0
CFG_144,D[19-20],1,0,0,1,0
CFG_144,D[19-21],3,3,3,0,0
CFG_144,E[00-03],6,3,3,3,0
CFG_144,E[04-06],6,3,3,3,0
CFG_144,E[07-09],6,3,3,3,0
CFG_144,E[10-12],6,3,3,3,0
CFG_144,E[13-15],6,3,3,3,0
CFG_144,E[16-18],6,3,3,3,0
CFG_144,E[19-20],2,0,0,2,0
CFG_144,E[19-21],4,3,3,1,0
CFG_144,F[00-03],5,3,3,2,0
CFG_144,F[04-06],5,3,3,2,0
CFG_144,F[07-09],6,3,3,3,0
CFG_144,F[10-12],6,3,3,3,0
CFG_144,F[13-15],6,3,3,3,0
CFG_144,F[16-18],6,3,3,3,0
CFG_144,F[19-20],1,0,0,1,0
CFG_144,F[19-21],5,3,3,2,0
CFG_144,G[00-03],5,3,3,2,0
CFG_144,G[04-06],5,3,3,2,0
CFG_144,G[07-09],5,3,3,2,0
CFG_144,G[10-12],5,3,3,2,0
CFG_144,G[13-15],5,3,3,2,0
CFG_144,G[16-18],5,3,3,2,0
CFG_144,G[19-20],1,0,0,1,0
CFG_144,G[19-21],4,3,3,1,0
CFG_144,H[00-03],4,3,3,1,0
CFG_144,H[04-06],4,3,3,1,0
CFG_144,H[07-09],4,3,3,1,0
CFG_144,H[10-12],4,3,3,1,0
CFG_144,H[13-15],4,3,3,1,0
CFG_144,H[16-18],4,3,3,1,0
CFG_144,H[19-20],1,0,0,1,0
CFG_144,H[19-21],3,3,3,0,0
CFG_144,I[00-03],4,3,3,1,0
CFG_144,I[04-06],4,3,3,1,0
CFG_144,I[07-09],4,3,3,1,0
CFG_144,I[10-12],4,3,3,1,0
CFG_144,I[13-15],4,3,3,1,0
CFG_144,I[16-18],4,3,3,1,0
CFG_144,I[19-20],1,0,0,1,0
CFG_144,I[19-21],3,3,3,0,0
CFG_144,J[00-03],5,6,5,0,1
CFG_144,J[04-06],4,6,4,0,2
CFG_144,J[07-09],4,6,4,0,2
CFG_144,J[10-12],4,6,4,0,2
CFG_144,J[13-15],4,6,4,0,2
CFG_144,J[16-18],4,6,4,0,2
CFG_144,J[19-20],1,0,0,1,0
CFG_144,J[19-21],3,6,3,0,3
CFG_144,K[00-03],5,8,5,0,3
CFG_144,K[04-06],4,8,4,0,4
CFG_144,K[07-09],5,8,5,0,3
CFG_144,K[10-12],5,8,5,0,3
CFG_144,K[13-15],5,8,5,0,3
CFG_144,K[16-18],5,8,5,0,3
CFG_144,K[19-21],3,8,3,0,5
CFG_145,A[00-03],3,6,3,0,3
CFG_145,A[04-06],3,6,3,0,3
CFG_145,A[07-09],3,6,3,0,3
CFG_145,A[10-12],3,6,3,0,3
CFG_145,A[13-15],3,6,3,0,3
CFG_145,B[00-03],3,8,3,0,5
CFG_145,B[04-06],3,8,3,0,5
CFG_145,B[07-09],3,8,3,0,5
CFG_145,B[10-12],3,8,3,0,5
CFG_145,B[13-15],3,8,3,0,5
CFG_145,B[16-18],3,8,3,0,5
CFG_145,B[19-20],2,0,0,2,0
CFG_145,B[19-21],3,8,3,0,5
CFG_145,D[00-03],5,5,5,0,0
CFG_145,D[04-06],5,5,5,0,0
CFG_145,D[07-09],5,5,5,0,0
CFG_145,D[10-12],5,5,5,0,0
CFG_145,D[13-15],5,5,5,0,0
CFG_145,D[16-18],4,5,4,0,1
CFG_145,D[19-20],1,0,0,1,0
CFG_145,D[19-21],3,5,3,0,2
CFG_145,E[00-03],6,4,4,2,0
CFG_145,E[04-06],6,4,4,2,0
CFG_145,E[07-09],6,4,4,2,0
CFG_145,E[10-12],6,4,4,2,0
CFG_145,E[13-15],6,4,4,2,0
CFG_145,E[16-18],6,4,4,2,0
CFG_145,E[19-20],2,0,0,2,0
CFG_145,E[19-21],4,4,4,0,0
CFG_145,F[00-03],5,4,4,1,0
CFG_145,F[04-06],5,4,4,1,0
CFG_145,F[07-09],6,4,4,2,0
CFG_145,F[10-12],6,4,4,2,0
CFG_145,F[13-15],6,4,4,2,0
CFG_145,F[16-18],6,4,4,2,0
CFG_145,F[19-20],1,0,0,1,0
CFG_145,F[19-21],5,4,4,1,0
CFG_145,G[00-03],5,3,3,2,0
CFG_145,G[04-06],5,3,3,2,0
CFG_145,G[07-09],5,3,3,2,0
CFG_145,G[10-12],5,3,3,2,0
CFG_145,G[13-15],5,3,3,2,0
CFG_145,G[16-18],5,3,3,2,0
CFG_145,G[19-20],1,0,0,1,0
CFG_145,G[19-21],4,3,3,1,0
CFG_145,H[00-03],4,3,3,1,0
CFG_145,H[04-06],4,3,3,1,0
CFG_145,H[07-09],4,3,3,1,0
CFG_145,H[10-12],4,3,3,1,0
CFG_145,H[13-15],4,3,3,1,0
CFG_145,H[16-18],4,3,3,1,0
CFG_145,H[19-20],1,0,0,1,0
CFG_145,H[19-21],3,3,3,0,0
CFG_145,I[00-03],4,3,3,1,0
CFG_145,I[04-06],4,3,3,1,0
CFG_145,I[07-09],4,3,3,1,0
CFG_145,I[10-12],4,3,3,1,0
CFG_145,I[13-15],4,3,3,1,0
CFG_145,I[16-18],4,3,3,1,0
CFG_145,I[19-20],1,0,0,1,0
CFG_145,I[19-21],3,3,3,0,0
CFG_145,J[00-03],5,3,3,2,0
CFG_145,J[04-06],4,3,3,1,0
CFG_145,J[07-09],4,3,3,1,0
CFG_145,J[10-12],4,3,3,1,0
CFG_145,J[13-15],4,3,3,1,0
CFG_145,J[16-18],4,3,3,1,0
CFG_145,J[19-20],1,0,0,1,0
CFG_145,J[19-21],3,3,3,0,0
CFG_145,K[00-03],5,3,3,2,0
CFG_145,K[04-06],4,3,3,1,0
CFG_145,K[07-09],5,3,3,2,0
CFG_145,K[10-12],5,3,3,2,0
CFG_145,K[13-15],5,3,3,2,0
CFG_145,K[16-18],5,3,3,2,0
CFG_145,K[19-21],3,3,3,0,0
CFG_146,A[00-03],3,7,3,0,4
CFG_146,A[04-06],3,7,3,0,4
CFG_146,A[07-09],3,7,3,0,4
CFG_146,A[10-12],3,7,3,0,4
CFG_146,A[13-15],3,7,3,0,4
CFG_146,B[00-03],3,7,3,0,4
CFG_146,B[04-06],3,7,3,0,4
CFG_146,B[07-09],3,7,3,0,4
CFG_146,B[10-12],3,7,3,0,4
CFG_146,B[13-15],3,7,3,0,4
CFG_146,B[16-18],3,7,3,0,4
CFG_146,B[19-20],2,0,0,2,0
CFG_146,B[19-21],3,7,3,0,4
CFG_146,D[00-03],5,6,5,0,1
CFG_146,D[04-06],5,6,5,0,1
CFG_146,D[07-09],5,6,5,0,1
CFG_146,D[10-12],5,6,5,0,1
CFG_146,D[13-15],5,6,5,0,1
CFG_146,D[16-18],4,6,4,0,2
CFG_146,D[19-20],1,0,0,1,0
CFG_146,D[19-21],3,6,3,0,3
CFG_146,E[00-03],6,5,5,1,0
CFG_146,E[04-06],6,5,5,1,0
CFG_146,E[07-09],6,5,5,1,0
CFG_146,E[10-12],6,5,5,1,0
CFG_146,E[13-15],6,5,5,1,0
CFG_146,E[16-18],6,5,5,1,0
CFG_146,E[19-20],2,0,0,2,0
CFG_146,E[19-21],4,5,3,0,1
CFG_146,F[00-03],5,4,4,1,0
CFG_146,F[04-06],5,4,4,1,0
CFG_146,F[07-09],6,4,4,2,0
CFG_146,F[10-12],6,4,4,2,0
CFG_146,F[13-15],6,4,4,2,0
CFG_146,F[16-18],6,4,4,2,0
CFG_146,F[19-20],1,0,0,1,0
CFG_146,F[19-21],5,4,4,1,0
CFG_146,G[00-03],5,3,3,2,0
CFG_146,G[04-06],5,3,3,2,0
CFG_146,G[07-09],5,3,3,2,0
CFG_146,G[10-12],5,3,3,2,0
CFG_146,G[13-15],5,3,3,2,0
CFG_146,G[16-18],5,3,3,2,0
CFG_146,G[19-20],1,0,0,1,0
CFG_146,G[19-21],4,3,3,1,0
CFG_146,H[00-03],4,3,3,1,0
CFG_146,H[04-06],4,3,3,1,0
CFG_146,H[07-09],4,3,3,1,0
CFG_146,H[10-12],4,3,3,1,0
CFG_146,H[13-15],4,3,3,1,0
CFG_146,H[16-18],4,3,3,1,0
CFG_146,H[19-20],1,0,0,1,0
CFG_146,H[19-21],3,3,3,0,0
CFG_146,I[00-03],4,3,3,1,0
CFG_146,I[04-06],4,3,3,1,0
CFG_146,I[07-09],4,3,3,1,0
CFG_146,I[10-12],4,3,3,1,0
CFG_146,I[13-15],4,3,3,1,0
CFG_146,I[16-18],4,3,3,1,0
CFG_146,I[19-20],1,0,0,1,0
CFG_146,I[19-21],3,3,3,0,0
CFG_146,J[00-03],5,3,3,2,0
CFG_146,J[04-06],4,3,3,1,0
CFG_146,J[07-09],4,3,3,1,0
CFG_146,J[10-12],4,3,3,1,0
CFG_146,J[13-15],4,3,3,1,0
CFG_146,J[16-18],4,3,3,1,0
CFG_146,J[19-20],1,0,0,1,0
CFG_146,J[19-21],3,3,3,0,0
CFG_146,K[00-03],5,3,3,2,0
CFG_146,K[04-06],4,3,3,1,0
CFG_146,K[07-09],5,3,3,2,0
CFG_146,K[10-12],5,3,3,2,0
CFG_146,K[13-15],5,3,3,2,0
CFG_146,K[16-18],5,3,3,2,0
CFG_146,K[19-21],3,3,3,0,0
CFG_147,A[00-03],3,8,3,0,5
CFG_147,A[04-06],3,8,3,0,5
CFG_147,A[07-09],3,8,3,0,5
CFG_147,A[10-12],3,8,3,0,5
CFG_147,A[13-15],3,8,3,0,5
CFG_147,B[00-03],3,7,3,0,4
CFG_147,B[04-06],3,7,3,0,4
CFG_147,B[07-09],3,7,3,0,4
CFG_147,B[10-12],3,7,3,0,4
CFG_147,B[13-15],3,7,3,0,4
CFG_147,B[16-18],3,7,3,0,4
CFG_147,B[19-20],2,0,0,2,0
CFG_147,B[19-21],3,7,3,0,4
CFG_147,D[00-03],5,6,5,0,1
CFG_147,D[04-06],5,6,5,0,1
CFG_147,D[07-09],5,6,5,0,1
CFG_147,D[10-12],5,6,5,0,1
CFG_147,D[13-15],5,6,5,0,1
CFG_147,D[16-18],4,6,4,0,2
CFG_147,D[19-20],1,0,0,1,0
CFG_147,D[19-21],3,6,3,0,3
CFG_147,E[00-03],6,5,5,1,0
CFG_147,E[04-06],6,5,5,1,0
CFG_147,E[07-09],6,5,5,1,0
CFG_147,E[10-12],6,5,5,1,0
CFG_147,E[13-15],6,5,5,1,0
CFG_147,E[16-18],6,5,5,1,0
CFG_147,E[19-20],2,0,0,2,0
CFG_147,E[19-21],4,5,4,0,1
CFG_147,F[00-03],5,3,3,2,0
CFG_147,F[04-06],5,3,3,2,0
CFG_147,F[07-09],6,3,3,3,0
CFG_147,F[10-12],6,3,3,3,0
CFG_147,F[13-15],6,3,3,3,0
CFG_147,F[16-18],6,3,3,3,0
CFG_147,F[19-20],1,0,0,1,0
CFG_147,F[19-21],5,3,3,2,0
CFG_147,G[00-03],5,3,3,2,0
CFG_147,G[04-06],5,3,3,2,0
CFG_147,G[07-09],5,3,3,2,0
CFG_147,G[10-12],5,3,3,2,0
CFG_147,G[13-15],5,3,3,2,0
CFG_147,G[16-18],5,3,3,2,0
CFG_147,G[19-20],1,0,0,1,0
CFG_147,G[19-21],4,3,3,1,0
CFG_147,H[00-03],4,4,4,0,0
CFG_147,H[04-06],4,4,4,0,0
CFG_147,H[07-09],4,4,4,0,0
CFG_147,H[10-12],4,4,4,0,0
CFG_147,H[13-15],4,4,4,0,0
CFG_147,H[16-18],4,4,4,0,0
CFG_147,H[19-20],1,0,0,1,0
CFG_147,H[19-21],3,4,3,0,1
CFG_147,I[00-03],4,3,3,1,0
CFG_147,I[04-06],4,3,3,1,0
CFG_147,I[07-09],4,3,3,1,0
CFG_147,I[10-12],4,3,3,1,0
CFG_147,I[13-15],4,3,3,1,0
CFG_147,I[16-18],4,3,3,1,0
CFG_147,I[19-20],1,0,0,1,0
CFG_147,I[19-21],3,3,3,0,0
CFG_147,J[00-03],5,3,3,2,0
CFG_147,J[04-06],4,3,3,1,0
CFG_147,J[07-09],4,3,3,1,0
CFG_147,J[10-12],4,3,3,1,0
CFG_147,J[13-15],4,3,3,1,0
CFG_147,J[16-18],4,3,3,1,0
CFG_147,J[19-20],1,0,0,1,0
CFG_147,J[19-21],3,3,3,0,0
CFG_147,K[00-03],5,3,3,2,0
CFG_147,K[04-06],4,3,3,1,0
CFG_147,K[07-09],5,3,3,2,0
CFG_147,K[10-12],5,3,3,2,0
CFG_147,K[13-15],5,3,3,2,0
CFG_147,K[16-18],5,3,3,2,0
CFG_147,K[19-21],3,3,3,0,0
CFG_148,A[00-03],3,7,3,0,4
CFG_148,A[04-06],3,7,3,0,4
CFG_148,A[07-09],3,7,3,0,4
CFG_148,A[10-12],3,7,3,0,4
CFG_148,A[13-15],3,7,3,0,4
CFG_148,B[00-03],3,8,3,0,5
CFG_148,B[04-06],3,8,3,0,5
CFG_148,B[07-09],3,8,3,0,5
CFG_148,B[10-12],3,8,3,0,5
CFG_148,B[13-15],3,8,3,0,5
CFG_148,B[16-18],3,8,3,0,5
CFG_148,B[19-20],2,0,0,2,0
CFG_148,B[19-21],3,8,3,0,5
CFG_148,D[00-03],5,6,5,0,1
CFG_148,D[04-06],5,6,5,0,1
CFG_148,D[07-09],5,6,5,0,1
CFG_148,D[10-12],5,6,5,0,1
CFG_148,D[13-15],5,6,5,0,1
CFG_148,D[16-18],4,6,4,0,2
CFG_148,D[19-20],1,0,0,1,0
CFG_148,D[19-21],3,6,3,0,3
CFG_148,E[00-03],6,5,5,1,0
CFG_148,E[04-06],6,5,5,1,0
CFG_148,E[07-09],6,5,5,1,0
CFG_148,E[10-12],6,5,5,1,0
CFG_148,E[13-15],6,5,5,1,0
CFG_148,E[16-18],6,5,5,1,0
CFG_148,E[19-20],2,0,0,2,0
CFG_148,E[19-21],4,5,4,0,1
CFG_148,F[00-03],5,3,3,2,0
CFG_148,F[04-06],5,3,3,2,0
CFG_148,F[07-09],6,3,3,3,0
CFG_148,F[10-12],6,3,3,3,0
CFG_148,F[13-15],6,3,3,3,0
CFG_148,F[16-18],6,3,3,3,0
CFG_148,F[19-20],1,0,0,1,0
CFG_148,F[19-21],5,3,3,2,0
CFG_148,G[00-03],5,3,3,2,0
CFG_148,G[04-06],5,3,3,2,0
CFG_148,G[07-09],5,3,3,2,0
CFG_148,G[10-12],5,3,3,2,0
CFG_148,G[13-15],5,3,3,2,0
CFG_148,G[16-18],5,3,3,2,0
CFG_148,G[19-20],1,0,0,1,0
CFG_148,G[19-21],4,3,3,1,0
CFG_148,H[00-03],4,3,3,1,0
CFG_148,H[04-06],4,3,3,1,0
CFG_148,H[07-09],4,3,3,1,0
CFG_148,H[10-12],4,3,3,1,0
CFG_148,H[13-15],4,3,3,1,0
CFG_148,H[16-18],4,3,3,1,0
CFG_148,H[19-20],1,0,0,1,0
CFG_148,H[19-21],3,3,3,0,0
CFG_148,I[00-03],4,3,3,1,0
CFG_148,I[04-06],4,3,3,1,0
CFG_148,I[07-09],4,3,3,1,0
CFG_148,I[10-12],4,3,3,1,0
CFG_148,I[13-15],4,3,3,1,0
CFG_148,I[16-18],4,3,3,1,0
CFG_148,I[19-20],1,0,0,1,0
CFG_148,I[19-21],3,3,3,0,0
CFG_148,J[00-03],5,3,3,2,0
CFG_148,J[04-06],4,3,3,1,0
CFG_148,J[07-09],4,3,3,1,0
CFG_148,J[10-12],4,3,3,1,0
CFG_148,J[13-15],4,3,3,1,0
CFG_148,J[16-18],4,3,3,1,0
CFG_148,J[19-20],1,0,0,1,0
CFG_148,J[19-21],3,3,2,0,0
CFG_148,K[00-03],5,3,3,2,0
CFG_148,K[04-06],4,3,3,1,0
CFG_148,K[07-09],5,3,3,2,0
CFG_148,K[10-12],5,3,3,2,0
CFG_148,K[13-15],5,3,3,2,0
CFG_148,K[16-18],5,3,3,2,0
CFG_148,K[19-21],3,3,3,0,0
CFG_149,A[00-03],3,8,3,0,5
CFG_149,A[04-06],3,8,3,0,5
CFG_149,A[07-09],3,8,3,0,5
CFG_149,A[10-12],3,8,3,0,5
CFG_149,A[13-15],3,8,3,0,5
CFG_149,B[00-03],3,8,3,0,5
CFG_149,B[04-06],3,8,3,0,5
CFG_149,B[07-09],3,8,3,0,5
CFG_149,B[10-12],3,8,3,0,5
CFG_149,B[13-15],3,8,3,0,5
CFG_149,B[16-18],3,8,3,0,5
CFG_149,B[19-20],2,0,0,2,0
CFG_149,B[19-21],3,8,3,0,5
CFG_149,D[00-03],5,6,5,0,1
CFG_149,D[04-06],5,6,5,0,1
CFG_149,D[07-09],5,6,5,0,1
CFG_149,D[10-12],5,6,5,0,1
CFG_149,D[13-15],5,6,5,0,1
CFG_149,D[16-18],4,6,4,0,2
CFG_149,D[19-20],1,0,0,1,0
CFG_149,D[19-21],3,6,3,0,3
CFG_149,E[00-03],6,5,5,1,0
CFG_149,E[04-06],6,5,5,1,0
CFG_149,E[07-09],6,5,5,1,0
CFG_149,E[10-12],6,5,5,1,0
CFG_149,E[13-15],6,5,5,1,0
CFG_149,E[16-18],6,5,5,1,0
CFG_149,E[19-20],2,0,0,2,0
CFG_149,E[19-21],4,5,4,0,1
CFG_149,F[00-03],5,3,3,2,0
CFG_149,F[04-06],5,3,3,2,0
CFG_149,F[07-09],6,3,3,3,0
CFG_149,F[10-12],6,3,3,3,0
CFG_149,F[13-15],6,3,3,3,0
CFG_149,F[16-18],6,3,3,3,0
CFG_149,F[19-20],1,0,0,1,0
CFG_149,F[19-21],5,3,3,2,0
CFG_149,G[00-03],5,3,3,2,0
CFG_149,G[04-06],5,3,3,2,0
CFG_149,G[07-09],5,3,3,2,0
CFG_149,G[10-12],5,3,3,2,0
CFG_149,G[13-15],5,3,3,2,0
CFG_149,G[16-18],5,3,3,2,0
CFG_149,G[19-20],1,0,0,1,0
CFG_149,G[19-21],4,3,3,1,0
CFG_149,H[00-03],4,3,3,1,0
CFG_149,H[04-06],4,3,3,1,0
CFG_149,H[07-09],4,3,3,1,0
CFG_149,H[10-12],4,3,3,1,0
CFG_149,H[13-15],4,3,3,1,0
CFG_149,H[16-18],4,3,3,1,0
CFG_149,H[19-20],1,0,0,1,0
CFG_149,H[19-21],3,3,2,0,0
CFG_149,I[00-03],4,3,3,1,0
CFG_149,I[04-06],4,3,3,1,0
CFG_149,I[07-09],4,3,3,1,0
CFG_149,I[10-12],4,3,3,1,0
CFG_149,I[13-15],4,3,3,1,0
CFG_149,I[16-18],4,3,3,1,0
CFG_149,I[19-20],1,0,0,1,0
CFG_149,I[19-21],3,3,3,0,0
CFG_149,J[00-03],5,3,3,2,0
CFG_149,J[04-06],4,3,3,1,0
CFG_149,J[07-09],4,3,3,1,0
CFG_149,J[10-12],4,3,3,1,0
CFG_149,J[13-15],4,3,3,1,0
CFG_149,J[16-18],4,3,3,1,0
CFG_149,J[19-20],1,0,0,1,0
CFG_149,J[19-21],3,3,3,0,0
CFG_149,K[00-03],5,3,3,2,0
CFG_149,K[04-06],4,3,3,1,0
CFG_149,K[07-09],5,3,3,2,0
CFG_149,K[10-12],5,3,3,2,0
CFG_149,K[13-15],5,3,3,2,0
CFG_149,K[16-18],5,3,3,2,0
CFG_149,K[19-21],3,3,3,0,0
CFG_150,A[00-03],3,8,3,0,5
CFG_150,A[04-06],3,8,3,0,5
CFG_150,A[07-09],3,8,3,0,5
CFG_150,A[10-12],3,8,3,0,5
CFG_150,A[13-15],3,8,3,0,5
CFG_150,B[00-03],3,8,3,0,5
CFG_150,B[04-06],3,8,3,0,5
CFG_150,B[07-09],3,8,3,0,5
CFG_150,B[10-12],3,8,3,0,5
CFG_150,B[13-15],3,8,3,0,5
CFG_150,B[16-18],3,8,3,0,5
CFG_150,B[19-20],2,0,0,2,0
CFG_150,B[19-21],3,8,3,0,5
CFG_150,D[00-03],5,6,5,0,1
CFG_150,D[04-06],5,6,5,0,1
CFG_150,D[07-09],5,6,5,0,1
CFG_150,D[10-12],5,6,5,0,1
CFG_150,D[13-15],5,6,5,0,1
CFG_150,D[16-18],4,6,4,0,2
CFG_150,D[19-20],1,0,0,1,0
CFG_150,D[19-21],3,6,3,0,3
CFG_150,E[00-03],6,5,5,1,0
CFG_150,E[04-06],6,5,5,1,0
CFG_150,E[07-09],6,5,5,1,0
CFG_150,E[10-12],6,5,5,1,0
CFG_150,E[13-15],6,5,5,1,0
CFG_150,E[16-18],6,5,5,1,0
CFG_150,E[19-20],2,0,0,2,0
CFG_150,E[19-21],4,5,4,0,1
CFG_150,F[00-03],5,4,4,1,0
CFG_150,F[04-06],5,4,4,1,0
CFG_150,F[07-09],6,4,4,2,0
CFG_150,F[10-12],6,4,4,2,0
CFG_150,F[13-15],6,4,4,2,0
CFG_150,F[16-18],6,4,4,2,0
CFG_150,F[19-20],1,0,0,1,0
CFG_150,F[19-21],5,4,4,1,0
CFG_150,G[00-03],5,4,4,1,0
CFG_150,G[04-06],5,4,4,1,0
CFG_150,G[07-09],5,4,4,1,0
CFG_150,G[10-12],5,4,4,1,0
CFG_150,G[13-15],5,4,4,1,0
CFG_150,G[16-18],5,4,4,1,0
CFG_150,G[19-20],1,0,0,1,0
CFG_150,G[19-21],4,4,4,0,0
CFG_150,H[00-03],4,3,3,1,0
CFG_150,H[04-06],4,3,3,1,0
CFG_150,H[07-09],4,3,3,1,0
CFG_150,H[10-12],4,3,3,1,0
CFG_150,H[13-15],4,3,3,1,0
CFG_150,H[16-18],4,3,3,1,0
CFG_150,H[19-20],1,0,0,1,0
CFG_150,H[19-21],3,3,3,0,0
CFG_150,I[00-03],4,3,3,1,0
CFG_150,I[04-06],4,3,3,1,0
CFG_150,I[07-09],4,3,3,1,0
CFG_150,I[10-12],4,3,3,1,0
CFG_150,I[13-15],4,3,3,1,0
CFG_150,I[16-18],4,3,3,1,0
CFG_150,I[19-20],1,0,0,1,0
CFG_150,I[19-21],3,3,3,0,0
CFG_150,J[00-03],5,3,3,2,0
CFG_150,J[04-06],4,3,3,1,0
CFG_150,J[07-09],4,3,3,1,0
CFG_150,J[10-12],4,3,3,1,0
CFG_150,J[13-15],4,3,3,1,0
CFG_150,J[16-18],4,3,3,1,0
CFG_150,J[19-20],1,0,0,1,0
CFG_150,J[19-21],3,3,3,0,0
CFG_150,K[00-03],5,3,3,2,0
CFG_150,K[04-06],4,3,3,1,0
CFG_150,K[07-09],5,3,3,2,0
CFG_150,K[10-12],5,3,3,2,0
CFG_150,K[13-15],5,3,3,2,0
CFG_150,K[16-18],5,3,3,2,0
CFG_150,K[19-21],3,3,3,0,0
CFG_153,A[00-03],3,3,3,0,0
CFG_153,A[04-06],3,3,3,0,0
CFG_153,A[07-09],3,3,3,0,0
CFG_153,A[10-12],3,3,3,0,0
CFG_153,A[13-15],3,3,3,0,0
CFG_153,B[00-03],3,3,3,0,0
CFG_153,B[04-06],3,3,3,0,0
CFG_153,B[07-09],3,3,3,0,0
CFG_153,B[10-12],3,3,3,0,0
CFG_153,B[13-15],3,3,3,0,0
CFG_153,B[16-18],3,3,3,0,0
CFG_153,B[19-20],2,0,0,2,0
CFG_153,B[19-21],3,3,3,0,0
CFG_153,D[00-03],5,3,3,2,0
CFG_153,D[04-06],5,3,3,2,0
CFG_153,D[07-09],5,3,3,2,0
CFG_153,D[10-12],5,3,3,2,0
CFG_153,D[13-15],5,3,3,2,0
CFG_153,D[16-18],4,3,3,1,0
CFG_153,D[19-20],1,0,0,1,0
CFG_153,D[19-21],3,3,3,0,0
CFG_153,E[00-03],6,3,3,3,0
CFG_153,E[04-06],6,3,3,3,0
CFG_153,E[07-09],6,3,3,3,0
CFG_153,E[10-12],6,3,3,3,0
CFG_153,E[13-15],6,3,3,3,0
CFG_153,E[16-18],6,3,3,3,0
CFG_153,E[19-20],2,0,0,2,0
CFG_153,E[19-21],4,3,3,1,0
CFG_153,F[00-03],5,3,3,2,0
CFG_153,F[04-06],5,3,3,2,0
CFG_153,F[07-09],6,3,3,3,0
CFG_153,F[10-12],6,3,3,3,0
CFG_153,F[13-15],6,3,3,3,0
CFG_153,F[16-18],6,3,3,3,0
CFG_153,F[19-20],1,0,0,1,0
CFG_153,F[19-21],5,3,3,2,0
CFG_153,G[00-03],5,3,3,2,0
CFG_153,G[04-06],5,3,3,2,0
CFG_153,G[07-09],5,3,3,2,0
CFG_153,G[10-12],5,3,3,2,0
CFG_153,G[13-15],5,3,3,2,0
CFG_153,G[16-18],5,3,3,2,0
CFG_153,G[19-20],1,0,0,1,0
CFG_153,G[19-21],4,3,3,1,0
CFG_153,H[00-03],4,3,3,1,0
CFG_153,H[04-06],4,3,3,1,0
CFG_153,H[07-09],4,3,3,1,0
CFG_153,H[10-12],4,3,3,1,0
CFG_153,H[13-15],4,3,3,1,0
CFG_153,H[16-18],4,3,3,1,0
CFG_153,H[19-20],1,0,0,1,0
CFG_153,H[19-21],3,3,3,0,0
CFG_153,I[00-03],4,4,4,0,0
CFG_153,I[04-06],4,4,4,0,0
CFG_153,I[07-09],4,4,4,0,0
CFG_153,I[10-12],4,4,4,0,0
CFG_153,I[13-15],4,4,4,0,0
CFG_153,I[16-18],4,4,4,0,0
CFG_153,I[19-20],1,0,0,1,0
CFG_153,I[19-21],3,4,3,0,1
CFG_153,J[00-03],5,4,4,1,0
CFG_153,J[04-06],4,4,3,0,0
CFG_153,J[07-09],4,4,3,0,0
CFG_153,J[10-12],4,4,3,0,0
CFG_153,J[13-15],4,4,3,0,0
CFG_153,J[16-18],4,4,3,0,0
CFG_153,J[19-20],1,0,0,1,0
CFG_153,J[19-21],3,4,3,0,1
CFG_153,K[00-03],5,6,5,0,1
CFG_153,K[04-06],4,6,4,0,2
CFG_153,K[07-09],5,6,5,0,1
CFG_153,K[10-12],5,6,5,0,1
CFG_153,K[13-15],5,6,5,0,1
CFG_153,K[16-18],5,6,5,0,1
CFG_153,K[19-21],3,6,3,0,3
CFG_154,A[00-03],3,3,3,0,0
CFG_154,A[04-06],3,3,3,0,0
CFG_154,A[07-09],3,3,3,0,0
CFG_154,A[10-12],3,3,3,0,0
CFG_154,A[13-15],3,3,3,0,0
CFG_154,B[00-03],3,3,3,0,0
CFG_154,B[04-06],3,3,3,0,0
CFG_154,B[07-09],3,3,3,0,0
CFG_154,B[10-12],3,3,3,0,0
CFG_154,B[13-15],3,3,3,0,0
CFG_154,B[16-18],3,3,3,0,0
CFG_154,B[19-20],2,0,0,2,0
CFG_154,B[19-21],3,3,3,0,0
CFG_154,D[00-03],5,3,3,2,0
CFG_154,D[04-06],5,3,3,2,0
CFG_154,D[07-09],5,3,3,2,0
CFG_154,D[10-12],5,3,3,2,0
CFG_154,D[13-15],5,3,3,2,0
CFG_154,D[16-18],4,3,3,1,0
CFG_154,D[19-20],1,0,0,1,0
CFG_154,D[19-21],3,3,3,0,0
CFG_154,E[00-03],6,3,3,3,0
CFG_154,E[04-06],6,3,3,3,0
CFG_154,E[07-09],6,3,3,3,0
CFG_154,E[10-12],6,3,3,3,0
CFG_154,E[13-15],6,3,3,3,0
CFG_154,E[16-18],6,3,3,3,0
CFG_154,E[19-20],2,0,0,2,0
CFG_154,E[19-21],4,3,3,1,0
CFG_154,F[00-03],5,3,3,2,0
CFG_154,F[04-06],5,3,3,2,0
CFG_154,F[07-09],6,3,3,3,0
CFG_154,F[10-12],6,3,3,3,0
CFG_154,F[13-15],6,3,3,3,0
CFG_154,F[16-18],6,3,3,3,0
CFG_154,F[19-20],1,0,0,1,0
CFG_154,F[19-21],5,3,3,2,0
CFG_154,G[00-03],5,3,3,2,0
CFG_154,G[04-06],5,3,3,2,0
CFG_154,G[07-09],5,3,3,2,0
CFG_154,G[10-12],5,3,3,2,0
CFG_154,G[13-15],5,3,3,2,0
CFG_154,G[16-18],5,3,3,2,0
CFG_154,G[19-20],1,0,0,1,0
CFG_154,G[19-21],4,3,3,1,0
CFG_154,H[00-03],4,3,3,1,0
CFG_154,H[04-06],4,3,3,1,0
CFG_154,H[07-09],4,3,3,1,0
CFG_154,H[10-12],4,3,3,1,0
CFG_154,H[13-15],4,3,3,1,0
CFG_154,H[16-18],4,3,3,1,0
CFG_154,H[19-20],1,0,0,1,0
CFG_154,H[19-21],3,3,3,0,0
CFG_154,I[00-03],4,5,3,0,1
CFG_154,I[04-06],4,5,3,0,1
CFG_154,I[07-09],4,5,3,0,1
CFG_154,I[10-12],4,5,3,0,1
CFG_154,I[13-15],4,5,3,0,1
CFG_154,I[16-18],4,5,3,0,1
CFG_154,I[19-20],1,0,0,1,0
CFG_154,I[19-21],3,5,3,0,2
CFG_154,J[00-03],5,6,5,0,1
CFG_154,J[04-06],4,6,3,0,2
CFG_154,J[07-09],4,6,3,0,2
CFG_154,J[10-12],4,6,2,0,2
CFG_154,J[13-15],4,6,2,0,2
CFG_154,J[16-18],4,6,2,0,2
CFG_154,J[19-20],1,0,0,1,0
CFG_154,J[19-21],3,6,3,0,3
CFG_154,K[00-03],5,6,5,0,1
CFG_154,K[04-06],4,6,2,0,2
CFG_154,K[07-09],5,6,5,0,1
CFG_154,K[10-12],5,6,5,0,1
CFG_154,K[13-15],5,6,5,0,1
CFG_154,K[16-18],5,6,5,0,1
CFG_154,K[19-21],3,6,3,0,3
CFG_155,A[00-03],3,7,3,0,4
CFG_155,A[04-06],3,7,3,0,4
CFG_155,A[07-09],3,7,3,0,4
CFG_155,A[10-12],3,7,3,0,4
CFG_155,A[13-15],3,7,3,0,4
CFG_155,B[00-03],3,6,3,0,3
CFG_155,B[04-06],3,6,3,0,3
CFG_155,B[07-09],3,6,3,0,3
CFG_155,B[10-12],3,6,3,0,3
CFG_155,B[13-15],3,6,3,0,3
CFG_155,B[16-18],3,6,3,0,3
CFG_155,B[19-20],2,0,0,2,0
CFG_155,B[19-21],3,6,3,0,3
CFG_155,D[00-03],5,5,5,0,0
CFG_155,D[04-06],5,5,5,0,0
CFG_155,D[07-09],5,5,5,0,0
CFG_155,D[10-12],5,5,5,0,0
CFG_155,D[13-15],5,5,5,0,0
CFG_155,D[16-18],4,5,4,0,1
CFG_155,D[19-20],1,0,0,1,0
CFG_155,D[19-21],3,5,3,0,2
CFG_155,E[00-03],6,4,4,2,0
CFG_155,E[04-06],6,4,4,2,0
CFG_155,E[07-09],6,4,4,2,0
CFG_155,E[10-12],6,4,4,2,0
CFG_155,E[13-15],6,4,4,2,0
CFG_155,E[16-18],6,4,4,2,0
CFG_155,E[19-20],2,0,0,2,0
CFG_155,E[19-21],4,4,4,0,0
CFG_155,F[00-03],5,4,4,1,0
CFG_155,F[04-06],5,4,4,1,0
CFG_155,F[07-09],6,4,4,2,0
CFG_155,F[10-12],6,4,4,2,0
CFG_155,F[13-15],6,4,4,2,0
CFG_155,F[16-18],6,4,4,2,0
CFG_155,F[19-20],1,0,0,1,0
CFG_155,F[19-21],5,4,4,1,0
CFG_155,G[00-03],5,3,3,2,0
CFG_155,G[04-06],5,3,3,2,0
CFG_155,G[07-09],5,3,3,2,0
CFG_155,G[10-12],5,3,3,2,0
CFG_155,G[13-15],5,3,3,2,0
CFG_155,G[16-18],5,3,3,2,0
CFG_155,G[19-20],1,0,0,1,0
CFG_155,G[19-21],4,3,3,1,0
CFG_155,H[00-03],4,3,3,1,0
CFG_155,H[04-06],4,3,3,1,0
CFG_155,H[07-09],4,3,3,1,0
CFG_155,H[10-12],4,3,3,1,0
CFG_155,H[13-15],4,3,3,1,0
CFG_155,H[16-18],4,3,3,1,0
CFG_155,H[19-20],1,0,0,1,0
CFG_155,H[19-21],3,3,3,0,0
CFG_155,I[00-03],4,3,3,1,0
CFG_155,I[04-06],4,3,3,1,0
CFG_155,I[07-09],4,3,3,1,0
CFG_155,I[10-12],4,3,3,1,0
CFG_155,I[13-15],4,3,3,1,0
CFG_155,I[16-18],4,3,3,1,0
CFG_155,I[19-20],1,0,0,1,0
CFG_155,I[19-21],3,3,3,0,0
CFG_155,J[00-03],5,3,3,2,0
CFG_155,J[04-06],4,3,3,1,0
CFG_155,J[07-09],4,3,3,1,0
CFG_155,J[10-12],4,3,3,1,0
CFG_155,J[13-15],4,3,3,1,0
CFG_155,J[16-18],4,3,3,1,0
CFG_155,J[19-20],1,0,0,1,0
CFG_155,J[19-21],3,3,3,0,0
CFG_155,K[00-03],5,3,3,2,0
CFG_155,K[04-06],4,3,3,1,0
CFG_155,K[07-09],5,3,3,2,0
CFG_155,K[10-12],5,3,3,2,0
CFG_155,K[13-15],5,3,3,2,0
CFG_155,K[16-18],5,3,3,2,0
CFG_155,K[19-21],3,3,3,0,0
CFG_156,A[00-03],3,5,3,0,2
CFG_156,A[04-06],3,5,3,0,2
CFG_156,A[07-09],3,5,3,0,2
CFG_156,A[10-12],3,5,3,0,2
CFG_156,A[13-15],3,5,3,0,2
CFG_156,B[00-03],3,7,3,0,4
CFG_156,B[04-06],3,7,3,0,4
CFG_156,B[07-09],3,7,3,0,4
CFG_156,B[10-12],3,7,3,0,4
CFG_156,B[13-15],3,7,3,0,4
CFG_156,B[16-18],3,7,3,0,4
CFG_156,B[19-20],2,0,0,2,0
CFG_156,B[19-21],3,7,3,0,4
CFG_156,D[00-03],5,5,5,0,0
CFG_156,D[04-06],5,5,5,0,0
CFG_156,D[07-09],5,5,5,0,0
CFG_156,D[10-12],5,5,5,0,0
CFG_156,D[13-15],5,5,5,0,0
CFG_156,D[16-18],4,5,4,0,1
CFG_156,D[19-20],1,0,0,1,0
CFG_156,D[19-21],3,5,3,0,2
CFG_156,E[00-03],6,6,6,0,0
CFG_156,E[04-06],6,6,6,0,0
CFG_156,E[07-09],6,6,6,0,0
CFG_156,E[10-12],6,6,6,0,0
CFG_156,E[13-15],6,6,6,0,0
CFG_156,E[16-18],6,6,6,0,0
CFG_156,E[19-20],2,0,0,2,0
CFG_156,E[19-21],4,6,4,0,2
CFG_156,F[00-03],5,3,3,2,0
CFG_156,F[04-06],5,3,3,2,0
CFG_156,F[07-09],6,3,3,3,0
CFG_156,F[10-12],6,3,3,3,0
CFG_156,F[13-15],6,3,3,3,0
CFG_156,F[16-18],6,3,3,3,0
CFG_156,F[19-20],1,0,0,1,0
CFG_156,F[19-21],5,3,3,2,0
CFG_156,G[00-03],5,4,4,1,0
CFG_156,G[04-06],5,4,4,1,0
CFG_156,G[07-09],5,4,4,1,0
CFG_156,G[10-12],5,4,4,1,0
CFG_156,G[13-15],5,4,4,1,0
CFG_156,G[16-18],5,4,4,1,0
CFG_156,G[19-20],1,0,0,1,0
CFG_156,G[19-21],4,4,4,0,0
CFG_156,H[00-03],4,3,3,1,0
CFG_156,H[04-06],4,3,3,1,0
CFG_156,H[07-09],4,3,3,1,0
CFG_156,H[10-12],4,3,3,1,0
CFG_156,H[13-15],4,3,3,1,0
CFG_156,H[16-18],4,3,3,1,0
CFG_156,H[19-20],1,0,0,1,0
CFG_156,H[19-21],3,3,3,0,0
CFG_156,I[00-03],4,3,3,1,0
CFG_156,I[04-06],4,3,3,1,0
CFG_156,I[07-09],4,3,3,1,0
CFG_156,I[10-12],4,3,3,1,0
CFG_156,I[13-15],4,3,3,1,0
CFG_156,I[16-18],4,3,3,1,0
CFG_156,I[19-20],1,0,0,1,0
CFG_156,I[19-21],3,3,3,0,0
CFG_156,J[00-03],5,3,3,2,0
CFG_156,J[04-06],4,3,3,1,0
CFG_156,J[07-09],4,3,3,1,0
CFG_156,J[10-12],4,3,3,1,0
CFG_156,J[13-15],4,3,3,1,0
CFG_156,J[16-18],4,3,3,1,0
CFG_156,J[19-20],1,0,0,1,0
CFG_156,J[19-21],3,3,3,0,0
CFG_156,K[00-03],5,3,3,2,0
CFG_156,K[04-06],4,3,3,1,0
CFG_156,K[07-09],5,3,3,2,0
CFG_156,K[10-12],5,3,3,2,0
CFG_156,K[13-15],5,3,3,2,0
CFG_156,K[16-18],5,3,3,2,0
CFG_156,K[19-21],3,3,3,0,0
CFG_157,A[00-03],3,6,3,0,3
CFG_157,A[04-06],3,6,3,0,3
CFG_157,A[07-09],3,6,3,0,3
CFG_157,A[10-12],3,6,3,0,3
CFG_157,A[13-15],3,6,3,0,3
CFG_157,B[00-03],3,8,3,0,5
CFG_157,B[04-06],3,8,3,0,5
CFG_157,B[07-09],3,8,3,0,5
CFG_157,B[10-12],3,8,3,0,5
CFG_157,B[13-15],3,8,3,0,5
CFG_157,B[16-18],3,8,3,0,5
CFG_157,B[19-20],2,0,0,2,0
CFG_157,B[19-21],3,8,3,0,5
CFG_157,D[00-03],5,6,5,0,1
CFG_157,D[04-06],5,6,5,0,1
CFG_157,D[07-09],5,6,5,0,1
CFG_157,D[10-12],5,6,5,0,1
CFG_157,D[13-15],5,6,5,0,1
CFG_157,D[16-18],4,6,4,0,2
CFG_157,D[19-20],1,0,0,1,0
CFG_157,D[19-21],3,6,3,0,3
CFG_157,E[00-03],6,4,4,2,0
CFG_157,E[04-06],6,4,4,2,0
CFG_157,E[07-09],6,4,4,2,0
CFG_157,E[10-12],6,4,4,2,0
CFG_157,E[13-15],6,4,4,2,0
CFG_157,E[16-18],6,4,4,2,0
CFG_157,E[19-20],2,0,0,2,0
CFG_157,E[19-21],4,4,4,0,0
CFG_157,F[00-03],5,4,4,1,0
CFG_157,F[04-06],5,4,4,1,0
CFG_157,F[07-09],6,4,4,2,0
CFG_157,F[10-12],6,4,4,2,0
CFG_157,F[13-15],6,4,4,2,0
CFG_157,F[16-18],6,4,4,2,0
CFG_157,F[19-20],1,0,0,1,0
CFG_157,F[19-21],5,4,4,1,0
CFG_157,G[00-03],5,3,3,2,0
CFG_157,G[04-06],5,3,3,2,0
CFG_157,G[07-09],5,3,3,2,0
CFG_157,G[10-12],5,3,3,2,0
CFG_157,G[13-15],5,3,3,2,0
CFG_157,G[16-18],5,3,3,2,0
CFG_157,G[19-20],1,0,0,1,0
CFG_157,G[19-21],4,3,3,1,0
CFG_157,H[00-03],4,3,3,1,0
CFG_157,H[04-06],4,3,3,1,0
CFG_157,H[07-09],4,3,3,1,0
CFG_157,H[10-12],4,3,3,1,0
CFG_157,H[13-15],4,3,3,1,0
CFG_157,H[16-18],4,3,3,1,0
CFG_157,H[19-20],1,0,0,1,0
CFG_157,H[19-21],3,3,3,0,0
CFG_157,I[00-03],4,3,3,1,0
CFG_157,I[04-06],4,3,3,1,0
CFG_157,I[07-09],4,3,3,1,0
CFG_157,I[10-12],4,3,3,1,0
CFG_157,I[13-15],4,3,3,1,0
CFG_157,I[16-18],4,3,3,1,0
CFG_157,I[19-20],1,0,0,1,0
CFG_157,I[19-21],3,3,3,0,0
CFG_157,J[00-03],5,3,3,2,0
CFG_157,J[04-06],4,3,3,1,0
CFG_157,J[07-09],4,3,3,1,0
CFG_157,J[10-12],4,3,3,1,0
CFG_157,J[13-15],4,3,3,1,0
CFG_157,J[16-18],4,3,3,1,0
CFG_157,J[19-20],1,0,0,1,0
CFG_157,J[19-21],3,3,3,0,0
CFG_157,K[00-03],5,3,3,2,0
CFG_157,K[04-06],4,3,3,1,0
CFG_157,K[07-09],5,3,3,2,0
CFG_157,K[10-12],5,3,3,2,0
CFG_157,K[13-15],5,3,3,2,0
CFG_157,K[16-18],5,3,3,2,0
CFG_157,K[19-21],3,3,3,0,0
CFG_158,A[00-03],3,6,3,0,3
CFG_158,A[04-06],3,6,3,0,3
CFG_158,A[07-09],3,6,3,0,3
CFG_158,A[10-12],3,6,3,0,3
CFG_158,A[13-15],3,6,3,0,3
CFG_158,B[00-03],3,7,3,0,4
CFG_158,B[04-06],3,7,3,0,4
CFG_158,B[07-09],3,7,3,0,4
CFG_158,B[10-12],3,7,3,0,4
CFG_158,B[13-15],3,7,3,0,4
CFG_158,B[16-18],3,7,3,0,4
CFG_158,B[19-20],2,0,0,2,0
CFG_158,B[19-21],3,7,3,0,4
CFG_158,D[00-03],5,5,5,0,0
CFG_158,D[04-06],5,5,5,0,0
CFG_158,D[07-09],5,5,5,0,0
CFG_158,D[10-12],5,5,5,0,0
CFG_158,D[13-15],5,5,5,0,0
CFG_158,D[16-18],4,5,4,0,1
CFG_158,D[19-20],1,0,0,1,0
CFG_158,D[19-21],3,5,3,0,2
CFG_158,E[00-03],6,4,4,2,0
CFG_158,E[04-06],6,4,4,2,0
CFG_158,E[07-09],6,4,4,2,0
CFG_158,E[10-12],6,4,4,2,0
CFG_158,E[13-15],6,4,4,2,0
CFG_158,E[16-18],6,4,4,2,0
CFG_158,E[19-20],2,0,0,2,0
CFG_158,E[19-21],4,4,4,0,0
CFG_158,F[00-03],5,3,3,2,0
CFG_158,F[04-06],5,3,3,2,0
CFG_158,F[07-09],6,3,3,3,0
CFG_158,F[10-12],6,3,3,3,0
CFG_158,F[13-15],6,3,3,3,0
CFG_158,F[16-18],6,3,3,3,0
CFG_158,F[19-20],1,0,0,1,0
CFG_158,F[19-21],5,3,3,2,0
CFG_158,G[00-03],5,6,5,0,1
CFG_158,G[04-06],5,6,5,0,1
CFG_158,G[07-09],5,6,5,0,1
CFG_158,G[10-12],5,6,5,0,1
CFG_158,G[13-15],5,6,5,0,1
CFG_158,G[16-18],5,6,5,0,1
CFG_158,G[19-20],1,0,0,1,0
CFG_158,G[19-21],4,6,4,0,2
CFG_158,H[00-03],4,3,3,1,0
CFG_158,H[04-06],4,3,3,1,0
CFG_158,H[07-09],4,3,3,1,0
CFG_158,H[10-12],4,3,3,1,0
CFG_158,H[13-15],4,3,3,1,0
CFG_158,H[16-18],4,3,3,1,0
CFG_158,H[19-20],1,0,0,1,0
CFG_158,H[19-21],3,3,3,0,0
CFG_158,I[00-03],4,3,3,1,0
CFG_158,I[04-06],4,3,3,1,0
CFG_158,I[07-09],4,3,3,1,0
CFG_158,I[10-12],4,3,3,1,0
CFG_158,I[13-15],4,3,3,1,0
CFG_158,I[16-18],4,3,3,1,0
CFG_158,I[19-20],1,0,0,1,0
CFG_158,I[19-21],3,3,3,0,0
CFG_158,J[00-03],5,3,3,2,0
CFG_158,J[04-06],4,3,3,1,0
CFG_158,J[07-09],4,3,3,1,0
CFG_158,J[10-12],4,3,3,1,0
CFG_158,J[13-15],4,3,3,1,0
CFG_158,J[16-18],4,3,3,1,0
CFG_158,J[19-20],1,0,0,1,0
CFG_158,J[19-21],3,3,3,0,0
CFG_158,K[00-03],5,3,3,2,0
CFG_158,K[04-06],4,3,3,1,0
CFG_158,K[07-09],5,3,3,2,0
CFG_158,K[10-12],5,3,3,2,0
CFG_158,K[13-15],5,3,3,2,0
CFG_158,K[16-18],5,3,3,2,0
CFG_158,K[19-21],3,3,3,0,0
CFG_159,A[00-03],3,6,3,0,3
CFG_159,A[04-06],3,6,3,0,3
CFG_159,A[07-09],3,6,3,0,3
CFG_159,A[10-12],3,6,3,0,3
CFG_159,A[13-15],3,6,3,0,3
CFG_159,B[00-03],3,7,3,0,4
CFG_159,B[04-06],3,7,3,0,4
CFG_159,B[07-09],3,7,3,0,4
CFG_159,B[10-12],3,7,3,0,4
CFG_159,B[13-15],3,7,3,0,4
CFG_159,B[16-18],3,7,3,0,4
CFG_159,B[19-20],2,0,0,2,0
CFG_159,B[19-21],3,7,3,0,4
CFG_159,D[00-03],5,6,5,0,1
CFG_159,D[04-06],5,6,5,0,1
CFG_159,D[07-09],5,6,5,0,1
CFG_159,D[10-12],5,6,5,0,1
CFG_159,D[13-15],5,6,5,0,1
CFG_159,D[16-18],4,6,4,0,2
CFG_159,D[19-20],1,0,0,1,0
CFG_159,D[19-21],3,6,3,0,3
CFG_159,E[00-03],6,5,5,1,0
CFG_159,E[04-06],6,5,5,1,0
CFG_159,E[07-09],6,5,5,1,0
CFG_159,E[10-12],6,5,5,1,0
CFG_159,E[13-15],6,5,5,1,0
CFG_159,E[16-18],6,5,5,1,0
CFG_159,E[19-20],2,0,0,2,0
CFG_159,E[19-21],4,5,4,0,1
CFG_159,F[00-03],5,4,4,1,0
CFG_159,F[04-06],5,4,4,1,0
CFG_159,F[07-09],6,4,4,2,0
CFG_159,F[10-12],6,4,4,2,0
CFG_159,F[13-15],6,4,4,2,0
CFG_159,F[16-18],6,4,4,2,0
CFG_159,F[19-20],1,0,0,1,0
CFG_159,F[19-21],5,4,4,1,0
CFG_159,G[00-03],5,3,3,2,0
CFG_159,G[04-06],5,3,3,2,0
CFG_159,G[07-09],5,3,3,2,0
CFG_159,G[10-12],5,3,3,2,0
CFG_159,G[13-15],5,3,3,2,0
CFG_159,G[16-18],5,3,3,2,0
CFG_159,G[19-20],1,0,0,1,0
CFG_159,G[19-21],4,3,3,1,0
CFG_159,H[00-03],4,3,3,1,0
CFG_159,H[04-06],4,3,3,1,0
CFG_159,H[07-09],4,3,3,1,0
CFG_159,H[10-12],4,3,3,1,0
CFG_159,H[13-15],4,3,3,1,0
CFG_159,H[16-18],4,3,3,1,0
CFG_159,H[19-20],1,0,0,1,0
CFG_159,H[19-21],3,3,3,0,0
CFG_159,I[00-03],4,3,3,1,0
CFG_159,I[04-06],4,3,3,1,0
CFG_159,I[07-09],4,3,3,1,0
CFG_159,I[10-12],4,3,3,1,0
CFG_159,I[13-15],4,3,3,1,0
CFG_159,I[16-18],4,3,3,1,0
CFG_159,I[19-20],1,0,0,1,0
CFG_159,I[19-21],3,3,3,0,0
CFG_159,J[00-03],5,3,3,2,0
CFG_159,J[04-06],4,3,3,1,0
CFG_159,J[07-09],4,3,3,1,0
CFG_159,J[10-12],4,3,3,1,0
CFG_159,J[13-15],4,3,3,1,0
CFG_159,J[16-18],4,3,3,1,0
CFG_159,J[19-20],1,0,0,1,0
CFG_159,J[19-21],3,3,3,0,0
CFG_159,K[00-03],5,3,3,2,0
CFG_159,K[04-06],4,3,3,1,0
CFG_159,K[07-09],5,3,3,2,0
CFG_159,K[10-12],5,3,3,2,0
CFG_159,K[13-15],5,3,3,2,0
CFG_159,K[16-18],5,3,3,2,0
CFG_159,K[19-21],3,3,3,0,0
CFG_160,A[00-03],3,7,3,0,4
CFG_160,A[04-06],3,7,3,0,4
CFG_160,A[07-09],3,7,3,0,4
CFG_160,A[10-12],3,7,3,0,4
CFG_160,A[13-15],3,7,3,0,4
CFG_160,B[00-03],3,7,3,0,4
CFG_160,B[04-06],3,7,3,0,4
CFG_160,B[07-09],3,7,3,0,4
CFG_160,B[10-12],3,7,3,0,4
CFG_160,B[13-15],3,7,3,0,4
CFG_160,B[16-18],3,7,3,0,4
CFG_160,B[19-20],2,0,0,2,0
CFG_160,B[19-21],3,7,3,0,4
CFG_160,D[00-03],5,6,5,0,1
CFG_160,D[04-06],5,6,5,0,1
CFG_160,D[07-09],5,6,5,0,1
CFG_160,D[10-12],5,6,5,0,1
CFG_160,D[13-15],5,6,5,0,1
CFG_160,D[16-18],4,6,4,0,2
CFG_160,D[19-20],1,0,0,1,0
CFG_160,D[19-21],3,6,3,0,3
CFG_160,E[00-03],6,5,5,1,0
CFG_160,E[04-06],6,5,5,1,0
CFG_160,E[07-09],6,5,5,1,0
CFG_160,E[10-12],6,5,5,1,0
CFG_160,E[13-15],6,5,5,1,0
CFG_160,E[16-18],6,5,5,1,0
CFG_160,E[19-20],2,0,0,2,0
CFG_160,E[19-21],4,5,4,0,1
CFG_160,F[00-03],5,4,4,1,0
CFG_160,F[04-06],5,4,4,1,0
CFG_160,F[07-09],6,4,4,2,0
CFG_160,F[10-12],6,4,4,2,0
CFG_160,F[13-15],6,4,4,2,0
CFG_160,F[16-18],6,4,4,2,0
CFG_160,F[19-20],1,0,0,1,0
CFG_160,F[19-21],5,4,4,1,0
CFG_160,G[00-03],5,3,3,2,0
CFG_160,G[04-06],5,3,3,2,0
CFG_160,G[07-09],5,3,3,2,0
CFG_160,G[10-12],5,3,3,2,0
CFG_160,G[13-15],5,3,3,2,0
CFG_160,G[16-18],5,3,3,2,0
CFG_160,G[19-20],1,0,0,1,0
CFG_160,G[19-21],4,3,3,1,0
CFG_160,H[00-03],4,4,4,0,0
CFG_160,H[04-06],4,4,4,0,0
CFG_160,H[07-09],4,4,4,0,0
CFG_160,H[10-12],4,4,4,0,0
CFG_160,H[13-15],4,4,4,0,0
CFG_160,H[16-18],4,4,4,0,0
CFG_160,H[19-20],1,0,0,1,0
CFG_160,H[19-21],3,4,3,0,1
CFG_160,I[00-03],4,3,3,1,0
CFG_160,I[04-06],4,3,3,1,0
CFG_160,I[07-09],4,3,3,1,0
CFG_160,I[10-12],4,3,3,1,0
CFG_160,I[13-15],4,3,3,1,0
CFG_160,I[16-18],4,3,3,1,0
CFG_160,I[19-20],1,0,0,1,0
CFG_160,I[19-21],3,3,3,0,0
CFG_160,J[00-03],5,3,3,2,0
CFG_160,J[04-06],4,3,3,1,0
CFG_160,J[07-09],4,3,3,1,0
CFG_160,J[10-12],4,3,3,1,0
CFG_160,J[13-15],4,3,3,1,0
CFG_160,J[16-18],4,3,3,1,0
CFG_160,J[19-20],1,0,0,1,0
CFG_160,J[19-21],3,3,3,0,0
CFG_160,K[00-03],5,3,3,2,0
CFG_160,K[04-06],4,3,3,1,0
CFG_160,K[07-09],5,3,3,2,0
CFG_160,K[10-12],5,3,3,2,0
CFG_160,K[13-15],5,3,3,2,0
CFG_160,K[16-18],5,3,3,2,0
CFG_160,K[19-21],3,3,3,0,0
CFG_164,A[00-03],3,3,3,0,0
CFG_164,A[04-06],3,3,3,0,0
CFG_164,A[07-09],3,3,3,0,0
CFG_164,A[10-12],3,3,3,0,0
CFG_164,A[13-15],3,3,3,0,0
CFG_164,B[00-03],3,3,3,0,0
CFG_164,B[04-06],3,3,3,0,0
CFG_164,B[07-09],3,3,3,0,0
CFG_164,B[10-12],3,3,3,0,0
CFG_164,B[13-15],3,3,3,0,0
CFG_164,B[16-18],3,3,3,0,0
CFG_164,B[19-20],2,0,0,2,0
CFG_164,B[19-21],3,3,3,0,0
CFG_164,D[00-03],5,3,3,2,0
CFG_164,D[04-06],5,3,3,2,0
CFG_164,D[07-09],5,3,3,2,0
CFG_164,D[10-12],5,3,3,2,0
CFG_164,D[13-15],5,3,3,2,0
CFG_164,D[16-18],4,3,3,1,0
CFG_164,D[19-20],1,0,0,1,0
CFG_164,D[19-21],3,3,3,0,0
CFG_164,E[00-03],6,3,3,3,0
CFG_164,E[04-06],6,3,3,3,0
CFG_164,E[07-09],6,3,3,3,0
CFG_164,E[10-12],6,3,3,3,0
CFG_164,E[13-15],6,3,3,3,0
CFG_164,E[16-18],6,3,3,3,0
CFG_164,E[19-20],2,0,0,2,0
CFG_164,E[19-21],4,3,3,1,0
CFG_164,F[00-03],5,3,3,2,0
CFG_164,F[04-06],5,3,3,2,0
CFG_164,F[07-09],6,3,3,3,0
CFG_164,F[10-12],6,3,3,3,0
CFG_164,F[13-15],6,3,3,3,0
CFG_164,F[16-18],6,3,3,3,0
CFG_164,F[19-20],1,0,0,1,0
CFG_164,F[19-21],5,3,3,2,0
CFG_164,G[00-03],5,3,3,2,0
CFG_164,G[04-06],5,3,3,2,0
CFG_164,G[07-09],5,3,3,2,0
CFG_164,G[10-12],5,3,3,2,0
CFG_164,G[13-15],5,3,3,2,0
CFG_164,G[16-18],5,3,3,2,0
CFG_164,G[19-20],1,0,0,1,0
CFG_164,G[19-21],4,3,3,1,0
CFG_164,H[00-03],4,3,3,1,0
CFG_164,H[04-06],4,3,3,1,0
CFG_164,H[07-09],4,3,3,1,0
CFG_164,H[10-12],4,3,3,1,0
CFG_164,H[13-15],4,3,3,1,0
CFG_164,H[16-18],4,3,3,1,0
CFG_164,H[19-20],1,0,0,1,0
CFG_164,H[19-21],3,3,3,0,0
CFG_164,I[00-03],4,5,4,0,1
CFG_164,I[04-06],4,5,4,0,1
CFG_164,I[07-09],4,5,4,0,1
CFG_164,I[10-12],4,5,4,0,1
CFG_164,I[13-15],4,5,4,0,1
CFG_164,I[16-18],4,5,4,0,1
CFG_164,I[19-20],1,0,0,1,0
CFG_164,I[19-21],3,5,3,0,2
CFG_164,J[00-03],5,5,5,0,0
CFG_164,J[04-06],4,5,4,0,1
CFG_164,J[07-09],4,5,4,0,1
CFG_164,J[10-12],4,5,4,0,1
CFG_164,J[13-15],4,5,4,0,1
CFG_164,J[16-18],4,5,4,0,1
CFG_164,J[19-20],1,0,0,1,0
CFG_164,J[19-21],3,5,3,0,2
CFG_164,K[00-03],5,5,5,0,0
CFG_164,K[04-06],4,5,4,0,1
CFG_164,K[07-09],5,5,5,0,0
CFG_164,K[10-12],5,5,5,0,0
CFG_164,K[13-15],5,5,5,0,0
CFG_164,K[16-18],5,5,5,0,0
CFG_164,K[19-21],3,5,3,0,2
CFG_165,A[00-03],3,6,3,0,3
CFG_165,A[04-06],3,6,3,0,3
CFG_165,A[07-09],3,6,3,0,3
CFG_165,A[10-12],3,6,3,0,3
CFG_165,A[13-15],3,6,3,0,3
CFG_165,B[00-03],3,7,3,0,4
CFG_165,B[04-06],3,7,3,0,4
CFG_165,B[07-09],3,7,3,0,4
CFG_165,B[10-12],3,7,3,0,4
CFG_165,B[13-15],3,7,3,0,4
CFG_165,B[16-18],3,7,3,0,4
CFG_165,B[19-20],2,0,0,2,0
CFG_165,B[19-21],3,7,3,0,4
CFG_165,D[00-03],5,5,5,0,0
CFG_165,D[04-06],5,5,5,0,0
CFG_165,D[07-09],5,5,5,0,0
CFG_165,D[10-12],5,5,5,0,0
CFG_165,D[13-15],5,5,5,0,0
CFG_165,D[16-18],4,5,4,0,1
CFG_165,D[19-20],1,0,0,1,0
CFG_165,D[19-21],3,5,3,0,2
CFG_165,E[00-03],6,4,4,2,0
CFG_165,E[04-06],6,4,4,2,0
CFG_165,E[07-09],6,4,4,2,0
CFG_165,E[10-12],6,4,4,2,0
CFG_165,E[13-15],6,4,4,2,0
CFG_165,E[16-18],6,4,4,2,0
CFG_165,E[19-20],2,0,0,2,0
CFG_165,E[19-21],4,4,4,0,0
CFG_165,F[00-03],5,3,3,2,0
CFG_165,F[04-06],5,3,3,2,0
CFG_165,F[07-09],6,3,3,3,0
CFG_165,F[10-12],6,3,3,3,0
CFG_165,F[13-15],6,3,3,3,0
CFG_165,F[16-18],6,3,3,3,0
CFG_165,F[19-20],1,0,0,1,0
CFG_165,F[19-21],5,3,3,2,0
CFG_165,G[00-03],5,3,3,2,0
CFG_165,G[04-06],5,3,3,2,0
CFG_165,G[07-09],5,3,3,2,0
CFG_165,G[10-12],5,3,3,2,0
CFG_165,G[13-15],5,3,3,2,0
CFG_165,G[16-18],5,3,3,2,0
CFG_165,G[19-20],1,0,0,1,0
CFG_165,G[19-21],4,3,3,1,0
CFG_165,H[00-03],4,3,3,1,0
CFG_165,H[04-06],4,3,3,1,0
CFG_165,H[07-09],4,3,3,1,0
CFG_165,H[10-12],4,3,3,1,0
CFG_165,H[13-15],4,3,3,1,0
CFG_165,H[16-18],4,3,3,1,0
CFG_165,H[19-20],1,0,0,1,0
CFG_165,H[19-21],3,3,2,0,0
CFG_165,I[00-03],4,3,3,1,0
CFG_165,I[04-06],4,3,3,1,0
CFG_165,I[07-09],4,3,3,1,0
CFG_165,I[10-12],4,3,3,1,0
CFG_165,I[13-15],4,3,3,1,0
CFG_165,I[16-18],4,3,3,1,0
CFG_165,I[19-20],1,0,0,1,0
CFG_165,I[19-21],3,3,3,0,0
CFG_165,J[00-03],5,3,3,2,0
CFG_165,J[04-06],4,3,3,1,0
CFG_165,J[07-09],4,3,3,1,0
CFG_165,J[10-12],4,3,3,1,0
CFG_165,J[13-15],4,3,3,1,0
CFG_165,J[16-18],4,3,3,1,0
CFG_165,J[19-20],1,0,0,1,0
CFG_165,J[19-21],3,3,3,0,0
CFG_165,K[00-03],5,3,3,2,0
CFG_165,K[04-06],4,3,3,1,0
CFG_165,K[07-09],5,3,3,2,0
CFG_165,K[10-12],5,3,3,2,0
CFG_165,K[13-15],5,3,3,2,0
CFG_165,K[16-18],5,3,3,2,0
CFG_165,K[19-21],3,3,3,0,0
CFG_166,A[00-03],3,6,3,0,3
CFG_166,A[04-06],3,6,3,0,3
CFG_166,A[07-09],3,6,3,0,3
CFG_166,A[10-12],3,6,3,0,3
CFG_166,A[13-15],3,6,3,0,3
CFG_166,B[00-03],3,7,3,0,4
CFG_166,B[04-06],3,7,3,0,4
CFG_166,B[07-09],3,7,3,0,4
CFG_166,B[10-12],3,7,3,0,4
CFG_166,B[13-15],3,7,3,0,4
CFG_166,B[16-18],3,7,3,0,4
CFG_166,B[19-20],2,0,0,2,0
CFG_166,B[19-21],3,7,3,0,4
CFG_166,D[00-03],5,5,5,0,0
CFG_166,D[04-06],5,5,5,0,0
CFG_166,D[07-09],5,5,5,0,0
CFG_166,D[10-12],5,5,5,0,0
CFG_166,D[13-15],5,5,5,0,0
CFG_166,D[16-18],4,5,3,0,1
CFG_166,D[19-20],1,0,0,1,0
CFG_166,D[19-21],3,5,3,0,2
CFG_166,E[00-03],6,5,5,1,0
CFG_166,E[04-06],6,5,5,1,0
CFG_166,E[07-09],6,5,5,1,0
CFG_166,E[10-12],6,5,5,1,0
CFG_166,E[13-15],6,5,5,1,0
CFG_166,E[16-18],6,5,5,1,0
CFG_166,E[19-20],2,0,0,2,0
CFG_166,E[19-21],4,5,4,0,1
CFG_166,F[00-03],5,3,3,2,0
CFG_166,F[04-06],5,3,3,2,0
CFG_166,F[07-09],6,3,3,3,0
CFG_166,F[10-12],6,3,3,3,0
CFG_166,F[13-15],6,3,3,3,0
CFG_166,F[16-18],6,3,3,3,0
CFG_166,F[19-20],1,0,0,1,0
CFG_166,F[19-21],5,3,3,2,0
CFG_166,G[00-03],5,3,3,2,0
CFG_166,G[04-06],5,3,3,2,0
CFG_166,G[07-09],5,3,3,2,0
CFG_166,G[10-12],5,3,3,2,0
CFG_166,G[13-15],5,3,3,2,0
CFG_166,G[16-18],5,3,3,2,0
CFG_166,G[19-20],1,0,0,1,0
CFG_166,G[19-21],4,3,3,1,0
CFG_166,H[00-03],4,3,3,1,0
CFG_166,H[04-06],4,3,3,1,0
CFG_166,H[07-09],4,3,3,1,0
CFG_166,H[10-12],4,3,3,1,0
CFG_166,H[13-15],4,3,3,1,0
CFG_166,H[16-18],4,3,3,1,0
CFG_166,H[19-20],1,0,0,1,0
CFG_166,H[19-21],3,3,1,0,0
CFG_166,I[00-03],4,3,3,1,0
CFG_166,I[04-06],4,3,3,1,0
CFG_166,I[07-09],4,3,3,1,0
CFG_166,I[10-12],4,3,3,1,0
CFG_166,I[13-15],4,3,3,1,0
CFG_166,I[16-18],4,3,3,1,0
CFG_166,I[19-20],1,0,0,1,0
CFG_166,I[19-21],3,3,3,0,0
CFG_166,J[00-03],5,3,3,2,0
CFG_166,J[04-06],4,3,3,1,0
CFG_166,J[07-09],4,3,3,1,0
CFG_166,J[10-12],4,3,3,1,0
CFG_166,J[13-15],4,3,3,1,0
CFG_166,J[16-18],4,3,3,1,0
CFG_166,J[19-20],1,0,0,1,0
CFG_166,J[19-21],3,3,3,0,0
CFG_166,K[00-03],5,3,3,2,0
CFG_166,K[04-06],4,3,3,1,0
CFG_166,K[07-09],5,3,3,2,0
CFG_166,K[10-12],5,3,3,2,0
CFG_166,K[13-15],5,3,3,2,0
CFG_166,K[16-18],5,3,3,2,0
CFG_166,K[19-21],3,3,3,0,0
CFG_167,A[00-03],3,5,3,0,2
CFG_167,A[04-06],3,5,3,0,2
CFG_167,A[07-09],3,5,3,0,2
CFG_167,A[10-12],3,5,3,0,2
CFG_167,A[13-15],3,5,3,0,2
CFG_167,B[00-03],3,7,3,0,4
CFG_167,B[04-06],3,7,3,0,4
CFG_167,B[07-09],3,7,3,0,4
CFG_167,B[10-12],3,7,3,0,4
CFG_167,B[13-15],3,7,3,0,4
CFG_167,B[16-18],3,7,3,0,4
CFG_167,B[19-20],2,0,0,2,0
CFG_167,B[19-21],3,7,3,0,4
CFG_167,D[00-03],5,5,5,0,0
CFG_167,D[04-06],5,5,5,0,0
CFG_167,D[07-09],5,5,5,0,0
CFG_167,D[10-12],5,5,5,0,0
CFG_167,D[13-15],5,5,5,0,0
CFG_167,D[16-18],4,5,4,0,1
CFG_167,D[19-20],1,0,0,1,0
CFG_167,D[19-21],3,5,3,0,2
CFG_167,E[00-03],6,4,4,2,0
CFG_167,E[04-06],6,4,4,2,0
CFG_167,E[07-09],6,4,4,2,0
CFG_167,E[10-12],6,4,4,2,0
CFG_167,E[13-15],6,4,4,2,0
CFG_167,E[16-18],6,4,4,2,0
CFG_167,E[19-20],2,0,0,2,0
CFG_167,E[19-21],4,4,4,0,0
CFG_167,F[00-03],5,4,4,1,0
CFG_167,F[04-06],5,4,4,1,0
CFG_167,F[07-09],6,4,4,2,0
CFG_167,F[10-12],6,4,4,2,0
CFG_167,F[13-15],6,4,4,2,0
CFG_167,F[16-18],6,4,4,2,0
CFG_167,F[19-20],1,0,0,1,0
CFG_167,F[19-21],5,4,4,1,0
CFG_167,G[00-03],5,3,3,2,0
CFG_167,G[04-06],5,3,3,2,0
CFG_167,G[07-09],5,3,3,2,0
CFG_167,G[10-12],5,3,3,2,0
CFG_167,G[13-15],5,3,3,2,0
CFG_167,G[16-18],5,3,3,2,0
CFG_167,G[19-20],1,0,0,1,0
CFG_167,G[19-21],4,3,3,1,0
CFG_167,H[00-03],4,3,3,1,0
CFG_167,H[04-06],4,3,3,1,0
CFG_167,H[07-09],4,3,3,1,0
CFG_167,H[10-12],4,3,3,1,0
CFG_167,H[13-15],4,3,3,1,0
CFG_167,H[16-18],4,3,3,1,0
CFG_167,H[19-20],1,0,0,1,0
CFG_167,H[19-21],3,3,3,0,0
CFG_167,I[00-03],4,3,3,1,0
CFG_167,I[04-06],4,3,3,1,0
CFG_167,I[07-09],4,3,3,1,0
CFG_167,I[10-12],4,3,3,1,0
CFG_167,I[13-15],4,3,3,1,0
CFG_167,I[16-18],4,3,3,1,0
CFG_167,I[19-20],1,0,0,1,0
CFG_167,I[19-21],3,3,3,0,0
CFG_167,J[00-03],5,3,3,2,0
CFG_167,J[04-06],4,3,3,1,0
CFG_167,J[07-09],4,3,3,1,0
CFG_167,J[10-12],4,3,3,1,0
CFG_167,J[13-15],4,3,3,1,0
CFG_167,J[16-18],4,3,3,1,0
CFG_167,J[19-20],1,0,0,1,0
CFG_167,J[19-21],3,3,3,0,0
CFG_167,K[00-03],5,3,3,2,0
CFG_167,K[04-06],4,3,3,1,0
CFG_167,K[07-09],5,3,3,2,0
CFG_167,K[10-12],5,3,3,2,0
CFG_167,K[13-15],5,3,3,2,0
CFG_167,K[16-18],5,3,3,2,0
CFG_167,K[19-21],3,3,3,0,0
CFG_168,A[00-03],3,6,3,0,3
CFG_168,A[04-06],3,6,3,0,3
CFG_168,A[07-09],3,6,3,0,3
CFG_168,A[10-12],3,6,3,0,3
CFG_168,A[13-15],3,6,3,0,3
CFG_168,B[00-03],3,7,3,0,4
CFG_168,B[04-06],3,7,3,0,4
CFG_168,B[07-09],3,7,3,0,4
CFG_168,B[10-12],3,7,3,0,4
CFG_168,B[13-15],3,7,3,0,4
CFG_168,B[16-18],3,7,3,0,4
CFG_168,B[19-20],2,0,0,2,0
CFG_168,B[19-21],3,7,3,0,4
CFG_168,D[00-03],5,5,5,0,0
CFG_168,D[04-06],5,5,5,0,0
CFG_168,D[07-09],5,5,5,0,0
CFG_168,D[10-12],5,5,5,0,0
CFG_168,D[13-15],5,5,5,0,0
CFG_168,D[16-18],4,5,4,0,1
CFG_168,D[19-20],1,0,0,1,0
CFG_168,D[19-21],3,5,3,0,2
CFG_168,E[00-03],6,4,4,2,0
CFG_168,E[04-06],6,4,4,2,0
CFG_168,E[07-09],6,4,4,2,0
CFG_168,E[10-12],6,4,4,2,0
CFG_168,E[13-15],6,4,4,2,0
CFG_168,E[16-18],6,4,4,2,0
CFG_168,E[19-20],2,0,0,2,0
CFG_168,E[19-21],4,4,4,0,0
CFG_168,F[00-03],5,4,4,1,0
CFG_168,F[04-06],5,4,4,1,0
CFG_168,F[07-09],6,4,4,2,0
CFG_168,F[10-12],6,4,4,2,0
CFG_168,F[13-15],6,4,4,2,0
CFG_168,F[16-18],6,4,4,2,0
CFG_168,F[19-20],1,0,0,1,0
CFG_168,F[19-21],5,4,4,1,0
CFG_168,G[00-03],5,3,3,2,0
CFG_168,G[04-06],5,3,3,2,0
CFG_168,G[07-09],5,3,3,2,0
CFG_168,G[10-12],5,3,3,2,0
CFG_168,G[13-15],5,3,3,2,0
CFG_168,G[16-18],5,3,3,2,0
CFG_168,G[19-20],1,0,0,1,0
CFG_168,G[19-21],4,3,3,1,0
CFG_168,H[00-03],4,3,3,1,0
CFG_168,H[04-06],4,3,3,1,0
CFG_168,H[07-09],4,3,3,1,0
CFG_168,H[10-12],4,3,3,1,0
CFG_168,H[13-15],4,3,3,1,0
CFG_168,H[16-18],4,3,3,1,0
CFG_168,H[19-20],1,0,0,1,0
CFG_168,H[19-21],3,3,3,0,0
CFG_168,I[00-03],4,3,3,1,0
CFG_168,I[04-06],4,3,3,1,0
CFG_168,I[07-09],4,3,3,1,0
CFG_168,I[10-12],4,3,3,1,0
CFG_168,I[13-15],4,3,3,1,0
CFG_168,I[16-18],4,3,3,1,0
CFG_168,I[19-20],1,0,0,1,0
CFG_168,I[19-21],3,3,3,0,0
CFG_168,J[00-03],5,3,3,2,0
CFG_168,J[04-06],4,3,3,1,0
CFG_168,J[07-09],4,3,3,1,0
CFG_168,J[10-12],4,3,3,1,0
CFG_168,J[13-15],4,3,3,1,0
CFG_168,J[16-18],4,3,3,1,0
CFG_168,J[19-20],1,0,0,1,0
CFG_168,J[19-21],3,3,3,0,0
CFG_168,K[00-03],5,3,3,2,0
CFG_168,K[04-06],4,3,3,1,0
CFG_168,K[07-09],5,3,3,2,0
CFG_168,K[10-12],5,3,3,2,0
CFG_168,K[13-15],5,3,3,2,0
CFG_168,K[16-18],5,3,3,2,0
CFG_168,K[19-21],3,3,3,0,0
CFG_169,A[00-03],3,6,3,0,3
CFG_169,A[04-06],3,6,3,0,3
CFG_169,A[07-09],3,6,3,0,3
CFG_169,A[10-12],3,6,3,0,3
CFG_169,A[13-15],3,6,3,0,3
CFG_169,B[00-03],3,7,3,0,4
CFG_169,B[04-06],3,7,3,0,4
CFG_169,B[07-09],3,7,3,0,4
CFG_169,B[10-12],3,7,3,0,4
CFG_169,B[13-15],3,7,3,0,4
CFG_169,B[16-18],3,7,3,0,4
CFG_169,B[19-20],2,0,0,2,0
CFG_169,B[19-21],3,7,3,0,4
CFG_169,D[00-03],5,6,5,0,1
CFG_169,D[04-06],5,6,5,0,1
CFG_169,D[07-09],5,6,5,0,1
CFG_169,D[10-12],5,6,5,0,1
CFG_169,D[13-15],5,6,5,0,1
CFG_169,D[16-18],4,6,4,0,2
CFG_169,D[19-20],1,0,0,1,0
CFG_169,D[19-21],3,6,3,0,3
CFG_169,E[00-03],6,4,4,2,0
CFG_169,E[04-06],6,4,4,2,0
CFG_169,E[07-09],6,4,4,2,0
CFG_169,E[10-12],6,4,4,2,0
CFG_169,E[13-15],6,4,4,2,0
CFG_169,E[16-18],6,4,4,2,0
CFG_169,E[19-20],2,0,0,2,0
CFG_169,E[19-21],4,4,4,0,0
CFG_169,F[00-03],5,3,3,2,0
CFG_169,F[04-06],5,3,3,2,0
CFG_169,F[07-09],6,3,3,3,0
CFG_169,F[10-12],6,3,3,3,0
CFG_169,F[13-15],6,3,3,3,0
CFG_169,F[16-18],6,3,3,3,0
CFG_169,F[19-20],1,0,0,1,0
CFG_169,F[19-21],5,3,3,2,0
CFG_169,G[00-03],5,3,3,2,0
CFG_169,G[04-06],5,3,3,2,0
CFG_169,G[07-09],5,3,3,2,0
CFG_169,G[10-12],5,3,3,2,0
CFG_169,G[13-15],5,3,3,2,0
CFG_169,G[16-18],5,3,3,2,0
CFG_169,G[19-20],1,0,0,1,0
CFG_169,G[19-21],4,3,3,1,0
CFG_169,H[00-03],4,3,3,1,0
CFG_169,H[04-06],4,3,3,1,0
CFG_169,H[07-09],4,3,3,1,0
CFG_169,H[10-12],4,3,3,1,0
CFG_169,H[13-15],4,3,3,1,0
CFG_169,H[16-18],4,3,3,1,0
CFG_169,H[19-20],1,0,0,1,0
CFG_169,H[19-21],3,3,2,0,0
CFG_169,I[00-03],4,3,3,1,0
CFG_169,I[04-06],4,3,3,1,0
CFG_169,I[07-09],4,3,3,1,0
CFG_169,I[10-12],4,3,3,1,0
CFG_169,I[13-15],4,3,3,1,0
CFG_169,I[16-18],4,3,3,1,0
CFG_169,I[19-20],1,0,0,1,0
CFG_169,I[19-21],3,3,2,0,0
CFG_169,J[00-03],5,3,3,2,0
CFG_169,J[04-06],4,3,3,1,0
CFG_169,J[07-09],4,3,3,1,0
CFG_169,J[10-12],4,3,3,1,0
CFG_169,J[13-15],4,3,3,1,0
CFG_169,J[16-18],4,3,3,1,0
CFG_169,J[19-20],1,0,0,1,0
CFG_169,J[19-21],3,3,3,0,0
CFG_169,K[00-03],5,3,3,2,0
CFG_169,K[04-06],4,3,3,1,0
CFG_169,K[07-09],5,3,3,2,0
CFG_169,K[10-12],5,3,3,2,0
CFG_169,K[13-15],5,3,3,2,0
CFG_169,K[16-18],5,3,3,2,0
CFG_169,K[19-21],3,3,3,0,0
CFG_170,A[00-03],3,6,3,0,3
CFG_170,A[04-06],3,6,3,0,3
CFG_170,A[07-09],3,6,3,0,3
CFG_170,A[10-12],3,6,3,0,3
CFG_170,A[13-15],3,6,3,0,3
CFG_170,B[00-03],3,6,3,0,3
CFG_170,B[04-06],3,6,3,0,3
CFG_170,B[07-09],3,6,3,0,3
CFG_170,B[10-12],3,6,3,0,3
CFG_170,B[13-15],3,6,3,0,3
CFG_170,B[16-18],3,6,3,0,3
CFG_170,B[19-20],2,0,0,2,0
CFG_170,B[19-21],3,6,3,0,3
CFG_170,D[00-03],5,7,5,0,2
CFG_170,D[04-06],5,7,5,0,2
CFG_170,D[07-09],5,7,5,0,2
CFG_170,D[10-12],5,7,5,0,2
CFG_170,D[13-15],5,7,5,0,2
CFG_170,D[16-18],4,7,4,0,3
CFG_170,D[19-20],1,0,0,1,0
CFG_170,D[19-21],3,7,3,0,4
CFG_170,E[00-03],6,4,4,2,0
CFG_170,E[04-06],6,4,4,2,0
CFG_170,E[07-09],6,4,4,2,0
CFG_170,E[10-12],6,4,4,2,0
CFG_170,E[13-15],6,4,4,2,0
CFG_170,E[16-18],6,4,4,2,0
CFG_170,E[19-20],2,0,0,2,0
CFG_170,E[19-21],4,4,4,0,0
CFG_170,F[00-03],5,4,4,1,0
CFG_170,F[04-06],5,4,4,1,0
CFG_170,F[07-09],6,4,4,2,0
CFG_170,F[10-12],6,4,4,2,0
CFG_170,F[13-15],6,4,4,2,0
CFG_170,F[16-18],6,4,4,2,0
CFG_170,F[19-20],1,0,0,1,0
CFG_170,F[19-21],5,4,4,1,0
CFG_170,G[00-03],5,3,3,2,0
CFG_170,G[04-06],5,3,3,2,0
CFG_170,G[07-09],5,3,3,2,0
CFG_170,G[10-12],5,3,3,2,0
CFG_170,G[13-15],5,3,3,2,0
CFG_170,G[16-18],5,3,3,2,0
CFG_170,G[19-20],1,0,0,1,0
CFG_170,G[19-21],4,3,3,1,0
CFG_170,H[00-03],4,3,3,1,0
CFG_170,H[04-06],4,3,3,1,0
CFG_170,H[07-09],4,3,3,1,0
CFG_170,H[10-12],4,3,3,1,0
CFG_170,H[13-15],4,3,3,1,0
CFG_170,H[16-18],4,3,3,1,0
CFG_170,H[19-20],1,0,0,1,0
CFG_170,H[19-21],3,3,2,0,0
CFG_170,I[00-03],4,3,3,1,0
CFG_170,I[04-06],4,3,3,1,0
CFG_170,I[07-09],4,3,3,1,0
CFG_170,I[10-12],4,3,3,1,0
CFG_170,I[13-15],4,3,3,1,0
CFG_170,I[16-18],4,3,3,1,0
CFG_170,I[19-20],1,0,0,1,0
CFG_170,I[19-21],3,3,3,0,0
CFG_170,J[00-03],5,3,3,2,0
CFG_170,J[04-06],4,3,3,1,0
CFG_170,J[07-09],4,3,3,1,0
CFG_170,J[10-12],4,3,3,1,0
CFG_170,J[13-15],4,3,3,1,0
CFG_170,J[16-18],4,3,3,1,0
CFG_170,J[19-20],1,0,0,1,0
CFG_170,J[19-21],3,3,3,0,0
CFG_170,K[00-03],5,3,3,2,0
CFG_170,K[04-06],4,3,3,1,0
CFG_170,K[07-09],5,3,3,2,0
CFG_170,K[10-12],5,3,3,2,0
CFG_170,K[13-15],5,3,3,2,0
CFG_170,K[16-18],5,3,3,2,0
CFG_170,K[19-21],3,3,3,0,0
CFG_174,A[00-03],3,3,3,0,0
CFG_174,A[04-06],3,3,3,0,0
CFG_174,A[07-09],3,3,3,0,0
CFG_174,A[10-12],3,3,3,0,0
CFG_174,A[13-15],3,3,3,0,0
CFG_174,B[00-03],3,3,3,0,0
CFG_174,B[04-06],3,3,3,0,0
CFG_174,B[07-09],3,3,3,0,0
CFG_174,B[10-12],3,3,3,0,0
CFG_174,B[13-15],3,3,3,0,0
CFG_174,B[16-18],3,3,3,0,0
CFG_174,B[19-20],2,0,0,2,0
CFG_174,B[19-21],3,3,3,0,0
CFG_174,D[00-03],5,3,3,2,0
CFG_174,D[04-06],5,3,3,2,0
CFG_174,D[07-09],5,3,3,2,0
CFG_174,D[10-12],5,3,3,2,0
CFG_174,D[13-15],5,3,3,2,0
CFG_174,D[16-18],4,3,3,1,0
CFG_174,D[19-20],1,0,0,1,0
CFG_174,D[19-21],3,3,3,0,0
CFG_174,E[00-03],6,3,3,3,0
CFG_174,E[04-06],6,3,3,3,0
CFG_174,E[07-09],6,3,3,3,0
CFG_174,E[10-12],6,3,3,3,0
CFG_174,E[13-15],6,3,3,3,0
CFG_174,E[16-18],6,3,3,3,0
CFG_174,E[19-20],2,0,0,2,0
CFG_174,E[19-21],4,3,3,1,0
CFG_174,F[00-03],5,3,3,2,0
CFG_174,F[04-06],5,3,3,2,0
CFG_174,F[07-09],6,3,3,3,0
CFG_174,F[10-12],6,3,3,3,0
CFG_174,F[13-15],6,3,3,3,0
CFG_174,F[16-18],6,3,3,3,0
CFG_174,F[19-20],1,0,0,1,0
CFG_174,F[19-21],5,3,3,2,0
CFG_174,G[00-03],5,3,3,2,0
CFG_174,G[04-06],5,3,3,2,0
CFG_174,G[07-09],5,3,3,2,0
CFG_174,G[10-12],5,3,3,2,0
CFG_174,G[13-15],5,3,3,2,0
CFG_174,G[16-18],5,3,3,2,0
CFG_174,G[19-20],1,0,0,1,0
CFG_174,G[19-21],4,3,3,1,0
CFG_174,H[00-03],4,3,3,1,0
CFG_174,H[04-06],4,3,3,1,0
CFG_174,H[07-09],4,3,3,1,0
CFG_174,H[10-12],4,3,3,1,0
CFG_174,H[13-15],4,3,3,1,0
CFG_174,H[16-18],4,3,3,1,0
CFG_174,H[19-20],1,0,0,1,0
CFG_174,H[19-21],3,3,3,0,0
CFG_174,I[00-03],4,3,3,1,0
CFG_174,I[04-06],4,3,3,1,0
CFG_174,I[07-09],4,3,3,1,0
CFG_174,I[10-12],4,3,3,1,0
CFG_174,I[13-15],4,3,3,1,0
CFG_174,I[16-18],4,3,3,1,0
CFG_174,I[19-20],1,0,0,1,0
CFG_174,I[19-21],3,3,3,0,0
CFG_174,J[00-03],5,6,5,0,1
CFG_174,J[04-06],4,6,4,0,2
CFG_174,J[07-09],4,6,4,0,2
CFG_174,J[10-12],4,6,4,0,2
CFG_174,J[13-15],4,6,4,0,2
CFG_174,J[16-18],4,6,4,0,2
CFG_174,J[19-20],1,0,0,1,0
CFG_174,J[19-21],3,6,3,0,3
CFG_174,K[00-03],5,7,5,0,2
CFG_174,K[04-06],4,7,4,0,3
CFG_174,K[07-09],5,7,5,0,2
CFG_174,K[10-12],5,7,5,0,2
CFG_174,K[13-15],5,7,5,0,2
CFG_174,K[16-18],5,7,5,0,2
CFG_174,K[19-21],3,7,3,0,4
CFG_175,A[00-03],3,5,3,0,2
CFG_175,A[04-06],3,5,3,0,2
CFG_175,A[07-09],3,5,3,0,2
CFG_175,A[10-12],3,5,3,0,2
CFG_175,A[13-15],3,5,3,0,2
CFG_175,B[00-03],3,7,3,0,4
CFG_175,B[04-06],3,7,3,0,4
CFG_175,B[07-09],3,7,3,0,4
CFG_175,B[10-12],3,7,3,0,4
CFG_175,B[13-15],3,7,3,0,4
CFG_175,B[16-18],3,7,3,0,4
CFG_175,B[19-20],2,0,0,2,0
CFG_175,B[19-21],3,7,3,0,4
CFG_175,D[00-03],5,4,4,1,0
CFG_175,D[04-06],5,4,4,1,0
CFG_175,D[07-09],5,4,4,1,0
CFG_175,D[10-12],5,4,4,1,0
CFG_175,D[13-15],5,4,4,1,0
CFG_175,D[16-18],4,4,4,0,0
CFG_175,D[19-20],1,0,0,1,0
CFG_175,D[19-21],3,4,3,0,1
CFG_175,E[00-03],6,3,3,3,0
CFG_175,E[04-06],6,3,3,3,0
CFG_175,E[07-09],6,3,3,3,0
CFG_175,E[10-12],6,3,3,3,0
CFG_175,E[13-15],6,3,3,3,0
CFG_175,E[16-18],6,3,3,3,0
CFG_175,E[19-20],2,0,0,2,0
CFG_175,E[19-21],4,3,3,1,0
CFG_175,F[00-03],5,3,3,2,0
CFG_175,F[04-06],5,3,3,2,0
CFG_175,F[07-09],6,3,3,3,0
CFG_175,F[10-12],6,3,3,3,0
CFG_175,F[13-15],6,3,3,3,0
CFG_175,F[16-18],6,3,3,3,0
CFG_175,F[19-20],1,0,0,1,0
CFG_175,F[19-21],5,3,3,2,0
CFG_175,G[00-03],5,3,3,2,0
CFG_175,G[04-06],5,3,3,2,0
CFG_175,G[07-09],5,3,3,2,0
CFG_175,G[10-12],5,3,3,2,0
CFG_175,G[13-15],5,3,3,2,0
CFG_175,G[16-18],5,3,3,2,0
CFG_175,G[19-20],1,0,0,1,0
CFG_175,G[19-21],4,3,3,1,0
CFG_175,H[00-03],4,3,3,1,0
CFG_175,H[04-06],4,3,3,1,0
CFG_175,H[07-09],4,3,3,1,0
CFG_175,H[10-12],4,3,3,1,0
CFG_175,H[13-15],4,3,3,1,0
CFG_175,H[16-18],4,3,3,1,0
CFG_175,H[19-20],1,0,0,1,0
CFG_175,H[19-21],3,3,2,0,0
CFG_175,I[00-03],4,3,3,1,0
CFG_175,I[04-06],4,3,3,1,0
CFG_175,I[07-09],4,3,3,1,0
CFG_175,I[10-12],4,3,3,1,0
CFG_175,I[13-15],4,3,3,1,0
CFG_175,I[16-18],4,3,3,1,0
CFG_175,I[19-20],1,0,0,1,0
CFG_175,I[19-21],3,3,2,0,0
CFG_175,J[00-03],5,3,3,2,0
CFG_175,J[04-06],4,3,3,1,0
CFG_175,J[07-09],4,3,3,1,0
CFG_175,J[10-12],4,3,3,1,0
CFG_175,J[13-15],4,3,3,1,0
CFG_175,J[16-18],4,3,3,1,0
CFG_175,J[19-20],1,0,0,1,0
CFG_175,J[19-21],3,3,3,0,0
CFG_175,K[00-03],5,3,3,2,0
CFG_175,K[04-06],4,3,3,1,0
CFG_175,K[07-09],5,3,3,2,0
CFG_175,K[10-12],5,3,3,2,0
CFG_175,K[13-15],5,3,3,2,0
CFG_175,K[16-18],5,3,3,2,0
CFG_175,K[19-21],3,3,3,0,0
CFG_176,A[00-03],3,7,3,0,4
CFG_176,A[04-06],3,7,3,0,4
CFG_176,A[07-09],3,7,3,0,4
CFG_176,A[10-12],3,7,3,0,4
CFG_176,A[13-15],3,7,3,0,4
CFG_176,B[00-03],3,6,3,0,3
CFG_176,B[04-06],3,6,3,0,3
CFG_176,B[07-09],3,6,3,0,3
CFG_176,B[10-12],3,6,3,0,3
CFG_176,B[13-15],3,6,3,0,3
CFG_176,B[16-18],3,6,3,0,3
CFG_176,B[19-20],2,0,0,2,0
CFG_176,B[19-21],3,6,3,0,3
CFG_176,D[00-03],5,5,5,0,0
CFG_176,D[04-06],5,5,5,0,0
CFG_176,D[07-09],5,5,5,0,0
CFG_176,D[10-12],5,5,5,0,0
CFG_176,D[13-15],5,5,5,0,0
CFG_176,D[16-18],4,5,4,0,1
CFG_176,D[19-20],1,0,0,1,0
CFG_176,D[19-21],3,5,3,0,2
CFG_176,E[00-03],6,3,3,3,0
CFG_176,E[04-06],6,3,3,3,0
CFG_176,E[07-09],6,3,3,3,0
CFG_176,E[10-12],6,3,3,3,0
CFG_176,E[13-15],6,3,3,3,0
CFG_176,E[16-18],6,3,3,3,0
CFG_176,E[19-20],2,0,0,2,0
CFG_176,E[19-21],4,3,3,1,0
CFG_176,F[00-03],5,4,4,1,0
CFG_176,F[04-06],5,4,4,1,0
CFG_176,F[07-09],6,4,4,2,0
CFG_176,F[10-12],6,4,4,2,0
CFG_176,F[13-15],6,4,4,2,0
CFG_176,F[16-18],6,4,4,2,0
CFG_176,F[19-20],1,0,0,1,0
CFG_176,F[19-21],5,4,4,1,0
CFG_176,G[00-03],5,3,3,2,0
CFG_176,G[04-06],5,3,3,2,0
CFG_176,G[07-09],5,3,3,2,0
CFG_176,G[10-12],5,3,3,2,0
CFG_176,G[13-15],5,3,3,2,0
CFG_176,G[16-18],5,3,3,2,0
CFG_176,G[19-20],1,0,0,1,0
CFG_176,G[19-21],4,3,3,1,0
CFG_176,H[00-03],4,3,3,1,0
CFG_176,H[04-06],4,3,3,1,0
CFG_176,H[07-09],4,3,3,1,0
CFG_176,H[10-12],4,3,3,1,0
CFG_176,H[13-15],4,3,3,1,0
CFG_176,H[16-18],4,3,3,1,0
CFG_176,H[19-20],1,0,0,1,0
CFG_176,H[19-21],3,3,3,0,0
CFG_176,I[00-03],4,3,3,1,0
CFG_176,I[04-06],4,3,3,1,0
CFG_176,I[07-09],4,3,3,1,0
CFG_176,I[10-12],4,3,3,1,0
CFG_176,I[13-15],4,3,3,1,0
CFG_176,I[16-18],4,3,3,1,0
CFG_176,I[19-20],1,0,0,1,0
CFG_176,I[19-21],3,3,3,0,0
CFG_176,J[00-03],5,3,3,2,0
CFG_176,J[04-06],4,3,3,1,0
CFG_176,J[07-09],4,3,3,1,0
CFG_176,J[10-12],4,3,3,1,0
CFG_176,J[13-15],4,3,3,1,0
CFG_176,J[16-18],4,3,3,1,0
CFG_176,J[19-20],1,0,0,1,0
CFG_176,J[19-21],3,3,3,0,0
CFG_176,K[00-03],5,3,3,2,0
CFG_176,K[04-06],4,3,3,1,0
CFG_176,K[07-09],5,3,3,2,0
CFG_176,K[10-12],5,3,3,2,0
CFG_176,K[13-15],5,3,3,2,0
CFG_176,K[16-18],5,3,3,2,0
CFG_176,K[19-21],3,3,3,0,0
CFG_177,A[00-03],3,5,3,0,2
CFG_177,A[04-06],3,5,3,0,2
CFG_177,A[07-09],3,5,3,0,2
CFG_177,A[10-12],3,5,3,0,2
CFG_177,A[13-15],3,5,3,0,2
CFG_177,B[00-03],3,8,3,0,5
CFG_177,B[04-06],3,8,3,0,5
CFG_177,B[07-09],3,8,3,0,5
CFG_177,B[10-12],3,8,3,0,5
CFG_177,B[13-15],3,8,3,0,5
CFG_177,B[16-18],3,8,3,0,5
CFG_177,B[19-20],2,0,0,2,0
CFG_177,B[19-21],3,8,3,0,5
CFG_177,D[00-03],5,5,5,0,0
CFG_177,D[04-06],5,5,5,0,0
CFG_177,D[07-09],5,5,5,0,0
CFG_177,D[10-12],5,5,5,0,0
CFG_177,D[13-15],5,5,5,0,0
CFG_177,D[16-18],4,5,4,0,1
CFG_177,D[19-20],1,0,0,1,0
CFG_177,D[19-21],3,5,3,0,2
CFG_177,E[00-03],6,4,4,2,0
CFG_177,E[04-06],6,4,4,2,0
CFG_177,E[07-09],6,4,4,2,0
CFG_177,E[10-12],6,4,4,2,0
CFG_177,E[13-15],6,4,4,2,0
CFG_177,E[16-18],6,4,4,2,0
CFG_177,E[19-20],2,0,0,2,0
CFG_177,E[19-21],4,4,4,0,0
CFG_177,F[00-03],5,4,4,1,0
CFG_177,F[04-06],5,4,4,1,0
CFG_177,F[07-09],6,4,4,2,0
CFG_177,F[10-12],6,4,4,2,0
CFG_177,F[13-15],6,4,4,2,0
CFG_177,F[16-18],6,4,4,2,0
CFG_177,F[19-20],1,0,0,1,0
CFG_177,F[19-21],5,4,4,1,0
CFG_177,G[00-03],5,3,3,2,0
CFG_177,G[04-06],5,3,3,2,0
CFG_177,G[07-09],5,3,3,2,0
CFG_177,G[10-12],5,3,3,2,0
CFG_177,G[13-15],5,3,3,2,0
CFG_177,G[16-18],5,3,3,2,0
CFG_177,G[19-20],1,0,0,1,0
CFG_177,G[19-21],4,3,3,1,0
CFG_177,H[00-03],4,3,3,1,0
CFG_177,H[04-06],4,3,3,1,0
CFG_177,H[07-09],4,3,3,1,0
CFG_177,H[10-12],4,3,3,1,0
CFG_177,H[13-15],4,3,3,1,0
CFG_177,H[16-18],4,3,3,1,0
CFG_177,H[19-20],1,0,0,1,0
CFG_177,H[19-21],3,3,3,0,0
CFG_177,I[00-03],4,3,3,1,0
CFG_177,I[04-06],4,3,3,1,0
CFG_177,I[07-09],4,3,3,1,0
CFG_177,I[10-12],4,3,3,1,0
CFG_177,I[13-15],4,3,3,1,0
CFG_177,I[16-18],4,3,3,1,0
CFG_177,I[19-20],1,0,0,1,0
CFG_177,I[19-21],3,3,3,0,0
CFG_177,J[00-03],5,3,3,2,0
CFG_177,J[04-06],4,3,3,1,0
CFG_177,J[07-09],4,3,3,1,0
CFG_177,J[10-12],4,3,3,1,0
CFG_177,J[13-15],4,3,3,1,0
CFG_177,J[16-18],4,3,3,1,0
CFG_177,J[19-20],1,0,0,1,0
CFG_177,J[19-21],3,3,3,0,0
CFG_177,K[00-03],5,3,3,2,0
CFG_177,K[04-06],4,3,3,1,0
CFG_177,K[07-09],5,3,3,2,0
CFG_177,K[10-12],5,3,3,2,0
CFG_177,K[13-15],5,3,3,2,0
CFG_177,K[16-18],5,3,3,2,0
CFG_177,K[19-21],3,3,3,0,0
CFG_178,A[00-03],3,6,3,0,3
CFG_178,A[04-06],3,6,3,0,3
CFG_178,A[07-09],3,6,3,0,3
CFG_178,A[10-12],3,6,3,0,3
CFG_178,A[13-15],3,6,3,0,3
CFG_178,B[00-03],3,5,3,0,2
CFG_178,B[04-06],3,5,3,0,2
CFG_178,B[07-09],3,5,3,0,2
CFG_178,B[10-12],3,5,3,0,2
CFG_178,B[13-15],3,5,3,0,2
CFG_178,B[16-18],3,5,3,0,2
CFG_178,B[19-20],2,0,0,2,0
CFG_178,B[19-21],3,5,3,0,2
CFG_178,D[00-03],5,7,5,0,2
CFG_178,D[04-06],5,7,5,0,2
CFG_178,D[07-09],5,7,5,0,2
CFG_178,D[10-12],5,7,5,0,2
CFG_178,D[13-15],5,7,5,0,2
CFG_178,D[16-18],4,7,4,0,3
CFG_178,D[19-20],1,0,0,1,0
CFG_178,D[19-21],3,7,3,0,4
CFG_178,E[00-03],6,4,4,2,0
CFG_178,E[04-06],6,4,4,2,0
CFG_178,E[07-09],6,4,4,2,0
CFG_178,E[10-12],6,4,4,2,0
CFG_178,E[13-15],6,4,4,2,0
CFG_178,E[16-18],6,4,4,2,0
CFG_178,E[19-20],2,0,0,2,0
CFG_178,E[19-21],4,4,4,0,0
CFG_178,F[00-03],5,4,4,1,0
CFG_178,F[04-06],5,4,4,1,0
CFG_178,F[07-09],6,4,4,2,0
CFG_178,F[10-12],6,4,4,2,0
CFG_178,F[13-15],6,4,4,2,0
CFG_178,F[16-18],6,4,4,2,0
CFG_178,F[19-20],1,0,0,1,0
CFG_178,F[19-21],5,4,4,1,0
CFG_178,G[00-03],5,3,3,2,0
CFG_178,G[04-06],5,3,3,2,0
CFG_178,G[07-09],5,3,3,2,0
CFG_178,G[10-12],5,3,3,2,0
CFG_178,G[13-15],5,3,3,2,0
CFG_178,G[16-18],5,3,3,2,0
CFG_178,G[19-20],1,0,0,1,0
CFG_178,G[19-21],4,3,3,1,0
CFG_178,H[00-03],4,3,3,1,0
CFG_178,H[04-06],4,3,3,1,0
CFG_178,H[07-09],4,3,3,1,0
CFG_178,H[10-12],4,3,3,1,0
CFG_178,H[13-15],4,3,3,1,0
CFG_178,H[16-18],4,3,3,1,0
CFG_178,H[19-20],1,0,0,1,0
CFG_178,H[19-21],3,3,3,0,0
CFG_178,I[00-03],4,3,3,1,0
CFG_178,I[04-06],4,3,3,1,0
CFG_178,I[07-09],4,3,3,1,0
CFG_178,I[10-12],4,3,3,1,0
CFG_178,I[13-15],4,3,3,1,0
CFG_178,I[16-18],4,3,3,1,0
CFG_178,I[19-20],1,0,0,1,0
CFG_178,I[19-21],3,3,3,0,0
CFG_178,J[00-03],5,3,3,2,0
CFG_178,J[04-06],4,3,3,1,0
CFG_178,J[07-09],4,3,3,1,0
CFG_178,J[10-12],4,3,3,1,0
CFG_178,J[13-15],4,3,3,1,0
CFG_178,J[16-18],4,3,3,1,0
CFG_178,J[19-20],1,0,0,1,0
CFG_178,J[19-21],3,3,2,0,0
CFG_178,K[00-03],5,3,3,2,0
CFG_178,K[04-06],4,3,3,1,0
CFG_178,K[07-09],5,3,3,2,0
CFG_178,K[10-12],5,3,3,2,0
CFG_178,K[13-15],5,3,3,2,0
CFG_178,K[16-18],5,3,3,2,0
CFG_178,K[19-21],3,3,3,0,0
CFG_179,A[00-03],3,6,3,0,3
CFG_179,A[04-06],3,6,3,0,3
CFG_179,A[07-09],3,6,3,0,3
CFG_179,A[10-12],3,6,3,0,3
CFG_179,A[13-15],3,6,3,0,3
CFG_179,B[00-03],3,5,3,0,2
CFG_179,B[04-06],3,5,3,0,2
CFG_179,B[07-09],3,5,3,0,2
CFG_179,B[10-12],3,5,3,0,2
CFG_179,B[13-15],3,5,3,0,2
CFG_179,B[16-18],3,5,3,0,2
CFG_179,B[19-20],2,0,0,2,0
CFG_179,B[19-21],3,5,3,0,2
CFG_179,D[00-03],5,7,5,0,2
CFG_179,D[04-06],5,7,5,0,2
CFG_179,D[07-09],5,7,5,0,2
CFG_179,D[10-12],5,7,5,0,2
CFG_179,D[13-15],5,7,5,0,2
CFG_179,D[16-18],4,7,4,0,3
CFG_179,D[19-20],1,0,0,1,0
CFG_179,D[19-21],3,7,3,0,4
CFG_179,E[00-03],6,4,4,2,0
CFG_179,E[04-06],6,4,4,2,0
CFG_179,E[07-09],6,4,4,2,0
CFG_179,E[10-12],6,4,4,2,0
CFG_179,E[13-15],6,4,4,2,0
CFG_179,E[16-18],6,4,4,2,0
CFG_179,E[19-20],2,0,0,2,0
CFG_179,E[19-21],4,4,4,0,0
CFG_179,F[00-03],5,4,4,1,0
CFG_179,F[04-06],5,4,4,1,0
CFG_179,F[07-09],6,4,4,2,0
CFG_179,F[10-12],6,4,4,2,0
CFG_179,F[13-15],6,4,4,2,0
CFG_179,F[16-18],6,4,4,2,0
CFG_179,F[19-20],1,0,0,1,0
CFG_179,F[19-21],5,4,4,1,0
CFG_179,G[00-03],5,3,3,2,0
CFG_179,G[04-06],5,3,3,2,0
CFG_179,G[07-09],5,3,3,2,0
CFG_179,G[10-12],5,3,3,2,0
CFG_179,G[13-15],5,3,3,2,0
CFG_179,G[16-18],5,3,3,2,0
CFG_179,G[19-20],1,0,0,1,0
CFG_179,G[19-21],4,3,3,1,0
CFG_179,H[00-03],4,3,3,1,0
CFG_179,H[04-06],4,3,3,1,0
CFG_179,H[07-09],4,3,3,1,0
CFG_179,H[10-12],4,3,3,1,0
CFG_179,H[13-15],4,3,3,1,0
CFG_179,H[16-18],4,3,3,1,0
CFG_179,H[19-20],1,0,0,1,0
CFG_179,H[19-21],3,3,3,0,0
CFG_179,I[00-03],4,3,3,1,0
CFG_179,I[04-06],4,3,3,1,0
CFG_179,I[07-09],4,3,3,1,0
CFG_179,I[10-12],4,3,3,1,0
CFG_179,I[13-15],4,3,3,1,0
CFG_179,I[16-18],4,3,3,1,0
CFG_179,I[19-20],1,0,0,1,0
CFG_179,I[19-21],3,3,3,0,0
CFG_179,J[00-03],5,3,3,2,0
CFG_179,J[04-06],4,3,3,1,0
CFG_179,J[07-09],4,3,3,1,0
CFG_179,J[10-12],4,3,3,1,0
CFG_179,J[13-15],4,3,3,1,0
CFG_179,J[16-18],4,3,3,1,0
CFG_179,J[19-20],1,0,0,1,0
CFG_179,J[19-21],3,3,3,0,0
CFG_179,K[00-03],5,3,3,2,0
CFG_179,K[04-06],4,3,3,1,0
CFG_179,K[07-09],5,3,3,2,0
CFG_179,K[10-12],5,3,3,2,0
CFG_179,K[13-15],5,3,3,2,0
CFG_179,K[16-18],5,3,3,2,0
CFG_179,K[19-21],3,3,3,0,0
CFG_180,A[00-03],3,5,3,0,2
CFG_180,A[04-06],3,5,3,0,2
CFG_180,A[07-09],3,5,3,0,2
CFG_180,A[10-12],3,5,3,0,2
CFG_180,A[13-15],3,5,3,0,2
CFG_180,B[00-03],3,7,3,0,4
CFG_180,B[04-06],3,7,3,0,4
CFG_180,B[07-09],3,7,3,0,4
CFG_180,B[10-12],3,7,3,0,4
CFG_180,B[13-15],3,7,3,0,4
CFG_180,B[16-18],3,7,3,0,4
CFG_180,B[19-20],2,0,0,2,0
CFG_180,B[19-21],3,7,3,0,4
CFG_180,D[00-03],5,7,5,0,2
CFG_180,D[04-06],5,7,5,0,2
CFG_180,D[07-09],5,7,5,0,2
CFG_180,D[10-12],5,7,5,0,2
CFG_180,D[13-15],5,7,5,0,2
CFG_180,D[16-18],4,7,4,0,3
CFG_180,D[19-20],1,0,0,1,0
CFG_180,D[19-21],3,7,3,0,4
CFG_180,E[00-03],6,4,4,2,0
CFG_180,E[04-06],6,4,4,2,0
CFG_180,E[07-09],6,4,4,2,0
CFG_180,E[10-12],6,4,4,2,0
CFG_180,E[13-15],6,4,4,2,0
CFG_180,E[16-18],6,4,4,2,0
CFG_180,E[19-20],2,0,0,2,0
CFG_180,E[19-21],4,4,4,0,0
CFG_180,F[00-03],5,3,3,2,0
CFG_180,F[04-06],5,3,3,2,0
CFG_180,F[07-09],6,3,3,3,0
CFG_180,F[10-12],6,3,3,3,0
CFG_180,F[13-15],6,3,3,3,0
CFG_180,F[16-18],6,3,3,3,0
CFG_180,F[19-20],1,0,0,1,0
CFG_180,F[19-21],5,3,3,2,0
CFG_180,G[00-03],5,3,3,2,0
CFG_180,G[04-06],5,3,3,2,0
CFG_180,G[07-09],5,3,3,2,0
CFG_180,G[10-12],5,3,3,2,0
CFG_180,G[13-15],5,3,3,2,0
CFG_180,G[16-18],5,3,3,2,0
CFG_180,G[19-20],1,0,0,1,0
CFG_180,G[19-21],4,3,3,1,0
CFG_180,H[00-03],4,3,3,1,0
CFG_180,H[04-06],4,3,3,1,0
CFG_180,H[07-09],4,3,3,1,0
CFG_180,H[10-12],4,3,3,1,0
CFG_180,H[13-15],4,3,3,1,0
CFG_180,H[16-18],4,3,3,1,0
CFG_180,H[19-20],1,0,0,1,0
CFG_180,H[19-21],3,3,3,0,0
CFG_180,I[00-03],4,3,3,1,0
CFG_180,I[04-06],4,3,3,1,0
CFG_180,I[07-09],4,3,3,1,0
CFG_180,I[10-12],4,3,3,1,0
CFG_180,I[13-15],4,3,3,1,0
CFG_180,I[16-18],4,3,3,1,0
CFG_180,I[19-20],1,0,0,1,0
CFG_180,I[19-21],3,3,3,0,0
CFG_180,J[00-03],5,3,3,2,0
CFG_180,J[04-06],4,3,3,1,0
CFG_180,J[07-09],4,3,3,1,0
CFG_180,J[10-12],4,3,3,1,0
CFG_180,J[13-15],4,3,3,1,0
CFG_180,J[16-18],4,3,3,1,0
CFG_180,J[19-20],1,0,0,1,0
CFG_180,J[19-21],3,3,2,0,0
CFG_180,K[00-03],5,3,3,2,0
CFG_180,K[04-06],4,3,3,1,0
CFG_180,K[07-09],5,3,3,2,0
CFG_180,K[10-12],5,3,3,2,0
CFG_180,K[13-15],5,3,3,2,0
CFG_180,K[16-18],5,3,3,2,0
CFG_180,K[19-21],3,3,3,0,0
